Date,Open,High,Low,Close,Adj Close,Volume
1995-05-04,37.625000,37.625000,37.421875,37.421875,24.895512,55800
1995-05-05,37.250000,37.250000,37.000000,37.187500,24.739594,3000
1995-05-08,37.187500,37.421875,37.187500,37.421875,24.895512,53000
1995-05-09,37.500000,37.500000,37.281250,37.281250,24.801947,3700
1995-05-10,37.609375,37.609375,37.421875,37.515625,24.957870,1300
1995-05-11,37.453125,37.625000,37.453125,37.625000,25.030643,10600
1995-05-12,37.656250,37.828125,37.656250,37.828125,25.165777,2500
1995-05-15,37.890625,38.062500,37.890625,38.062500,25.321697,5400
1995-05-16,38.171875,38.359375,38.109375,38.359375,25.519199,1100
1995-05-17,38.296875,38.375000,38.265625,38.265625,25.456829,42600
1995-05-18,38.203125,38.203125,37.937500,37.937500,25.238539,3700
1995-05-19,37.562500,37.765625,37.562500,37.765625,25.124197,600
1995-05-22,37.906250,38.093750,37.906250,38.062500,25.321697,26500
1995-05-23,38.156250,38.343750,38.109375,38.250000,25.446444,2900
1995-05-24,38.531250,38.531250,38.312500,38.312500,25.488010,8100
1995-05-25,38.156250,38.390625,38.156250,38.390625,25.539986,9200
1995-05-26,38.296875,38.296875,37.921875,37.921875,25.228138,2800
1995-05-30,38.203125,38.218750,38.000000,38.000000,25.280119,6000
1995-05-31,37.921875,38.000000,37.718750,38.000000,25.280119,4000
1995-06-01,38.218750,38.265625,38.187500,38.250000,25.446444,7700
1995-06-02,38.046875,38.359375,38.046875,38.359375,25.519199,3600
1995-06-05,38.453125,38.812500,38.453125,38.812500,25.820646,2300
1995-06-06,38.828125,38.890625,38.718750,38.781250,25.799852,71800
1995-06-07,38.687500,38.703125,38.687500,38.703125,25.747875,300
1995-06-08,38.593750,38.750000,38.593750,38.750000,25.779076,2100
1995-06-09,38.687500,38.687500,38.453125,38.453125,25.581562,700
1995-06-12,38.500000,38.718750,38.500000,38.718750,25.758280,29300
1995-06-13,38.937500,39.015625,38.906250,38.937500,25.903795,3600
1995-06-14,39.015625,39.046875,38.953125,39.046875,25.976576,2500
1995-06-15,39.031250,39.250000,39.031250,39.250000,26.111704,3200
1995-06-16,38.984375,39.156250,38.984375,39.156250,26.112537,900
1995-06-19,39.312500,39.609375,39.250000,39.609375,26.414721,31500
1995-06-20,39.671875,39.718750,39.593750,39.625000,26.425137,2000
1995-06-21,39.859375,39.906250,39.796875,39.828125,26.560587,3300
1995-06-22,39.937500,40.140625,39.906250,40.078125,26.727312,4200
1995-06-23,40.203125,40.203125,40.109375,40.125000,26.758572,115200
1995-06-26,39.875000,39.875000,39.593750,39.593750,26.404303,1900
1995-06-27,39.500000,39.500000,39.109375,39.109375,26.081276,2700
1995-06-28,39.312500,39.421875,39.109375,39.296875,26.206324,4000
1995-06-29,39.437500,39.546875,39.265625,39.421875,26.289675,1800
1995-06-30,39.687500,39.781250,39.578125,39.656250,26.445976,3700
1995-07-03,39.656250,39.671875,39.625000,39.671875,26.456390,900
1995-07-05,39.937500,40.046875,39.906250,39.906250,26.612700,7800
1995-07-06,39.890625,40.140625,39.890625,40.140625,26.768990,1000
1995-07-07,40.343750,40.812500,40.250000,40.812500,27.217062,210300
1995-07-10,40.859375,41.000000,40.703125,40.781250,27.196218,63700
1995-07-11,40.625000,40.796875,40.546875,40.546875,27.039909,51800
1995-07-12,40.765625,41.187500,40.765625,41.031250,27.362923,13700
1995-07-13,41.109375,41.390625,41.031250,41.296875,27.540071,20600
1995-07-14,41.000000,41.187500,40.984375,41.093750,27.404623,21800
1995-07-17,41.250000,41.390625,41.140625,41.140625,27.435879,21700
1995-07-18,41.265625,41.265625,40.734375,40.796875,27.206638,16000
1995-07-19,40.296875,40.312500,39.140625,39.703125,26.477232,23400
1995-07-20,39.984375,40.218750,39.968750,40.125000,26.758572,108600
1995-07-21,40.390625,40.500000,40.250000,40.359375,26.914877,2500
1995-07-24,40.468750,40.656250,40.468750,40.656250,27.112856,2100
1995-07-25,40.734375,41.140625,40.734375,41.140625,27.435879,3400
1995-07-26,41.093750,41.406250,41.093750,41.265625,27.519241,7100
1995-07-27,41.609375,41.609375,41.609375,41.609375,27.748463,2300
1995-07-28,41.718750,41.718750,41.484375,41.609375,27.748463,1600
1995-07-31,41.546875,41.578125,41.390625,41.578125,27.727631,5200
1995-08-01,41.562500,41.562500,41.000000,41.406250,27.613007,8300
1995-08-02,41.578125,41.578125,41.484375,41.515625,27.685955,4500
1995-08-03,40.796875,40.968750,40.515625,40.937500,27.300426,4200
1995-08-04,41.093750,41.109375,41.015625,41.015625,27.352514,2000
1995-08-07,41.046875,41.296875,41.046875,41.281250,27.529661,3300
1995-08-08,41.453125,41.453125,41.187500,41.187500,27.467138,4000
1995-08-09,41.500000,41.500000,41.390625,41.468750,27.654678,1700
1995-08-10,41.515625,41.562500,41.218750,41.328125,27.560923,4700
1995-08-11,41.390625,41.390625,41.203125,41.250000,27.508804,35000
1995-08-14,41.328125,41.562500,41.328125,41.500000,27.675545,3100
1995-08-15,41.625000,41.625000,41.375000,41.609375,27.748463,6500
1995-08-16,41.640625,42.093750,41.640625,42.093750,28.071487,40600
1995-08-17,42.281250,42.468750,42.171875,42.437500,28.300730,17500
1995-08-18,42.687500,42.687500,42.375000,42.500000,28.342396,1300
1995-08-21,42.656250,42.703125,42.140625,42.156250,28.113178,14000
1995-08-22,42.109375,42.281250,42.078125,42.171875,28.123598,6300
1995-08-23,42.312500,42.406250,42.312500,42.406250,28.279892,2000
1995-08-24,42.375000,42.375000,42.093750,42.218750,28.154861,3600
1995-08-25,42.296875,42.390625,42.140625,42.281250,28.196526,40500
1995-08-28,42.312500,42.312500,41.953125,42.156250,28.113178,7300
1995-08-29,42.156250,42.156250,41.500000,41.921875,27.956877,81600
1995-08-30,42.109375,42.171875,42.093750,42.125000,28.092333,55000
1995-08-31,42.281250,42.453125,42.265625,42.390625,28.269487,1200
1995-09-01,42.296875,42.484375,42.296875,42.484375,28.331987,4300
1995-09-05,42.609375,42.968750,42.609375,42.968750,28.655012,53500
1995-09-06,43.015625,43.500000,43.015625,43.500000,29.009296,48900
1995-09-07,43.500000,43.593750,43.390625,43.468750,28.988453,29800
1995-09-08,43.593750,43.640625,43.359375,43.640625,29.103067,7000
1995-09-11,43.750000,43.828125,43.687500,43.687500,29.134346,10700
1995-09-12,43.671875,43.828125,43.656250,43.828125,29.228109,26800
1995-09-13,43.718750,43.875000,43.500000,43.812500,29.217701,25000
1995-09-14,43.984375,43.984375,43.734375,43.734375,29.165613,65700
1995-09-15,43.593750,43.593750,43.375000,43.437500,28.967617,4300
1995-09-18,43.390625,43.390625,43.125000,43.156250,28.780054,3900
1995-09-19,43.515625,43.796875,43.515625,43.796875,29.207273,2800
1995-09-20,43.875000,43.968750,43.828125,43.968750,29.321896,3500
1995-09-21,43.812500,43.812500,43.343750,43.625000,29.092670,6900
1995-09-22,43.296875,43.500000,43.265625,43.468750,28.988453,5000
1995-09-25,43.453125,43.453125,43.000000,43.000000,28.675858,2200
1995-09-26,43.171875,43.312500,42.968750,43.078125,28.727943,3700
1995-09-27,42.703125,42.703125,42.609375,42.609375,28.415352,1700
1995-09-28,43.109375,43.468750,43.109375,43.437500,28.967617,2600
1995-09-29,43.453125,43.484375,43.250000,43.406250,28.946783,6900
1995-10-02,43.187500,43.359375,43.000000,43.000000,28.675858,2000
1995-10-03,42.765625,42.812500,42.453125,42.453125,28.311157,16800
1995-10-04,42.093750,42.187500,41.984375,42.062500,28.050653,1200
1995-10-05,41.828125,42.328125,41.828125,42.328125,28.227791,9000
1995-10-06,42.375000,42.531250,42.375000,42.453125,28.311157,1300
1995-10-09,42.140625,42.140625,41.343750,41.468750,27.654678,13500
1995-10-10,40.781250,40.984375,40.687500,40.937500,27.300426,4100
1995-10-11,41.562500,42.109375,41.468750,42.062500,28.050653,42800
1995-10-12,42.093750,42.500000,42.093750,42.500000,28.342396,1600
1995-10-13,42.843750,42.843750,42.703125,42.703125,28.477871,7500
1995-10-16,42.812500,42.812500,42.500000,42.531250,28.363245,79400
1995-10-17,42.484375,43.046875,42.484375,43.046875,28.707108,4800
1995-10-18,43.531250,43.531250,43.078125,43.078125,28.727943,56200
1995-10-19,43.109375,43.109375,43.000000,43.015625,28.686266,2600
1995-10-20,43.109375,43.156250,42.625000,42.687500,28.467451,26400
1995-10-23,42.265625,42.796875,42.265625,42.656250,28.446600,8100
1995-10-24,42.796875,42.796875,42.562500,42.703125,28.477871,2400
1995-10-25,42.812500,42.812500,42.015625,42.125000,28.092333,12500
1995-10-26,42.125000,42.125000,41.359375,41.359375,27.581757,17900
1995-10-27,41.562500,41.953125,41.375000,41.937500,27.967291,79400
1995-10-30,42.125000,42.406250,42.125000,42.250000,28.175692,4700
1995-10-31,42.453125,42.453125,42.031250,42.031250,28.029821,23100
1995-11-01,42.109375,42.265625,42.109375,42.265625,28.186111,6200
1995-11-02,42.875000,43.156250,42.875000,43.156250,28.780054,1300
1995-11-03,43.312500,43.390625,43.171875,43.390625,28.936361,6300
1995-11-06,43.281250,43.515625,43.187500,43.343750,28.905092,7600
1995-11-07,43.031250,43.125000,42.703125,42.703125,28.477871,5700
1995-11-08,43.000000,43.171875,42.984375,42.984375,28.665445,4900
1995-11-09,43.343750,43.437500,43.218750,43.437500,28.967617,35300
1995-11-10,43.390625,43.484375,43.359375,43.484375,28.998859,2400
1995-11-13,43.375000,43.484375,43.140625,43.140625,28.769638,2600
1995-11-14,42.968750,43.078125,42.687500,42.687500,28.467451,30000
1995-11-15,42.750000,42.953125,42.578125,42.953125,28.644594,9200
1995-11-16,42.828125,43.312500,42.828125,43.156250,28.780054,13400
1995-11-17,43.265625,43.359375,43.265625,43.281250,28.863413,5000
1995-11-20,43.234375,43.281250,42.843750,42.843750,28.571655,25500
1995-11-21,42.796875,42.828125,42.453125,42.703125,28.477871,7500
1995-11-22,42.734375,43.000000,42.734375,42.859375,28.582069,5600
1995-11-24,42.812500,42.890625,42.812500,42.890625,28.602909,400
1995-11-27,43.281250,43.281250,42.968750,43.015625,28.686266,10000
1995-11-28,42.828125,43.375000,42.828125,43.375000,28.925928,9400
1995-11-29,43.562500,43.812500,43.359375,43.812500,29.217701,29000
1995-11-30,43.812500,44.000000,43.703125,43.796875,29.207273,26900
1995-12-01,43.812500,43.875000,43.687500,43.812500,29.217701,18900
1995-12-04,44.015625,44.421875,44.015625,44.421875,29.624077,86600
1995-12-05,44.234375,44.531250,44.203125,44.359375,29.582409,32200
1995-12-06,44.359375,44.359375,43.906250,43.937500,29.301062,1100
1995-12-07,43.875000,43.875000,43.500000,43.500000,29.009296,1100
1995-12-08,43.828125,43.843750,43.593750,43.812500,29.217701,1700
1995-12-11,43.843750,43.859375,43.843750,43.859375,29.248949,1100
1995-12-12,43.828125,43.859375,43.578125,43.703125,29.144762,46400
1995-12-13,43.734375,43.734375,43.656250,43.703125,29.144762,6500
1995-12-14,43.812500,43.812500,43.000000,43.000000,28.675858,2200
1995-12-15,42.875000,42.875000,42.406250,42.406250,28.279892,15800
1995-12-18,42.375000,42.375000,41.625000,41.625000,27.758907,3600
1995-12-19,41.968750,42.562500,41.968750,42.468750,28.321568,4100
1995-12-20,42.890625,42.968750,42.531250,42.531250,28.363245,6000
1995-12-21,42.765625,42.937500,42.734375,42.828125,28.561226,10600
1995-12-22,43.296875,43.296875,43.093750,43.093750,28.738394,76600
1995-12-26,43.125000,43.328125,43.125000,43.328125,28.894674,12900
1995-12-27,43.468750,43.531250,43.390625,43.390625,28.936361,29100
1995-12-28,43.125000,43.328125,43.125000,43.328125,29.017733,7800
1995-12-29,43.234375,43.453125,43.046875,43.453125,29.101427,28200
1996-01-02,43.281250,43.703125,43.281250,43.671875,29.247936,242500
1996-01-03,43.843750,43.875000,43.468750,43.640625,29.227005,14800
1996-01-04,43.500000,43.609375,42.843750,42.843750,28.693321,205900
1996-01-05,42.828125,43.109375,42.796875,42.937500,28.756109,30300
1996-01-08,43.203125,43.203125,42.984375,43.109375,28.871206,3800
1996-01-09,43.265625,43.265625,42.203125,42.203125,28.264297,29600
1996-01-10,41.640625,42.234375,41.484375,41.484375,27.782927,11200
1996-01-11,42.000000,42.312500,41.890625,42.234375,28.285225,8100
1996-01-12,42.468750,42.468750,41.937500,42.156250,28.232906,27400
1996-01-15,42.234375,42.265625,41.406250,41.406250,27.730600,15200
1996-01-16,41.796875,41.843750,41.187500,41.765625,27.971273,73100
1996-01-17,41.531250,42.359375,41.531250,42.093750,28.191034,5900
1996-01-18,42.250000,42.312500,42.093750,42.265625,28.306143,4600
1996-01-19,42.359375,42.703125,42.265625,42.500000,28.463104,10400
1996-01-22,42.640625,42.843750,42.640625,42.843750,28.693321,30400
1996-01-23,42.750000,42.968750,42.718750,42.718750,28.609608,1800
1996-01-24,43.000000,43.468750,43.000000,43.468750,29.111908,37700
1996-01-25,43.484375,43.484375,43.078125,43.078125,28.850285,4200
1996-01-26,42.859375,43.515625,42.859375,43.468750,29.111908,46300
1996-01-29,43.500000,43.500000,43.437500,43.500000,29.132835,2200
1996-01-30,43.765625,44.000000,43.703125,44.000000,29.467691,28300
1996-01-31,44.031250,44.281250,44.000000,44.187500,29.593260,10800
1996-02-01,44.234375,44.531250,44.234375,44.531250,29.823479,31200
1996-02-02,44.343750,44.500000,44.343750,44.375000,29.718845,5900
1996-02-05,44.000000,44.500000,44.000000,44.500000,29.802572,18800
1996-02-06,44.703125,45.046875,44.656250,45.000000,30.137424,6200
1996-02-07,44.968750,45.031250,44.687500,45.031250,30.158340,445600
1996-02-08,44.859375,45.234375,44.859375,45.234375,30.294390,111600
1996-02-09,45.234375,45.375000,45.031250,45.125000,30.221123,6300
1996-02-12,45.312500,45.515625,45.281250,45.437500,30.430431,21600
1996-02-13,45.046875,45.546875,45.046875,45.265625,30.315319,30400
1996-02-14,45.437500,45.562500,45.078125,45.125000,30.221123,247000
1996-02-15,45.281250,45.546875,45.281250,45.390625,30.399033,11500
1996-02-16,45.484375,45.515625,45.375000,45.406250,30.409489,5800
1996-02-20,45.140625,45.312500,44.890625,45.125000,30.221123,7400
1996-02-21,45.218750,45.546875,45.171875,45.468750,30.451355,52400
1996-02-22,45.968750,46.359375,45.968750,46.359375,31.047804,32500
1996-02-23,46.515625,46.671875,46.156250,46.250000,30.974573,34100
1996-02-26,46.000000,46.343750,45.906250,46.109375,30.880383,27400
1996-02-27,46.265625,46.265625,45.968750,46.078125,30.859457,112400
1996-02-28,46.281250,46.406250,46.250000,46.359375,31.047804,1600
1996-02-29,46.015625,46.015625,45.578125,45.578125,30.524590,46200
1996-03-01,45.921875,45.921875,45.031250,45.312500,30.346699,89100
1996-03-04,45.375000,46.125000,45.375000,46.125000,30.890844,6300
1996-03-05,45.953125,46.109375,45.734375,45.734375,30.629240,2300
1996-03-06,45.890625,46.296875,45.859375,46.203125,30.943171,152500
1996-03-07,46.093750,46.203125,45.984375,46.171875,30.922256,52800
1996-03-08,45.140625,45.546875,44.109375,44.484375,29.792072,29100
1996-03-11,44.546875,45.109375,44.546875,45.109375,30.210674,11700
1996-03-12,44.890625,44.937500,44.500000,44.546875,29.833952,26000
1996-03-13,44.890625,45.312500,44.890625,45.234375,30.294390,65200
1996-03-14,45.500000,45.750000,45.500000,45.671875,30.587376,2800
1996-03-15,45.593750,45.609375,45.375000,45.515625,30.573799,85700
1996-03-18,45.968750,46.296875,45.968750,46.281250,31.088072,115200
1996-03-19,46.718750,46.718750,46.218750,46.359375,31.140560,33600
1996-03-20,46.234375,46.234375,45.687500,45.796875,30.762701,31100
1996-03-21,45.968750,45.968750,45.734375,45.828125,30.783697,7500
1996-03-22,45.796875,45.906250,45.718750,45.875000,30.815184,8000
1996-03-25,46.234375,46.265625,45.625000,45.625000,30.647263,25000
1996-03-26,45.625000,45.921875,45.406250,45.546875,30.594769,64500
1996-03-27,45.640625,45.828125,45.375000,45.375000,30.479315,1100
1996-03-28,45.281250,45.625000,45.281250,45.500000,30.563276,18200
1996-03-29,45.796875,45.921875,45.781250,45.781250,30.752213,37500
1996-04-01,46.140625,46.328125,45.968750,46.203125,31.035599,20700
1996-04-02,46.250000,46.250000,46.093750,46.125000,30.983101,28100
1996-04-03,46.000000,46.234375,46.000000,46.234375,31.056578,41400
1996-04-04,46.218750,46.218750,46.125000,46.125000,30.983101,11400
1996-04-08,44.921875,45.296875,44.703125,45.296875,30.426851,91100
1996-04-09,45.578125,45.625000,45.421875,45.468750,30.542295,31400
1996-04-10,45.421875,45.687500,44.796875,44.828125,30.111965,100000
1996-04-11,44.906250,45.187500,44.218750,44.593750,29.954535,88500
1996-04-12,44.843750,45.187500,44.750000,45.093750,30.290419,44400
1996-04-15,45.375000,45.437500,45.156250,45.375000,30.479315,7900
1996-04-16,45.593750,45.921875,45.296875,45.828125,30.783697,6300
1996-04-17,45.890625,45.890625,45.437500,45.468750,30.542295,26000
1996-04-18,45.625000,45.734375,45.531250,45.656250,30.668234,21700
1996-04-19,45.890625,45.906250,45.781250,45.906250,30.836168,41600
1996-04-22,46.156250,46.484375,46.156250,46.296875,31.098564,87400
1996-04-23,46.468750,46.640625,46.468750,46.640625,31.329462,83000
1996-04-24,46.796875,46.953125,46.703125,46.953125,31.539400,24400
1996-04-25,47.046875,47.203125,46.921875,47.093750,31.633837,44000
1996-04-26,47.343750,47.421875,47.062500,47.375000,31.822744,38000
1996-04-29,47.250000,47.359375,47.250000,47.265625,31.749275,5500
1996-04-30,47.281250,47.343750,47.109375,47.281250,31.759798,9100
1996-05-01,47.187500,47.515625,47.187500,47.468750,31.885725,59000
1996-05-02,47.296875,47.390625,46.671875,46.687500,31.360943,218200
1996-05-03,47.000000,47.156250,46.656250,46.796875,31.434439,8100
1996-05-06,47.187500,47.187500,46.406250,46.718750,31.381954,16700
1996-05-07,46.859375,46.859375,46.531250,46.531250,31.256002,8800
1996-05-08,46.187500,46.546875,45.750000,46.546875,31.266483,498200
1996-05-09,46.531250,46.671875,46.484375,46.578125,31.287508,132300
1996-05-10,47.000000,47.234375,46.875000,47.234375,31.728298,94300
1996-05-13,47.359375,47.734375,47.250000,47.687500,32.032684,20800
1996-05-14,47.890625,47.984375,47.750000,47.968750,32.221611,52000
1996-05-15,48.125000,48.234375,47.953125,47.968750,32.221611,201400
1996-05-16,47.734375,48.046875,47.640625,47.984375,32.232105,26700
1996-05-17,48.375000,48.437500,48.062500,48.062500,32.284576,14800
1996-05-20,48.343750,48.437500,48.140625,48.437500,32.536465,11900
1996-05-21,48.531250,48.531250,48.390625,48.390625,32.504982,25200
1996-05-22,48.218750,48.375000,48.078125,48.375000,32.494480,30100
1996-05-23,48.515625,48.562500,48.265625,48.312500,32.452503,42600
1996-05-24,48.500000,48.500000,48.343750,48.343750,32.473488,13300
1996-05-28,48.468750,48.468750,47.859375,47.953125,32.211109,7800
1996-05-29,48.078125,48.078125,47.312500,47.312500,31.780766,79300
1996-05-30,47.546875,47.812500,47.375000,47.812500,32.116634,56600
1996-05-31,47.968750,48.046875,47.640625,47.640625,32.001190,30200
1996-06-03,47.875000,47.953125,47.671875,47.734375,32.064159,19700
1996-06-04,47.953125,48.187500,47.890625,48.125000,32.326557,136000
1996-06-05,48.250000,48.375000,48.125000,48.375000,32.494480,15700
1996-06-06,48.593750,48.593750,47.750000,47.750000,32.074673,95000
1996-06-07,46.593750,47.812500,46.593750,47.671875,32.022179,95600
1996-06-10,47.734375,47.875000,47.671875,47.750000,32.074673,15000
1996-06-11,48.109375,48.109375,47.843750,47.875000,32.158615,64400
1996-06-12,48.140625,48.187500,47.984375,47.984375,32.232105,10000
1996-06-13,48.109375,48.109375,47.468750,47.656250,32.011684,80800
1996-06-14,47.687500,47.781250,47.468750,47.500000,31.906721,11200
1996-06-17,47.609375,47.609375,47.171875,47.328125,31.791273,16500
1996-06-18,47.468750,47.468750,47.000000,47.000000,31.570869,7300
1996-06-19,47.156250,47.281250,47.000000,47.000000,31.570869,12100
1996-06-20,46.937500,46.984375,46.250000,46.640625,31.329462,134100
1996-06-21,46.968750,46.968750,46.609375,46.671875,31.459730,57600
1996-06-24,46.750000,46.984375,46.718750,46.984375,31.670380,36000
1996-06-25,47.062500,47.062500,46.531250,46.609375,31.417587,36000
1996-06-26,46.578125,46.578125,45.734375,45.734375,30.827808,47100
1996-06-27,45.781250,46.187500,45.718750,46.187500,31.133228,134500
1996-06-28,46.515625,46.890625,46.500000,46.531250,31.364927,52700
1996-07-01,46.828125,47.281250,46.828125,47.281250,31.870504,18800
1996-07-02,47.265625,47.265625,47.000000,47.000000,31.680908,8300
1996-07-03,47.000000,47.000000,46.562500,46.562500,31.386000,192800
1996-07-05,45.562500,46.218750,45.562500,45.625000,30.754082,28200
1996-07-08,45.640625,45.843750,45.468750,45.500000,30.669806,59700
1996-07-09,45.750000,45.828125,45.640625,45.828125,30.891001,5800
1996-07-10,45.937500,45.937500,45.171875,45.703125,30.806715,251100
1996-07-11,45.406250,45.406250,44.031250,44.515625,30.006262,252300
1996-07-12,45.000000,45.000000,44.296875,44.640625,30.090536,27100
1996-07-15,44.625000,44.625000,42.984375,43.015625,28.995205,111400
1996-07-16,43.156250,43.656250,40.828125,42.875000,28.900412,262900
1996-07-17,43.937500,43.937500,43.500000,43.859375,29.563946,55700
1996-07-18,43.828125,44.734375,43.828125,44.734375,30.153730,13900
1996-07-19,44.562500,44.593750,43.640625,44.265625,29.837749,123200
1996-07-22,43.781250,43.875000,43.250000,43.484375,29.311167,81500
1996-07-23,43.765625,43.765625,42.296875,42.296875,28.510698,74500
1996-07-24,41.796875,42.812500,41.468750,42.593750,28.710829,290500
1996-07-25,42.984375,43.312500,42.984375,43.062500,29.026793,122800
1996-07-26,43.390625,43.750000,43.390625,43.734375,29.479675,6600
1996-07-29,43.250000,43.500000,43.031250,43.031250,29.005735,62500
1996-07-30,43.421875,43.437500,42.890625,43.171875,29.100496,224200
1996-07-31,43.656250,43.953125,43.421875,43.687500,29.448069,6300
1996-08-01,43.765625,44.500000,43.765625,44.375000,29.911493,164800
1996-08-02,45.250000,45.390625,45.093750,45.359375,30.575041,42900
1996-08-05,45.218750,45.281250,44.781250,44.781250,30.185335,19700
1996-08-06,44.734375,45.156250,44.734375,45.156250,30.438110,241400
1996-08-07,45.453125,45.500000,45.234375,45.437500,30.627666,10600
1996-08-08,45.703125,45.703125,45.328125,45.546875,30.701414,72600
1996-08-09,45.156250,45.578125,45.093750,45.218750,30.480246,9300
1996-08-12,45.312500,45.593750,45.218750,45.593750,30.733004,24500
1996-08-13,45.484375,45.484375,45.109375,45.140625,30.427586,76900
1996-08-14,45.375000,45.687500,45.281250,45.656250,30.775137,31800
1996-08-15,45.625000,45.937500,45.515625,45.859375,30.912046,2700
1996-08-16,46.281250,46.281250,46.031250,46.171875,31.122702,4200
1996-08-19,46.156250,46.156250,45.812500,45.906250,30.943655,2000
1996-08-20,46.031250,46.078125,45.875000,46.015625,31.017361,45400
1996-08-21,45.593750,45.843750,45.593750,45.625000,30.754082,9800
1996-08-22,46.187500,46.531250,46.171875,46.437500,31.301743,255800
1996-08-23,46.359375,46.437500,46.125000,46.328125,31.228037,2600
1996-08-26,46.234375,46.234375,45.953125,45.953125,30.975254,11000
1996-08-27,46.187500,46.437500,46.187500,46.406250,31.280680,2000
1996-08-28,46.562500,46.703125,46.437500,46.703125,31.480782,9300
1996-08-29,46.437500,46.437500,45.890625,45.890625,30.933115,40400
1996-08-30,46.156250,46.171875,45.796875,46.046875,31.038443,3500
1996-09-03,45.500000,46.109375,45.312500,45.921875,30.954184,13900
1996-09-04,46.000000,46.031250,45.875000,46.031250,31.027920,4900
1996-09-05,45.750000,46.062500,45.421875,45.421875,30.617149,77100
1996-09-06,45.937500,46.203125,45.781250,46.062500,31.048956,4800
1996-09-09,46.359375,46.359375,46.093750,46.156250,31.112177,34200
1996-09-10,46.187500,46.296875,46.187500,46.265625,31.185896,1300
1996-09-11,46.546875,46.687500,46.390625,46.687500,31.470266,4800
1996-09-12,46.921875,47.015625,46.750000,47.000000,31.680908,120600
1996-09-13,47.484375,47.515625,47.328125,47.375000,31.933670,127000
1996-09-16,47.531250,47.859375,47.421875,47.781250,32.207508,31000
1996-09-17,47.828125,47.828125,47.250000,47.500000,32.017925,11600
1996-09-18,47.515625,47.562500,47.093750,47.093750,31.744099,55400
1996-09-19,47.203125,47.437500,47.093750,47.437500,31.975801,38000
1996-09-20,47.453125,47.468750,47.218750,47.468750,32.100399,9700
1996-09-23,47.187500,47.343750,47.109375,47.296875,31.984180,17700
1996-09-24,47.296875,47.765625,47.218750,47.609375,32.195507,15500
1996-09-25,47.890625,47.890625,47.593750,47.718750,32.269474,1200
1996-09-26,47.968750,48.281250,47.812500,48.250000,32.628727,41500
1996-09-27,48.062500,48.343750,48.062500,48.093750,32.523052,12800
1996-09-30,48.062500,48.390625,47.953125,47.953125,32.427959,21000
1996-10-01,47.859375,48.125000,47.843750,47.937500,32.417397,54900
1996-10-02,48.203125,48.515625,48.125000,48.125000,32.544182,33400
1996-10-03,48.234375,48.453125,48.203125,48.390625,32.723831,5900
1996-10-04,48.546875,48.953125,48.500000,48.953125,33.104210,86000
1996-10-07,48.906250,48.937500,48.703125,48.937500,33.093632,5600
1996-10-08,48.859375,48.859375,48.250000,48.250000,32.628727,12600
1996-10-09,48.328125,48.328125,47.968750,47.968750,32.438519,15900
1996-10-10,48.078125,48.312500,48.031250,48.265625,32.639275,5800
1996-10-11,48.375000,48.625000,48.375000,48.375000,32.713261,2200
1996-10-14,48.750000,48.796875,48.625000,48.687500,32.924583,1200
1996-10-15,49.140625,49.140625,48.593750,48.703125,32.935143,32400
1996-10-16,48.843750,48.843750,48.515625,48.546875,32.829464,58700
1996-10-17,48.843750,48.843750,48.625000,48.750000,32.966850,24800
1996-10-18,48.937500,48.937500,48.625000,48.781250,32.987972,16900
1996-10-21,48.953125,48.953125,48.625000,48.625000,32.882313,8400
1996-10-22,48.250000,48.531250,48.140625,48.187500,32.586460,89200
1996-10-23,47.937500,48.453125,47.937500,48.453125,32.766090,2900
1996-10-24,48.531250,48.531250,48.265625,48.375000,32.713261,21300
1996-10-25,48.375000,48.453125,48.187500,48.187500,32.586460,4100
1996-10-28,48.281250,48.375000,47.812500,47.812500,32.332870,55900
1996-10-29,48.265625,48.265625,47.640625,48.000000,32.459667,64200
1996-10-30,47.796875,47.937500,47.734375,47.828125,32.343414,42900
1996-10-31,48.078125,48.218750,48.062500,48.171875,32.575890,1600
1996-11-01,48.375000,48.375000,48.062500,48.187500,32.586460,2700
1996-11-04,48.281250,48.281250,48.062500,48.203125,32.597023,6700
1996-11-05,48.640625,48.781250,48.515625,48.578125,32.850605,91500
1996-11-06,48.812500,49.296875,48.812500,49.296875,33.336678,77900
1996-11-07,49.343750,49.578125,49.250000,49.500000,33.474030,156400
1996-11-08,49.453125,49.546875,49.187500,49.546875,33.505726,156100
1996-11-11,49.593750,49.765625,49.484375,49.640625,33.569107,5400
1996-11-12,49.984375,50.093750,49.703125,50.093750,33.875553,49900
1996-11-13,49.859375,50.000000,49.703125,49.781250,33.664234,94200
1996-11-14,49.890625,50.359375,49.890625,50.265625,33.991772,178500
1996-11-15,50.546875,50.578125,50.234375,50.250000,33.981213,11600
1996-11-18,50.312500,50.390625,49.984375,50.390625,34.076279,24100
1996-11-19,50.218750,50.328125,50.156250,50.156250,33.917809,42800
1996-11-20,50.343750,50.640625,50.109375,50.437500,34.107994,44900
1996-11-21,50.609375,50.609375,50.046875,50.453125,34.118584,200200
1996-11-22,50.281250,50.906250,50.281250,50.875000,34.403866,92800
1996-11-25,50.890625,51.203125,50.875000,51.171875,34.604591,20200
1996-11-26,51.250000,51.281250,50.671875,50.968750,34.467258,81300
1996-11-27,51.093750,51.093750,50.781250,51.046875,34.520077,1600
1996-11-29,51.187500,51.265625,51.031250,51.031250,34.509525,23200
1996-12-02,50.921875,51.328125,50.921875,51.328125,34.710278,6900
1996-12-03,51.515625,51.843750,51.343750,51.343750,34.720863,416700
1996-12-04,51.203125,51.265625,50.640625,50.875000,34.403866,170900
1996-12-05,50.796875,51.187500,50.734375,50.906250,34.424976,15000
1996-12-06,49.609375,50.656250,48.906250,50.421875,34.097439,140900
1996-12-09,50.671875,51.312500,50.671875,51.312500,34.699722,191100
1996-12-10,51.328125,51.406250,50.937500,50.937500,34.446121,31000
1996-12-11,50.671875,50.671875,49.906250,50.250000,33.981213,42400
1996-12-12,50.656250,50.656250,49.812500,49.812500,33.685360,61800
1996-12-13,49.812500,49.812500,49.171875,49.500000,33.474030,165700
1996-12-16,49.750000,49.875000,49.078125,49.078125,33.188736,153300
1996-12-17,49.000000,49.265625,48.718750,49.046875,33.167595,11500
1996-12-18,49.687500,49.812500,49.578125,49.625000,33.558548,22900
1996-12-19,50.281250,50.437500,50.171875,50.437500,34.107994,106300
1996-12-20,49.453125,49.796875,49.156250,49.281250,33.454094,228200
1996-12-23,49.203125,49.250000,48.953125,48.984375,33.252586,25600
1996-12-24,49.234375,49.312500,49.015625,49.312500,33.475327,15200
1996-12-26,49.359375,49.546875,49.359375,49.468750,33.581402,5000
1996-12-27,49.828125,49.859375,49.453125,49.796875,33.804131,233800
1996-12-30,49.812500,49.906250,49.453125,49.468750,33.581402,203600
1996-12-31,49.546875,49.734375,49.484375,49.500000,33.602600,273600
1997-01-02,49.812500,49.812500,48.859375,49.265625,33.443497,33000
1997-01-03,49.562500,49.890625,49.515625,49.703125,33.740486,20900
1997-01-06,50.125000,50.265625,49.859375,50.093750,34.005680,40500
1997-01-07,50.046875,50.484375,49.875000,50.437500,34.239010,55800
1997-01-08,50.687500,50.750000,50.078125,50.078125,33.995068,55100
1997-01-09,50.484375,50.734375,50.328125,50.578125,34.334484,40600
1997-01-10,49.703125,51.125000,49.703125,51.093750,34.684505,148300
1997-01-13,51.265625,51.265625,50.625000,50.843750,34.514786,101100
1997-01-14,51.140625,51.390625,50.828125,51.390625,34.886017,90800
1997-01-15,51.203125,51.375000,50.875000,51.312500,34.833004,104300
1997-01-16,51.375000,51.453125,51.218750,51.375000,34.875431,72500
1997-01-17,51.562500,51.843750,51.265625,51.843750,35.193630,79000
1997-01-20,51.578125,51.828125,51.484375,51.640625,35.055756,96200
1997-01-21,51.625000,52.031250,51.625000,51.687500,35.087547,101300
1997-01-22,51.921875,52.015625,51.609375,51.843750,35.193630,30800
1997-01-23,52.187500,52.500000,51.156250,51.156250,34.726921,259300
1997-01-24,51.609375,51.609375,50.953125,50.953125,34.589031,22700
1997-01-27,51.125000,51.265625,50.750000,50.750000,34.451157,15000
1997-01-28,51.687500,51.687500,50.609375,50.781250,34.472374,57200
1997-01-29,51.187500,51.187500,50.875000,51.093750,34.684505,63200
1997-01-30,51.078125,51.562500,51.046875,51.359375,34.864834,194900
1997-01-31,51.843750,52.078125,51.750000,51.750000,35.130001,10700
1997-02-03,51.796875,51.828125,51.531250,51.765625,35.140606,25500
1997-02-04,51.765625,51.765625,51.468750,51.562500,35.002712,26500
1997-02-05,51.562500,51.750000,50.218750,51.031250,34.642086,119700
1997-02-06,51.046875,51.359375,50.890625,51.046875,34.652683,14200
1997-02-07,51.781250,51.796875,51.156250,51.750000,35.130001,11200
1997-02-10,51.734375,51.796875,51.031250,51.218750,34.769371,17000
1997-02-11,51.390625,51.437500,50.875000,51.328125,34.843601,148800
1997-02-12,51.218750,52.062500,51.218750,52.062500,35.342140,324800
1997-02-13,52.312500,52.562500,52.109375,52.312500,35.511841,52700
1997-02-14,52.546875,52.609375,52.218750,52.484375,35.628536,47000
1997-02-18,52.765625,52.765625,52.250000,52.718750,35.787632,28100
1997-02-19,52.546875,52.828125,52.234375,52.406250,35.575481,96700
1997-02-20,52.234375,52.453125,51.609375,51.625000,35.045155,119900
1997-02-21,51.703125,52.375000,51.515625,51.734375,35.119385,15400
1997-02-24,51.687500,52.000000,51.531250,51.968750,35.278488,11500
1997-02-25,52.156250,52.375000,52.062500,52.250000,35.469406,37600
1997-02-26,52.343750,52.375000,50.984375,51.828125,35.183041,61200
1997-02-27,51.890625,52.109375,51.250000,51.250000,34.790565,42900
1997-02-28,51.203125,51.359375,50.828125,51.187500,34.748146,17000
1997-03-03,50.953125,51.375000,50.843750,51.375000,34.875431,21000
1997-03-04,51.406250,51.812500,51.218750,51.687500,35.087547,20700
1997-03-05,51.750000,51.968750,51.562500,51.968750,35.278488,32300
1997-03-06,51.968750,52.078125,51.703125,51.937500,35.257278,39800
1997-03-07,52.171875,52.296875,51.953125,52.265625,35.480015,33300
1997-03-10,52.234375,52.468750,52.000000,52.265625,35.480015,14000
1997-03-11,52.484375,52.546875,52.250000,52.250000,35.469406,20200
1997-03-12,52.250000,52.328125,51.562500,51.656250,35.066349,88100
1997-03-13,51.484375,51.812500,51.312500,51.312500,34.833004,126400
1997-03-14,51.906250,51.906250,51.625000,51.843750,35.193630,30700
1997-03-17,51.421875,51.437500,50.921875,51.390625,34.886017,28600
1997-03-18,51.250000,51.468750,50.828125,50.828125,34.504196,15400
1997-03-19,50.953125,50.953125,50.265625,50.453125,34.249638,26000
1997-03-20,50.500000,50.875000,50.125000,50.609375,34.355682,59300
1997-03-21,50.671875,50.906250,50.578125,50.593750,34.447868,33400
1997-03-24,50.546875,50.562500,50.125000,50.562500,34.426586,12100
1997-03-25,50.796875,51.187500,50.437500,50.812500,34.596802,189400
1997-03-26,50.859375,51.109375,50.609375,50.984375,34.713829,33100
1997-03-27,50.968750,51.125000,49.250000,50.000000,34.043583,69600
1997-03-31,49.843750,49.843750,48.671875,48.937500,33.320168,60400
1997-04-01,48.421875,48.921875,48.390625,48.750000,33.192520,135700
1997-04-02,48.750000,48.875000,48.015625,48.187500,32.809517,127900
1997-04-03,48.406250,48.703125,48.015625,48.703125,33.160580,165200
1997-04-04,48.296875,49.250000,48.296875,49.250000,33.532951,121700
1997-04-07,49.437500,49.828125,49.437500,49.656250,33.809563,84000
1997-04-08,49.593750,50.078125,49.531250,49.906250,33.979767,7800
1997-04-09,50.187500,50.281250,49.750000,49.890625,33.969131,8500
1997-04-10,49.843750,49.859375,49.312500,49.375000,33.618057,14700
1997-04-11,49.000000,49.125000,48.125000,48.125000,32.766968,85300
1997-04-14,48.234375,48.687500,48.187500,48.687500,33.149956,32400
1997-04-15,49.578125,49.578125,48.953125,49.046875,33.394642,42500
1997-04-16,49.062500,49.343750,48.750000,48.984375,33.352085,26700
1997-04-17,49.281250,49.593750,48.984375,49.156250,33.469124,32500
1997-04-18,49.500000,49.593750,49.109375,49.218750,33.511669,61800
1997-04-21,49.187500,49.187500,48.140625,48.250000,32.852074,67700
1997-04-22,48.312500,48.828125,48.109375,48.828125,33.245716,156400
1997-04-23,48.734375,49.218750,48.734375,49.062500,33.405285,11200
1997-04-24,49.578125,49.609375,48.906250,49.156250,33.469124,174600
1997-04-25,49.062500,49.062500,48.406250,48.484375,33.011650,28100
1997-04-28,48.156250,48.828125,48.031250,48.703125,33.160580,39500
1997-04-29,49.671875,50.109375,49.500000,50.000000,34.043583,148300
1997-04-30,49.500000,50.421875,49.500000,50.125000,34.128689,41000
1997-05-01,50.171875,50.593750,50.171875,50.218750,34.192528,115900
1997-05-02,50.343750,51.890625,50.343750,51.796875,35.267044,91800
1997-05-05,52.000000,53.062500,51.796875,53.000000,36.086216,402200
1997-05-06,52.843750,52.843750,52.000000,52.328125,35.628750,87300
1997-05-07,52.078125,52.343750,51.515625,51.515625,35.075542,103000
1997-05-08,51.781250,52.578125,51.562500,52.265625,35.586201,20000
1997-05-09,52.609375,52.718750,51.765625,51.890625,35.330868,108800
1997-05-12,52.406250,52.875000,52.265625,52.875000,36.001091,27300
1997-05-13,52.796875,52.796875,52.234375,52.640625,35.841530,92100
1997-05-14,52.859375,53.125000,52.578125,52.671875,35.862812,52700
1997-05-15,52.406250,53.046875,52.406250,52.843750,35.979839,27700
1997-05-16,52.781250,52.781250,52.218750,52.500000,35.745766,60700
1997-05-19,52.375000,52.843750,52.375000,52.484375,35.735153,154400
1997-05-20,52.531250,53.125000,52.171875,53.125000,36.171314,36200
1997-05-21,53.281250,53.406250,52.953125,53.000000,36.086216,62500
1997-05-22,53.234375,53.250000,53.000000,53.093750,36.150032,29600
1997-05-23,53.359375,53.953125,53.234375,53.953125,36.735172,41600
1997-05-27,53.750000,54.093750,53.562500,54.093750,36.830925,48800
1997-05-28,53.859375,54.296875,53.859375,54.000000,36.767063,41200
1997-05-29,54.203125,54.203125,53.875000,54.031250,36.788372,60000
1997-05-30,52.875000,54.500000,52.875000,54.343750,37.001141,49400
1997-06-02,54.765625,54.953125,54.468750,54.921875,37.394756,37100
1997-06-03,54.750000,55.031250,54.515625,54.515625,37.118153,78000
1997-06-04,54.656250,54.828125,54.453125,54.656250,37.213928,103700
1997-06-05,54.515625,55.046875,54.515625,54.750000,37.277752,129200
1997-06-06,54.625000,55.296875,54.625000,55.296875,37.650089,103000
1997-06-09,55.296875,55.421875,55.078125,55.140625,37.543713,79300
1997-06-10,55.296875,55.562500,55.000000,55.484375,37.777756,80600
1997-06-11,55.484375,55.593750,55.218750,55.500000,37.788372,77700
1997-06-12,55.781250,56.000000,55.484375,56.000000,38.128826,62600
1997-06-13,56.234375,56.546875,55.937500,56.546875,38.501175,90900
1997-06-16,56.531250,56.531250,56.062500,56.218750,38.277744,67800
1997-06-17,56.031250,56.671875,55.937500,56.609375,38.543751,365400
1997-06-18,56.171875,56.640625,56.125000,56.593750,38.533096,26400
1997-06-19,56.828125,57.046875,56.546875,57.046875,38.841633,51200
1997-06-20,56.890625,56.921875,56.296875,56.531250,38.592030,227300
1997-06-23,56.453125,56.546875,55.265625,55.593750,37.952030,47400
1997-06-24,56.234375,56.437500,55.906250,56.390625,38.496021,232000
1997-06-25,56.171875,56.390625,55.750000,55.812500,38.101345,142100
1997-06-26,55.921875,56.062500,55.593750,55.812500,38.101345,27800
1997-06-27,55.968750,56.203125,55.812500,56.187500,38.357342,115900
1997-06-30,56.187500,56.468750,55.796875,55.921875,38.176010,70900
1997-07-01,56.031250,56.437500,55.875000,56.312500,38.442696,46100
1997-07-02,56.593750,56.859375,56.484375,56.734375,38.730675,20000
1997-07-03,57.375000,57.437500,57.031250,57.250000,39.082687,27900
1997-07-07,57.781250,57.781250,57.187500,57.250000,39.082687,42400
1997-07-08,57.312500,57.765625,57.156250,57.625000,39.338676,23900
1997-07-09,57.921875,57.984375,57.156250,57.281250,39.104004,99600
1997-07-10,57.343750,57.906250,57.171875,57.812500,39.466679,28200
1997-07-11,57.890625,58.546875,57.734375,58.375000,39.850670,163100
1997-07-14,58.671875,58.875000,58.500000,58.656250,40.042667,106400
1997-07-15,59.062500,59.250000,58.812500,59.250000,40.448013,89500
1997-07-16,59.375000,60.000000,59.296875,60.000000,40.960018,93500
1997-07-17,59.953125,59.953125,59.421875,59.500000,40.618694,88400
1997-07-18,59.187500,59.421875,58.500000,58.875000,40.192024,254300
1997-07-21,58.843750,59.062500,58.500000,58.625000,40.021381,80300
1997-07-22,58.968750,59.734375,58.750000,59.734375,40.778679,114700
1997-07-23,59.781250,59.968750,59.687500,59.750000,40.789349,61600
1997-07-24,59.812500,59.968750,59.250000,59.843750,40.853359,45200
1997-07-25,60.281250,60.312500,59.765625,59.859375,40.864037,86400
1997-07-28,60.078125,60.187500,59.812500,59.906250,40.896023,92600
1997-07-29,59.625000,60.265625,59.625000,60.218750,41.109375,378800
1997-07-30,60.515625,61.140625,60.359375,61.093750,41.706696,92700
1997-07-31,61.359375,61.625000,61.203125,61.265625,41.824005,122600
1997-08-01,61.500000,61.531250,60.531250,61.125000,41.728027,67700
1997-08-04,61.156250,61.687500,60.906250,61.500000,41.984016,61900
1997-08-05,61.531250,61.953125,61.359375,61.875000,42.240032,110500
1997-08-06,62.078125,62.484375,61.843750,62.281250,42.517368,147800
1997-08-07,62.656250,62.656250,61.562500,61.796875,42.186676,163900
1997-08-08,60.687500,61.375000,60.046875,60.703125,41.440022,239800
1997-08-11,61.234375,61.234375,60.109375,60.843750,41.536030,72500
1997-08-12,61.046875,61.359375,60.375000,60.531250,41.322666,330600
1997-08-13,61.203125,61.312500,60.000000,60.671875,41.418686,179700
1997-08-14,61.000000,61.078125,60.250000,60.593750,41.365356,124600
1997-08-15,60.062500,60.453125,59.984375,60.093750,41.024010,73400
1997-08-18,60.187500,60.187500,59.281250,60.031250,40.981358,84900
1997-08-19,60.312500,61.125000,60.187500,61.125000,41.728027,45700
1997-08-20,60.859375,61.625000,60.859375,61.625000,42.069344,52600
1997-08-21,61.562500,61.562500,60.015625,60.625000,41.386703,114300
1997-08-22,59.718750,60.921875,59.593750,60.921875,41.589363,139700
1997-08-25,60.937500,61.625000,60.906250,61.062500,41.685349,91900
1997-08-26,60.968750,61.484375,60.500000,60.500000,41.301350,75800
1997-08-27,60.906250,61.531250,60.843750,61.406250,41.920013,88300
1997-08-28,61.000000,61.531250,60.515625,61.156250,41.749344,150300
1997-08-29,61.218750,61.593750,61.062500,61.359375,41.888012,164600
1997-09-02,61.593750,62.406250,61.593750,62.187500,42.453365,220100
1997-09-03,62.328125,62.890625,62.187500,62.640625,42.762699,165100
1997-09-04,62.453125,62.921875,62.421875,62.843750,42.901333,144800
1997-09-05,63.359375,63.375000,62.656250,63.000000,43.008003,113800
1997-09-08,63.218750,63.625000,63.093750,63.546875,43.381348,94500
1997-09-09,63.453125,63.859375,63.218750,63.625000,43.434692,226500
1997-09-10,63.359375,63.703125,62.281250,62.890625,42.933342,108700
1997-09-11,62.687500,63.062500,62.203125,62.906250,42.944027,360900
1997-09-12,63.250000,64.031250,62.765625,64.031250,43.712025,132600
1997-09-15,64.125000,64.234375,63.687500,63.843750,43.584019,207200
1997-09-16,64.421875,64.656250,63.968750,64.375000,43.946705,250900
1997-09-17,64.875000,64.968750,64.562500,64.562500,44.074699,415000
1997-09-18,64.812500,65.250000,64.640625,64.828125,44.256023,106600
1997-09-19,64.593750,65.078125,64.593750,64.906250,44.414165,73100
1997-09-22,65.484375,65.484375,64.765625,64.812500,44.350014,172200
1997-09-23,64.921875,64.984375,64.218750,64.453125,44.104095,221300
1997-09-24,64.656250,64.875000,64.171875,64.343750,44.029251,123700
1997-09-25,63.968750,64.515625,63.968750,64.093750,43.858200,62900
1997-09-26,64.093750,64.484375,64.078125,64.406250,44.072044,135100
1997-09-29,64.265625,64.734375,64.203125,64.687500,44.264469,88100
1997-09-30,64.703125,64.984375,64.500000,64.500000,44.136189,319000
1997-10-01,64.890625,65.125000,64.640625,64.812500,44.350014,178000
1997-10-02,64.828125,65.359375,64.750000,65.187500,44.606636,52900
1997-10-03,66.265625,66.281250,64.937500,65.500000,44.820461,116600
1997-10-06,66.031250,66.125000,65.703125,66.125000,45.248123,47200
1997-10-07,66.296875,66.359375,65.984375,66.203125,45.301594,63600
1997-10-08,66.359375,66.453125,65.640625,66.109375,45.237457,175900
1997-10-09,65.515625,66.406250,65.484375,66.250000,45.333679,68900
1997-10-10,65.875000,66.234375,65.656250,66.000000,45.162609,75500
1997-10-13,66.187500,66.343750,65.968750,66.000000,45.162609,29500
1997-10-14,66.453125,66.453125,65.625000,66.125000,45.248123,128800
1997-10-15,65.500000,66.171875,65.500000,66.125000,45.248123,92500
1997-10-16,66.234375,66.421875,64.625000,65.453125,44.788387,248400
1997-10-17,64.890625,65.046875,63.359375,64.250000,43.965092,402200
1997-10-20,64.375000,65.281250,64.203125,65.281250,44.670780,120300
1997-10-21,65.531250,66.531250,65.531250,66.531250,45.526131,237300
1997-10-22,66.328125,66.328125,65.703125,66.000000,45.162609,105800
1997-10-23,64.000000,65.031250,63.968750,64.875000,44.392803,343600
1997-10-24,65.390625,65.406250,63.781250,64.125000,43.879578,311500
1997-10-27,63.140625,63.656250,58.062500,60.062500,41.099678,229300
1997-10-28,57.781250,62.000000,56.906250,61.468750,42.061951,655700
1997-10-29,61.812500,62.734375,61.625000,62.093750,42.489624,362600
1997-10-30,61.328125,61.984375,60.500000,60.500000,41.399071,229700
1997-10-31,62.187500,62.187500,61.140625,62.062500,42.468243,242200
1997-11-03,62.875000,63.296875,62.546875,63.296875,43.312912,152700
1997-11-04,63.031250,63.500000,62.890625,63.375000,43.366386,82800
1997-11-05,63.375000,63.953125,63.375000,63.703125,43.590885,38900
1997-11-06,63.546875,63.796875,63.296875,63.296875,43.312912,35600
1997-11-07,61.546875,62.953125,61.515625,62.578125,42.821083,129500
1997-11-10,62.609375,62.921875,62.000000,62.000000,42.425488,137100
1997-11-11,62.375000,62.593750,62.000000,62.125000,42.511028,72400
1997-11-12,61.359375,61.875000,60.500000,60.500000,41.399071,54700
1997-11-13,61.140625,61.437500,59.828125,61.125000,41.826733,188200
1997-11-14,61.234375,62.218750,61.234375,61.843750,42.318554,325000
1997-11-17,62.953125,63.687500,62.671875,62.968750,43.088379,140100
1997-11-18,63.125000,63.125000,62.343750,62.343750,42.660683,207900
1997-11-19,62.140625,62.640625,62.000000,62.406250,42.703465,115700
1997-11-20,62.703125,63.500000,62.656250,63.265625,43.291519,54900
1997-11-21,63.500000,63.828125,62.500000,63.171875,43.227375,160400
1997-11-24,62.531250,62.921875,61.734375,61.734375,42.243717,751300
1997-11-25,62.578125,62.625000,61.921875,62.250000,42.596550,113900
1997-11-26,62.921875,62.968750,62.546875,62.937500,43.066998,82600
1997-11-28,63.125000,63.203125,62.796875,63.078125,43.163231,61900
1997-12-01,63.000000,63.906250,62.906250,63.687500,43.580200,72900
1997-12-02,63.796875,64.109375,63.484375,63.671875,43.569504,90400
1997-12-03,63.734375,64.296875,63.625000,64.187500,43.922344,110900
1997-12-04,64.687500,64.828125,64.250000,64.265625,43.975811,124100
1997-12-05,63.875000,65.156250,63.875000,65.156250,44.585243,128100
1997-12-08,65.343750,65.546875,65.140625,65.359375,44.724216,84800
1997-12-09,65.250000,65.250000,64.484375,64.484375,44.125477,114400
1997-12-10,64.718750,64.718750,63.640625,63.921875,43.740582,501700
1997-12-11,63.109375,63.421875,62.265625,63.312500,43.323597,878100
1997-12-12,63.671875,63.671875,62.250000,62.515625,42.778324,265400
1997-12-15,62.859375,62.937500,62.218750,62.890625,43.034889,145400
1997-12-16,63.015625,63.656250,63.015625,63.375000,43.366386,211700
1997-12-17,63.578125,63.734375,63.156250,63.343750,43.344978,171700
1997-12-18,63.453125,63.484375,62.250000,62.953125,43.077667,104400
1997-12-19,61.687500,62.656250,60.750000,62.250000,42.701687,231800
1997-12-22,63.000000,63.187500,62.625000,62.937500,43.173290,96500
1997-12-23,63.015625,63.015625,62.375000,62.375000,42.787434,106000
1997-12-24,62.000000,62.125000,61.390625,61.703125,42.435402,86600
1997-12-26,62.125000,62.125000,61.359375,61.781250,42.489128,9500
1997-12-29,62.296875,63.015625,62.187500,63.015625,43.338066,83800
1997-12-30,62.984375,63.890625,62.984375,63.625000,43.757145,110000
1997-12-31,63.687500,64.765625,63.656250,64.078125,44.068775,164000
1998-01-02,64.515625,64.515625,63.640625,64.062500,44.058044,158500
1998-01-05,64.343750,64.703125,63.781250,63.781250,43.864594,351700
1998-01-06,63.750000,63.812500,62.687500,62.812500,43.198357,416700
1998-01-07,62.687500,62.812500,62.078125,62.796875,43.187618,236000
1998-01-08,62.750000,62.796875,61.812500,61.812500,42.510624,221200
1998-01-09,61.859375,62.015625,59.500000,59.937500,41.221107,436700
1998-01-12,59.390625,60.562500,58.765625,60.234375,41.425293,197800
1998-01-13,60.484375,61.359375,60.406250,61.265625,42.134514,192400
1998-01-14,61.671875,61.890625,61.125000,61.890625,42.564365,171700
1998-01-15,61.625000,61.906250,61.218750,61.265625,42.134514,153300
1998-01-16,61.843750,62.625000,61.718750,62.031250,42.661076,135700
1998-01-20,62.515625,63.218750,62.421875,63.203125,43.467018,319600
1998-01-21,62.421875,62.828125,61.875000,62.468750,42.961945,56800
1998-01-22,62.093750,62.218750,61.671875,62.062500,42.682564,113800
1998-01-23,62.093750,62.468750,61.343750,61.562500,42.338680,82500
1998-01-26,62.031250,62.031250,61.203125,61.265625,42.134514,149300
1998-01-27,61.109375,61.921875,61.109375,61.765625,42.478378,235400
1998-01-28,62.156250,62.984375,62.156250,62.890625,43.252075,131900
1998-01-29,62.781250,63.687500,62.781250,62.843750,43.219837,257400
1998-01-30,63.265625,63.390625,62.953125,63.156250,43.434757,155200
1998-02-02,64.328125,64.593750,64.000000,64.234375,44.176231,310600
1998-02-03,64.375000,64.875000,64.281250,64.812500,44.573830,144600
1998-02-04,64.515625,65.203125,64.343750,65.140625,44.799492,190800
1998-02-05,65.718750,65.765625,64.859375,64.953125,44.670540,80500
1998-02-06,65.296875,65.828125,65.218750,65.750000,45.218582,59600
1998-02-09,65.953125,66.000000,65.140625,65.359375,44.949909,53900
1998-02-10,65.656250,66.343750,65.562500,66.046875,45.422756,161000
1998-02-11,66.046875,66.515625,66.031250,66.406250,45.669922,119100
1998-02-12,65.937500,66.453125,65.625000,66.437500,45.691406,97200
1998-02-13,66.312500,66.609375,66.156250,66.281250,45.583920,118000
1998-02-17,66.718750,66.890625,66.093750,66.343750,45.626904,241900
1998-02-18,66.312500,67.062500,66.312500,67.062500,46.121235,68200
1998-02-19,67.109375,67.218750,66.750000,66.875000,45.992283,114000
1998-02-20,67.218750,67.296875,66.484375,67.250000,46.250183,175300
1998-02-23,67.562500,67.640625,67.046875,67.437500,46.379135,180800
1998-02-24,66.937500,67.156250,66.531250,66.531250,45.755863,273800
1998-02-25,66.984375,67.875000,66.984375,67.875000,46.680027,137000
1998-02-26,67.671875,68.468750,67.515625,68.093750,46.830456,57700
1998-02-27,68.265625,68.515625,67.953125,68.093750,46.830456,274200
1998-03-02,68.312500,68.625000,68.000000,68.000000,46.765999,196900
1998-03-03,68.187500,68.500000,67.968750,68.500000,47.109859,181200
1998-03-04,68.375000,68.703125,67.953125,67.968750,46.744499,198400
1998-03-05,67.140625,68.062500,67.046875,67.812500,46.637020,121300
1998-03-06,68.000000,69.015625,67.937500,68.781250,47.303291,158300
1998-03-09,68.625000,68.984375,68.234375,68.437500,47.066879,227200
1998-03-10,68.765625,69.312500,68.609375,69.109375,47.528946,145100
1998-03-11,69.359375,70.000000,69.359375,69.625000,47.883560,257400
1998-03-12,69.750000,70.093750,69.171875,70.046875,48.173668,221500
1998-03-13,70.500000,70.531250,69.656250,70.000000,48.141460,205200
1998-03-16,70.421875,70.531250,70.093750,70.468750,48.463833,102500
1998-03-17,70.515625,70.515625,69.859375,70.359375,48.388596,208700
1998-03-18,70.125000,70.984375,70.000000,70.984375,48.818439,195100
1998-03-19,70.687500,70.968750,70.531250,70.906250,48.764702,422600
1998-03-20,70.921875,70.921875,70.234375,70.890625,48.857327,74200
1998-03-23,70.421875,71.000000,70.421875,70.687500,48.717327,170100
1998-03-24,70.890625,71.359375,70.718750,71.125000,49.018845,114900
1998-03-25,71.812500,71.812500,70.281250,70.796875,48.792713,253500
1998-03-26,70.859375,71.296875,70.500000,71.000000,48.932697,132800
1998-03-27,71.406250,71.593750,70.625000,70.640625,48.685047,62900
1998-03-30,70.578125,71.156250,70.421875,70.531250,48.609669,48800
1998-03-31,70.984375,71.750000,70.843750,71.296875,49.137310,348900
1998-04-01,71.421875,72.203125,71.000000,71.812500,49.492661,239500
1998-04-02,71.968750,72.562500,71.828125,72.453125,49.934162,107900
1998-04-03,72.609375,72.609375,72.125000,72.296875,49.826492,194300
1998-04-06,72.718750,72.859375,71.593750,71.828125,49.503456,64600
1998-04-07,71.625000,71.625000,70.078125,70.921875,48.878868,160200
1998-04-08,70.859375,71.343750,70.343750,70.828125,48.814243,304600
1998-04-09,70.750000,71.734375,70.750000,70.890625,48.857327,296600
1998-04-13,71.265625,71.656250,70.890625,71.468750,49.255768,265600
1998-04-14,71.578125,72.421875,71.500000,72.218750,49.772671,94100
1998-04-15,72.656250,72.828125,72.390625,72.828125,50.192657,74400
1998-04-16,72.375000,72.375000,71.812500,72.031250,49.643429,188100
1998-04-17,72.187500,73.171875,72.031250,72.750000,50.138809,229900
1998-04-20,72.968750,73.312500,72.718750,72.718750,50.117249,129100
1998-04-21,73.187500,73.562500,72.906250,73.312500,50.526459,49700
1998-04-22,73.484375,73.750000,73.375000,73.500000,50.655685,68900
1998-04-23,72.906250,73.093750,72.140625,72.203125,49.761890,472400
1998-04-24,72.484375,72.781250,71.281250,71.437500,49.234222,179500
1998-04-27,70.546875,70.625000,69.000000,69.671875,48.017361,342600
1998-04-28,70.671875,71.000000,70.062500,70.515625,48.598888,572400
1998-04-29,70.875000,71.625000,70.546875,71.281250,49.126518,69800
1998-04-30,72.203125,72.984375,72.093750,72.343750,49.858814,173100
1998-05-01,72.859375,73.187500,72.343750,73.187500,50.440338,35400
1998-05-04,73.093750,73.484375,72.625000,72.625000,50.052628,94000
1998-05-05,72.562500,72.687500,72.125000,72.375000,49.880333,105500
1998-05-06,72.625000,72.625000,71.812500,71.812500,49.492661,165000
1998-05-07,71.906250,72.062500,71.281250,71.281250,49.126518,263800
1998-05-08,71.375000,72.578125,71.375000,72.500000,49.966496,92100
1998-05-11,72.750000,72.859375,71.687500,71.812500,49.492661,140800
1998-05-12,71.875000,72.125000,71.328125,72.000000,49.621891,249200
1998-05-13,72.046875,72.562500,71.750000,71.796875,49.481892,215500
1998-05-14,71.468750,72.265625,71.312500,71.531250,49.298832,105200
1998-05-15,71.890625,71.921875,70.890625,70.968750,48.911167,92600
1998-05-18,70.859375,71.437500,70.078125,70.671875,48.706539,58700
1998-05-19,71.203125,71.671875,70.937500,71.000000,48.932697,76800
1998-05-20,72.046875,72.046875,70.578125,70.859375,48.835773,74000
1998-05-21,71.328125,71.328125,70.312500,70.718750,48.738869,407900
1998-05-22,70.984375,70.984375,69.828125,69.843750,48.135838,508200
1998-05-26,70.593750,70.703125,68.453125,68.578125,47.263557,537600
1998-05-27,68.046875,68.796875,67.484375,68.796875,47.414310,1226600
1998-05-28,68.843750,69.390625,68.437500,68.937500,47.511238,265100
1998-05-29,69.093750,69.796875,68.750000,68.750000,47.382034,206100
1998-06-01,68.921875,69.296875,68.015625,68.140625,46.962036,119100
1998-06-02,68.781250,68.890625,68.125000,68.609375,47.285099,570500
1998-06-03,68.593750,69.093750,67.718750,67.718750,46.671291,370900
1998-06-04,68.296875,69.109375,68.000000,68.671875,47.328194,408600
1998-06-05,69.312500,69.859375,68.953125,69.375000,47.812756,455900
1998-06-08,69.765625,70.078125,69.531250,69.812500,48.114288,119000
1998-06-09,69.859375,70.328125,69.640625,70.078125,48.297340,550900
1998-06-10,69.640625,70.062500,68.781250,69.015625,47.565102,471900
1998-06-11,68.796875,69.328125,67.968750,68.125000,46.951256,140100
1998-06-12,68.343750,68.343750,66.937500,68.031250,46.886669,388600
1998-06-15,67.296875,67.718750,66.062500,66.062500,45.529812,300600
1998-06-16,67.187500,67.671875,66.609375,67.500000,46.520527,293000
1998-06-17,68.406250,69.171875,68.078125,68.390625,47.134357,1378700
1998-06-18,68.203125,68.203125,67.421875,67.593750,46.585133,132800
1998-06-19,67.125000,67.437500,66.750000,67.140625,46.370243,251200
1998-06-22,67.328125,68.250000,67.328125,67.984375,46.953007,109600
1998-06-23,68.265625,68.890625,68.265625,68.750000,47.481785,231700
1998-06-24,68.953125,69.359375,68.484375,68.937500,47.611263,624400
1998-06-25,69.328125,69.703125,68.593750,68.781250,47.503361,159200
1998-06-26,68.968750,69.265625,68.734375,69.125000,47.740761,295400
1998-06-29,69.375000,70.000000,69.375000,69.875000,48.258739,278600
1998-06-30,69.562500,70.000000,69.109375,69.625000,48.086090,338800
1998-07-01,70.312500,70.953125,69.968750,70.953125,49.003349,252500
1998-07-02,70.734375,70.953125,70.328125,70.625000,48.776714,462300
1998-07-06,70.578125,70.953125,70.453125,70.937500,48.992565,107200
1998-07-07,71.140625,71.140625,70.625000,70.625000,48.776714,321400
1998-07-08,70.546875,71.375000,70.484375,71.312500,49.251545,48200
1998-07-09,71.093750,71.437500,70.765625,71.234375,49.197594,214000
1998-07-10,71.218750,71.406250,70.625000,70.859375,48.938587,176300
1998-07-13,71.437500,71.437500,70.812500,71.031250,49.057312,229200
1998-07-14,71.343750,71.718750,71.234375,71.390625,49.305489,342900
1998-07-15,71.390625,71.828125,71.328125,71.625000,49.467354,298200
1998-07-16,71.921875,72.500000,70.750000,72.296875,49.931389,197200
1998-07-17,72.359375,72.515625,72.046875,72.109375,49.801918,146300
1998-07-20,72.109375,72.375000,71.843750,72.218750,49.877441,498200
1998-07-21,72.515625,72.515625,70.609375,70.859375,48.938587,218100
1998-07-22,70.578125,70.703125,69.640625,70.156250,48.452988,151500
1998-07-23,70.265625,70.281250,68.718750,68.796875,47.514118,222100
1998-07-24,69.515625,69.531250,67.609375,68.296875,47.168804,169900
1998-07-27,68.156250,68.328125,67.171875,68.296875,47.168804,237200
1998-07-28,67.796875,68.343750,66.578125,67.046875,46.305523,342500
1998-07-29,67.296875,67.750000,66.593750,66.593750,45.992569,425400
1998-07-30,67.328125,68.062500,67.203125,67.984375,46.953007,294200
1998-07-31,67.875000,68.265625,66.359375,66.640625,46.024948,346000
1998-08-03,66.406250,66.500000,65.781250,65.781250,45.431419,1253900
1998-08-04,66.531250,66.531250,63.531250,63.593750,43.920635,728600
1998-08-05,64.125000,64.562500,62.359375,63.765625,44.039333,1358400
1998-08-06,63.046875,64.812500,62.937500,64.718750,44.697636,510400
1998-08-07,64.968750,66.625000,64.750000,65.781250,45.431419,504400
1998-08-10,65.750000,65.750000,64.640625,64.718750,44.697636,204900
1998-08-11,63.343750,63.562500,62.203125,63.000000,43.510567,1395000
1998-08-12,63.656250,65.125000,63.656250,65.031250,44.913433,243600
1998-08-13,64.859375,65.203125,63.625000,63.781250,44.050114,205800
1998-08-14,64.968750,64.968750,63.078125,63.859375,44.104088,267600
1998-08-17,63.421875,64.468750,63.312500,64.265625,44.384666,430700
1998-08-18,64.781250,65.656250,64.781250,65.453125,45.204807,319600
1998-08-19,66.000000,66.000000,64.375000,64.671875,44.665230,426200
1998-08-20,64.390625,64.625000,63.734375,63.734375,44.017761,417400
1998-08-21,62.640625,63.265625,61.218750,63.156250,43.618473,526300
1998-08-24,63.718750,63.890625,62.578125,62.812500,43.381065,280400
1998-08-25,63.609375,63.843750,62.468750,62.890625,43.435020,759800
1998-08-26,61.812500,62.125000,61.015625,61.375000,42.388264,264000
1998-08-27,60.031250,60.187500,57.890625,58.312500,40.273170,1743300
1998-08-28,59.250000,59.671875,57.171875,58.218750,40.208427,1346800
1998-08-31,58.156250,58.531250,53.187500,53.281250,36.798359,1761300
1998-09-01,54.906250,56.875000,53.328125,56.078125,38.730007,1802900
1998-09-02,56.265625,57.937500,56.015625,56.750000,39.194046,1107700
1998-09-03,55.250000,56.750000,55.015625,56.406250,38.956631,1003500
1998-09-04,56.484375,56.781250,54.937500,56.000000,38.676060,459500
1998-09-08,58.546875,59.609375,58.015625,59.609375,41.168835,651700
1998-09-09,58.640625,59.406250,57.531250,57.531250,39.733608,785600
1998-09-10,55.484375,57.000000,55.468750,56.406250,38.956631,664300
1998-09-11,56.625000,58.515625,56.593750,58.500000,40.402664,586700
1998-09-14,59.312500,60.156250,58.953125,59.218750,40.899063,741100
1998-09-15,59.000000,59.734375,58.718750,59.390625,41.017761,443500
1998-09-16,60.390625,60.750000,59.546875,60.375000,41.697628,424300
1998-09-17,58.125000,59.468750,57.500000,59.000000,40.747982,208700
1998-09-18,58.859375,59.796875,58.843750,59.500000,41.195263,632500
1998-09-21,56.828125,59.484375,56.828125,59.062500,40.892349,383100
1998-09-22,60.250000,60.343750,59.437500,59.906250,41.476524,371600
1998-09-23,60.437500,62.031250,60.359375,62.000000,42.926140,833700
1998-09-24,61.375000,61.906250,59.812500,60.125000,41.627968,502900
1998-09-25,59.390625,60.640625,59.031250,59.968750,41.519779,205500
1998-09-28,60.796875,61.812500,59.953125,60.625000,41.974152,1087200
1998-09-29,61.000000,61.015625,59.437500,60.156250,41.649605,510100
1998-09-30,59.859375,59.968750,58.625000,59.812500,41.411610,1286400
1998-10-01,58.453125,59.125000,56.312500,57.312500,39.680710,1224000
1998-10-02,57.687500,58.187500,55.968750,57.875000,40.070175,1039100
1998-10-05,56.859375,57.593750,54.828125,55.531250,38.447464,280700
1998-10-06,57.359375,57.484375,54.921875,55.703125,38.566460,498400
1998-10-07,55.906250,56.296875,53.531250,55.000000,38.079655,812300
1998-10-08,54.218750,54.218750,51.218750,52.875000,36.608376,1854100
1998-10-09,54.750000,55.000000,53.046875,54.812500,37.949848,552500
1998-10-12,55.921875,56.984375,55.796875,55.796875,38.631374,842900
1998-10-13,55.875000,56.000000,54.703125,54.843750,37.971451,273300
1998-10-14,54.671875,57.000000,54.656250,56.656250,39.226360,777300
1998-10-15,56.359375,60.000000,56.187500,59.812500,41.411610,1065800
1998-10-16,59.531250,60.265625,59.093750,59.875000,41.454899,865200
1998-10-19,59.781250,61.343750,59.718750,61.015625,42.244595,398300
1998-10-20,62.000000,63.125000,60.937500,61.312500,42.450138,1329300
1998-10-21,61.125000,61.640625,60.218750,61.000000,42.233803,887300
1998-10-22,61.203125,62.140625,60.734375,61.750000,42.753056,521800
1998-10-23,61.609375,62.265625,61.296875,61.468750,42.558338,788300
1998-10-26,62.093750,62.937500,61.312500,61.687500,42.709785,782200
1998-10-27,63.093750,63.453125,61.718750,62.250000,43.099232,1354200
1998-10-28,61.828125,62.687500,61.375000,62.687500,43.402138,326700
1998-10-29,62.593750,63.593750,62.468750,63.593750,44.029594,353300
1998-10-30,64.250000,64.828125,64.093750,64.562500,44.700310,545000
1998-11-02,65.468750,66.156250,64.875000,66.000000,45.695576,655300
1998-11-03,66.328125,66.328125,65.437500,65.500000,45.349392,609500
1998-11-04,66.796875,67.312500,66.062500,67.062500,46.431202,984200
1998-11-05,66.703125,67.828125,66.406250,67.656250,46.842289,403200
1998-11-06,67.234375,68.421875,67.093750,68.328125,47.307468,1013400
1998-11-09,67.859375,68.156250,66.828125,67.250000,46.561035,471400
1998-11-10,67.328125,67.453125,66.578125,66.703125,46.182373,227400
1998-11-11,67.671875,67.843750,66.187500,66.593750,46.106655,301500
1998-11-12,66.140625,66.859375,65.937500,66.781250,46.236473,304800
1998-11-13,66.796875,67.187500,66.578125,66.812500,46.258118,174600
1998-11-16,67.531250,67.750000,66.312500,66.875000,46.301395,313900
1998-11-17,66.953125,67.937500,66.031250,67.046875,46.420399,504300
1998-11-18,67.546875,68.156250,67.125000,68.156250,47.188477,805700
1998-11-19,68.156250,68.515625,67.812500,68.406250,47.361542,345400
1998-11-20,68.890625,68.890625,67.875000,67.875000,46.993763,324900
1998-11-23,68.859375,69.453125,68.687500,69.156250,47.880844,581900
1998-11-24,68.921875,69.437500,68.484375,68.640625,47.523819,180400
1998-11-25,68.562500,69.078125,68.562500,69.031250,47.794285,139300
1998-11-27,69.609375,69.609375,69.000000,69.312500,47.989006,115000
1998-11-30,69.328125,69.625000,66.875000,66.875000,46.301395,450300
1998-12-01,66.593750,67.968750,66.593750,67.828125,46.961285,357100
1998-12-02,67.484375,68.421875,67.312500,68.000000,47.080292,170700
1998-12-03,67.875000,68.890625,67.250000,67.562500,46.777382,390900
1998-12-04,68.562500,68.921875,67.875000,68.921875,47.718540,333900
1998-12-07,69.125000,69.671875,68.593750,69.671875,48.237823,257100
1998-12-08,69.671875,70.187500,68.859375,69.437500,48.075550,585400
1998-12-09,69.140625,69.609375,68.828125,69.281250,47.967361,457600
1998-12-10,69.750000,69.750000,67.687500,68.000000,47.080292,221800
1998-12-11,67.625000,68.234375,67.250000,67.656250,46.842289,398200
1998-12-14,66.750000,67.484375,65.796875,66.171875,45.814575,578300
1998-12-15,66.546875,67.265625,66.312500,66.875000,46.301395,856800
1998-12-16,67.500000,67.750000,66.687500,67.000000,46.387936,827400
1998-12-17,67.156250,68.234375,67.156250,67.781250,46.928833,781500
1998-12-18,68.437500,68.984375,67.765625,68.000000,47.190296,558100
1998-12-21,66.812500,69.250000,66.812500,68.125000,48.343437,706600
1998-12-22,68.218750,68.312500,67.000000,67.562500,47.944275,306500
1998-12-23,68.187500,69.375000,68.140625,69.000000,48.964348,533900
1998-12-24,69.000000,69.437500,68.781250,69.218750,49.119591,192700
1998-12-28,69.531250,70.562500,69.359375,70.125000,49.762703,339500
1998-12-29,70.000000,70.593750,69.437500,70.500000,50.028812,437000
1998-12-30,70.078125,71.281250,70.078125,71.109375,50.461258,445000
1998-12-31,71.390625,73.687500,71.218750,72.750000,51.625454,1286800
1999-01-04,74.062500,74.500000,72.625000,73.312500,52.024632,1927100
1999-01-05,73.750000,73.750000,72.968750,73.500000,52.157688,1359300
1999-01-06,74.375000,74.687500,73.937500,74.625000,52.956036,951100
1999-01-07,73.375000,74.187500,73.187500,73.687500,52.290733,356900
1999-01-08,74.671875,74.750000,73.031250,73.515625,52.168785,512400
1999-01-11,73.781250,73.968750,72.625000,73.000000,51.802876,315200
1999-01-12,72.781250,72.937500,71.937500,72.656250,51.558933,525400
1999-01-13,70.968750,73.093750,70.000000,72.187500,51.226288,858800
1999-01-14,71.812500,72.562500,70.937500,71.250000,50.561031,779800
1999-01-15,72.031250,72.625000,71.593750,72.437500,51.403706,259400
1999-01-19,73.250000,73.312500,71.937500,72.500000,51.448048,311300
1999-01-20,73.593750,73.593750,71.750000,72.062500,51.137600,619100
1999-01-21,71.750000,72.000000,70.468750,70.687500,50.161850,239500
1999-01-22,70.250000,71.343750,70.062500,71.125000,50.472286,417500
1999-01-25,70.937500,71.109375,70.312500,71.109375,50.461258,274600
1999-01-26,71.062500,71.375000,70.656250,71.125000,50.472286,417900
1999-01-27,71.687500,71.687500,70.281250,70.500000,50.028812,419700
1999-01-28,71.125000,71.500000,70.968750,70.968750,50.361427,153200
1999-01-29,71.812500,71.812500,70.718750,70.937500,50.339279,314900
1999-02-01,71.125000,71.437500,70.843750,70.843750,50.272720,494000
1999-02-02,71.093750,71.093750,69.500000,70.343750,49.917912,603800
1999-02-03,70.187500,71.500000,70.125000,71.375000,50.649723,215000
1999-02-04,71.656250,71.656250,69.875000,70.250000,49.851391,416700
1999-02-05,70.281250,70.281250,68.906250,69.125000,49.053043,466400
1999-02-08,69.718750,70.125000,68.843750,69.656250,49.430050,680500
1999-02-09,69.656250,69.656250,67.875000,68.000000,48.254726,193900
1999-02-10,68.015625,68.468750,67.125000,67.281250,47.744690,1102400
1999-02-11,68.125000,69.406250,67.625000,69.093750,49.030895,1127700
1999-02-12,68.812500,68.812500,67.562500,68.000000,48.254726,351700
1999-02-16,68.343750,69.500000,67.593750,67.843750,48.143867,509500
1999-02-17,66.875000,68.125000,66.593750,66.906250,47.478577,437900
1999-02-18,67.187500,67.687500,66.718750,67.437500,47.855568,1095700
1999-02-19,67.812500,68.125000,67.406250,67.812500,48.121685,800600
1999-02-22,67.734375,69.031250,67.500000,68.750000,48.786949,1734800
1999-02-23,68.875000,69.187500,68.375000,68.875000,48.875652,1478800
1999-02-24,69.187500,69.500000,67.687500,67.687500,48.032970,1241100
1999-02-25,67.640625,68.062500,66.875000,67.750000,48.077297,1056500
1999-02-26,67.937500,67.937500,66.875000,67.437500,47.855568,755300
1999-03-01,67.359375,67.968750,66.875000,67.531250,47.922092,822600
1999-03-02,67.687500,68.781250,67.343750,67.750000,48.077297,361500
1999-03-03,68.125000,68.250000,67.125000,67.375000,47.811199,320200
1999-03-04,67.703125,68.468750,67.281250,68.437500,48.565186,179000
1999-03-05,70.000000,70.125000,68.531250,68.718750,48.764790,841900
1999-03-08,69.046875,69.531250,68.843750,69.406250,49.252632,822000
1999-03-09,69.000000,69.734375,68.312500,68.375000,48.520832,549300
1999-03-10,68.859375,69.281250,68.500000,69.093750,49.030895,470300
1999-03-11,69.406250,69.937500,68.437500,69.187500,49.097404,933900
1999-03-12,69.718750,69.750000,68.375000,68.750000,48.786949,351100
1999-03-15,68.937500,69.500000,68.718750,69.000000,48.964348,614700
1999-03-16,68.953125,69.468750,68.781250,68.937500,48.920013,760100
1999-03-17,68.750000,69.406250,68.531250,69.390625,49.241535,1263500
1999-03-18,69.187500,69.656250,68.937500,69.562500,49.363525,523100
1999-03-19,69.656250,69.656250,67.812500,67.875000,48.287502,658400
1999-03-22,68.109375,68.562500,67.625000,67.640625,48.120747,366300
1999-03-23,67.531250,67.531250,66.093750,66.125000,47.042507,730800
1999-03-24,66.531250,67.656250,66.250000,67.406250,47.954037,1068700
1999-03-25,68.000000,68.875000,67.812500,68.750000,48.909981,773200
1999-03-26,68.531250,68.968750,68.093750,68.312500,48.598747,337900
1999-03-29,68.625000,70.000000,68.625000,69.906250,49.732597,466900
1999-03-30,69.750000,69.750000,68.625000,68.625000,48.821079,242900
1999-03-31,68.937500,69.593750,68.687500,68.937500,49.043396,495600
1999-04-01,69.500000,69.625000,68.750000,69.187500,49.221237,505500
1999-04-05,69.875000,70.093750,69.343750,69.562500,49.488026,172800
1999-04-06,69.375000,70.125000,68.312500,68.875000,48.998924,734300
1999-04-07,69.500000,69.500000,68.062500,68.156250,48.487579,475200
1999-04-08,68.406250,69.437500,67.812500,69.437500,49.399101,332800
1999-04-09,69.218750,69.843750,68.906250,69.375000,49.354641,285900
1999-04-12,68.718750,70.281250,68.687500,70.125000,49.888210,626600
1999-04-13,70.125000,71.031250,69.953125,70.250000,49.977127,2404300
1999-04-14,70.875000,71.875000,70.406250,70.859375,50.410667,2222900
1999-04-15,71.000000,71.609375,70.250000,71.609375,50.944206,2229500
1999-04-16,71.750000,72.281250,70.968750,71.843750,51.110973,1689900
1999-04-19,72.468750,73.656250,71.125000,71.390625,50.788609,8367600
1999-04-20,71.218750,71.875000,70.250000,71.687500,50.999794,4800400
1999-04-21,71.500000,73.156250,71.500000,73.000000,51.933537,2133000
1999-04-22,73.562500,73.875000,72.656250,73.375000,52.200317,705700
1999-04-23,73.437500,73.718750,72.468750,73.625000,52.378155,497900
1999-04-26,73.515625,74.531250,73.515625,73.781250,52.489288,426600
1999-04-27,74.250000,74.687500,73.812500,74.437500,52.956192,517500
1999-04-28,74.375000,75.390625,73.750000,74.875000,53.267441,2137500
1999-04-29,74.812500,75.312500,74.203125,74.937500,53.311909,4107000
1999-04-30,75.875000,75.968750,73.375000,74.406250,52.933952,1838300
1999-05-03,74.875000,75.750000,74.625000,75.625000,53.800987,995000
1999-05-04,75.562500,76.500000,75.187500,75.281250,53.556442,807800
1999-05-05,75.500000,75.937500,73.875000,75.125000,53.445297,518700
1999-05-06,75.281250,75.687500,74.437500,74.531250,53.022861,965400
1999-05-07,75.156250,75.468750,74.406250,75.250000,53.534210,983700
1999-05-10,75.718750,76.218750,75.156250,75.875000,53.978848,506900
1999-05-11,76.375000,76.468750,75.468750,75.500000,53.712063,1003100
1999-05-12,76.250000,77.187500,75.000000,77.156250,54.890388,1058400
1999-05-13,77.500000,78.125000,77.078125,77.625000,55.223854,681800
1999-05-14,76.000000,76.500000,75.437500,75.500000,53.712063,906600
1999-05-17,75.156250,75.718750,74.343750,75.343750,53.600933,282500
1999-05-18,75.875000,75.875000,74.593750,75.359375,53.612000,683400
1999-05-19,75.687500,76.437500,75.250000,76.281250,54.267849,526500
1999-05-20,76.562500,77.000000,75.250000,76.187500,54.201164,1247700
1999-05-21,76.531250,76.875000,76.000000,76.125000,54.156685,495000
1999-05-24,76.750000,76.750000,74.500000,75.062500,53.400799,471400
1999-05-25,74.812500,75.250000,73.625000,73.750000,52.467091,1587500
1999-05-26,74.343750,74.375000,73.093750,74.187500,52.778347,3129500
1999-05-27,73.687500,74.500000,73.437500,74.437500,52.956192,542600
1999-05-28,74.468750,75.125000,74.234375,74.750000,53.178528,700000
1999-06-01,74.750000,74.937500,74.000000,74.156250,52.756100,612100
1999-06-02,74.312500,74.937500,73.625000,74.906250,53.289665,307900
1999-06-03,75.250000,75.375000,74.843750,75.250000,53.534210,952900
1999-06-04,75.687500,76.218750,75.437500,76.156250,54.178928,529200
1999-06-07,76.562500,77.187500,76.375000,77.000000,54.779213,727000
1999-06-08,76.812500,77.250000,75.812500,75.875000,53.978848,824700
1999-06-09,76.125000,76.312500,75.750000,76.062500,54.112221,614800
1999-06-10,75.625000,76.000000,75.125000,75.750000,53.889912,913800
1999-06-11,75.937500,76.156250,75.000000,75.437500,53.667595,711400
1999-06-14,75.625000,75.750000,74.812500,74.875000,53.267441,557800
1999-06-15,75.250000,75.937500,75.000000,75.625000,53.800987,744800
1999-06-16,76.750000,76.750000,76.218750,76.625000,54.512405,1024800
1999-06-17,76.500000,77.250000,76.312500,77.187500,54.912613,624700
1999-06-18,76.812500,77.000000,76.531250,77.000000,54.906544,401300
1999-06-21,76.875000,77.437500,76.562500,77.406250,55.196228,824000
1999-06-22,77.000000,77.875000,77.000000,77.125000,54.995628,726000
1999-06-23,76.843750,77.718750,76.421875,77.718750,55.419071,437600
1999-06-24,77.375000,77.375000,76.093750,76.312500,54.416302,519100
1999-06-25,76.656250,76.812500,76.062500,76.343750,54.438576,650500
1999-06-28,76.625000,77.062500,76.250000,76.875000,54.817394,434000
1999-06-29,76.937500,78.343750,76.781250,78.062500,55.664185,586500
1999-06-30,78.125000,79.250000,77.625000,78.437500,55.931553,3053100
1999-07-01,78.687500,79.156250,78.125000,78.906250,56.265793,423000
1999-07-02,78.875000,79.312500,78.687500,79.031250,56.354954,326400
1999-07-06,78.875000,79.968750,78.875000,79.312500,56.555515,296300
1999-07-07,79.312500,79.437500,78.406250,78.656250,56.087543,373000
1999-07-08,78.625000,79.406250,78.562500,79.062500,56.377235,707700
1999-07-09,79.437500,79.562500,78.906250,79.312500,56.555515,203100
1999-07-12,79.812500,79.984375,79.250000,79.250000,56.510937,275700
1999-07-13,78.875000,79.234375,78.437500,79.000000,56.332668,379800
1999-07-14,79.375000,79.906250,79.062500,79.859375,56.945477,959600
1999-07-15,80.250000,80.718750,79.968750,80.687500,57.535950,505300
1999-07-16,80.875000,80.906250,80.343750,80.625000,57.491413,265100
1999-07-19,80.906250,80.906250,79.687500,79.968750,57.023472,488100
1999-07-20,79.625000,79.625000,78.312500,78.312500,55.842422,400400
1999-07-21,78.750000,79.187500,78.250000,79.093750,56.399517,260500
1999-07-22,79.031250,79.031250,77.875000,78.625000,56.065273,661500
1999-07-23,79.000000,79.031250,77.781250,78.062500,55.664185,222600
1999-07-26,77.843750,77.875000,76.875000,76.875000,54.817394,441500
1999-07-27,77.750000,78.312500,77.312500,77.750000,55.441341,689700
1999-07-28,78.187500,78.187500,77.312500,77.687500,55.396763,210700
1999-07-29,76.875000,77.062500,76.218750,76.218750,54.349449,1087400
1999-07-30,76.750000,77.375000,76.437500,76.625000,54.639122,1001600
1999-08-02,76.500000,77.250000,76.187500,76.218750,54.349449,1497400
1999-08-03,76.812500,76.875000,75.312500,75.718750,53.992882,2635700
1999-08-04,75.718750,75.875000,74.500000,75.000000,53.480377,840300
1999-08-05,74.687500,75.218750,73.625000,75.218750,53.636360,1662000
1999-08-06,75.000000,75.250000,74.187500,74.500000,53.123856,793200
1999-08-09,74.343750,74.875000,74.156250,74.296875,52.979023,718000
1999-08-10,74.187500,74.187500,72.312500,73.437500,52.366211,2351400
1999-08-11,73.687500,74.625000,73.312500,74.625000,53.212997,2230500
1999-08-12,74.843750,75.125000,74.375000,74.562500,53.168407,1360800
1999-08-13,75.187500,75.812500,75.156250,75.562500,53.881493,1510800
1999-08-16,75.625000,75.968750,75.125000,75.437500,53.792343,638100
1999-08-17,76.125000,76.250000,75.187500,75.937500,54.148907,1219300
1999-08-18,75.500000,75.687500,75.125000,75.375000,53.747810,878700
1999-08-19,74.437500,75.500000,74.375000,74.937500,53.435818,1354600
1999-08-20,75.187500,76.000000,75.000000,75.828125,54.070904,621900
1999-08-23,76.187500,76.812500,76.187500,76.781250,54.750546,447500
1999-08-24,76.375000,76.750000,75.812500,76.250000,54.371708,976000
1999-08-25,76.375000,76.625000,75.687500,76.343750,54.438576,443500
1999-08-26,76.250000,76.468750,75.875000,75.937500,54.148907,554900
1999-08-27,76.031250,76.250000,74.875000,74.875000,53.391247,408800
1999-08-30,75.000000,75.187500,73.812500,74.000000,52.767315,639000
1999-08-31,74.140625,74.750000,73.687500,74.000000,52.767315,1222700
1999-09-01,74.500000,75.406250,74.500000,75.093750,53.547230,468000
1999-09-02,74.125000,74.781250,73.625000,74.500000,53.123856,1032500
1999-09-03,76.375000,76.562500,75.843750,76.281250,54.393986,911200
1999-09-07,76.343750,76.875000,76.203125,76.562500,54.594570,583000
1999-09-08,76.125000,76.500000,75.625000,75.953125,54.160019,508000
1999-09-09,75.875000,76.750000,75.875000,76.750000,54.728249,624100
1999-09-10,77.750000,77.750000,76.875000,76.937500,54.861961,516200
1999-09-13,76.750000,77.187500,76.453125,76.468750,54.527729,472400
1999-09-14,76.187500,76.593750,75.843750,76.593750,54.616848,1048400
1999-09-15,77.625000,77.625000,75.468750,75.515625,53.848083,1027200
1999-09-16,75.875000,75.875000,74.187500,75.125000,53.569523,601200
1999-09-17,75.125000,76.062500,75.031250,75.875000,54.227028,1311100
1999-09-20,76.375000,76.375000,75.250000,75.406250,53.892048,587800
1999-09-21,74.812500,75.000000,73.625000,73.984375,52.875843,883300
1999-09-22,74.000000,74.468750,73.593750,74.125000,52.976326,689300
1999-09-23,74.750000,74.750000,72.125000,72.375000,51.725605,1044500
1999-09-24,71.812500,72.812500,71.125000,72.125000,51.546959,1132700
1999-09-27,72.812500,73.750000,72.187500,72.187500,51.591595,1203800
1999-09-28,72.125000,72.125000,70.531250,71.875000,51.368263,1347700
1999-09-29,72.000000,72.687500,71.812500,71.812500,51.323612,1080000
1999-09-30,72.312500,72.562500,71.187500,71.812500,51.323612,1514200
1999-10-01,71.437500,71.875000,70.875000,71.328125,50.977436,679100
1999-10-04,71.593750,72.968750,71.593750,72.968750,52.149940,306600
1999-10-05,72.781250,73.250000,71.828125,72.687500,51.948959,660600
1999-10-06,72.750000,73.500000,72.750000,73.406250,52.462635,396700
1999-10-07,73.671875,73.671875,72.640625,72.921875,52.116459,660400
1999-10-08,72.968750,73.000000,71.875000,72.406250,51.747959,2147300
1999-10-11,72.468750,73.796875,72.468750,73.796875,52.741806,676000
1999-10-12,73.250000,73.687500,72.312500,72.562500,51.859631,1152600
1999-10-13,72.187500,72.687500,71.203125,71.359375,50.999756,434800
1999-10-14,71.359375,71.968750,70.750000,71.750000,51.278946,666700
1999-10-15,70.125000,71.250000,69.875000,70.500000,50.385571,827300
1999-10-18,70.875000,70.906250,68.937500,69.843750,49.916561,570000
1999-10-19,70.500000,71.187500,70.062500,70.375000,50.296249,1019300
1999-10-20,70.875000,71.296875,69.921875,71.046875,50.776424,825200
1999-10-21,69.750000,71.250000,69.640625,71.250000,50.921597,431800
1999-10-22,71.593750,72.562500,71.500000,72.250000,51.636280,854100
1999-10-25,71.625000,72.437500,71.625000,72.125000,51.546959,320900
1999-10-26,72.718750,72.718750,71.281250,71.281250,50.943928,367900
1999-10-27,71.500000,71.937500,71.312500,71.750000,51.278946,367600
1999-10-28,73.000000,73.875000,72.687500,73.812500,52.753014,341600
1999-10-29,74.625000,75.750000,74.562500,75.312500,53.825024,903700
1999-11-01,75.250000,75.906250,75.218750,75.406250,53.892048,452100
1999-11-02,75.468750,76.468750,75.406250,75.734375,54.126507,823200
1999-11-03,76.500000,76.750000,76.218750,76.671875,54.796562,622700
1999-11-04,77.375000,77.468750,76.687500,77.250000,55.209747,419200
1999-11-05,79.000000,79.125000,77.718750,78.281250,55.946747,632500
1999-11-08,78.125000,78.812500,77.890625,78.359375,56.002586,476800
1999-11-09,79.000000,79.000000,77.593750,78.062500,55.790424,637800
1999-11-10,77.625000,78.859375,77.625000,78.406250,56.036114,2014900
1999-11-11,78.656250,78.875000,78.062500,78.406250,56.036114,952100
1999-11-12,78.750000,79.296875,77.500000,79.281250,56.661469,881100
1999-11-15,79.375000,79.750000,79.125000,79.750000,56.996483,725000
1999-11-16,80.125000,81.171875,79.812500,81.171875,58.012634,600300
1999-11-17,81.000000,81.468750,80.765625,81.000000,57.889805,1247600
1999-11-18,81.375000,81.718750,81.031250,81.578125,58.302998,553300
1999-11-19,81.937500,82.062500,81.187500,81.437500,58.202480,687500
1999-11-22,81.593750,81.718750,80.578125,80.906250,57.822842,413600
1999-11-23,81.000000,81.125000,79.078125,79.140625,56.560947,883200
1999-11-24,79.140625,80.093750,78.625000,79.968750,57.152786,715400
1999-11-26,80.312500,80.531250,80.000000,80.015625,57.186298,444200
1999-11-29,80.000000,80.250000,78.687500,78.968750,56.438114,1369100
1999-11-30,79.000000,79.750000,78.625000,79.296875,56.672604,929700
1999-12-01,79.125000,79.750000,79.125000,79.750000,56.996483,562800
1999-12-02,79.937500,80.843750,79.781250,80.812500,57.755821,290600
1999-12-03,82.000000,82.250000,81.500000,81.687500,58.381145,494400
1999-12-06,81.875000,82.187500,80.750000,81.062500,57.934479,776300
1999-12-07,81.062500,81.062500,79.812500,80.625000,57.621811,476600
1999-12-08,80.656250,80.656250,79.406250,79.406250,56.750793,1321200
1999-12-09,80.093750,80.500000,78.281250,78.968750,56.438114,796000
1999-12-10,79.500000,79.531250,78.390625,79.312500,56.683788,575100
1999-12-13,78.875000,79.937500,78.875000,79.250000,56.639099,817900
1999-12-14,78.875000,79.187500,77.500000,77.687500,55.522408,783300
1999-12-15,77.437500,78.562500,77.250000,78.187500,55.879761,1196700
1999-12-16,78.625000,79.765625,78.328125,79.062500,56.505108,1628200
1999-12-17,79.500000,80.000000,78.437500,78.796875,56.447376,487700
1999-12-20,76.625000,77.312500,76.625000,76.781250,56.435871,418600
1999-12-21,76.812500,78.437500,76.656250,78.281250,57.538391,825600
1999-12-22,78.562500,79.468750,78.281250,79.343750,58.319336,639900
1999-12-23,79.578125,80.937500,79.578125,80.437500,59.123264,557800
1999-12-27,80.875000,80.875000,79.437500,79.781250,58.640938,792900
1999-12-28,79.750000,80.625000,79.250000,80.125000,58.893589,1100800
1999-12-29,80.250000,81.250000,80.187500,81.093750,59.605614,794300
1999-12-30,81.500000,81.750000,80.812500,81.000000,59.536709,603700
1999-12-31,81.125000,81.562500,80.875000,81.125000,59.628651,710400
2000-01-03,82.250000,82.250000,78.812500,80.093750,58.870663,696800
2000-01-04,79.437500,79.546875,76.937500,77.375000,56.872272,1959700
2000-01-05,77.406250,78.625000,76.000000,78.125000,57.423519,1249700
2000-01-06,77.375000,78.750000,77.375000,77.437500,56.918190,404900
2000-01-07,78.000000,81.000000,77.875000,81.000000,59.536709,416700
2000-01-10,81.312500,82.875000,81.062500,82.625000,60.731129,520200
2000-01-11,82.125000,82.125000,79.875000,80.156250,58.916550,700300
2000-01-12,80.437500,80.562500,79.062500,79.375000,58.342335,627300
2000-01-13,79.906250,81.812500,79.906250,81.312500,59.766422,701800
2000-01-14,82.562500,83.187500,82.062500,82.562500,60.685192,628000
2000-01-18,81.875000,82.750000,81.625000,82.593750,60.708168,857100
2000-01-19,82.531250,83.406250,82.062500,83.000000,61.006786,449200
2000-01-20,83.562500,83.687500,82.187500,83.000000,61.006786,853200
2000-01-21,83.500000,83.546875,82.531250,83.000000,61.006786,302000
2000-01-24,84.437500,84.437500,80.875000,81.000000,59.536709,1189600
2000-01-25,81.687500,81.687500,79.750000,81.062500,59.582676,1236800
2000-01-26,81.562500,82.375000,80.875000,80.875000,59.444862,1013400
2000-01-27,81.656250,82.406250,79.875000,81.296875,59.754955,901400
2000-01-28,80.625000,81.250000,78.437500,78.687500,57.836987,1011400
2000-01-31,79.187500,79.531250,77.406250,79.312500,58.296383,706800
2000-02-01,79.562500,80.375000,78.765625,80.125000,58.893589,929300
2000-02-02,80.468750,81.656250,80.437500,81.000000,59.536709,683700
2000-02-03,81.781250,82.312500,80.625000,82.187500,60.409561,634000
2000-02-04,82.312500,82.750000,81.312500,81.468750,59.881271,659300
2000-02-07,81.687500,82.187500,81.437500,82.187500,60.409561,423900
2000-02-08,83.000000,83.312500,82.312500,83.000000,61.006786,1022300
2000-02-09,83.375000,83.375000,81.062500,81.500000,59.904236,1005600
2000-02-10,82.031250,82.906250,81.750000,82.625000,60.731129,1147200
2000-02-11,82.906250,83.062500,80.937500,81.562500,59.950184,1719100
2000-02-14,81.937500,82.125000,80.812500,81.750000,60.088013,705900
2000-02-15,81.375000,82.187500,80.171875,81.875000,60.179855,476400
2000-02-16,81.750000,82.625000,81.625000,81.781250,60.110943,481400
2000-02-17,82.562500,83.437500,81.937500,83.000000,61.006786,348300
2000-02-18,83.171875,83.171875,80.187500,80.437500,59.123264,562500
2000-02-22,80.625000,81.062500,79.062500,80.375000,59.077366,809500
2000-02-23,80.906250,82.531250,80.437500,82.062500,60.317696,1373600
2000-02-24,82.500000,83.062500,81.250000,83.000000,61.006786,638500
2000-02-25,82.687500,83.562500,81.875000,82.000000,60.271763,564100
2000-02-28,82.031250,82.875000,80.500000,82.562500,60.685192,566600
2000-02-29,83.500000,85.500000,83.500000,85.500000,62.844303,756200
2000-03-01,85.875000,86.562500,85.375000,86.312500,63.441544,547400
2000-03-02,86.375000,86.796875,85.312500,85.687500,62.982151,399600
2000-03-03,86.687500,88.250000,86.437500,88.093750,64.750816,658700
2000-03-06,88.156250,89.125000,87.500000,88.468750,65.026413,546600
2000-03-07,89.187500,89.218750,86.875000,87.375000,64.222488,629800
2000-03-08,88.000000,88.437500,85.437500,87.250000,64.130600,888600
2000-03-09,87.437500,89.062500,86.875000,89.000000,65.416931,245600
2000-03-10,89.000000,90.437500,88.875000,89.375000,65.692520,1713000
2000-03-13,86.250000,88.437500,85.750000,86.250000,63.395618,252700
2000-03-14,87.312500,88.125000,83.875000,84.187500,61.879623,685500
2000-03-15,84.062500,84.968750,83.000000,84.125000,61.833694,853900
2000-03-16,85.218750,89.625000,84.375000,89.156250,65.531746,1220900
2000-03-17,88.875000,90.000000,88.562500,90.000000,66.285011,1274300
2000-03-20,89.437500,90.250000,87.000000,87.125000,64.167587,532100
2000-03-21,86.843750,88.750000,85.187500,88.500000,65.180252,732900
2000-03-22,89.187500,91.125000,89.000000,90.687500,66.791344,602400
2000-03-23,90.687500,91.843750,90.250000,91.250000,67.205620,572800
2000-03-24,91.625000,93.031250,90.687500,91.812500,67.619911,437600
2000-03-27,92.000000,92.500000,90.937500,91.468750,67.366745,317800
2000-03-28,91.312500,91.750000,89.500000,89.500000,65.916756,275100
2000-03-29,90.250000,90.250000,87.593750,88.250000,64.996140,805500
2000-03-30,89.250000,90.437500,87.125000,88.125000,64.904076,1116000
2000-03-31,90.250000,91.812500,88.187500,91.250000,67.205620,2444300
2000-04-03,91.125000,91.312500,87.781250,87.875000,64.719948,830500
2000-04-04,88.750000,88.843750,81.000000,87.437500,64.397728,1451100
2000-04-05,86.312500,89.000000,85.125000,87.343750,64.328667,522000
2000-04-06,88.500000,89.750000,87.500000,89.218750,65.709610,843200
2000-04-07,90.062500,90.312500,89.437500,90.000000,66.285011,453100
2000-04-10,90.250000,90.250000,86.875000,86.875000,63.983437,418200
2000-04-11,85.875000,88.375000,85.062500,87.093750,64.144562,683700
2000-04-12,87.500000,88.000000,85.437500,85.500000,62.970741,525200
2000-04-13,86.250000,87.125000,84.625000,84.750000,62.418354,457400
2000-04-14,83.562500,83.875000,78.000000,79.000000,58.183521,1557300
2000-04-17,77.687500,82.750000,77.687500,82.000000,60.393021,1659500
2000-04-18,82.250000,85.125000,81.562500,85.125000,62.694572,2134800
2000-04-19,85.250000,85.500000,84.000000,84.625000,62.326294,613100
2000-04-20,84.875000,85.500000,83.625000,84.812500,62.464443,337500
2000-04-24,82.937500,84.062500,82.343750,83.312500,61.359661,438000
2000-04-25,84.812500,87.156250,84.750000,87.156250,64.190559,642900
2000-04-26,87.250000,87.750000,85.875000,86.125000,63.431103,1107100
2000-04-27,84.875000,87.250000,84.437500,87.250000,64.259628,896800
2000-04-28,88.125000,89.125000,87.250000,88.375000,65.088196,650800
2000-05-01,88.937500,90.250000,88.578125,89.625000,66.008820,687700
2000-05-02,89.125000,89.687500,86.906250,86.906250,64.006477,682900
2000-05-03,86.843750,87.062500,84.250000,85.656250,63.085888,384000
2000-05-04,86.250000,88.218750,85.937500,88.062500,64.858047,2003000
2000-05-05,87.812500,89.500000,87.562500,89.437500,65.870728,361300
2000-05-08,88.562500,89.500000,88.250000,88.312500,65.042191,643900
2000-05-09,89.062500,89.125000,87.000000,87.625000,64.535835,1032500
2000-05-10,87.375000,87.375000,85.000000,85.375000,62.878681,586400
2000-05-11,86.250000,87.500000,85.625000,87.500000,64.443771,387100
2000-05-12,88.062500,89.000000,87.562500,87.562500,64.489784,508900
2000-05-15,88.062500,88.875000,86.750000,88.625000,65.272324,373000
2000-05-16,89.750000,90.406250,89.000000,89.906250,66.215981,696200
2000-05-17,88.500000,89.687500,88.250000,89.281250,65.755669,289200
2000-05-18,89.187500,89.562500,87.937500,88.937500,65.502495,332400
2000-05-19,87.062500,87.562500,85.875000,86.000000,63.339012,184200
2000-05-22,86.437500,86.437500,83.500000,84.937500,62.556458,430200
2000-05-23,84.937500,85.875000,83.625000,83.625000,61.589840,270400
2000-05-24,83.875000,85.187500,82.218750,85.000000,62.602509,1887000
2000-05-25,85.375000,86.187500,84.093750,84.250000,62.050121,929000
2000-05-26,84.562500,84.968750,83.812500,84.375000,62.142212,310400
2000-05-30,85.625000,87.093750,85.375000,87.062500,64.121506,597600
2000-05-31,87.250000,88.375000,87.000000,87.687500,64.581848,490500
2000-06-01,88.562500,90.312500,88.312500,90.250000,66.469139,240900
2000-06-02,92.437500,93.000000,91.937500,92.500000,68.126282,1722600
2000-06-05,92.062500,93.125000,90.750000,91.250000,67.205620,966700
2000-06-06,91.437500,92.484375,90.375000,90.562500,66.699287,382400
2000-06-07,91.000000,91.343750,89.875000,91.343750,67.274666,729600
2000-06-08,91.750000,91.750000,90.000000,90.375000,66.561203,721500
2000-06-09,91.000000,91.812500,90.781250,91.250000,67.205620,350800
2000-06-12,92.000000,92.000000,89.562500,89.750000,66.100891,1287800
2000-06-13,89.812500,90.906250,89.031250,90.015625,66.296524,644400
2000-06-14,91.500000,91.531250,89.750000,89.750000,66.100891,1103300
2000-06-15,90.156250,91.437500,89.531250,91.218750,67.182625,1283400
2000-06-16,91.062500,91.687500,90.500000,91.000000,67.173950,631900
2000-06-19,90.781250,92.468750,90.343750,92.250000,68.096626,672300
2000-06-20,92.500000,93.187500,91.875000,92.812500,68.511879,848100
2000-06-21,92.687500,93.000000,92.187500,92.343750,68.165863,890000
2000-06-22,92.750000,92.750000,90.000000,90.000000,66.435760,1099400
2000-06-23,90.812500,91.000000,89.187500,89.437500,66.020546,914200
2000-06-26,90.250000,90.250000,89.125000,90.187500,66.574150,535400
2000-06-27,90.250000,90.500000,88.812500,88.812500,65.559151,364900
2000-06-28,89.062500,90.812500,89.000000,90.125000,66.528030,526100
2000-06-29,89.625000,90.937500,89.562500,90.062500,66.481918,259200
2000-06-30,90.000000,90.796875,88.375000,88.750000,65.513062,1100900
2000-07-03,88.875000,90.437500,88.750000,90.156250,66.551109,294100
2000-07-05,89.562500,89.875000,88.687500,89.000000,65.697624,893900
2000-07-06,89.125000,90.125000,88.625000,89.875000,66.343506,2000800
2000-07-07,90.500000,91.750000,90.375000,91.281250,67.381561,639800
2000-07-10,91.187500,92.812500,91.187500,92.343750,68.165863,720600
2000-07-11,92.000000,93.562500,92.000000,93.125000,68.742592,737800
2000-07-12,94.187500,94.500000,93.562500,94.500000,69.757538,1447300
2000-07-13,95.000000,95.062500,94.187500,94.500000,69.757538,1948400
2000-07-14,95.062500,95.218750,94.125000,95.187500,70.265053,679600
2000-07-17,95.187500,95.437500,94.468750,95.281250,70.334282,523300
2000-07-18,94.562500,94.906250,93.562500,93.562500,69.065514,1698400
2000-07-19,93.750000,94.312500,92.687500,92.812500,68.511879,652600
2000-07-20,93.437500,94.437500,93.281250,94.125000,69.480751,185600
2000-07-21,93.687500,93.875000,92.125000,92.125000,68.004410,438800
2000-07-24,92.875000,93.000000,91.312500,91.500000,67.543037,645600
2000-07-25,92.125000,92.156250,91.000000,91.718750,67.704514,739800
2000-07-26,91.312500,91.312500,89.875000,91.156250,67.289307,700900
2000-07-27,90.750000,90.812500,89.500000,89.687500,66.205070,480800
2000-07-28,89.968750,90.250000,87.875000,88.718750,65.489944,602700
2000-07-31,89.125000,90.093750,88.312500,90.000000,66.435760,669900
2000-08-01,90.187500,90.625000,89.656250,90.156250,66.551109,607000
2000-08-02,90.437500,91.718750,90.000000,91.062500,67.220062,708200
2000-08-03,89.750000,92.062500,89.250000,92.000000,67.912140,711800
2000-08-04,92.562500,93.093750,92.187500,92.718750,68.442703,794500
2000-08-07,92.812500,94.250000,92.781250,94.250000,69.573021,391700
2000-08-08,93.875000,94.468750,93.812500,93.875000,69.296211,326400
2000-08-09,94.312500,94.609375,92.812500,93.031250,68.673317,1109900
2000-08-10,93.062500,93.250000,92.500000,92.500000,68.281189,312400
2000-08-11,92.562500,94.500000,92.375000,94.312500,69.619179,1078000
2000-08-14,94.437500,95.500000,94.156250,95.375000,70.403465,997200
2000-08-15,95.437500,95.531250,94.312500,94.687500,69.895943,187400
2000-08-16,94.562500,95.562500,94.562500,95.171875,70.253502,502300
2000-08-17,94.812500,96.234375,94.812500,96.234375,71.037781,736400
2000-08-18,96.687500,96.687500,95.750000,96.250000,71.049339,746900
2000-08-21,96.750000,96.812500,95.812500,96.156250,70.980141,368400
2000-08-22,96.687500,96.687500,96.000000,96.187500,71.003227,661900
2000-08-23,96.093750,96.812500,95.234375,96.500000,71.233932,250600
2000-08-24,96.625000,97.625000,96.250000,97.625000,72.064362,453300
2000-08-25,97.250000,98.125000,96.625000,98.125000,72.433449,224500
2000-08-28,97.812500,98.625000,97.625000,98.000000,72.341148,380500
2000-08-29,98.062500,98.437500,97.625000,98.437500,72.664124,887000
2000-08-30,98.187500,98.687500,97.937500,98.500000,72.710274,479900
2000-08-31,98.750000,100.250000,98.750000,99.750000,73.632980,463800
2000-09-01,100.625000,101.062500,99.937500,100.750000,74.371162,594300
2000-09-05,100.250000,100.625000,99.437500,99.500000,73.448418,596000
2000-09-06,99.562500,99.828125,98.750000,99.375000,73.356148,519500
2000-09-07,100.000000,101.062500,99.718750,101.062500,74.601807,659700
2000-09-08,100.625000,100.625000,99.750000,99.875000,73.725266,311200
2000-09-11,99.625000,101.125000,99.562500,100.437500,74.140442,309500
2000-09-12,100.687500,100.937500,99.500000,99.750000,73.632980,637600
2000-09-13,98.812500,99.843750,98.812500,99.375000,73.356148,452000
2000-09-14,100.125000,100.781250,100.062500,100.281250,74.175903,729500
2000-09-15,100.125000,100.125000,98.937500,98.937500,73.182014,459100
2000-09-18,99.250000,99.437500,96.000000,96.250000,71.194069,1354700
2000-09-19,96.937500,97.625000,96.187500,97.562500,72.164894,687200
2000-09-20,97.625000,98.000000,96.375000,97.593750,72.188057,841400
2000-09-21,97.250000,97.375000,96.000000,96.125000,71.101608,773800
2000-09-22,93.875000,97.125000,93.875000,97.125000,71.841293,694500
2000-09-25,97.671875,98.000000,96.968750,97.250000,71.933769,823400
2000-09-26,97.187500,97.937500,96.437500,96.593750,71.448372,999300
2000-09-27,97.437500,97.875000,96.625000,97.125000,71.841293,605100
2000-09-28,96.937500,99.718750,96.937500,99.625000,73.690514,1048700
2000-09-29,99.250000,99.562500,98.250000,98.250000,72.673454,1028900
2000-10-02,99.375000,99.406250,97.500000,97.750000,72.303612,648700
2000-10-03,98.406250,98.468750,95.687500,95.687500,70.778015,614400
2000-10-04,95.937500,96.125000,95.000000,96.062500,71.055405,466600
2000-10-05,96.000000,96.500000,95.625000,96.062500,71.055405,516200
2000-10-06,96.250000,96.562500,93.531250,94.000000,69.529770,1322500
2000-10-09,94.000000,94.312500,92.125000,94.250000,69.714745,769000
2000-10-10,93.875000,94.500000,91.812500,92.000000,68.050461,865400
2000-10-11,91.312500,92.062500,90.015625,91.093750,67.380104,819900
2000-10-12,91.937500,92.125000,88.750000,89.062500,65.877625,984600
2000-10-13,88.875000,92.125000,88.625000,92.000000,68.050461,728500
2000-10-16,92.187500,92.750000,91.156250,92.312500,68.281555,333600
2000-10-17,93.250000,93.250000,89.687500,90.500000,66.940979,671500
2000-10-18,88.562500,91.000000,87.250000,90.312500,66.802261,1029300
2000-10-19,91.562500,93.562500,91.500000,93.500000,69.159988,774000
2000-10-20,93.625000,95.000000,93.390625,94.718750,70.061424,398300
2000-10-23,94.750000,95.437500,94.375000,94.875000,70.177032,406100
2000-10-24,95.125000,95.187500,93.187500,93.187500,68.928795,1072500
2000-10-25,92.437500,93.375000,90.687500,90.718750,67.102722,949400
2000-10-26,91.125000,92.000000,89.437500,92.000000,68.050461,1275100
2000-10-27,92.812500,92.937500,91.500000,92.937500,68.743889,396000
2000-10-30,92.437500,93.546875,92.125000,93.187500,68.928795,587600
2000-10-31,93.750000,95.687500,93.656250,95.000000,70.269470,1087600
2000-11-01,94.750000,96.000000,94.625000,95.687500,70.778015,848700
2000-11-02,96.375000,97.406250,96.140625,97.250000,71.933769,1180300
2000-11-03,97.375000,97.734375,96.500000,96.750000,71.563919,933100
2000-11-06,97.375000,97.875000,97.062500,97.218750,71.910629,324100
2000-11-07,97.062500,97.125000,96.062500,96.937500,71.702599,733000
2000-11-08,96.812500,97.453125,95.281250,95.281250,70.477531,397900
2000-11-09,94.750000,95.187500,92.437500,94.375000,69.807159,1027100
2000-11-10,93.625000,93.937500,91.875000,91.875000,67.958015,607100
2000-11-13,90.687500,91.703125,88.562500,90.312500,66.802261,1278400
2000-11-14,92.000000,93.062500,91.750000,92.562500,68.466507,897500
2000-11-15,92.500000,94.750000,92.375000,94.375000,69.807159,1403200
2000-11-16,93.562500,94.375000,92.437500,92.437500,68.374077,1047700
2000-11-17,92.687500,93.906250,92.062500,93.000000,68.790146,1281400
2000-11-20,91.875000,91.875000,90.000000,90.375000,66.848450,910300
2000-11-21,91.000000,91.312500,89.625000,90.625000,67.033401,1001700
2000-11-22,90.125000,90.406250,88.578125,89.562500,66.247475,1844100
2000-11-24,90.500000,92.312500,90.125000,92.312500,68.281555,270100
2000-11-27,93.500000,93.812500,92.312500,92.625000,68.512718,1319700
2000-11-28,92.250000,92.531250,90.000000,90.312500,66.802261,1257000
2000-11-29,90.437500,90.500000,89.062500,89.625000,66.293716,1111300
2000-11-30,88.625000,89.125000,86.515625,88.187500,65.230415,1360900
2000-12-01,89.000000,91.500000,89.000000,90.187500,66.709778,2000600
2000-12-04,90.187500,90.281250,88.937500,89.937500,66.524887,1130700
2000-12-05,91.375000,93.250000,91.187500,92.875000,68.697678,1612700
2000-12-06,93.500000,94.625000,92.125000,92.562500,68.466507,1422300
2000-12-07,92.000000,93.000000,91.250000,92.687500,68.558922,2060200
2000-12-08,94.375000,96.281250,94.250000,95.375000,70.546883,3139900
2000-12-11,96.625000,98.562500,96.312500,98.125000,72.580978,2194700
2000-12-12,97.437500,97.437500,94.812500,95.375000,70.546883,1748800
2000-12-13,95.687500,96.062500,93.187500,93.562500,69.206200,1338500
2000-12-14,93.562500,93.687500,91.562500,92.000000,68.050461,843800
2000-12-15,90.000000,91.000000,89.562500,90.750000,67.266937,1961000
2000-12-18,91.312500,92.562500,91.125000,92.375000,68.471458,1119100
2000-12-19,92.312500,93.312500,90.625000,91.000000,67.452286,1220300
2000-12-20,89.375000,89.562500,87.687500,88.187500,65.367546,1210500
2000-12-21,88.000000,89.687500,87.265625,88.812500,65.830811,2706500
2000-12-22,89.750000,92.343750,89.640625,92.343750,68.448303,1989900
2000-12-26,92.375000,93.187500,92.000000,93.187500,69.073708,896100
2000-12-27,92.687500,94.875000,92.250000,94.875000,70.324547,671600
2000-12-28,94.375000,96.875000,94.312500,96.437500,71.482758,2126400
2000-12-29,97.000000,97.187500,94.125000,94.375000,69.953903,1860000
2001-01-02,94.312500,94.468750,90.250000,90.750000,67.266937,1073900
2001-01-03,90.625000,94.500000,88.937500,94.359375,69.942360,2161300
2001-01-04,94.437500,94.437500,91.937500,92.343750,68.448303,1287000
2001-01-05,92.250000,92.281250,89.062500,89.812500,66.572037,704300
2001-01-08,89.625000,89.812500,88.187500,89.750000,66.525719,498900
2001-01-09,90.250000,90.312500,88.687500,89.343750,66.224632,1465000
2001-01-10,89.000000,92.187500,88.750000,92.015625,68.205109,1720400
2001-01-11,91.500000,93.250000,91.500000,92.687500,68.703049,601500
2001-01-12,93.375000,93.812500,91.875000,93.187500,69.073708,3367000
2001-01-16,93.312500,93.343750,92.250000,93.000000,68.934761,688900
2001-01-17,94.750000,94.875000,93.000000,93.437500,69.259041,1109700
2001-01-18,93.875000,93.875000,92.562500,93.250000,69.120033,1078900
2001-01-19,94.562500,94.562500,92.500000,92.500000,68.564095,413800
2001-01-22,92.562500,93.500000,92.125000,93.234375,69.108459,1645000
2001-01-23,93.062500,95.531250,92.937500,95.437500,70.741470,1017400
2001-01-24,95.750000,96.375000,95.187500,95.500000,70.787819,778700
2001-01-25,95.250000,95.625000,94.437500,94.937500,70.370895,1015500
2001-01-26,94.375000,95.437500,93.625000,95.109375,70.498268,783900
2001-01-29,95.370003,97.199997,95.080002,97.199997,72.047913,703600
2001-01-30,96.800003,97.400002,96.199997,97.150002,72.010864,591900
2001-01-31,97.300003,97.989998,96.000000,96.750000,71.714371,2937000
2001-02-01,96.500000,96.699997,95.800003,96.400002,71.454948,640800
2001-02-02,96.500000,96.650002,94.900002,94.900002,70.343109,923200
2001-02-05,95.199997,95.550003,94.699997,95.480003,70.773041,1142900
2001-02-06,95.599998,97.349998,95.400002,96.449997,71.492020,1299000
2001-02-07,95.750000,96.500000,95.400002,96.000000,71.158455,944000
2001-02-08,96.750000,97.099998,95.510002,95.699997,70.936066,788600
2001-02-09,95.400002,95.949997,95.000000,95.290001,70.632126,842100
2001-02-12,95.449997,96.500000,95.099998,96.300003,71.380806,473600
2001-02-13,96.750000,97.599998,95.449997,95.750000,70.973129,958800
2001-02-14,96.050003,96.099998,94.599998,96.050003,71.195511,907700
2001-02-15,97.000000,97.239998,96.500000,96.989998,71.892273,1102200
2001-02-16,95.000000,95.800003,94.769997,95.199997,70.565453,1013100
2001-02-20,95.750000,95.849998,93.500000,93.599998,69.379486,974400
2001-02-21,93.000000,93.989998,92.010002,92.349998,68.452934,1436100
2001-02-22,92.599998,92.599998,90.050003,91.550003,67.859970,2821200
2001-02-23,91.150002,91.750000,89.199997,91.650002,67.934082,1379000
2001-02-26,92.199997,94.050003,92.010002,94.050003,69.713074,862400
2001-02-27,93.300003,93.720001,91.910004,92.150002,68.304695,875700
2001-02-28,92.750000,92.750000,90.510002,90.750000,67.266937,1055200
2001-03-01,91.250000,91.250000,89.010002,91.099998,67.526390,645400
2001-03-02,90.250000,92.849998,89.849998,91.849998,68.082298,892400
2001-03-05,92.250000,92.650002,91.610001,91.849998,68.082298,402600
2001-03-06,93.000000,93.599998,92.800003,93.199997,69.082985,1657900
2001-03-07,93.849998,93.989998,93.000000,93.800003,69.527740,604100
2001-03-08,93.900002,93.900002,92.849998,92.919998,68.875450,1040100
2001-03-09,92.400002,92.400002,91.000000,91.279999,67.659782,1350000
2001-03-12,90.099998,90.349998,87.050003,87.540001,64.887634,1237400
2001-03-13,88.150002,88.900002,86.699997,88.669998,65.725212,1912400
2001-03-14,86.750000,88.769997,86.300003,86.980003,64.472527,1352600
2001-03-15,87.550003,88.150002,86.449997,86.639999,64.220520,670300
2001-03-16,85.750000,86.400002,84.120003,84.150002,62.495270,1243900
2001-03-19,84.400002,86.650002,83.750000,86.650002,64.351936,1491300
2001-03-20,86.620003,87.349998,84.260002,84.260002,62.576950,1277000
2001-03-21,84.349998,84.879997,82.449997,82.599998,61.344135,761200
2001-03-22,82.500000,82.750000,79.089996,81.750000,60.712852,1566300
2001-03-23,82.800003,84.190002,82.459999,83.949997,62.346737,686900
2001-03-26,85.250000,85.690002,84.500000,85.000000,63.126511,894800
2001-03-27,84.650002,86.089996,84.150002,85.769997,63.698372,862100
2001-03-28,84.500000,84.849998,83.639999,83.900002,62.309605,1371600
2001-03-29,83.099998,84.989998,83.010002,83.900002,62.309605,1252400
2001-03-30,84.599998,85.449997,83.849998,84.400002,62.680962,1246000
2001-04-02,84.250000,84.650002,82.250000,82.250000,61.084194,1283500
2001-04-03,81.900002,81.900002,79.500000,79.800003,59.264679,1110100
2001-04-04,79.650002,80.839996,79.000000,79.529999,59.064178,999200
2001-04-05,80.949997,83.800003,80.769997,83.309998,61.871452,1138400
2001-04-06,82.650002,83.000000,81.800003,82.000000,60.898556,900600
2001-04-09,82.599998,83.989998,82.309998,83.339996,61.893719,567400
2001-04-10,83.900002,85.940002,83.809998,85.400002,63.423603,1146200
2001-04-11,86.800003,87.400002,85.300003,85.699997,63.646404,809800
2001-04-12,85.000000,87.300003,84.900002,87.250000,64.797539,399000
2001-04-16,86.650002,87.040001,85.400002,85.410004,63.431038,438600
2001-04-17,85.199997,87.500000,85.199997,87.120003,64.701004,611600
2001-04-18,88.400002,92.150002,88.320000,90.570000,67.263184,1874200
2001-04-19,90.250000,91.489998,89.809998,91.300003,67.805328,1210500
2001-04-20,90.800003,91.290001,89.349998,90.300003,67.062645,1753500
2001-04-23,89.699997,89.820000,89.029999,89.180000,66.230927,321200
2001-04-24,89.300003,90.269997,88.300003,88.800003,65.948685,652300
2001-04-25,88.949997,90.680000,88.650002,90.629997,67.307762,488200
2001-04-26,91.199997,92.339996,91.000000,91.800003,68.176689,669200
2001-04-27,92.449997,93.150002,92.199997,93.099998,69.142174,858700
2001-04-30,93.599998,94.699997,93.300003,93.300003,69.290649,724700
2001-05-01,93.300003,94.750000,92.730003,94.589996,70.248695,687000
2001-05-02,94.849998,95.070000,93.449997,94.220001,69.973915,1506500
2001-05-03,93.099998,93.330002,92.410004,92.730003,68.867371,529700
2001-05-04,91.320000,95.050003,91.320000,94.949997,70.516068,1017700
2001-05-07,94.750000,95.199997,93.910004,94.150002,69.921928,876000
2001-05-08,94.500000,94.720001,93.599998,94.180000,69.944221,773800
2001-05-09,93.650002,94.389999,93.250000,93.639999,69.543182,601100
2001-05-10,94.489998,94.940002,93.550003,93.550003,69.476311,788700
2001-05-11,94.000000,94.239998,93.180000,93.500000,69.439217,807200
2001-05-14,93.500000,93.500000,92.709999,93.180000,69.201530,460400
2001-05-15,93.500000,94.389999,93.010002,94.180000,69.944221,905600
2001-05-16,93.400002,96.489998,93.349998,96.489998,71.659760,1131000
2001-05-17,96.550003,97.900002,96.110001,97.900002,72.706940,1297700
2001-05-18,97.650002,97.870003,97.050003,97.750000,72.595543,638300
2001-05-21,98.000000,100.510002,97.510002,100.300003,74.489365,1391400
2001-05-22,100.800003,100.800003,99.599998,100.209999,74.422470,1673700
2001-05-23,100.099998,100.099998,97.750000,97.949997,72.744041,1429600
2001-05-24,98.000000,98.349998,97.139999,98.349998,73.041092,1239100
2001-05-25,98.449997,98.449997,97.680000,97.900002,72.706940,806500
2001-05-29,97.650002,97.800003,96.459999,96.739998,71.845383,817800
2001-05-30,95.750000,96.099998,94.529999,94.750000,70.367561,1246300
2001-05-31,95.199997,96.320000,95.199997,95.550003,70.961662,939900
2001-06-01,95.989998,96.889999,95.150002,96.800003,71.889969,831900
2001-06-04,97.199997,97.620003,96.779999,97.400002,72.335579,697700
2001-06-05,97.699997,99.489998,97.519997,99.250000,73.709534,2393000
2001-06-06,99.300003,99.300003,97.650002,97.900002,72.706940,1426000
2001-06-07,97.599998,98.750000,97.550003,98.750000,73.338211,1004900
2001-06-08,98.500000,98.500000,96.849998,97.599998,72.484123,1019000
2001-06-11,97.599998,97.599998,96.150002,96.489998,71.659760,469300
2001-06-12,95.550003,96.669998,94.629997,96.209999,71.451836,882900
2001-06-13,96.589996,97.190002,95.580002,95.610001,71.006256,628600
2001-06-14,95.000000,95.050003,93.050003,93.250000,69.253517,1199100
2001-06-15,92.500000,93.879997,92.400002,93.500000,69.574234,674800
2001-06-18,93.800003,94.000000,92.519997,93.000000,69.202194,1271800
2001-06-19,93.900002,93.900002,92.199997,92.550003,68.867348,1176600
2001-06-20,92.349998,94.099998,92.099998,93.910004,69.879341,1556300
2001-06-21,93.790001,94.379997,93.349998,94.139999,70.050484,1123300
2001-06-22,93.860001,93.870003,92.080002,92.699997,68.978935,1123400
2001-06-25,93.000000,93.440002,91.930000,92.349998,68.718498,1065400
2001-06-26,91.449997,93.099998,91.160004,92.669998,68.956589,984200
2001-06-27,92.750000,93.500000,92.400002,92.949997,69.165001,1133600
2001-06-28,93.500000,94.709999,93.500000,93.800003,69.797478,1395000
2001-06-29,94.400002,95.500000,93.800003,95.250000,70.876465,1609000
2001-07-02,95.250000,95.250000,94.400002,94.949997,70.653236,814200
2001-07-03,94.699997,94.889999,94.059998,94.849998,70.578766,387800
2001-07-05,94.500000,94.809998,93.599998,93.599998,69.648682,657900
2001-07-06,93.400002,93.550003,92.029999,92.050003,68.495300,822400
2001-07-09,92.400002,92.949997,91.720001,92.099998,68.532471,605700
2001-07-10,92.510002,92.730003,91.010002,91.059998,67.758629,1320800
2001-07-11,90.949997,91.250000,89.989998,91.199997,67.862816,1122900
2001-07-12,91.900002,93.059998,91.709999,92.910004,69.135201,1643100
2001-07-13,92.650002,93.830002,92.419998,93.440002,69.529648,3261000
2001-07-16,93.389999,93.599998,91.949997,92.010002,68.465508,800400
2001-07-17,91.959999,93.349998,91.760002,93.099998,69.276619,1054900
2001-07-18,92.800003,93.349998,92.500000,92.500000,68.830147,748500
2001-07-19,93.500000,94.389999,92.660004,93.349998,69.462639,1547800
2001-07-20,92.750000,93.800003,92.750000,93.449997,69.537041,561400
2001-07-23,94.000000,94.089996,92.430000,92.550003,68.867348,703300
2001-07-24,92.650002,92.690002,90.269997,91.099998,67.788353,849600
2001-07-25,90.800003,91.699997,90.300003,91.699997,68.234871,911400
2001-07-26,91.940002,93.279999,91.250000,92.849998,69.090584,616000
2001-07-27,93.250000,93.940002,92.800003,93.599998,69.648682,450700
2001-07-30,93.949997,94.000000,92.989998,93.699997,69.723061,363100
2001-07-31,93.800003,94.470001,93.209999,93.489998,69.566811,597800
2001-08-01,94.150002,94.680000,93.720001,94.500000,70.318344,921800
2001-08-02,94.699997,94.900002,93.550003,94.250000,70.132324,599800
2001-08-03,93.750000,94.440002,93.209999,94.099998,70.020691,888200
2001-08-06,93.970001,93.970001,92.660004,92.660004,68.949173,471200
2001-08-07,92.800003,93.110001,92.059998,92.650002,68.941757,1103400
2001-08-08,92.099998,92.980003,90.900002,91.000000,67.713966,966100
2001-08-09,90.849998,91.190002,90.349998,91.190002,67.855331,672500
2001-08-10,91.050003,91.970001,90.300003,91.599998,68.160439,639700
2001-08-13,91.800003,92.389999,91.440002,92.150002,68.569664,969300
2001-08-14,92.849998,92.849998,92.150002,92.500000,68.830147,1206700
2001-08-15,92.589996,92.930000,91.699997,92.110001,68.539902,793400
2001-08-16,92.150002,92.690002,91.209999,92.500000,68.830147,975300
2001-08-17,92.000000,92.000000,90.750000,90.760002,67.535400,970700
2001-08-20,90.900002,91.650002,90.500000,91.650002,68.197647,899100
2001-08-21,91.750000,92.080002,90.099998,90.099998,67.044273,1854800
2001-08-22,90.849998,91.699997,90.290001,91.660004,68.205093,1124200
2001-08-23,91.750000,92.199997,91.300003,91.550003,68.123260,893700
2001-08-24,92.000000,92.750000,91.720001,92.699997,68.978935,929500
2001-08-27,92.599998,92.989998,92.099998,92.199997,68.606888,1196000
2001-08-28,92.150002,92.489998,91.199997,91.250000,67.899979,869500
2001-08-29,91.750000,91.790001,90.559998,91.250000,67.899979,1065900
2001-08-30,90.800003,91.290001,89.680000,90.000000,66.969856,1220000
2001-08-31,90.089996,90.839996,89.900002,90.610001,67.423759,1052300
2001-09-04,90.769997,91.800003,89.900002,89.900002,66.895462,1206000
2001-09-05,90.349998,90.459999,88.510002,89.400002,66.523399,2565400
2001-09-06,88.500000,88.889999,87.480003,87.480003,65.094711,952800
2001-09-07,87.059998,87.660004,85.959999,86.160004,64.112495,663300
2001-09-10,85.449997,86.320000,85.419998,86.000000,63.993458,1518300
2001-09-17,80.250000,83.290001,80.010002,81.480003,60.630035,3397600
2001-09-18,81.550003,81.949997,80.000000,80.250000,59.714806,1524200
2001-09-19,80.599998,80.650002,76.050003,78.150002,58.152157,1812700
2001-09-20,76.750000,77.599998,75.190002,75.190002,55.949593,3416300
2001-09-21,71.500000,74.750000,71.500000,74.449997,55.525227,2036400
2001-09-24,75.500000,76.760002,75.500000,76.540001,57.083984,1214900
2001-09-25,76.349998,77.389999,75.900002,76.820000,57.292774,1035200
2001-09-26,77.000000,77.239998,75.730003,76.230003,56.852787,1528300
2001-09-27,76.000000,77.839996,75.059998,77.650002,57.911808,791600
2001-09-28,78.489998,79.449997,77.949997,79.150002,59.030521,1345700
2001-10-01,78.800003,78.839996,76.849998,78.150002,58.284691,934700
2001-10-02,77.800003,79.199997,77.800003,79.010002,58.926117,1217500
2001-10-03,78.750000,81.500000,78.180000,80.949997,60.372940,2036300
2001-10-04,81.699997,82.639999,80.830002,81.300003,60.634022,1747300
2001-10-05,81.389999,81.389999,79.470001,80.750000,60.223804,873300
2001-10-08,80.290001,80.940002,79.809998,80.349998,59.925491,715600
2001-10-09,80.250000,80.500000,79.690002,80.300003,59.888222,1536600
2001-10-10,80.129997,82.589996,79.959999,82.250000,61.342506,1624400
2001-10-11,83.150002,84.769997,83.150002,84.199997,62.796833,1553400
2001-10-12,83.599998,83.900002,82.010002,83.589996,62.341873,894500
2001-10-15,83.050003,83.440002,82.260002,83.250000,62.088310,657400
2001-10-16,83.650002,84.639999,83.510002,84.400002,62.945995,1816600
2001-10-17,85.099998,85.099998,81.400002,81.400002,60.708580,1416400
2001-10-18,81.989998,82.139999,81.040001,81.650002,60.895081,686800
2001-10-19,81.400002,82.669998,80.849998,82.150002,61.267963,482600
2001-10-22,82.000000,83.750000,82.000000,83.750000,62.461250,1176900
2001-10-23,84.050003,84.589996,83.220001,83.250000,62.088310,812400
2001-10-24,83.449997,83.779999,83.099998,83.339996,62.155441,406800
2001-10-25,82.510002,85.199997,82.139999,85.010002,63.400951,870100
2001-10-26,84.650002,85.870003,84.650002,85.449997,63.729084,558400
2001-10-29,85.250000,85.750000,83.250000,83.250000,62.088310,648200
2001-10-30,82.889999,83.050003,81.400002,82.050003,61.193333,1085700
2001-10-31,82.599998,83.650002,82.239998,82.650002,61.640835,981100
2001-11-01,82.889999,84.199997,81.980003,84.150002,62.759548,514500
2001-11-02,83.989998,84.839996,83.790001,84.400002,62.945995,512000
2001-11-05,85.349998,85.800003,85.190002,85.400002,63.691799,302300
2001-11-06,85.199997,86.739998,84.949997,86.739998,64.691177,624600
2001-11-07,86.500000,87.220001,86.209999,86.750000,64.698593,664000
2001-11-08,87.250000,87.599998,86.000000,86.379997,64.422699,1828800
2001-11-09,85.949997,86.389999,85.459999,86.059998,64.184036,920600
2001-11-12,85.500000,86.639999,84.510002,86.550003,64.549469,539100
2001-11-13,87.349998,88.139999,87.260002,88.110001,65.712959,482700
2001-11-14,88.699997,88.830002,87.510002,88.419998,65.944099,1789900
2001-11-15,87.800003,88.489998,86.760002,87.800003,65.481766,929300
2001-11-16,87.500000,88.029999,87.250000,87.639999,65.362419,1088600
2001-11-19,87.800003,89.000000,87.650002,89.000000,66.376709,1253100
2001-11-20,88.500000,88.989998,87.989998,88.010002,65.638397,918700
2001-11-21,87.809998,87.949997,87.010002,87.800003,65.481766,574100
2001-11-23,87.599998,88.889999,87.599998,88.889999,66.294708,203500
2001-11-26,89.099998,89.900002,88.650002,89.730003,66.921158,1601800
2001-11-27,89.699997,90.470001,88.800003,89.739998,66.928596,1216800
2001-11-28,89.199997,89.650002,87.930000,87.930000,65.578690,690700
2001-11-29,88.849998,90.099998,88.199997,90.099998,67.197075,1056700
2001-11-30,89.800003,89.940002,88.550003,88.599998,66.078362,732800
2001-12-03,88.389999,88.769997,88.050003,88.070000,65.683090,530700
2001-12-04,88.650002,90.290001,88.349998,90.099998,67.197075,971800
2001-12-05,90.750000,92.910004,90.750000,92.300003,68.837845,1289000
2001-12-06,92.300003,93.199997,92.050003,93.019997,69.374847,1040500
2001-12-07,92.400002,92.870003,92.099998,92.500000,68.987038,1243700
2001-12-10,92.150002,92.440002,90.900002,91.099998,67.942886,685700
2001-12-11,91.500000,92.089996,90.949997,91.250000,68.054741,769400
2001-12-12,91.500000,91.589996,90.099998,90.900002,67.793724,595400
2001-12-13,90.500000,91.089996,89.349998,89.349998,66.637749,1044000
2001-12-14,89.800003,90.699997,89.400002,90.699997,67.644577,924800
2001-12-17,90.750000,91.550003,90.400002,91.400002,68.166687,1515200
2001-12-18,91.750000,92.449997,91.559998,92.290001,68.830437,382100
2001-12-19,91.940002,92.870003,91.400002,92.209999,68.770744,1097600
2001-12-20,92.150002,92.360001,91.199997,91.209999,68.024933,1236400
2001-12-21,91.400002,92.150002,91.019997,91.599998,68.462944,1321600
2001-12-24,92.449997,92.500000,92.010002,92.449997,69.098206,257500
2001-12-26,92.449997,93.379997,92.449997,93.010002,69.516785,444500
2001-12-27,93.349998,93.820000,93.250000,93.599998,69.957756,567200
2001-12-28,93.900002,94.339996,93.769997,93.800003,70.107262,973200
2001-12-31,94.099998,94.190002,92.550003,92.800003,69.359833,1169900
2002-01-02,93.400002,93.489998,91.250000,92.800003,69.359833,1277600
2002-01-03,93.000000,93.989998,92.800003,93.989998,70.249245,852600
2002-01-04,94.349998,95.190002,93.349998,94.720001,70.794884,1013300
2002-01-07,95.250000,95.449997,94.000000,94.150002,70.368813,971000
2002-01-08,94.199997,94.300003,93.400002,94.099998,70.331444,1732200
2002-01-09,94.500000,95.339996,93.639999,93.800003,70.107262,876100
2002-01-10,94.099998,94.430000,93.599998,94.349998,70.518311,618900
2002-01-11,94.599998,94.599998,93.029999,93.050003,69.546677,656500
2002-01-14,92.949997,93.250000,91.559998,91.849998,68.649780,594400
2002-01-15,91.849998,92.720001,91.559998,92.690002,69.277557,4716700
2002-01-16,91.800003,91.959999,90.500000,90.500000,67.640778,1264600
2002-01-17,91.500000,92.349998,90.769997,92.000000,68.761909,1240800
2002-01-18,91.500000,92.239998,91.019997,91.099998,68.089226,834300
2002-01-22,91.750000,91.919998,90.260002,90.650002,67.752876,1735400
2002-01-23,90.650002,91.949997,90.269997,91.839996,68.642303,1580200
2002-01-24,92.400002,93.000000,92.199997,92.750000,69.322449,1118400
2002-01-25,92.349998,93.260002,92.260002,92.900002,69.434532,601400
2002-01-28,93.599998,93.599998,92.570000,93.239998,69.688690,867300
2002-01-29,93.550003,93.550003,91.010002,91.550003,68.425583,867900
2002-01-30,91.550003,92.650002,90.110001,92.650002,69.247704,1219700
2002-01-31,92.750000,92.980003,92.250000,92.750000,69.322449,713700
2002-02-01,92.500000,93.190002,92.180000,92.300003,68.986115,604400
2002-02-04,92.300003,92.300003,90.260002,90.540001,67.670647,1272500
2002-02-05,90.349998,91.110001,89.720001,90.309998,67.498756,1213800
2002-02-06,90.699997,90.800003,89.269997,89.750000,67.080208,868600
2002-02-07,89.800003,89.800003,88.760002,88.760002,66.340248,650000
2002-02-08,89.099998,91.400002,89.099998,91.389999,68.305984,1098300
2002-02-11,91.250000,92.339996,90.900002,92.300003,68.986115,1164700
2002-02-12,91.699997,92.519997,91.449997,91.709999,68.545128,642000
2002-02-13,92.349998,93.000000,92.169998,92.889999,69.427078,718000
2002-02-14,93.150002,93.389999,92.400002,92.550003,69.172989,1329100
2002-02-15,92.800003,92.800003,91.550003,91.790001,68.604958,601900
2002-02-19,91.370003,91.379997,89.980003,90.110001,67.349274,813100
2002-02-20,90.500000,91.699997,89.680000,91.699997,68.537666,1563900
2002-02-21,91.449997,91.839996,89.849998,90.010002,67.274536,2222200
2002-02-22,90.349998,91.349998,89.900002,91.099998,68.089226,1335600
2002-02-25,91.650002,92.440002,91.410004,92.389999,69.053383,1100500
2002-02-26,92.699997,93.230003,91.970001,92.750000,69.322449,1507900
2002-02-27,93.500000,94.059998,92.889999,93.599998,69.957756,810200
2002-02-28,93.599998,93.849998,92.500000,92.550003,69.172989,764000
2002-03-01,93.239998,94.949997,92.809998,94.919998,70.944283,1467800
2002-03-04,95.199997,97.160004,95.099998,97.050003,72.536301,1061000
2002-03-05,96.949997,97.839996,96.699997,96.900002,72.424194,802600
2002-03-06,97.080002,98.449997,96.269997,98.330002,73.493019,575500
2002-03-07,98.889999,99.040001,97.650002,97.949997,73.208954,904800
2002-03-08,99.300003,99.300003,98.099998,98.690002,73.762070,1720100
2002-03-11,98.309998,99.129997,98.010002,98.500000,73.620110,666200
2002-03-12,97.699997,98.739998,97.400002,98.250000,73.433212,1005400
2002-03-13,98.089996,98.459999,97.650002,97.660004,72.992249,657000
2002-03-14,97.650002,98.260002,97.550003,97.849998,73.134254,1562600
2002-03-15,98.250000,98.690002,97.660004,98.620003,73.840294,685100
2002-03-18,99.000000,99.440002,98.209999,99.440002,74.454269,797300
2002-03-19,99.500000,99.809998,99.199997,99.440002,74.454269,869200
2002-03-20,99.000000,99.169998,98.000000,98.000000,73.376060,879600
2002-03-21,98.449997,99.150002,97.500000,98.940002,74.079903,1751300
2002-03-22,99.000000,99.000000,98.050003,98.470001,73.727997,1150300
2002-03-25,98.349998,98.389999,96.370003,96.550003,72.290413,2370200
2002-03-26,96.599998,98.040001,96.599998,98.040001,73.406052,1651000
2002-03-27,97.849998,98.949997,97.760002,98.650002,73.862762,2791000
2002-03-28,99.000000,99.669998,98.650002,98.800003,73.975044,2542600
2002-04-01,98.949997,99.449997,97.639999,99.220001,74.289543,1016600
2002-04-02,98.699997,99.059998,98.000000,98.050003,73.413513,827200
2002-04-03,98.489998,98.500000,96.500000,97.150002,72.739677,842900
2002-04-04,96.500000,97.540001,96.349998,97.440002,72.956795,845900
2002-04-05,97.699997,98.019997,97.050003,97.110001,72.709717,807600
2002-04-08,96.099998,98.599998,96.099998,98.599998,73.825333,1733800
2002-04-09,98.650002,99.099998,97.900002,98.199997,73.525841,781800
2002-04-10,98.550003,99.949997,98.250000,99.949997,74.836098,1629800
2002-04-11,99.599998,99.800003,98.019997,98.290001,73.593216,1515200
2002-04-12,98.900002,99.690002,98.000000,99.650002,74.611488,1981800
2002-04-15,99.889999,100.250000,98.919998,99.320000,74.364388,1897000
2002-04-16,100.320000,101.099998,100.250000,100.970001,75.599831,1208900
2002-04-17,101.470001,101.669998,100.769997,100.769997,75.450089,1507900
2002-04-18,101.000000,101.080002,99.500000,100.300003,75.098213,1377200
2002-04-19,100.900002,101.019997,100.260002,100.730003,75.420120,796900
2002-04-22,100.250000,100.389999,99.260002,99.459999,74.469231,1288300
2002-04-23,99.349998,99.820000,99.050003,99.500000,74.499168,796400
2002-04-24,99.599998,100.000000,98.209999,98.400002,73.675560,2137800
2002-04-25,98.019997,99.000000,97.459999,99.000000,74.124825,2972200
2002-04-26,99.400002,99.400002,97.099998,97.099998,72.702232,1552400
2002-04-29,97.500000,97.949997,96.720001,97.250000,72.814545,993800
2002-04-30,97.449997,98.800003,97.169998,98.589996,73.817856,1746600
2002-05-01,98.949997,99.379997,97.639999,99.199997,74.274559,1873700
2002-05-02,99.199997,99.589996,98.610001,98.849998,74.012497,669400
2002-05-03,98.900002,98.940002,97.800003,98.199997,73.525841,1538800
2002-05-06,98.099998,98.559998,96.459999,96.599998,72.327843,1887100
2002-05-07,97.239998,97.239998,96.000000,96.389999,72.170601,1680000
2002-05-08,98.000000,99.160004,97.690002,99.050003,74.162277,2714300
2002-05-09,98.900002,99.050003,97.300003,97.599998,73.076553,1340700
2002-05-10,97.849998,97.879997,96.400002,96.599998,72.327843,1252600
2002-05-13,96.750000,98.029999,96.470001,98.029999,73.398567,1205200
2002-05-14,99.300003,100.599998,98.930000,100.599998,75.322800,5267700
2002-05-15,99.949997,100.849998,99.419998,99.809998,74.731293,2592500
2002-05-16,100.139999,100.190002,99.199997,99.419998,74.439278,1243500
2002-05-17,99.599998,100.260002,99.300003,100.000000,74.873558,1439600
2002-05-20,99.599998,99.900002,98.669998,98.709999,73.907677,679300
2002-05-21,99.500000,99.500000,97.370003,97.510002,73.009209,1629000
2002-05-22,97.269997,98.000000,96.820000,97.349998,72.889404,1694900
2002-05-23,97.900002,99.000000,97.269997,98.949997,74.087364,1368400
2002-05-24,98.800003,98.800003,97.800003,97.949997,73.338638,959400
2002-05-28,98.449997,98.449997,96.650002,97.459999,72.971733,1352800
2002-05-29,97.250000,97.300003,96.599998,96.790001,72.470123,1138700
2002-05-30,96.400002,97.150002,95.860001,96.949997,72.589920,2643300
2002-05-31,97.290001,97.900002,96.400002,97.000000,72.627357,1474600
2002-06-03,97.000000,97.000000,94.349998,94.470001,70.733078,1871800
2002-06-04,94.470001,94.599998,92.870003,93.620003,70.096649,1905100
2002-06-05,94.000000,94.599998,93.449997,94.150002,70.493439,1668600
2002-06-06,94.150002,94.349998,92.639999,92.660004,69.377815,1596300
2002-06-07,91.300003,93.879997,91.300003,93.650002,70.119095,2076800
2002-06-10,93.650002,94.300003,93.449997,93.720001,70.171494,1678400
2002-06-11,94.070000,94.129997,91.500000,91.599998,68.584206,2016300
2002-06-12,91.349998,91.809998,90.300003,91.410004,68.441895,2375100
2002-06-13,91.199997,92.000000,90.300003,90.400002,67.685699,1360600
2002-06-14,89.300003,91.150002,87.900002,91.000000,68.134918,3167900
2002-06-17,91.750000,93.800003,91.500000,93.739998,70.186493,1912200
2002-06-18,93.099998,94.529999,93.099998,94.199997,70.530899,1418100
2002-06-19,92.750000,94.120003,92.050003,92.290001,69.100800,1669500
2002-06-20,92.290001,92.930000,91.059998,91.250000,68.322105,822600
2002-06-21,90.849998,91.389999,89.650002,89.650002,67.256081,2050000
2002-06-24,89.500000,90.110001,87.930000,89.199997,66.918457,2110700
2002-06-25,89.900002,90.099998,87.650002,87.650002,65.755653,1651200
2002-06-26,86.250000,88.199997,85.849998,88.000000,66.018234,4036400
2002-06-27,88.739998,89.199997,87.300003,89.199997,66.918457,2197100
2002-06-28,88.750000,90.389999,88.750000,89.550003,67.181091,2352300
2002-07-01,89.750000,89.900002,87.300003,87.300003,65.493103,1588700
2002-07-02,87.349998,87.349998,84.650002,84.849998,63.655052,1773600
2002-07-03,84.400002,85.400002,83.139999,84.849998,63.655052,1473400
2002-07-05,85.599998,87.900002,85.379997,87.750000,65.830688,987700
2002-07-08,87.550003,88.050003,85.800003,85.800003,64.367790,975000
2002-07-09,85.849998,86.500000,84.110001,84.110001,63.099922,933300
2002-07-10,84.400002,84.720001,81.800003,81.900002,61.441998,1504200
2002-07-11,81.599998,82.250000,79.709999,82.190002,61.659515,2037800
2002-07-12,82.449997,83.080002,81.019997,81.400002,61.066879,1067400
2002-07-15,81.150002,81.150002,78.089996,80.650002,60.504234,2285300
2002-07-16,80.300003,81.800003,80.000000,81.150002,60.879322,1524600
2002-07-17,82.500000,83.000000,79.650002,81.500000,61.141895,1740900
2002-07-18,80.900002,81.599998,78.750000,78.750000,59.078800,853200
2002-07-19,78.550003,78.550003,76.699997,77.389999,58.058525,2470300
2002-07-22,76.650002,77.839996,73.830002,74.419998,55.830425,2106700
2002-07-23,74.510002,75.339996,72.269997,72.550003,54.427547,2637600
2002-07-24,71.500000,76.300003,70.180000,76.250000,57.203274,5431900
2002-07-25,75.500000,77.300003,74.050003,75.849998,56.903210,3455100
2002-07-26,76.400002,76.790001,75.400002,76.699997,57.540909,1447400
2002-07-29,78.199997,80.760002,77.750000,80.139999,60.121620,2171700
2002-07-30,80.199997,81.779999,79.000000,81.250000,60.954323,3793200
2002-07-31,81.000000,81.750000,79.919998,81.000000,60.766777,1171800
2002-08-01,80.900002,81.120003,79.019997,79.050003,59.303871,1055500
2002-08-02,79.010002,79.010002,76.400002,77.050003,57.803497,1330900
2002-08-05,76.709999,77.000000,74.400002,74.550003,55.927956,2156000
2002-08-06,76.000000,77.849998,75.650002,77.449997,58.103546,1390500
2002-08-07,78.500000,78.800003,76.250000,77.820000,58.381142,2365500
2002-08-08,78.099998,79.949997,77.400002,79.800003,59.866512,1262800
2002-08-09,79.279999,80.620003,78.480003,79.949997,59.979046,1731700
2002-08-12,78.910004,80.500000,78.750000,80.150002,60.129135,972300
2002-08-13,79.599998,80.500000,78.040001,78.290001,58.733730,1028400
2002-08-14,78.449997,80.849998,77.440002,80.839996,60.646751,1657400
2002-08-15,81.250000,82.300003,80.900002,82.050003,61.554493,1565100
2002-08-16,81.949997,83.010002,81.169998,82.699997,62.042137,1169300
2002-08-19,82.650002,84.150002,82.599998,83.919998,62.957428,966300
2002-08-20,83.250000,83.599998,82.650002,83.000000,62.267193,1959900
2002-08-21,83.650002,84.500000,82.919998,84.500000,63.392506,1372100
2002-08-22,84.650002,85.800003,84.000000,85.199997,63.917656,1316300
2002-08-23,84.790001,85.699997,83.349998,83.510002,62.649837,1251000
2002-08-26,83.599998,84.559998,82.739998,84.550003,63.430042,1205600
2002-08-27,85.099998,85.099998,82.419998,82.699997,62.042137,1766200
2002-08-28,82.010002,82.089996,80.699997,81.000000,60.766777,1272800
2002-08-29,80.099998,82.150002,80.040001,81.849998,61.404484,1017900
2002-08-30,81.650002,82.459999,81.099998,81.120003,60.856827,612400
2002-09-03,80.050003,80.349998,78.599998,79.199997,59.416386,1299900
2002-09-04,79.190002,80.529999,78.000000,80.260002,60.211620,1180800
2002-09-05,79.400002,79.959999,78.699997,79.099998,59.341373,1196400
2002-09-06,80.190002,81.220001,79.940002,81.089996,60.834270,872900
2002-09-09,80.449997,81.949997,79.750000,81.150002,60.879322,1612300
2002-09-10,81.699997,82.000000,81.000000,81.870003,61.419491,1082600
2002-09-11,83.500000,83.500000,81.650002,81.699997,61.291931,682100
2002-09-12,81.099998,81.150002,79.650002,79.800003,59.866512,1273700
2002-09-13,79.400002,80.500000,78.900002,80.459999,60.361691,1373400
2002-09-16,80.089996,80.339996,79.220001,80.050003,60.054058,486600
2002-09-17,80.500000,80.949997,78.430000,78.500000,58.891220,2005700
2002-09-18,78.230003,78.870003,77.000000,77.680000,58.276085,1774800
2002-09-19,76.800003,77.800003,75.730003,75.769997,56.843193,2759400
2002-09-20,76.000000,76.599998,75.540001,75.900002,57.072552,2738300
2002-09-23,75.300003,75.690002,74.190002,74.599998,56.095032,1262600
2002-09-24,73.599998,74.559998,73.559998,74.099998,55.719032,1506900
2002-09-25,75.199997,75.940002,73.809998,75.849998,57.034935,1746000
2002-09-26,76.500000,77.500000,75.849998,77.199997,58.050041,1532300
2002-09-27,76.699997,77.540001,75.050003,75.050003,56.433384,1596600
2002-09-30,74.290001,75.440002,73.099998,74.250000,55.831848,2728000
2002-10-01,74.750000,76.849998,73.610001,76.699997,57.674114,1356600
2002-10-02,76.199997,76.519997,74.129997,74.550003,56.057426,1283700
2002-10-03,74.300003,75.199997,73.010002,73.169998,55.019753,982600
2002-10-04,73.400002,73.699997,70.449997,71.419998,53.703804,2024500
2002-10-07,71.010002,71.449997,69.260002,69.500000,52.260082,1416100
2002-10-08,69.949997,71.239998,68.849998,70.699997,53.162422,2754900
2002-10-09,70.250000,70.250000,68.150002,68.349998,51.395348,1611800
2002-10-10,68.349998,71.290001,67.849998,71.099998,53.463234,2188900
2002-10-11,72.489998,74.559998,72.199997,73.699997,55.418251,3097800
2002-10-14,73.250000,74.690002,72.790001,74.660004,56.140152,2542000
2002-10-15,76.400002,77.760002,76.180000,77.269997,58.102703,2386800
2002-10-16,76.400002,76.699997,74.750000,75.400002,56.696564,1568800
2002-10-17,77.199997,77.500000,77.000000,77.400002,58.200428,1302500
2002-10-18,77.150002,78.000000,76.379997,77.510002,58.283169,1592700
2002-10-21,77.389999,79.099998,76.559998,78.820000,59.268223,1489600
2002-10-22,77.949997,78.550003,77.220001,77.599998,58.350830,1448800
2002-10-23,76.949997,78.650002,76.750000,78.610001,59.110298,1744200
2002-10-24,78.949997,78.989998,77.010002,77.199997,58.050041,1599900
2002-10-25,77.000000,78.750000,76.949997,78.449997,58.989971,1292600
2002-10-28,79.550003,79.599998,77.400002,77.650002,58.388470,1683200
2002-10-29,77.209999,77.599998,75.900002,77.000000,57.899685,3497300
2002-10-30,77.199997,78.239998,76.900002,78.150002,58.764404,1238400
2002-10-31,78.250000,78.790001,77.360001,77.610001,58.358360,866800
2002-11-01,77.500000,79.419998,77.209999,79.199997,59.553940,1029100
2002-11-04,80.599998,80.949997,79.459999,79.489998,59.772007,1401800
2002-11-05,79.489998,79.699997,78.750000,79.570000,59.832214,1102100
2002-11-06,79.919998,80.900002,79.430000,80.900002,60.832260,1282700
2002-11-07,80.150002,80.150002,78.589996,78.849998,59.290775,1336100
2002-11-08,78.699997,79.080002,77.449997,77.639999,58.380932,1176700
2002-11-11,77.599998,77.599998,75.849998,76.349998,57.410915,1160700
2002-11-12,76.449997,77.849998,76.250000,77.099998,57.974876,1005900
2002-11-13,76.400002,77.699997,75.800003,77.000000,57.899685,1526200
2002-11-14,77.570000,78.830002,77.570000,78.699997,59.177975,1028800
2002-11-15,78.400002,79.500000,78.010002,79.150002,59.516346,12192400
2002-11-18,79.800003,80.050003,78.599998,78.650002,59.140411,750000
2002-11-19,78.300003,78.860001,77.650002,78.250000,58.839615,903000
2002-11-20,78.000000,80.150002,77.849998,80.000000,60.155510,1494800
2002-11-21,80.150002,81.699997,79.949997,81.699997,61.433846,1682300
2002-11-22,81.220001,82.190002,81.070000,81.650002,61.396206,992200
2002-11-25,81.550003,82.370003,80.959999,81.800003,61.509010,1125600
2002-11-26,81.410004,81.800003,80.160004,80.449997,60.493881,894600
2002-11-27,81.070000,82.730003,81.000000,82.730003,62.208347,1085600
2002-11-29,83.099998,83.099998,82.050003,82.400002,61.960148,463900
2002-12-02,83.699997,84.080002,82.250000,82.699997,62.185768,1375400
2002-12-03,82.290001,82.449997,81.260002,81.650002,61.396206,698500
2002-12-04,80.650002,81.519997,80.099998,81.150002,61.020267,745100
2002-12-05,81.199997,81.400002,80.050003,80.699997,60.681885,973700
2002-12-06,80.000000,81.110001,79.650002,80.699997,60.681885,939600
2002-12-09,80.180000,80.550003,78.550003,78.750000,59.215565,2958300
2002-12-10,79.010002,80.180000,79.010002,79.900002,60.080322,1336500
2002-12-11,79.750000,80.430000,79.309998,80.160004,60.275826,1146000
2002-12-12,80.489998,80.699997,79.989998,80.349998,60.418663,951900
2002-12-13,79.800003,79.930000,78.699997,78.699997,59.177975,1065700
2002-12-16,79.250000,80.839996,79.250000,80.750000,60.719460,1127500
2002-12-17,80.760002,80.839996,79.800003,79.849998,60.042732,921300
2002-12-18,79.500000,79.599998,78.760002,79.099998,59.478741,1518000
2002-12-19,78.800003,79.980003,78.250000,78.900002,59.328365,1027200
2002-12-20,79.050003,79.540001,78.809998,79.250000,59.736141,1147200
2002-12-23,79.230003,79.779999,78.849998,79.779999,60.135654,1043000
2002-12-24,79.949997,79.949997,79.099998,79.290001,59.766285,434200
2002-12-26,79.349998,80.379997,79.199997,79.349998,59.811523,1116700
2002-12-27,79.099998,79.449997,78.059998,78.059998,58.839180,1240500
2002-12-30,78.250000,78.610001,77.599998,78.099998,58.869301,1163900
2002-12-31,78.160004,79.190002,77.750000,78.650002,59.283867,2548800
2003-01-02,79.000000,81.199997,78.599998,81.199997,61.206024,1550300
2003-01-03,81.000000,81.000000,80.220001,80.699997,60.829124,951600
2003-01-06,80.849998,82.199997,80.839996,81.699997,61.582882,888800
2003-01-07,81.550003,81.800003,80.699997,81.050003,61.092915,902100
2003-01-08,80.699997,80.800003,79.750000,79.809998,60.158291,822100
2003-01-09,80.199997,81.290001,80.199997,81.050003,61.092915,1036600
2003-01-10,80.260002,81.690002,80.260002,81.430000,61.379353,781900
2003-01-13,81.849998,81.949997,80.620003,81.150002,61.168278,1298700
2003-01-14,80.650002,81.230003,80.639999,80.849998,60.942173,617400
2003-01-15,81.000000,81.540001,80.209999,80.779999,60.889427,1348800
2003-01-16,80.599998,81.540001,80.279999,80.699997,60.829124,1406300
2003-01-17,79.849998,80.250000,79.180000,79.349998,59.811523,1414000
2003-01-21,79.349998,79.449997,78.019997,78.150002,58.906990,1582100
2003-01-22,77.900002,78.199997,77.410004,77.410004,58.349224,3097900
2003-01-23,77.709999,78.449997,77.300003,77.949997,58.756241,915600
2003-01-24,77.809998,77.959999,76.419998,76.419998,57.602978,1929100
2003-01-27,76.000000,76.699997,74.900002,75.059998,56.577873,1587600
2003-01-28,75.400002,76.160004,75.230003,75.449997,56.871830,1297500
2003-01-29,75.300003,76.809998,74.849998,76.099998,57.361813,1265700
2003-01-30,76.360001,76.769997,75.120003,75.199997,56.683399,1178400
2003-01-31,75.000000,76.629997,75.000000,76.589996,57.731152,898900
2003-02-03,76.559998,76.930000,76.120003,76.400002,57.587933,891100
2003-02-04,75.550003,76.449997,75.199997,76.449997,57.625607,1410400
2003-02-05,76.220001,76.809998,75.379997,75.410004,56.841682,888300
2003-02-06,75.300003,75.699997,74.599998,74.959999,56.502472,642200
2003-02-07,75.199997,75.459999,73.919998,74.139999,55.884422,918500
2003-02-10,74.139999,74.680000,73.589996,74.510002,56.163261,1054800
2003-02-11,74.849998,75.050003,73.709999,74.250000,55.967331,1047900
2003-02-12,74.120003,74.400002,72.860001,73.000000,55.025082,642200
2003-02-13,72.980003,73.050003,71.730003,72.699997,54.798962,1125000
2003-02-14,72.699997,73.449997,72.220001,73.449997,55.364281,1629200
2003-02-18,73.779999,74.910004,73.589996,74.800003,56.381912,670200
2003-02-19,74.800003,74.820000,73.720001,74.199997,55.929615,626200
2003-02-20,74.269997,74.550003,73.889999,74.050003,55.816566,703500
2003-02-21,73.930000,75.150002,73.650002,74.900002,56.457253,1384000
2003-02-24,74.610001,74.820000,73.820000,73.900002,55.703518,800600
2003-02-25,73.099998,74.500000,73.010002,74.500000,56.155766,649600
2003-02-26,74.199997,74.349998,73.519997,73.750000,55.590454,1258300
2003-02-27,74.050003,74.669998,73.709999,74.330002,56.027626,896800
2003-02-28,74.400002,75.120003,74.370003,74.610001,56.238693,997600
2003-03-03,75.000000,75.550003,74.019997,74.400002,56.080372,738700
2003-03-04,74.250000,74.250000,73.190002,73.279999,55.236134,449600
2003-03-05,73.000000,73.389999,72.639999,73.010002,55.032650,1117700
2003-03-06,72.639999,72.980003,72.400002,72.720001,54.814068,567700
2003-03-07,72.000000,73.339996,71.980003,73.220001,55.190937,1163600
2003-03-10,72.599998,72.849998,71.620003,71.790001,54.113068,813700
2003-03-11,71.900002,72.150002,70.849998,70.849998,53.404488,639600
2003-03-12,70.599998,70.980003,70.099998,70.949997,53.479885,1190400
2003-03-13,71.760002,73.010002,71.300003,72.900002,54.949734,1194800
2003-03-14,72.900002,73.500000,72.620003,73.250000,55.213554,1018100
2003-03-17,73.199997,75.250000,72.620003,74.949997,56.494953,1660800
2003-03-18,75.449997,75.930000,74.739998,75.930000,57.233639,1100000
2003-03-19,76.000000,76.000000,75.050003,75.599998,56.984905,934000
2003-03-20,75.410004,76.500000,74.529999,76.489998,57.655739,799700
2003-03-21,76.300003,77.650002,76.199997,77.449997,58.550095,1500600
2003-03-24,76.449997,76.449997,74.900002,75.000000,56.697933,1645700
2003-03-25,75.180000,76.339996,75.080002,76.099998,57.529533,984500
2003-03-26,76.000000,76.160004,75.419998,75.750000,57.264912,962000
2003-03-27,75.260002,76.190002,74.949997,75.900002,57.378323,1092300
2003-03-28,75.440002,76.070000,75.360001,75.980003,57.438789,760500
2003-03-31,74.959999,75.680000,74.199997,74.650002,56.433353,1278600
2003-04-01,75.000000,75.730003,74.639999,75.699997,57.227112,1545900
2003-04-02,76.559998,77.459999,76.430000,77.050003,58.247681,1133100
2003-04-03,77.360001,77.400002,76.500000,76.500000,57.831875,1518300
2003-04-04,76.949997,77.099998,76.199997,76.599998,57.907520,835800
2003-04-07,77.900002,78.370003,76.300003,76.300003,57.680710,1014200
2003-04-08,76.620003,76.849998,75.790001,76.000000,57.453899,1202700
2003-04-09,76.099998,76.800003,75.199997,75.529999,57.098610,1213500
2003-04-10,75.300003,75.830002,75.000000,75.830002,57.325432,1189800
2003-04-11,76.000000,76.470001,75.190002,75.449997,57.038136,653000
2003-04-14,75.400002,76.750000,75.400002,76.599998,57.907520,892100
2003-04-15,76.599998,77.300003,76.160004,77.250000,58.398869,1054400
2003-04-16,77.699997,77.699997,76.209999,76.349998,57.718517,728800
2003-04-17,76.550003,77.500000,76.360001,77.449997,58.550095,457100
2003-04-21,77.550003,77.760002,77.199997,77.750000,58.776844,1102500
2003-04-22,77.230003,79.220001,77.180000,78.949997,59.684040,1544800
2003-04-23,79.099998,79.959999,79.000000,79.889999,60.394661,557900
2003-04-24,79.500000,79.750000,78.989998,79.199997,59.873058,926300
2003-04-25,79.330002,79.330002,78.349998,78.500000,59.343830,693700
2003-04-28,78.599998,79.940002,78.599998,79.699997,60.251022,617400
2003-04-29,79.839996,80.550003,79.660004,80.110001,60.560982,520500
2003-04-30,79.879997,80.669998,79.540001,80.209999,60.636551,637400
2003-05-01,80.300003,80.440002,79.129997,80.209999,60.636551,602400
2003-05-02,80.250000,81.800003,80.129997,81.650002,61.725170,1401500
2003-05-05,81.900002,82.269997,81.599998,81.849998,61.876362,586900
2003-05-06,81.970001,82.699997,81.849998,82.300003,62.216549,632400
2003-05-07,81.949997,82.550003,81.669998,82.040001,62.019974,744000
2003-05-08,81.620003,81.949997,81.220001,81.449997,61.573990,905200
2003-05-09,81.650002,82.540001,81.500000,82.489998,62.360146,914400
2003-05-12,82.400002,83.519997,82.089996,83.250000,62.934711,801900
2003-05-13,83.000000,83.739998,82.750000,83.349998,63.010319,1398500
2003-05-14,83.750000,83.750000,82.930000,83.510002,63.131287,839900
2003-05-15,83.620003,83.900002,83.120003,83.800003,63.350491,723000
2003-05-16,83.650002,83.750000,82.980003,83.120003,62.836430,960900
2003-05-19,82.709999,82.989998,81.470001,81.519997,61.626877,921400
2003-05-20,81.519997,82.169998,80.879997,81.400002,61.536156,1630500
2003-05-21,81.400002,82.050003,81.070000,81.830002,61.861256,538100
2003-05-22,81.970001,83.040001,81.820000,82.550003,62.405540,786100
2003-05-23,82.699997,83.459999,82.430000,83.389999,63.040543,621300
2003-05-27,83.059998,85.019997,83.050003,84.800003,64.106476,881300
2003-05-28,85.250000,85.470001,84.849998,84.980003,64.242569,831800
2003-05-29,85.250000,85.860001,84.779999,85.099998,64.333305,936400
2003-05-30,85.389999,87.139999,85.199997,87.129997,65.867859,813900
2003-06-02,87.800003,88.349998,87.250000,87.349998,66.034233,957400
2003-06-03,87.400002,87.440002,86.720001,87.290001,65.988831,709400
2003-06-04,87.290001,88.639999,87.220001,88.510002,66.911125,672000
2003-06-05,88.160004,89.349998,87.620003,89.250000,67.470573,671800
2003-06-06,90.250000,90.930000,88.650002,88.650002,67.016930,690900
2003-06-09,88.430000,88.650002,87.019997,87.199997,65.920822,647600
2003-06-10,87.400002,88.290001,87.250000,88.150002,66.639008,964000
2003-06-11,88.000000,89.449997,87.599998,89.449997,67.621719,566100
2003-06-12,89.900002,89.940002,89.019997,89.680000,67.795609,797700
2003-06-13,89.940002,89.940002,88.250000,88.610001,66.986740,1828300
2003-06-16,89.150002,90.250000,88.709999,90.199997,68.188728,912200
2003-06-17,90.300003,90.489998,89.660004,90.129997,68.135834,1039100
2003-06-18,89.650002,90.339996,89.349998,89.949997,67.999718,952100
2003-06-19,89.800003,90.419998,88.680000,88.809998,67.137901,1053700
2003-06-20,89.050003,89.250000,88.320000,88.400002,66.977272,1230900
2003-06-23,88.650002,88.650002,87.000000,87.300003,66.143875,1608400
2003-06-24,87.019997,87.910004,86.970001,87.349998,66.181786,1177200
2003-06-25,87.400002,88.629997,87.400002,87.510002,66.303009,1085400
2003-06-26,87.589996,88.660004,87.589996,88.449997,67.015198,640700
2003-06-27,88.510002,89.190002,88.080002,88.080002,66.734818,816700
2003-06-30,88.639999,88.959999,87.440002,87.720001,66.462082,1357900
2003-07-01,87.459999,88.519997,86.750000,88.480003,67.037956,1229900
2003-07-02,88.500000,89.610001,88.500000,89.610001,67.894089,890300
2003-07-03,89.000000,89.800003,89.000000,89.110001,67.515236,478300
2003-07-07,90.099998,90.800003,89.940002,90.650002,68.682037,1157500
2003-07-08,90.430000,91.690002,90.339996,91.419998,69.265434,1161400
2003-07-09,91.419998,91.949997,91.010002,91.750000,69.515450,815600
2003-07-10,91.220001,91.220001,89.870003,90.099998,68.265343,1021700
2003-07-11,90.150002,91.139999,90.150002,91.110001,69.030556,617000
2003-07-14,92.070000,92.550003,91.660004,91.949997,69.666992,704800
2003-07-15,92.589996,92.669998,91.279999,91.800003,69.553352,922900
2003-07-16,92.320000,92.320000,90.730003,91.129997,69.045738,1013800
2003-07-17,90.699997,90.699997,89.239998,89.519997,67.825890,1039500
2003-07-18,90.000000,90.690002,89.489998,90.300003,68.416870,745100
2003-07-21,90.500000,90.500000,89.250000,89.669998,67.939545,1045900
2003-07-22,90.000000,90.489998,89.099998,90.349998,68.454742,890900
2003-07-23,90.339996,90.550003,89.260002,90.309998,68.424416,536100
2003-07-24,90.610001,91.199997,89.610001,89.730003,67.984978,1112700
2003-07-25,89.730003,90.599998,89.080002,90.419998,68.507782,1388900
2003-07-28,90.550003,91.339996,90.279999,90.980003,68.932076,516600
2003-07-29,91.099998,91.370003,90.120003,91.099998,69.022987,794500
2003-07-30,91.300003,91.300003,90.349998,90.900002,68.871445,550500
2003-07-31,91.459999,91.910004,90.760002,90.849998,68.833549,1067700
2003-08-01,91.150002,91.150002,89.830002,90.129997,68.288055,528900
2003-08-04,90.199997,90.470001,89.000000,89.980003,68.174446,755900
2003-08-05,89.989998,89.989998,87.900002,88.000000,66.674225,542000
2003-08-06,88.099998,88.919998,87.779999,88.099998,66.750000,1133900
2003-08-07,88.169998,88.489998,87.550003,88.489998,67.045517,815000
2003-08-08,88.489998,88.839996,88.290001,88.699997,67.204567,616500
2003-08-11,88.660004,89.529999,88.660004,89.269997,67.636452,291900
2003-08-12,89.470001,90.440002,89.400002,90.400002,68.492615,372200
2003-08-13,90.849998,90.849998,90.050003,90.410004,68.500214,448900
2003-08-14,90.400002,91.080002,90.029999,91.000000,68.947220,654200
2003-08-15,91.000000,91.349998,90.660004,91.349998,69.212425,222600
2003-08-18,91.199997,92.650002,91.199997,92.650002,70.197350,814000
2003-08-19,92.949997,93.239998,92.260002,93.239998,70.644356,866400
2003-08-20,92.699997,93.379997,92.500000,93.139999,70.568611,434200
2003-08-21,93.449997,94.419998,93.309998,94.199997,71.371758,1128700
2003-08-22,95.000000,95.099998,93.099998,93.290001,70.682251,2170200
2003-08-25,93.290001,93.290001,92.400002,92.760002,70.280708,1851800
2003-08-26,92.650002,93.050003,91.690002,92.849998,70.348892,1596500
2003-08-27,92.849998,93.540001,92.699997,93.400002,70.765594,784900
2003-08-28,95.790001,95.790001,92.889999,94.400002,71.523270,1213800
2003-08-29,94.459999,95.230003,94.250000,94.900002,71.902107,531900
2003-09-02,95.349998,96.330002,94.769997,96.330002,72.985550,754400
2003-09-03,96.550003,96.760002,96.269997,96.599998,73.190147,1450900
2003-09-04,96.349998,96.800003,95.940002,96.629997,73.212875,1839000
2003-09-05,96.449997,96.900002,95.779999,96.199997,72.887077,769600
2003-09-08,96.440002,97.220001,96.349998,97.050003,73.531067,745100
2003-09-09,96.949997,96.949997,96.269997,96.489998,73.106773,594100
2003-09-10,96.250000,96.250000,94.379997,94.650002,71.712669,1026000
2003-09-11,94.849998,95.430000,94.459999,95.019997,71.993019,1511500
2003-09-12,94.809998,95.639999,94.220001,95.449997,72.318825,769800
2003-09-15,95.699997,95.949997,95.279999,95.419998,72.296104,542300
2003-09-16,95.589996,96.690002,95.559998,96.650002,73.227989,610900
2003-09-17,96.550003,96.790001,96.160004,96.349998,73.000671,1140200
2003-09-18,96.449997,97.699997,96.199997,97.699997,74.023529,2101400
2003-09-19,97.739998,97.739998,96.989998,97.139999,73.751755,916200
2003-09-22,96.599998,96.599998,96.000000,96.480003,73.250648,1370700
2003-09-23,96.480003,97.000000,96.260002,96.949997,73.607468,525200
2003-09-24,97.099998,97.099998,95.330002,95.400002,72.430679,892900
2003-09-25,95.550003,96.050003,93.790001,93.790001,71.208351,2506100
2003-09-26,94.000000,94.250000,93.000000,93.000000,70.608574,1594800
2003-09-29,93.449997,94.250000,93.099998,94.139999,71.474060,1209000
2003-09-30,93.809998,94.400002,93.000000,93.349998,70.874268,1798900
2003-10-01,93.849998,95.580002,93.750000,95.580002,72.567352,753600
2003-10-02,95.500000,96.199997,95.250000,96.199997,73.038040,510700
2003-10-03,97.199997,97.680000,96.750000,97.250000,73.835251,2000100
2003-10-06,97.360001,97.879997,97.010002,97.879997,74.313591,653700
2003-10-07,97.400002,98.199997,97.059998,98.169998,74.533745,1290000
2003-10-08,98.360001,98.440002,97.699997,97.919998,74.343910,1130900
2003-10-09,98.760002,99.339996,97.900002,98.300003,74.632492,996800
2003-10-10,98.500000,98.879997,98.190002,98.699997,74.936172,867100
2003-10-13,98.910004,99.800003,98.790001,99.760002,75.740944,735400
2003-10-14,99.699997,99.900002,99.050003,99.900002,75.847221,453200
2003-10-15,100.239998,100.250000,98.870003,98.870003,75.065216,1178600
2003-10-16,98.980003,99.809998,98.900002,99.599998,75.619461,572500
2003-10-17,99.550003,99.750000,98.010002,98.010002,74.412300,1438800
2003-10-20,98.400002,98.830002,98.000000,98.830002,75.034836,619400
2003-10-21,98.599998,99.190002,98.339996,98.949997,75.125946,533300
2003-10-22,98.339996,98.500000,97.519997,97.650002,74.138969,928600
2003-10-23,97.209999,97.980003,96.800003,97.250000,73.835251,1621600
2003-10-24,96.919998,97.699997,96.709999,97.500000,74.025085,1474400
2003-10-27,98.000000,98.830002,97.900002,98.339996,74.662819,667800
2003-10-28,98.750000,100.169998,98.559998,100.169998,76.052185,540900
2003-10-29,99.650002,100.440002,99.470001,100.220001,76.090172,759400
2003-10-30,100.900002,101.120003,100.040001,100.410004,76.234459,1348000
2003-10-31,100.500000,100.839996,100.180000,100.500000,76.302788,714400
2003-11-03,101.150002,101.790001,100.760002,101.519997,77.077187,1423500
2003-11-04,101.620003,102.129997,101.279999,101.699997,77.213852,1304800
2003-11-05,101.250000,102.150002,100.830002,102.150002,77.555473,1261300
2003-11-06,102.150002,103.099998,101.650002,103.099998,78.276787,499800
2003-11-07,103.199997,103.209999,102.360001,102.360001,77.714943,925700
2003-11-10,102.900002,102.900002,101.379997,101.379997,76.970879,749100
2003-11-11,101.300003,101.669998,100.820000,101.199997,76.834221,963800
2003-11-12,101.400002,103.980003,101.370003,103.059998,78.246414,1505800
2003-11-13,102.839996,103.400002,102.690002,103.349998,78.466583,1133200
2003-11-14,103.309998,103.879997,102.010002,102.010002,77.449196,1462200
2003-11-17,101.900002,102.000000,100.370003,101.309998,76.917740,959700
2003-11-18,101.769997,102.099998,100.099998,100.129997,76.021858,1429700
2003-11-19,100.360001,100.940002,100.000000,100.730003,76.477379,1882600
2003-11-20,99.949997,101.339996,99.949997,100.099998,75.999077,801700
2003-11-21,100.650002,100.849998,100.309998,100.849998,76.568481,711400
2003-11-24,100.949997,102.639999,100.949997,102.620003,77.912308,1272300
2003-11-25,102.800003,103.629997,102.529999,103.250000,78.390663,876000
2003-11-26,103.800003,103.980003,102.809998,103.870003,78.861382,563900
2003-11-28,103.699997,104.279999,103.629997,104.150002,79.073967,333800
2003-12-01,104.720001,105.699997,104.690002,105.500000,80.098923,2062400
2003-12-02,105.570000,105.980003,105.000000,105.550003,80.136909,2774100
2003-12-03,105.830002,105.989998,104.309998,104.349998,79.225769,855900
2003-12-04,104.510002,104.580002,103.250000,104.110001,79.043625,826100
2003-12-05,103.699997,103.839996,102.959999,103.199997,78.352661,646300
2003-12-08,103.199997,104.010002,103.199997,103.989998,78.952454,374400
2003-12-09,104.199997,104.360001,102.419998,102.480003,77.806084,1343300
2003-12-10,102.570000,102.720001,101.410004,101.779999,77.274590,2712000
2003-12-11,102.000000,103.709999,101.870003,103.650002,78.694328,1076300
2003-12-12,103.760002,103.940002,102.500000,103.760002,78.777878,1248000
2003-12-15,105.199997,105.199997,102.300003,102.300003,77.669395,1797800
2003-12-16,102.379997,102.800003,101.500000,102.510002,77.828819,2281500
2003-12-17,102.500000,102.919998,101.820000,102.800003,78.048988,852900
2003-12-18,102.849998,104.489998,102.720001,104.260002,79.157463,1754500
2003-12-19,104.089996,104.199997,103.360001,103.660004,78.880493,1293700
2003-12-22,103.750000,104.580002,103.650002,104.500000,79.519699,831600
2003-12-23,104.459999,105.099998,104.169998,105.099998,79.976273,1937400
2003-12-24,104.900002,104.989998,104.540001,104.699997,79.671906,245300
2003-12-26,104.839996,105.389999,104.750000,104.750000,79.709946,448900
2003-12-29,105.300003,106.150002,105.220001,105.900002,80.585007,794500
2003-12-30,106.019997,106.279999,105.769997,106.169998,80.790512,1753600
2003-12-31,106.349998,106.690002,105.309998,105.400002,80.204559,3571100
2004-01-02,105.610001,106.279999,105.199997,105.750000,80.470856,2838900
2004-01-05,106.410004,106.459999,105.620003,106.349998,80.927437,1157700
2004-01-06,106.320000,106.830002,106.080002,106.349998,80.927437,1850900
2004-01-07,106.440002,107.199997,106.080002,107.199997,81.574249,855800
2004-01-08,107.410004,107.480003,106.500000,106.989998,81.414436,657500
2004-01-09,106.730003,108.050003,106.320000,106.849998,81.307899,953500
2004-01-12,107.449997,107.860001,107.010002,107.860001,82.076515,1210800
2004-01-13,107.900002,107.900002,106.459999,107.099998,81.498169,1036300
2004-01-14,107.449997,107.860001,107.139999,107.800003,82.030815,1127900
2004-01-15,107.849998,108.400002,107.040001,108.199997,82.335213,1694900
2004-01-16,108.660004,108.879997,108.139999,108.660004,82.685265,840200
2004-01-20,109.040001,109.900002,108.830002,109.690002,83.469055,1179700
2004-01-21,109.699997,110.269997,109.160004,110.000000,83.704964,852100
2004-01-22,110.050003,110.620003,109.459999,109.610001,83.408165,815000
2004-01-23,109.800003,110.500000,109.430000,109.650002,83.438599,898000
2004-01-26,109.650002,110.589996,109.150002,110.550003,84.123497,850600
2004-01-27,110.550003,110.550003,109.550003,109.599998,83.400581,1371200
2004-01-28,110.080002,110.250000,107.849998,108.099998,82.259125,1120900
2004-01-29,108.300003,108.500000,106.500000,107.580002,81.863441,1927200
2004-01-30,107.550003,107.940002,106.800003,107.699997,81.954735,1267500
2004-02-02,107.800003,108.790001,107.099998,108.019997,82.198257,2531800
2004-02-03,107.650002,107.959999,107.300003,107.660004,81.924278,1139000
2004-02-04,107.199997,107.470001,106.400002,106.519997,81.056801,1145800
2004-02-05,107.000000,107.449997,106.699997,107.099998,81.498169,1520200
2004-02-06,107.000000,109.000000,107.000000,108.959999,82.913559,1049900
2004-02-09,109.000000,109.900002,109.000000,109.550003,83.362518,1066400
2004-02-10,109.430000,110.040001,109.379997,109.910004,83.636429,667300
2004-02-11,110.050003,111.040001,109.580002,111.000000,84.465904,1210900
2004-02-12,110.870003,111.349998,110.760002,110.760002,84.283272,1407300
2004-02-13,111.000000,111.529999,110.099998,110.500000,84.085434,888100
2004-02-17,111.050003,111.800003,110.940002,111.800003,85.074608,1399700
2004-02-18,111.750000,111.800003,110.900002,111.110001,84.549599,1115100
2004-02-19,111.699997,111.900002,109.830002,109.849998,83.590790,1087100
2004-02-20,110.360001,110.360001,108.769997,109.150002,83.058105,1566400
2004-02-23,109.660004,109.800003,107.919998,108.239998,82.365677,1784400
2004-02-24,107.800003,108.730003,107.519997,108.110001,82.266731,1697700
2004-02-25,108.220001,109.139999,108.099998,109.139999,83.050529,1018100
2004-02-26,108.849998,109.970001,108.559998,109.680000,83.461395,918900
2004-02-27,109.900002,110.589996,109.699997,110.300003,83.933243,727700
2004-03-01,110.500000,112.120003,110.500000,112.019997,85.242088,1728800
2004-03-02,112.000000,112.419998,111.570000,111.599998,84.922470,1652900
2004-03-03,111.400002,111.800003,110.580002,111.699997,84.998566,2358600
2004-03-04,111.550003,112.330002,111.449997,112.320000,85.470345,643500
2004-03-05,111.849998,113.320000,111.760002,112.919998,85.926926,790800
2004-03-08,113.050003,113.480003,111.500000,111.500000,84.846352,964300
2004-03-09,111.650002,111.910004,110.720001,111.000000,84.465904,1309700
2004-03-10,111.199997,111.290001,109.000000,109.029999,82.966797,1262100
2004-03-11,108.730003,109.730003,107.610001,107.680000,81.939545,2235700
2004-03-12,108.199997,109.720001,108.110001,109.389999,83.240776,1221500
2004-03-15,109.260002,109.370003,107.650002,108.099998,82.259125,1398400
2004-03-16,108.349998,108.910004,107.389999,107.720001,81.969971,1746600
2004-03-17,108.410004,109.489998,108.370003,109.349998,83.210327,1268000
2004-03-18,109.199997,109.440002,108.070000,109.080002,83.004868,1097900
2004-03-19,108.739998,109.089996,107.550003,107.699997,82.139999,1480500
2004-03-22,107.160004,107.269997,105.949997,106.260002,81.041733,3063000
2004-03-23,106.709999,107.050003,105.900002,106.279999,81.056999,1662800
2004-03-24,106.500000,106.760002,105.639999,105.849998,80.729034,1434500
2004-03-25,106.519997,107.800003,106.400002,107.519997,82.002686,931900
2004-03-26,107.349998,108.440002,107.349998,107.720001,82.155212,931600
2004-03-29,108.489998,109.519997,108.480003,109.449997,83.474655,1056300
2004-03-30,109.279999,110.019997,109.000000,110.000000,83.894135,908500
2004-03-31,110.080002,110.709999,109.500000,110.500000,84.275475,1613000
2004-04-01,110.339996,111.750000,110.339996,111.750000,85.228813,1769100
2004-04-02,112.660004,112.820000,111.709999,112.110001,85.503403,1509400
2004-04-05,112.110001,113.010002,112.070000,112.849998,86.067734,1228800
2004-04-06,112.459999,112.750000,111.959999,112.120003,85.511047,1113600
2004-04-07,112.300003,112.919998,111.589996,112.500000,85.800789,1558200
2004-04-08,113.379997,113.379997,111.500000,111.919998,85.358437,1126300
2004-04-12,112.139999,112.769997,111.769997,112.099998,85.495766,994000
2004-04-13,112.580002,112.580002,109.959999,110.070000,83.947525,1962300
2004-04-14,109.500000,110.680000,109.099998,109.930000,83.840736,2276500
2004-04-15,109.800003,110.339996,108.570000,109.199997,83.283981,1372100
2004-04-16,109.500000,110.250000,109.000000,110.199997,84.046684,897000
2004-04-19,109.959999,110.480003,109.559998,110.400002,84.199196,1127800
2004-04-20,110.739998,111.029999,108.699997,108.699997,82.902649,1139800
2004-04-21,109.050003,109.980003,108.610001,109.980003,83.878868,1161700
2004-04-22,109.800003,111.839996,109.730003,111.650002,85.152573,2373600
2004-04-23,111.699997,111.949997,110.599998,111.370003,84.939003,986200
2004-04-26,111.699997,112.029999,110.620003,111.260002,84.855095,728900
2004-04-27,111.150002,112.089996,110.620003,111.089996,84.725449,947300
2004-04-28,110.779999,110.779999,108.930000,109.489998,83.505188,1671600
2004-04-29,109.449997,109.699997,107.139999,107.599998,82.063705,2284200
2004-04-30,107.750000,108.050003,106.500000,106.500000,81.224792,2704500
2004-05-03,106.949997,108.150002,106.900002,107.809998,82.223869,2709100
2004-05-04,108.000000,108.959999,107.500000,107.779999,82.200989,2185900
2004-05-05,108.050003,108.930000,107.809998,108.739998,82.933189,2723300
2004-05-06,108.290001,108.290001,106.500000,107.120003,81.697647,1811800
2004-05-07,106.720001,107.730003,104.849998,104.849998,79.966362,2800800
2004-05-10,104.230003,104.440002,102.570000,103.029999,78.578300,3476500
2004-05-11,103.500000,104.910004,103.480003,104.209999,79.478264,1120100
2004-05-12,104.190002,104.580002,102.320000,104.540001,79.729912,2420500
2004-05-13,104.080002,105.099998,103.809998,104.519997,79.714691,1644000
2004-05-14,104.209999,105.070000,103.529999,103.820000,79.180817,1112000
2004-05-17,102.900002,103.750000,101.870003,103.150002,78.669815,1433200
2004-05-18,103.500000,104.000000,103.199997,103.930000,79.264709,1352700
2004-05-19,104.500000,105.550003,103.300003,103.300003,78.784210,2861600
2004-05-20,103.500000,104.269997,103.239998,103.809998,79.173195,1613300
2004-05-21,103.989998,104.690002,103.769997,104.300003,79.546852,1325500
2004-05-24,104.750000,105.449997,104.540001,105.449997,80.423950,1257700
2004-05-25,104.900002,107.400002,104.849998,107.209999,81.766258,1770600
2004-05-26,107.180000,107.930000,107.010002,107.879997,82.277260,1034800
2004-05-27,108.220001,108.830002,107.550003,108.050003,82.406906,1134200
2004-05-28,108.349998,109.199997,108.349998,109.199997,83.283981,884500
2004-06-01,108.980003,109.699997,108.650002,109.699997,83.665314,1785400
2004-06-02,109.809998,109.900002,108.910004,109.300003,83.360252,1303300
2004-06-03,109.099998,109.129997,107.669998,107.669998,82.117096,1515200
2004-06-04,108.620003,109.230003,108.269997,108.680000,82.887444,752500
2004-06-07,109.199997,110.500000,109.080002,110.379997,84.183952,772400
2004-06-08,110.199997,110.449997,109.889999,110.449997,84.237335,687000
2004-06-09,110.169998,110.349998,108.839996,108.860001,83.024681,958400
2004-06-10,109.230003,109.650002,109.010002,109.449997,83.474655,732200
2004-06-14,108.900002,108.919998,107.599998,107.720001,82.155212,909000
2004-06-15,108.519997,109.510002,108.510002,109.220001,83.299217,1109100
2004-06-16,109.199997,109.290001,108.720001,109.239998,83.314476,818500
2004-06-17,109.040001,109.510002,108.370003,109.139999,83.238243,753800
2004-06-18,108.570000,109.370003,108.379997,108.379997,82.862885,735800
2004-06-21,108.660004,109.190002,108.360001,108.550003,82.992821,1302600
2004-06-22,108.500000,109.300003,108.000000,109.300003,83.566216,844100
2004-06-23,109.050003,110.440002,108.889999,110.440002,84.437836,964900
2004-06-24,110.260002,110.760002,109.900002,110.010002,84.109047,1410400
2004-06-25,109.760002,110.800003,109.760002,110.610001,84.567802,1098500
2004-06-28,110.900002,110.989998,109.779999,109.959999,84.070831,838800
2004-06-29,109.769997,110.449997,109.699997,110.260002,84.300201,1253200
2004-06-30,110.449997,111.250000,110.260002,111.099998,84.942406,2581600
2004-07-01,111.099998,111.260002,109.500000,109.500000,83.719116,1695800
2004-07-02,109.739998,109.900002,109.209999,109.629997,83.818520,1284500
2004-07-06,109.379997,109.379997,108.050003,108.239998,82.755814,2157800
2004-07-07,108.029999,108.800003,108.029999,108.589996,83.023422,1290200
2004-07-08,108.169998,108.269997,107.000000,107.000000,81.807755,1279700
2004-07-09,107.360001,107.849998,107.199997,107.849998,82.457626,691600
2004-07-12,107.750000,107.750000,106.500000,107.309998,82.044731,885700
2004-07-13,107.379997,107.699997,107.220001,107.220001,81.975960,471100
2004-07-14,106.680000,108.040001,106.669998,107.019997,81.822998,930000
2004-07-15,107.250000,108.099998,107.120003,107.199997,81.960648,660100
2004-07-16,108.199997,108.220001,106.260002,106.800003,81.654839,1251300
2004-07-19,107.110001,107.320000,106.360001,106.900002,81.731262,723000
2004-07-20,106.919998,108.639999,106.779999,108.500000,82.954582,1311300
2004-07-21,108.400002,108.750000,105.879997,105.940002,80.997322,993100
2004-07-22,105.750000,106.209999,104.599998,105.989998,81.035530,1461200
2004-07-23,105.589996,105.660004,104.440002,104.769997,80.102776,1541200
2004-07-26,104.910004,105.199997,103.220001,103.709999,79.292328,1587600
2004-07-27,103.839996,105.250000,103.839996,104.800003,80.125717,974600
2004-07-28,104.800003,105.040001,103.440002,104.699997,80.049286,1828900
2004-07-29,104.870003,106.070000,104.809998,106.070000,81.096695,1495600
2004-07-30,105.790001,106.370003,105.400002,106.000000,81.043175,1620800
2004-08-02,105.370003,106.250000,104.610001,106.250000,81.234329,1234000
2004-08-03,105.699997,105.919998,104.849998,104.900002,80.202164,881200
2004-08-04,104.470001,105.160004,103.699997,104.440002,79.850494,879600
2004-08-05,104.599998,104.730003,102.559998,102.699997,78.520119,1272600
2004-08-06,102.050003,102.230003,100.800003,101.250000,77.411514,1373200
2004-08-09,101.250000,101.750000,101.080002,101.169998,77.350380,909900
2004-08-10,101.500000,102.879997,101.440002,102.879997,78.657776,1036800
2004-08-11,102.169998,102.589996,100.959999,102.180000,78.122574,1565900
2004-08-12,101.599998,102.019997,100.650002,100.769997,77.044510,1120400
2004-08-13,100.980003,101.410004,100.449997,100.760002,77.036896,842000
2004-08-16,100.870003,102.489998,100.870003,102.330002,78.237267,1003200
2004-08-17,102.660004,103.440002,102.419998,102.940002,78.703629,691800
2004-08-18,102.750000,104.500000,102.190002,104.180000,79.651665,981600
2004-08-19,104.029999,104.059998,103.180000,103.730003,79.307663,1208100
2004-08-20,103.510002,105.120003,103.320000,105.099998,80.355103,850100
2004-08-23,105.260002,105.389999,104.370003,104.599998,79.972786,717000
2004-08-24,105.099998,105.199997,104.059998,104.879997,80.186882,775300
2004-08-25,104.839996,105.739998,104.290001,105.690002,80.806145,652600
2004-08-26,105.540001,105.839996,105.360001,105.440002,80.615059,535500
2004-08-27,105.610001,106.279999,105.580002,106.019997,81.058456,486500
2004-08-30,105.839996,106.059998,104.800003,105.099998,80.355103,1317700
2004-08-31,105.099998,105.980003,104.739998,105.980003,81.027908,647000
2004-09-01,105.559998,106.720001,105.540001,106.519997,81.440735,1330200
2004-09-02,106.510002,107.739998,106.480003,107.629997,82.289429,859700
2004-09-03,107.309998,107.790001,106.519997,107.059998,81.853622,706400
2004-09-07,107.570000,108.080002,107.360001,107.800003,82.419388,884300
2004-09-08,107.550003,107.980003,106.739998,107.250000,81.998901,555800
2004-09-09,107.230003,107.879997,106.870003,107.550003,82.228249,834300
2004-09-10,107.739998,108.099998,107.029999,108.099998,82.648758,833400
2004-09-13,108.150002,109.050003,108.150002,108.650002,83.069260,787700
2004-09-14,108.599998,108.739998,108.059998,108.489998,82.946953,1060500
2004-09-15,108.300003,108.309998,107.660004,107.839996,82.449966,847200
2004-09-16,108.019997,108.919998,108.019997,108.699997,83.107483,925400
2004-09-17,108.470001,108.699997,107.980003,108.169998,82.881432,2017200
2004-09-20,107.959999,108.449997,107.750000,107.750000,82.559631,2074800
2004-09-21,108.269997,108.919998,108.139999,108.620003,83.226280,1016600
2004-09-22,108.010002,108.110001,106.949997,107.000000,81.984978,1609000
2004-09-23,107.419998,107.500000,106.930000,107.279999,82.199486,872300
2004-09-24,107.279999,108.150002,107.190002,107.580002,82.429398,525600
2004-09-27,107.339996,107.339996,106.449997,106.800003,81.831757,1267600
2004-09-28,106.849998,107.540001,106.570000,107.370003,82.268471,673500
2004-09-29,107.150002,107.949997,107.150002,107.849998,82.636269,1474900
2004-09-30,107.790001,108.779999,107.739998,108.349998,83.019379,951300
2004-10-01,109.000000,110.300003,108.820000,110.290001,84.505814,926100
2004-10-04,110.820000,111.269997,110.419998,110.519997,84.682053,772300
2004-10-05,110.360001,110.769997,110.000000,110.320000,84.528824,667700
2004-10-06,110.220001,110.970001,110.040001,110.970001,85.026863,469300
2004-10-07,110.650002,110.730003,109.470001,109.480003,83.885185,610400
2004-10-08,109.250000,109.800003,108.620003,108.620003,83.226280,1200900
2004-10-11,108.959999,109.139999,108.550003,108.879997,83.425446,361400
2004-10-12,108.300003,108.779999,107.639999,108.440002,83.088318,715400
2004-10-13,108.989998,109.029999,107.269997,107.510002,82.375755,830100
2004-10-14,107.519997,107.739998,106.699997,106.800003,81.831757,868800
2004-10-15,107.129997,107.709999,106.459999,107.290001,82.207191,1061100
2004-10-18,106.949997,107.839996,106.709999,107.599998,82.444710,950700
2004-10-19,107.980003,108.349998,106.910004,106.910004,81.916054,1472800
2004-10-20,106.730003,107.639999,106.320000,107.199997,82.138229,1391600
2004-10-21,107.449997,108.610001,107.070000,108.330002,83.004082,881800
2004-10-22,108.419998,108.660004,107.430000,107.489998,82.360420,1210100
2004-10-25,107.250000,108.139999,106.879997,107.949997,82.712906,1457700
2004-10-26,107.949997,109.050003,107.180000,109.010002,83.525063,1455600
2004-10-27,108.730003,111.320000,108.650002,110.379997,84.574776,774900
2004-10-28,110.070000,110.410004,109.349998,109.900002,84.207024,1122300
2004-10-29,109.910004,110.559998,109.550003,110.199997,84.436890,825000
2004-11-01,110.550003,110.639999,109.919998,110.330002,84.536484,621300
2004-11-02,110.489998,111.129997,109.900002,110.120003,84.375572,1118500
2004-11-03,111.769997,112.349998,111.099998,111.849998,85.701134,1889600
2004-11-04,111.839996,113.250000,111.570000,113.230003,86.758522,1692800
2004-11-05,113.849998,114.250000,113.169998,113.510002,86.973030,1060200
2004-11-08,113.559998,113.769997,112.970001,113.339996,86.842773,798300
2004-11-09,113.300003,113.870003,113.230003,113.300003,86.812149,728600
2004-11-10,113.639999,114.269997,113.500000,113.779999,87.179970,658000
2004-11-11,114.099998,114.980003,113.320000,114.669998,87.861855,945200
2004-11-12,114.870003,116.239998,114.459999,116.239998,89.064819,1094700
2004-11-15,116.110001,116.260002,115.660004,116.239998,89.064819,1426100
2004-11-16,115.760002,116.040001,115.330002,115.730003,88.674042,1270300
2004-11-17,116.040001,117.019997,115.940002,116.379997,89.172089,1020200
2004-11-18,116.400002,116.440002,115.599998,116.400002,89.187416,1557800
2004-11-19,116.250000,116.260002,114.830002,114.919998,88.053421,1026900
2004-11-22,114.599998,115.900002,114.599998,115.739998,88.681717,789100
2004-11-23,115.849998,116.580002,115.220001,116.580002,89.325333,1453500
2004-11-24,116.699997,117.410004,116.559998,117.199997,89.800369,836400
2004-11-26,117.449997,117.790001,117.000000,117.000000,89.647156,610100
2004-11-29,117.900002,117.949997,116.199997,116.800003,89.493858,1818300
2004-11-30,117.019997,117.120003,116.529999,116.919998,89.585861,1206200
2004-12-01,117.080002,118.400002,117.080002,118.150002,90.528305,1179200
2004-12-02,117.949997,118.489998,117.519997,117.800003,90.260124,2263300
2004-12-03,117.779999,118.540001,117.680000,117.879997,90.321411,1475600
2004-12-06,118.129997,118.169998,117.099998,117.660004,90.152832,1110200
2004-12-07,117.800003,118.250000,116.180000,116.260002,89.080177,972200
2004-12-08,116.360001,117.209999,116.129997,117.019997,89.662437,901900
2004-12-09,116.559998,117.550003,116.010002,117.150002,89.762077,1578100
2004-12-10,116.940002,117.720001,116.800003,117.540001,90.060898,1075500
2004-12-13,117.949997,118.459999,117.660004,118.459999,90.765800,654000
2004-12-14,118.379997,119.599998,118.379997,119.400002,91.486046,1056100
2004-12-15,119.370003,120.250000,119.339996,120.220001,92.114334,1241700
2004-12-16,120.040001,120.230003,119.089996,119.300003,91.409439,1304100
2004-12-17,118.900002,119.300003,118.660004,118.970001,91.390984,2471200
2004-12-20,119.230003,119.550003,118.300003,118.879997,91.321846,1294300
2004-12-21,118.839996,120.000000,118.839996,120.000000,92.182266,836600
2004-12-22,120.150002,120.559998,119.900002,120.190002,92.328194,1398400
2004-12-23,120.330002,120.760002,120.290001,120.459999,92.535599,912400
2004-12-27,120.849998,120.919998,119.239998,119.800003,92.028610,1778000
2004-12-28,119.930000,121.150002,119.910004,121.150002,93.065666,1278700
2004-12-29,120.949997,121.349998,120.820000,121.320000,93.196190,1256000
2004-12-30,121.500000,121.680000,121.080002,121.110001,93.034912,999300
2004-12-31,121.269997,122.040001,121.000000,121.000000,92.950432,2359000
2005-01-03,121.730003,121.739998,119.250000,119.739998,91.982513,1552400
2005-01-04,119.730003,119.860001,117.190002,117.550003,90.300163,1548100
2005-01-05,117.250000,117.610001,115.849998,116.000000,89.109520,1998500
2005-01-06,116.339996,117.269997,116.129997,116.500000,89.493561,1066100
2005-01-07,116.849998,117.019997,115.690002,116.019997,89.124847,1752200
2005-01-10,116.250000,117.680000,116.040001,116.910004,89.808540,1100800
2005-01-11,116.349998,116.599998,115.730003,115.989998,89.101822,1041300
2005-01-12,116.300003,116.540001,115.150002,116.389999,89.409073,1089200
2005-01-13,116.540001,117.070000,116.070000,116.269997,89.316879,1825900
2005-01-14,116.449997,117.250000,116.209999,117.150002,89.992867,1027300
2005-01-18,116.769997,118.300003,116.769997,118.150002,90.761093,803700
2005-01-19,118.190002,118.349998,117.010002,117.010002,89.885361,1044100
2005-01-20,116.660004,117.480003,116.320000,116.599998,89.570389,1553800
2005-01-21,116.739998,117.120003,115.900002,115.940002,89.063400,1358100
2005-01-24,116.260002,116.629997,115.199997,115.400002,88.648605,1236300
2005-01-25,115.820000,116.510002,115.339996,115.750000,88.917480,719500
2005-01-26,116.099998,116.870003,115.779999,116.599998,89.570389,1514000
2005-01-27,116.470001,117.570000,116.470001,117.029999,89.900673,1505500
2005-01-28,117.120003,117.150002,116.059998,116.760002,89.693275,1754400
2005-01-31,117.320000,118.230003,117.260002,118.099998,90.722694,1709600
2005-02-01,118.180000,119.290001,118.099998,119.160004,91.536957,1719400
2005-02-02,119.129997,119.970001,119.040001,119.709999,91.959457,1557300
2005-02-03,119.540001,119.580002,118.879997,119.449997,91.759712,707500
2005-02-04,119.550003,121.169998,119.550003,120.949997,92.911980,1853100
2005-02-07,121.190002,121.550003,120.470001,121.000000,92.950432,1062500
2005-02-08,121.050003,121.449997,120.800003,121.239998,93.134789,1072200
2005-02-09,121.349998,121.550003,119.550003,119.650002,91.913330,1667900
2005-02-10,120.000000,120.250000,119.309998,119.970001,92.159172,1986400
2005-02-11,120.040001,121.459999,119.510002,121.370003,93.234665,1480400
2005-02-14,121.339996,121.559998,120.900002,121.370003,93.234665,445800
2005-02-15,121.540001,122.120003,121.160004,121.699997,93.488136,1353600
2005-02-16,121.699997,122.279999,121.199997,121.910004,93.649460,896800
2005-02-17,122.110001,122.379997,121.160004,121.220001,93.119423,1623800
2005-02-18,121.300003,121.639999,120.889999,121.040001,92.981148,1143600
2005-02-22,120.639999,121.389999,119.050003,119.059998,91.460106,2242200
2005-02-23,119.449997,120.300003,119.449997,119.870003,92.082375,2296200
2005-02-24,119.849998,121.379997,119.550003,121.199997,93.104073,2178900
2005-02-25,121.169998,122.839996,121.099998,122.699997,94.256332,2254300
2005-02-28,122.589996,122.970001,121.470001,122.400002,94.025902,1513300
2005-03-01,122.559998,123.239998,122.550003,123.050003,94.525223,1643700
2005-03-02,122.680000,123.790001,122.440002,122.949997,94.448334,1250900
2005-03-03,123.419998,123.739998,122.330002,123.050003,94.525223,1012300
2005-03-04,123.730003,124.699997,123.339996,124.470001,95.615997,988200
2005-03-07,124.699997,125.269997,124.459999,125.000000,96.023155,781100
2005-03-08,124.750000,125.110001,123.809998,124.199997,95.408607,984300
2005-03-09,123.779999,124.089996,122.690002,122.699997,94.256332,1315200
2005-03-10,122.919998,122.959999,121.739998,122.750000,94.294708,1647500
2005-03-11,123.050003,123.580002,122.169998,122.589996,94.171814,1729000
2005-03-14,122.889999,123.660004,122.800003,123.610001,94.955345,2739500
2005-03-15,124.050003,124.230003,122.800003,122.900002,94.409981,2050000
2005-03-16,122.830002,122.889999,121.730003,122.099998,93.795410,1425200
2005-03-17,122.040001,122.430000,121.559998,121.800003,93.564957,1027500
2005-03-18,121.860001,121.959999,120.610001,120.610001,92.826881,1530000
2005-03-21,121.160004,121.199997,120.459999,121.150002,93.242470,1442200
2005-03-22,121.279999,122.199997,120.410004,120.500000,92.742249,2369100
2005-03-23,120.209999,120.339996,119.309998,119.309998,91.826332,2437300
2005-03-24,119.750000,120.769997,119.669998,119.989998,92.349693,1288600
2005-03-28,120.000000,120.540001,119.849998,120.080002,92.418968,935800
2005-03-29,119.900002,120.769997,118.349998,118.860001,91.480003,1365200
2005-03-30,118.699997,120.150002,118.669998,120.150002,92.472847,1226800
2005-03-31,120.059998,120.779999,119.930000,120.400002,92.665260,2200000
2005-04-01,120.980003,121.680000,119.690002,120.199997,92.511314,1662700
2005-04-04,120.000000,120.529999,119.290001,120.250000,92.549828,1379000
2005-04-05,120.349998,120.919998,120.220001,120.540001,92.773003,857300
2005-04-06,120.849998,121.370003,120.529999,120.720001,92.911552,1565400
2005-04-07,120.400002,121.349998,120.400002,121.250000,93.319466,1427400
2005-04-08,121.250000,121.250000,119.849998,119.849998,92.241936,773500
2005-04-11,120.129997,120.169998,119.269997,119.480003,91.957191,777500
2005-04-12,119.250000,120.459999,118.309998,119.940002,92.311188,2257500
2005-04-13,119.910004,119.970001,118.400002,118.449997,91.164444,1262700
2005-04-14,118.650002,118.769997,116.220001,116.220001,89.448135,2208400
2005-04-15,116.269997,116.760002,114.610001,114.949997,88.470688,1828400
2005-04-18,114.400002,115.900002,114.220001,115.300003,88.740059,2100200
2005-04-19,116.150002,117.070000,115.839996,117.070000,90.102310,1171600
2005-04-20,117.150002,117.150002,115.099998,115.300003,88.740059,1866300
2005-04-21,116.000000,117.300003,115.709999,117.050003,90.086937,1212700
2005-04-22,116.930000,117.080002,115.279999,116.500000,89.663628,1541200
2005-04-25,116.550003,117.860001,116.550003,117.769997,90.641075,1420200
2005-04-26,117.279999,118.199997,116.480003,116.589996,89.732895,1088100
2005-04-27,116.029999,117.150002,115.260002,116.550003,89.702126,1378600
2005-04-28,116.000000,116.150002,114.769997,114.790001,88.347557,1105500
2005-04-29,115.629997,116.160004,114.129997,115.930000,89.224930,2213300
2005-05-02,116.500000,116.830002,115.570000,116.790001,89.886803,1449100
2005-05-03,116.540001,117.250000,115.970001,116.650002,89.779068,1188100
2005-05-04,116.680000,118.000000,116.489998,117.599998,90.510223,1112500
2005-05-05,117.900002,118.699997,117.419998,118.269997,91.025879,1403500
2005-05-06,118.889999,118.889999,118.120003,118.510002,91.210632,720700
2005-05-09,118.500000,119.199997,118.000000,119.099998,91.664680,1133500
2005-05-10,118.660004,119.110001,118.089996,118.449997,91.164444,1312400
2005-05-11,118.500000,119.000000,117.440002,118.849998,91.472298,1156700
2005-05-12,118.849998,119.080002,117.050003,117.260002,90.248543,1871000
2005-05-13,117.580002,117.720001,115.639999,116.680000,89.802155,2372600
2005-05-16,116.660004,118.139999,116.550003,118.139999,90.925858,1016300
2005-05-17,117.800003,119.169998,117.519997,119.169998,91.718575,1413100
2005-05-18,119.550003,121.180000,119.550003,121.150002,93.242470,2283200
2005-05-19,121.169998,121.639999,120.959999,121.410004,93.442612,1023500
2005-05-20,121.599998,121.669998,120.760002,121.470001,93.488770,902200
2005-05-23,121.599998,122.650002,121.510002,122.650002,94.396919,1607200
2005-05-24,122.300003,122.300003,121.639999,121.940002,93.850517,2444200
2005-05-25,121.800003,121.849998,120.860001,121.400002,93.434944,1095400
2005-05-26,121.849998,122.480003,121.669998,122.269997,94.104500,1027800
2005-05-27,122.599998,122.970001,122.209999,122.820000,94.527824,551800
2005-05-31,122.849998,123.279999,122.260002,122.550003,94.319977,2183200
2005-06-01,122.790001,124.260002,122.730003,123.720001,95.220482,2301000
2005-06-02,123.620003,124.419998,123.459999,124.290001,95.659210,1108600
2005-06-03,124.209999,124.629997,123.559998,123.699997,95.205093,1039900
2005-06-06,124.529999,124.529999,123.220001,124.070000,95.489861,814300
2005-06-07,124.480003,125.360001,124.000000,124.250000,95.628372,2197100
2005-06-08,124.459999,124.580002,123.360001,123.599998,95.128128,2127100
2005-06-09,123.599998,124.589996,123.029999,124.300003,95.666885,1409600
2005-06-10,124.480003,124.980003,124.050003,124.650002,95.936249,1575700
2005-06-13,124.550003,125.269997,124.010002,125.089996,96.274887,1530200
2005-06-14,125.019997,125.629997,124.879997,125.599998,96.667412,1407500
2005-06-15,125.949997,126.029999,124.709999,126.029999,96.998367,1655400
2005-06-16,126.550003,126.919998,125.839996,126.769997,97.567863,1317200
2005-06-17,126.870003,127.129997,126.070000,126.099998,97.426437,7525600
2005-06-20,126.080002,126.459999,125.849998,126.150002,97.465126,1144400
2005-06-21,126.349998,126.449997,125.610001,126.139999,97.457397,2425000
2005-06-22,126.300003,126.690002,125.330002,126.050003,97.387878,1367400
2005-06-23,125.900002,126.349998,124.739998,124.800003,96.422134,1342800
2005-06-24,124.739998,124.919998,123.099998,123.209999,95.193642,3488700
2005-06-27,123.300003,123.870003,123.169998,123.870003,95.703545,2313700
2005-06-28,124.150002,125.489998,124.080002,125.489998,96.955185,1847500
2005-06-29,125.680000,125.830002,125.309998,125.550003,97.001556,1255000
2005-06-30,126.000000,126.250000,125.099998,125.250000,96.769775,2429100
2005-07-01,125.459999,126.199997,125.360001,126.199997,97.503784,1982600
2005-07-05,125.699997,127.400002,125.699997,127.400002,98.430923,1384500
2005-07-06,127.330002,127.570000,126.269997,126.400002,97.658241,2815800
2005-07-07,125.440002,126.940002,125.320000,126.849998,98.005936,2536800
2005-07-08,126.940002,128.490005,126.900002,128.380005,99.188072,1388100
2005-07-11,128.600006,129.550003,128.589996,129.500000,100.053352,1364500
2005-07-12,129.369995,130.070007,128.940002,129.649994,100.169289,1516800
2005-07-13,129.690002,129.910004,129.039993,129.220001,99.837044,977000
2005-07-14,129.850006,130.289993,128.479996,128.779999,99.497093,2793000
2005-07-15,128.820007,129.179993,128.449997,129.149994,99.782990,906000
2005-07-18,128.850006,129.169998,128.509995,129.020004,99.682526,570000
2005-07-19,129.449997,130.250000,128.830002,130.149994,100.555565,939500
2005-07-20,129.899994,131.080002,129.600006,130.710007,100.988258,1968600
2005-07-21,130.750000,130.869995,129.110001,129.750000,100.246521,2702000
2005-07-22,129.800003,130.809998,129.800003,130.699997,100.980492,2287700
2005-07-25,130.660004,131.100006,129.699997,130.399994,100.748734,1758100
2005-07-26,130.509995,130.710007,129.940002,130.550003,100.864571,2285900
2005-07-27,130.600006,131.050003,130.050003,131.050003,101.250938,2583700
2005-07-28,131.350006,132.059998,130.720001,132.000000,101.984901,885200
2005-07-29,132.100006,132.309998,131.350006,131.679993,101.737656,3471100
2005-08-01,131.949997,132.190002,131.470001,131.690002,101.745392,2296000
2005-08-02,131.860001,132.529999,131.839996,132.270004,102.193504,1478900
2005-08-03,132.169998,132.500000,131.960007,132.070007,102.039040,1262600
2005-08-04,131.679993,131.759995,130.779999,130.779999,101.042328,1708900
2005-08-05,130.550003,130.770004,129.199997,129.460007,100.022469,1743200
2005-08-08,129.750000,130.210007,128.809998,128.899994,99.589798,1528400
2005-08-09,129.350006,129.679993,129.039993,129.679993,100.192451,2483100
2005-08-10,130.050003,130.660004,129.009995,129.899994,100.362411,2562300
2005-08-11,129.600006,130.679993,129.550003,130.449997,100.787308,2758200
2005-08-12,130.169998,130.639999,129.179993,129.850006,100.323792,3198100
2005-08-15,130.039993,130.869995,129.470001,130.539993,100.856918,1362000
2005-08-16,130.160004,130.190002,128.589996,128.750000,99.473923,1317600
2005-08-17,128.639999,129.210007,128.350006,128.479996,99.265320,2573500
2005-08-18,128.199997,128.759995,127.720001,128.229996,99.072144,1326100
2005-08-19,128.539993,128.919998,128.259995,128.839996,99.543434,776000
2005-08-22,129.029999,129.399994,128.279999,129.139999,99.775223,929500
2005-08-23,129.130005,129.309998,128.250000,128.919998,99.605255,2128300
2005-08-24,128.729996,129.860001,128.210007,128.509995,99.288483,2063300
2005-08-25,128.610001,129.139999,128.350006,129.050003,99.705696,1667300
2005-08-26,128.899994,128.940002,127.540001,127.589996,98.577698,1964500
2005-08-29,127.360001,128.889999,127.050003,128.889999,99.582092,2201500
2005-08-30,128.440002,128.559998,127.540001,127.849998,98.778587,2848200
2005-08-31,128.050003,130.600006,127.910004,130.410004,100.756470,2831300
2005-09-01,130.449997,130.869995,129.759995,130.050003,100.478333,1332700
2005-09-02,130.529999,130.529999,129.350006,129.419998,99.991592,996600
2005-09-06,129.940002,131.089996,129.800003,130.960007,101.181389,1941000
2005-09-07,130.949997,131.520004,130.660004,131.360001,101.490448,1075400
2005-09-08,131.309998,131.309998,130.550003,130.750000,101.019150,1147500
2005-09-09,131.100006,131.850006,130.940002,131.789993,101.822655,1603900
2005-09-12,131.699997,132.190002,131.520004,131.800003,101.830406,1637300
2005-09-13,131.570007,131.710007,130.869995,130.940002,101.165924,1707700
2005-09-14,131.190002,131.369995,130.270004,130.380005,100.733284,1871300
2005-09-15,130.669998,130.960007,130.020004,130.399994,100.748734,2808100
2005-09-16,130.479996,130.839996,130.199997,130.350006,100.955544,3332100
2005-09-19,130.619995,130.740005,129.750000,130.050003,100.723152,3142400
2005-09-20,130.279999,130.789993,128.529999,128.580002,99.584686,4181800
2005-09-21,128.449997,128.449997,126.889999,126.889999,98.275772,2869100
2005-09-22,126.860001,127.680000,126.099998,127.540001,98.779175,1350700
2005-09-23,127.309998,128.389999,126.680000,127.849998,99.019279,2862600
2005-09-26,128.639999,129.190002,128.220001,128.750000,99.716324,2787400
2005-09-27,128.699997,128.940002,127.800003,128.440002,99.476265,2572600
2005-09-28,128.750000,128.970001,127.690002,128.600006,99.600128,2690400
2005-09-29,128.339996,130.039993,127.809998,129.970001,100.661224,2497100
2005-09-30,129.889999,130.919998,129.720001,130.919998,101.396996,1876300
2005-10-03,130.960007,131.839996,130.850006,131.690002,101.993355,2341600
2005-10-04,131.830002,132.070007,129.699997,129.699997,100.452133,2542700
2005-10-05,129.940002,130.000000,127.019997,127.129997,98.461632,3530800
2005-10-06,126.949997,127.300003,124.930000,125.830002,97.454819,4263100
2005-10-07,126.410004,126.959999,125.940002,126.500000,97.973717,1528300
2005-10-10,126.669998,126.790001,125.500000,125.580002,97.261200,2725800
2005-10-11,125.900002,126.470001,124.779999,124.839996,96.688042,2537800
2005-10-12,124.779999,125.309998,122.599998,123.250000,95.456589,3311400
2005-10-13,122.849998,123.129997,121.500000,122.400002,94.798294,3488700
2005-10-14,123.339996,124.570000,122.599998,124.510002,96.432472,3918700
2005-10-17,124.370003,125.230003,123.919998,125.230003,96.990120,1465300
2005-10-18,124.889999,124.970001,123.410004,123.610001,95.735413,1426200
2005-10-19,123.120003,125.300003,122.180000,125.300003,97.044319,2408500
2005-10-20,125.029999,125.610001,122.739998,123.430000,95.596001,3539500
2005-10-21,123.919998,125.269997,123.800003,124.820000,96.672546,3384500
2005-10-24,125.029999,127.099998,124.889999,127.089996,98.430672,2860900
2005-10-25,126.949997,127.349998,125.720001,126.680000,98.113136,2227700
2005-10-26,126.430000,127.370003,125.900002,126.190002,97.733612,2107400
2005-10-27,125.830002,125.930000,123.769997,124.169998,96.169113,2672600
2005-10-28,124.349998,125.989998,123.849998,125.830002,97.454819,3834100
2005-10-31,126.410004,128.300003,126.000000,127.000000,98.360947,3353900
2005-11-01,127.449997,128.419998,126.980003,128.199997,99.290321,2374900
2005-11-02,127.940002,130.289993,127.930000,130.029999,100.707672,3855000
2005-11-03,130.860001,131.520004,130.229996,130.639999,101.180115,1565600
2005-11-04,130.809998,131.089996,129.750000,130.479996,101.056190,2441400
2005-11-07,130.699997,131.110001,130.059998,130.550003,101.110374,1833900
2005-11-08,130.199997,130.440002,129.429993,130.250000,100.878059,3265600
2005-11-09,130.009995,131.089996,129.399994,130.460007,101.040733,1631200
2005-11-10,130.300003,131.279999,128.820007,130.979996,101.443466,3239300
2005-11-11,131.119995,131.720001,130.910004,131.720001,102.016563,1918800
2005-11-14,131.750000,131.929993,131.179993,131.899994,102.155952,1628700
2005-11-15,131.600006,132.320007,130.610001,131.039993,101.489929,3087600
2005-11-16,131.149994,131.550003,130.199997,131.350006,101.730026,1822700
2005-11-17,131.529999,132.940002,131.500000,132.690002,102.767876,2832200
2005-11-18,133.350006,133.600006,132.500000,133.149994,103.124130,2767200
2005-11-21,133.460007,134.500000,132.839996,134.500000,104.169670,2336000
2005-11-22,134.289993,135.410004,134.100006,135.289993,104.781502,1475000
2005-11-23,134.949997,136.160004,134.949997,135.669998,105.075798,3384300
2005-11-25,135.610001,135.910004,135.229996,135.699997,105.099113,838600
2005-11-28,136.089996,136.100006,133.610001,133.910004,103.712730,2494200
2005-11-29,134.020004,135.059998,133.919998,134.330002,104.038048,2431800
2005-11-30,134.250000,134.970001,133.910004,134.199997,103.937355,1764600
2005-12-01,134.830002,136.399994,134.759995,136.020004,105.346916,2981000
2005-12-02,136.089996,136.449997,135.550003,136.289993,105.555992,2505700
2005-12-05,136.179993,136.250000,135.020004,135.740005,105.130058,2367000
2005-12-06,136.050003,136.669998,135.539993,135.779999,105.161034,3359800
2005-12-07,135.850006,136.080002,134.750000,135.270004,104.766045,2355300
2005-12-08,135.419998,136.320007,134.149994,135.750000,105.137794,2575600
2005-12-09,135.649994,136.479996,135.100006,136.300003,105.563782,995700
2005-12-12,136.589996,136.869995,135.619995,136.419998,105.656731,2175700
2005-12-13,136.369995,137.160004,136.070007,136.949997,106.067177,1986800
2005-12-14,136.779999,137.630005,136.369995,137.410004,106.423462,2145400
2005-12-15,137.350006,137.389999,135.600006,136.289993,105.555992,2916200
2005-12-16,136.649994,136.729996,135.100006,135.100006,104.914612,1721100
2005-12-19,135.509995,135.509995,133.839996,134.210007,104.223396,1923300
2005-12-20,134.199997,134.960007,133.539993,134.399994,104.370987,2875800
2005-12-21,134.660004,135.880005,134.570007,135.479996,105.209663,1802600
2005-12-22,135.679993,136.399994,135.119995,136.300003,105.846451,1647000
2005-12-23,136.490005,136.779999,136.270004,136.740005,106.188156,665700
2005-12-27,136.820007,137.009995,134.830002,135.000000,104.836952,2521700
2005-12-28,135.130005,136.220001,134.899994,135.869995,105.512527,2804100
2005-12-29,135.820007,136.259995,135.070007,135.110001,104.922371,2300500
2005-12-30,134.750000,135.039993,133.970001,134.690002,104.596199,3090000
2006-01-03,135.210007,136.949997,133.580002,136.710007,106.164856,3136400
2006-01-04,136.960007,137.830002,136.600006,137.679993,106.918121,1578700
2006-01-05,137.770004,137.960007,137.149994,137.880005,107.073410,1287100
2006-01-06,138.529999,139.449997,137.820007,139.449997,108.292656,2192800
2006-01-09,139.399994,140.589996,139.399994,140.080002,108.781914,2993100
2006-01-10,139.600006,140.899994,139.399994,140.889999,109.410934,3395300
2006-01-11,140.800003,141.199997,140.289993,141.000000,109.496330,2269900
2006-01-12,140.500000,141.139999,139.839996,140.300003,108.952744,2414800
2006-01-13,140.199997,140.380005,139.690002,139.800003,108.564423,1835500
2006-01-17,139.500000,139.720001,138.690002,139.720001,108.502373,2081300
2006-01-18,138.520004,139.610001,138.220001,139.330002,108.199524,3039800
2006-01-19,139.490005,141.029999,139.399994,140.789993,109.333214,2614100
2006-01-20,140.830002,140.929993,138.360001,138.470001,107.531593,3062100
2006-01-23,138.610001,139.369995,138.369995,139.070007,107.997574,1868600
2006-01-24,139.179993,140.389999,139.179993,140.289993,108.944977,2779500
2006-01-25,140.490005,140.860001,138.720001,139.479996,108.315971,3167300
2006-01-26,140.149994,141.229996,139.580002,141.229996,109.674896,2184000
2006-01-27,141.389999,142.490005,141.050003,141.639999,109.993309,2803300
2006-01-30,141.779999,142.419998,141.639999,141.750000,110.078720,3360200
2006-01-31,141.660004,142.889999,141.279999,141.869995,110.171989,2752500
2006-02-01,142.539993,143.399994,142.240005,142.970001,111.026161,2761000
2006-02-02,142.789993,142.949997,141.000000,141.399994,109.806984,4795800
2006-02-03,140.990005,142.059998,140.600006,141.089996,109.566246,1759100
2006-02-06,141.229996,142.110001,141.000000,142.050003,110.311752,1132700
2006-02-07,141.649994,141.839996,139.820007,139.899994,108.642128,2714300
2006-02-08,140.179993,140.619995,139.300003,140.399994,109.030418,2092700
2006-02-09,140.600006,141.570007,139.649994,139.800003,108.564423,1594300
2006-02-10,139.600006,140.160004,138.479996,139.809998,108.572189,2907500
2006-02-13,139.619995,139.679993,138.460007,138.970001,107.919907,1131100
2006-02-14,138.820007,140.279999,138.100006,140.050003,108.758575,2175700
2006-02-15,139.910004,140.820007,139.460007,140.639999,109.216751,2396400
2006-02-16,140.869995,141.850006,140.699997,141.850006,110.156479,1347800
2006-02-17,141.750000,141.990005,141.169998,141.399994,109.806984,1118700
2006-02-21,141.669998,142.160004,140.690002,141.500000,109.884644,1109600
2006-02-22,141.630005,142.630005,141.020004,142.320007,110.521492,2354200
2006-02-23,142.360001,142.779999,141.600006,142.270004,110.482620,1544300
2006-02-24,142.179993,143.070007,141.880005,143.070007,111.103836,1171900
2006-02-27,142.970001,143.449997,142.809998,142.869995,110.948555,2093100
2006-02-28,142.610001,142.770004,141.029999,141.470001,109.861298,2112600
2006-03-01,141.830002,143.669998,141.600006,143.669998,111.569740,3049600
2006-03-02,143.190002,143.440002,142.320007,143.309998,111.290199,1655900
2006-03-03,142.820007,143.660004,142.149994,142.240005,110.459351,1485800
2006-03-06,142.509995,142.619995,140.789993,141.149994,109.612862,1934100
2006-03-07,140.360001,140.380005,139.080002,139.429993,108.277107,2451100
2006-03-08,138.899994,140.059998,138.220001,139.929993,108.665398,4481000
2006-03-09,139.860001,140.240005,138.809998,138.820007,107.803413,1918200
2006-03-10,139.039993,140.320007,138.300003,140.119995,108.812973,2832000
2006-03-13,140.300003,141.369995,140.300003,140.970001,109.473038,3157800
2006-03-14,140.639999,142.300003,140.190002,142.300003,110.505913,2464400
2006-03-15,142.110001,143.380005,141.869995,143.380005,111.344574,4932200
2006-03-16,143.539993,143.949997,142.830002,142.830002,110.917465,3079000
2006-03-17,142.990005,143.350006,142.509995,143.029999,111.369049,2331200
2006-03-20,143.330002,143.660004,142.429993,142.539993,110.987541,2240100
2006-03-21,142.470001,143.389999,141.169998,141.380005,110.084312,3961700
2006-03-22,141.169998,142.820007,141.089996,142.539993,110.987541,2627800
2006-03-23,142.360001,142.940002,142.000000,142.720001,111.127655,2264500
2006-03-24,142.910004,143.699997,142.679993,143.539993,111.766197,1150400
2006-03-27,143.429993,143.699997,143.009995,143.360001,111.625992,1761800
2006-03-28,143.300003,144.169998,142.669998,142.899994,111.267853,2040300
2006-03-29,143.160004,144.649994,143.029999,144.380005,112.420242,1974500
2006-03-30,144.460007,145.160004,143.940002,144.550003,112.552628,2619600
2006-03-31,144.690002,144.899994,143.570007,144.759995,112.716141,4282000
2006-04-03,144.929993,145.649994,144.160004,144.160004,112.248978,2383300
2006-04-04,144.220001,145.160004,143.850006,144.830002,112.770622,1749200
2006-04-05,144.979996,146.110001,144.639999,146.110001,113.767227,2322300
2006-04-06,145.860001,146.309998,145.240005,146.289993,113.907463,1030700
2006-04-07,146.380005,146.679993,144.250000,144.619995,112.607109,2256000
2006-04-10,144.699997,145.000000,143.699997,144.250000,112.319008,2629800
2006-04-11,144.389999,144.550003,142.330002,142.770004,111.166634,2241400
2006-04-12,142.690002,143.339996,142.570007,143.240005,111.532570,1057600
2006-04-13,142.929993,143.649994,142.199997,142.940002,111.298958,1682700
2006-04-17,143.070007,143.789993,142.380005,143.360001,111.625992,1418200
2006-04-18,143.750000,146.539993,143.750000,146.399994,113.993103,2356400
2006-04-19,146.440002,147.740005,146.199997,147.639999,114.958611,3075400
2006-04-20,147.600006,148.470001,146.759995,147.789993,115.075401,2522200
2006-04-21,148.320007,148.490005,146.770004,147.369995,114.748360,2438400
2006-04-24,147.179993,147.229996,146.270004,146.740005,114.257835,1514200
2006-04-25,147.080002,147.220001,145.850006,147.029999,114.483604,2765300
2006-04-26,146.690002,147.460007,145.759995,146.080002,113.743973,2156100
2006-04-27,145.300003,147.059998,144.300003,145.690002,113.440285,4419300
2006-04-28,145.449997,147.250000,145.199997,146.710007,114.234459,2049100
2006-05-01,146.919998,147.600006,145.809998,145.839996,113.557098,2173500
2006-05-02,146.600006,147.199997,146.179993,147.039993,114.491379,2204900
2006-05-03,147.029999,147.300003,146.190002,146.649994,114.187782,2238200
2006-05-04,146.720001,147.979996,146.720001,147.630005,114.950798,2180100
2006-05-05,148.279999,149.190002,148.029999,149.059998,116.064316,2533700
2006-05-08,148.880005,149.600006,148.740005,149.100006,116.095421,1009400
2006-05-09,149.080002,149.440002,148.860001,149.070007,116.072067,1381500
2006-05-10,148.669998,149.059998,148.149994,148.919998,115.955307,1360300
2006-05-11,148.880005,149.000000,146.720001,147.500000,114.849594,2341400
2006-05-12,146.490005,146.559998,144.050003,144.229996,112.303467,5354700
2006-05-15,143.210007,143.889999,142.330002,143.279999,111.563721,2858500
2006-05-16,143.399994,144.020004,142.289993,143.110001,111.431351,2925700
2006-05-17,142.210007,142.910004,139.839996,140.050003,109.048706,6231900
2006-05-18,140.669998,141.289993,139.050003,139.139999,108.340103,2692400
2006-05-19,139.339996,140.369995,138.149994,139.520004,108.636040,4718400
2006-05-22,138.220001,139.070007,136.509995,138.330002,107.709496,4298900
2006-05-23,139.350006,140.380005,136.949997,137.020004,106.689461,3871800
2006-05-24,137.419998,138.820007,135.100006,137.330002,106.930855,6188900
2006-05-25,138.440002,139.289993,137.660004,139.100006,108.309029,3239400
2006-05-26,139.639999,140.199997,139.270004,140.190002,109.157707,1811900
2006-05-30,139.759995,139.899994,137.500000,137.679993,107.203339,2534300
2006-05-31,138.139999,140.380005,138.130005,140.350006,109.282288,3899500
2006-06-01,140.119995,142.279999,139.949997,142.279999,110.785080,3034600
2006-06-02,142.869995,143.300003,141.580002,142.550003,110.995316,2638800
2006-06-05,142.399994,142.649994,138.850006,139.610001,108.706116,4551600
2006-06-06,139.100006,139.470001,136.929993,138.520004,107.857414,5588400
2006-06-07,138.600006,139.529999,136.869995,137.020004,106.689461,3948300
2006-06-08,136.750000,136.779999,133.399994,136.360001,106.175560,7626600
2006-06-09,136.970001,137.990005,135.729996,135.919998,105.832962,4366200
2006-06-12,136.380005,136.410004,131.089996,132.809998,103.411354,5604300
2006-06-13,132.740005,133.960007,130.449997,130.869995,101.900810,8001400
2006-06-14,130.919998,132.130005,130.309998,131.770004,102.601555,5659900
2006-06-15,132.539993,136.259995,132.350006,135.750000,105.700562,4981400
2006-06-16,135.750000,135.809998,133.860001,134.779999,105.259354,4985800
2006-06-19,135.309998,135.380005,132.350006,132.350006,103.361557,4944800
2006-06-20,132.800003,133.770004,132.199997,132.570007,103.533371,3966400
2006-06-21,132.320007,135.289993,132.320007,134.600006,105.118752,4478800
2006-06-22,134.460007,134.660004,133.300003,134.130005,104.751701,3246800
2006-06-23,134.160004,135.970001,133.440002,135.199997,105.587341,3002400
2006-06-26,135.729996,136.059998,135.240005,136.000000,106.212120,2142700
2006-06-27,136.070007,136.520004,134.330002,134.509995,105.048439,2133800
2006-06-28,134.509995,135.100006,133.570007,135.100006,105.509247,1787900
2006-06-29,135.199997,138.910004,135.160004,138.910004,108.484688,2749200
2006-06-30,139.009995,139.550003,138.330002,139.169998,108.687798,2651600
2006-07-03,139.009995,140.779999,139.009995,140.550003,109.765526,1537700
2006-07-05,139.850006,140.050003,137.199997,138.259995,107.977127,4226200
2006-07-06,138.539993,139.559998,138.210007,138.830002,108.422249,1377800
2006-07-07,138.830002,138.940002,137.149994,137.750000,107.578773,2180600
2006-07-10,137.910004,138.589996,136.779999,137.229996,107.172714,2126700
2006-07-11,136.880005,137.869995,135.880005,137.789993,107.610054,2608000
2006-07-12,137.500000,137.990005,135.820007,136.160004,106.337059,1922100
2006-07-13,135.479996,135.710007,133.410004,133.500000,104.259651,3376300
2006-07-14,133.589996,133.690002,131.600006,132.500000,103.478752,3353700
2006-07-17,132.550003,133.339996,131.550003,132.039993,103.119453,3030700
2006-07-18,132.270004,132.789993,130.110001,132.000000,103.088257,4222800
2006-07-19,131.970001,135.479996,131.970001,134.800003,105.274918,3118700
2006-07-20,135.270004,135.479996,131.619995,131.850006,102.971054,3029400
2006-07-21,131.889999,131.910004,129.600006,130.039993,101.557510,3539300
2006-07-24,130.750000,133.190002,130.660004,133.100006,103.947327,3222100
2006-07-25,133.020004,134.839996,132.720001,134.149994,104.767288,3610300
2006-07-26,134.050003,135.250000,132.979996,134.250000,104.845428,2858400
2006-07-27,134.990005,135.740005,132.809998,133.199997,104.025383,3630000
2006-07-28,133.839996,135.460007,133.440002,135.270004,105.641960,2101500
2006-07-31,134.970001,135.850006,134.550003,135.350006,105.704491,1870700
2006-08-01,134.880005,134.910004,133.410004,134.470001,105.017227,1646800
2006-08-02,134.919998,136.089996,134.630005,135.539993,105.852875,1865600
2006-08-03,134.589996,136.630005,134.100006,136.520004,106.618233,3263800
2006-08-04,137.679993,138.089996,134.759995,135.699997,105.977837,5973700
2006-08-07,135.610001,135.619995,134.289993,135.050003,105.470161,1666900
2006-08-08,135.119995,135.589996,133.229996,133.679993,104.400261,3222600
2006-08-09,134.490005,135.039993,132.550003,132.649994,103.595825,1893000
2006-08-10,132.100006,133.830002,131.559998,133.740005,104.447105,1886200
2006-08-11,133.240005,133.240005,131.720001,132.550003,103.517799,1057200
2006-08-14,133.179993,133.910004,132.139999,132.619995,103.572433,969200
2006-08-15,133.830002,135.000000,133.539993,134.770004,105.251518,2225600
2006-08-16,135.630005,136.990005,134.600006,136.889999,106.907166,2059900
2006-08-17,136.440002,137.449997,136.300003,136.559998,106.649429,2564600
2006-08-18,136.970001,137.309998,135.809998,137.250000,107.188332,2165300
2006-08-21,136.710007,136.729996,135.470001,136.039993,106.243347,1347000
2006-08-22,135.809998,136.490005,135.470001,136.059998,106.258972,1235000
2006-08-23,136.169998,136.470001,134.169998,135.050003,105.470161,2188400
2006-08-24,134.960007,135.190002,133.619995,134.210007,104.814133,1593000
2006-08-25,134.220001,135.169998,133.919998,134.250000,104.845428,1214000
2006-08-28,134.210007,135.729996,134.009995,135.470001,105.798180,1083500
2006-08-29,135.679993,136.270004,134.429993,136.119995,106.305840,1649200
2006-08-30,136.339996,136.699997,135.710007,136.500000,106.602539,1446100
2006-08-31,136.600006,137.320007,136.389999,136.979996,106.977493,924400
2006-09-01,137.529999,138.029999,136.750000,137.619995,107.477310,1106400
2006-09-05,137.559998,138.399994,137.279999,138.160004,107.899017,1153400
2006-09-06,137.360001,137.429993,135.729996,136.080002,106.274582,1339800
2006-09-07,135.380005,136.089996,134.380005,135.039993,105.462379,1823500
2006-09-08,135.229996,135.639999,134.860001,135.089996,105.501389,1701600
2006-09-11,134.750000,135.759995,133.630005,135.039993,105.462379,2581500
2006-09-12,135.139999,137.479996,135.080002,137.179993,107.133659,2445200
2006-09-13,137.210007,138.539993,136.970001,138.259995,107.977127,2176000
2006-09-14,138.029999,138.250000,137.089996,137.619995,107.477310,1582500
2006-09-15,138.089996,138.199997,136.699997,136.979996,107.242401,3293400
2006-09-18,136.789993,137.729996,136.529999,137.100006,107.336349,3034600
2006-09-19,137.000000,137.300003,135.240005,136.539993,106.897926,3735700
2006-09-20,137.410004,138.149994,136.899994,138.100006,108.119270,2460700
2006-09-21,137.770004,138.000000,136.240005,136.429993,106.811768,2321000
2006-09-22,136.100006,136.139999,134.750000,135.160004,105.817535,2018000
2006-09-25,135.699997,136.910004,134.330002,136.399994,106.788330,3133700
2006-09-26,136.539993,137.979996,136.380005,137.759995,107.853050,3188600
2006-09-27,137.740005,138.779999,137.699997,138.669998,108.565552,1874300
2006-09-28,138.649994,139.139999,137.630005,138.550003,108.471565,1518000
2006-09-29,138.440002,138.710007,137.389999,137.639999,107.759102,2347300
2006-10-02,137.500000,138.000000,136.460007,136.619995,106.960548,1577800
2006-10-03,136.610001,137.300003,135.649994,136.500000,106.866570,1964400
2006-10-04,136.070007,138.619995,135.940002,138.559998,108.479393,2340500
2006-10-05,138.580002,140.399994,138.580002,140.199997,109.763382,3031000
2006-10-06,140.130005,140.229996,138.399994,139.330002,109.082245,2270600
2006-10-09,139.309998,140.699997,138.940002,140.190002,109.755547,1587300
2006-10-10,140.360001,140.979996,140.050003,140.619995,110.092163,1913300
2006-10-11,140.199997,141.070007,139.470001,140.500000,109.998253,1765100
2006-10-12,140.919998,142.539993,140.869995,142.529999,111.587517,1684300
2006-10-13,142.399994,143.389999,142.229996,143.250000,112.151207,1198400
2006-10-16,143.300003,144.289993,143.149994,144.070007,112.793152,2048200
2006-10-17,143.639999,143.699997,142.289993,142.820007,111.814598,2560200
2006-10-18,143.809998,143.979996,142.179993,142.940002,111.908493,2171900
2006-10-19,142.559998,143.699997,142.199997,143.699997,112.503532,1980800
2006-10-20,143.559998,143.699997,141.949997,142.210007,111.337006,1511700
2006-10-23,141.919998,143.479996,141.600006,142.899994,111.877228,1613000
2006-10-24,142.619995,143.850006,142.389999,143.850006,112.620979,1236400
2006-10-25,143.369995,144.550003,143.199997,144.550003,113.168999,1902500
2006-10-26,144.570007,145.399994,143.690002,145.110001,113.607437,1628400
2006-10-27,144.929993,145.300003,143.449997,143.800003,112.581825,1635200
2006-10-30,143.160004,144.300003,142.759995,143.800003,112.581825,1900700
2006-10-31,143.860001,144.039993,142.479996,143.250000,112.151207,1704900
2006-11-01,143.759995,143.850006,141.190002,141.190002,110.538452,3150900
2006-11-02,140.419998,141.610001,140.350006,141.419998,110.718552,2337400
2006-11-03,141.919998,142.399994,140.770004,142.050003,111.211761,1797600
2006-11-06,142.330002,143.759995,142.240005,143.250000,112.151207,1704800
2006-11-07,143.199997,144.600006,143.020004,143.809998,112.589630,2477100
2006-11-08,143.070007,144.759995,142.880005,144.399994,113.051498,2692600
2006-11-09,144.910004,144.910004,143.320007,143.929993,112.683594,5224400
2006-11-10,143.809998,145.000000,143.589996,145.000000,113.521324,3149800
2006-11-13,144.440002,145.300003,144.130005,145.050003,113.560417,2804200
2006-11-14,144.990005,146.699997,144.449997,146.699997,114.852226,3518700
2006-11-15,146.509995,147.710007,146.380005,147.250000,115.282898,4171300
2006-11-16,147.990005,147.990005,147.029999,147.649994,115.595970,6874200
2006-11-17,147.169998,147.399994,146.000000,147.399994,115.400269,3087600
2006-11-20,147.039993,147.839996,146.759995,147.440002,115.431618,3874200
2006-11-21,147.369995,147.820007,147.020004,147.820007,115.729126,2380600
2006-11-22,147.919998,148.410004,147.479996,148.229996,116.050140,1263400
2006-11-24,147.660004,148.419998,147.440002,147.839996,115.744743,2190000
2006-11-27,147.869995,147.889999,144.949997,144.949997,113.482170,3997900
2006-11-28,144.910004,145.860001,144.610001,145.449997,113.873642,2737600
2006-11-29,146.240005,147.619995,146.169998,147.619995,115.572525,2123200
2006-11-30,147.539993,148.270004,146.750000,147.720001,115.650795,2706200
2006-12-01,147.970001,148.210007,146.070007,147.800003,115.713440,4676900
2006-12-04,148.029999,149.720001,147.979996,149.520004,117.060036,2387800
2006-12-05,149.690002,150.100006,149.199997,150.089996,117.506302,2515700
2006-12-06,149.809998,150.240005,149.350006,149.630005,117.146164,2304800
2006-12-07,150.009995,150.240005,148.899994,149.220001,116.825119,2865000
2006-12-08,148.830002,149.809998,148.339996,149.000000,116.652878,1519100
2006-12-11,149.029999,149.330002,148.490005,148.990005,116.645119,1103400
2006-12-12,148.839996,148.960007,147.380005,148.399994,116.183197,2190000
2006-12-13,148.850006,149.050003,148.059998,148.550003,116.300621,4252100
2006-12-14,148.550003,150.270004,148.529999,149.429993,116.989601,2420200
2006-12-15,149.350006,149.479996,148.279999,148.419998,116.666489,4537800
2006-12-18,148.860001,149.070007,146.759995,147.369995,115.841103,2719300
2006-12-19,146.619995,147.479996,145.820007,147.020004,115.566017,2905000
2006-12-20,147.320007,148.029999,147.110001,147.399994,115.864731,1783600
2006-12-21,147.490005,147.960007,146.320007,146.820007,115.408836,1653600
2006-12-22,146.589996,146.639999,145.559998,145.559998,114.418404,1517100
2006-12-26,145.699997,147.039993,145.699997,146.789993,115.385216,1253100
2006-12-27,147.100006,148.270004,147.089996,148.050003,116.375671,1622400
2006-12-28,147.919998,148.130005,147.429993,147.429993,115.888336,1554900
2006-12-29,147.259995,147.919998,146.139999,146.350006,115.039391,1840400
2007-01-03,147.710007,148.210007,145.509995,147.089996,115.621033,2849200
2007-01-04,146.869995,147.630005,145.940002,147.259995,115.754662,4779300
2007-01-05,146.820007,146.830002,145.330002,145.600006,114.449867,2678900
2007-01-08,145.759995,146.250000,145.059998,145.619995,114.465622,2801600
2007-01-09,146.000000,146.539993,145.160004,146.449997,115.117996,2698300
2007-01-10,145.559998,147.460007,145.320007,147.460007,115.911919,3042700
2007-01-11,147.350006,148.919998,147.320007,148.279999,116.556511,2627800
2007-01-12,148.470001,149.880005,148.449997,149.860001,117.798431,2508600
2007-01-16,150.020004,150.279999,148.759995,148.759995,116.933769,1883200
2007-01-17,148.649994,149.800003,148.649994,149.130005,117.224632,2156000
2007-01-18,149.100006,149.330002,147.570007,147.770004,116.155579,2366900
2007-01-19,147.539993,148.740005,147.119995,148.500000,116.729332,3337800
2007-01-22,148.699997,148.839996,147.539993,148.080002,116.399300,2344200
2007-01-23,148.039993,149.729996,147.970001,148.880005,117.028061,1827600
2007-01-24,149.440002,150.619995,148.000000,150.449997,118.262177,2903300
2007-01-25,150.410004,150.580002,148.309998,149.089996,117.193169,2598800
2007-01-26,149.270004,149.470001,147.960007,149.250000,117.318970,2980900
2007-01-29,149.399994,150.419998,149.199997,150.139999,118.018555,3426100
2007-01-30,150.259995,150.770004,149.830002,150.729996,118.482353,1722800
2007-01-31,150.479996,152.110001,150.100006,151.520004,119.103264,3487200
2007-02-01,152.199997,153.759995,152.070007,153.160004,120.392426,2386100
2007-02-02,153.550003,153.759995,153.000000,153.300003,120.502434,2344000
2007-02-05,153.529999,154.020004,153.139999,153.830002,120.919121,1375700
2007-02-06,153.949997,154.600006,153.440002,154.360001,121.335678,1331000
2007-02-07,154.610001,155.479996,154.240005,155.199997,121.996025,1887800
2007-02-08,154.899994,155.270004,154.289993,155.080002,121.901588,2363900
2007-02-09,154.990005,155.389999,153.229996,154.410004,121.374992,3811200
2007-02-12,154.419998,154.429993,153.100006,153.589996,120.730415,1981400
2007-02-13,153.639999,155.119995,153.639999,154.979996,121.823074,2196000
2007-02-14,155.220001,156.149994,154.960007,156.080002,122.687653,3230800
2007-02-15,156.020004,156.550003,155.720001,156.110001,122.711288,1652200
2007-02-16,156.229996,156.619995,155.649994,156.410004,122.947113,1656300
2007-02-20,156.440002,157.750000,155.800003,157.449997,123.764549,2300400
2007-02-21,157.240005,158.070007,156.830002,157.880005,124.102615,1682600
2007-02-22,158.220001,158.619995,157.369995,158.619995,124.684288,1896900
2007-02-23,158.250000,158.380005,157.490005,158.020004,124.212685,2335800
2007-02-26,158.759995,158.850006,156.910004,157.899994,124.118271,1909800
2007-02-27,155.240005,155.460007,151.809998,152.139999,119.590652,9760600
2007-02-28,152.449997,153.559998,151.580002,153.190002,120.415985,5288300
2007-03-01,151.380005,153.399994,149.600006,152.559998,119.920761,8370100
2007-03-02,152.179993,152.399994,149.860001,149.860001,117.798431,5124600
2007-03-05,148.600006,150.169998,146.809998,146.809998,115.400925,5722800
2007-03-06,148.559998,150.449997,148.210007,149.449997,117.476135,3340900
2007-03-07,149.839996,151.100006,149.580002,150.289993,118.136398,3934000
2007-03-08,151.449997,152.169998,150.979996,151.770004,119.299812,3676100
2007-03-09,152.440002,152.470001,151.149994,152.050003,119.519882,5151900
2007-03-12,152.039993,152.740005,151.500000,152.509995,119.881447,1544800
2007-03-13,151.649994,152.029999,149.389999,149.789993,117.743401,3834000
2007-03-14,149.660004,150.429993,147.610001,150.429993,118.246475,6937500
2007-03-15,150.009995,151.380005,150.009995,151.089996,118.765305,2759000
2007-03-16,150.509995,150.839996,149.389999,149.729996,118.175728,3003900
2007-03-19,150.589996,151.550003,150.479996,151.399994,119.493752,2323300
2007-03-20,151.070007,152.690002,150.949997,152.490005,120.354042,1915100
2007-03-21,152.710007,155.100006,152.210007,154.669998,122.074699,3057200
2007-03-22,155.320007,155.479996,154.410004,155.179993,122.477150,2315500
2007-03-23,155.449997,155.820007,155.130005,155.600006,122.808670,1801000
2007-03-26,155.809998,155.809998,154.119995,155.080002,122.398178,2613800
2007-03-27,155.110001,155.160004,154.250000,154.990005,122.327255,1585500
2007-03-28,154.339996,154.690002,153.199997,154.300003,121.782593,2665200
2007-03-29,154.979996,155.070007,153.000000,153.820007,121.403793,2281700
2007-03-30,154.289993,155.059998,153.199997,154.570007,121.995697,3404000
2007-04-02,154.639999,155.029999,153.960007,154.850006,122.216698,2387400
2007-04-03,155.520004,156.429993,155.369995,156.119995,123.219040,2596800
2007-04-04,155.970001,156.380005,155.550003,156.300003,123.361069,1735400
2007-04-05,156.070007,156.940002,156.000000,156.250000,123.321655,1783200
2007-04-09,156.889999,157.169998,156.380005,156.949997,123.874176,1747400
2007-04-10,156.660004,157.580002,156.610001,157.350006,124.189880,1645000
2007-04-11,157.300003,157.300003,155.929993,156.410004,123.447975,2729100
2007-04-12,156.119995,157.500000,155.500000,157.500000,124.308304,3746000
2007-04-13,157.660004,157.949997,156.910004,157.949997,124.663414,1569000
2007-04-16,158.729996,159.520004,158.639999,159.449997,125.847275,2087600
2007-04-17,159.759995,159.809998,158.949997,159.440002,125.839409,3923000
2007-04-18,158.830002,159.529999,158.070007,159.000000,125.492088,3127500
2007-04-19,157.970001,159.130005,157.529999,158.660004,125.223793,3039700
2007-04-20,159.639999,160.289993,159.240005,160.289993,126.510277,2338600
2007-04-23,159.910004,160.639999,159.539993,160.320007,126.533989,2597700
2007-04-24,160.550003,160.600006,159.210007,160.410004,126.605057,5012300
2007-04-25,160.850006,161.750000,160.089996,161.190002,127.220665,3387800
2007-04-26,161.369995,162.100006,160.710007,162.100006,127.938805,3308400
2007-04-27,161.250000,161.649994,160.779999,161.169998,127.204803,4598100
2007-04-30,161.289993,161.360001,158.699997,158.850006,125.373772,2600600
2007-05-01,159.190002,159.580002,157.710007,159.270004,125.705231,3909600
2007-05-02,159.429993,161.479996,159.179993,161.110001,127.157524,2713800
2007-05-03,161.389999,161.860001,160.929993,161.380005,127.370499,2271800
2007-05-04,161.919998,162.529999,161.509995,162.479996,128.238724,2810300
2007-05-07,162.320007,162.750000,162.070007,162.169998,127.994057,2307100
2007-05-08,161.630005,162.529999,160.690002,162.029999,127.883560,2854900
2007-05-09,161.889999,163.830002,161.729996,163.270004,128.862228,3601600
2007-05-10,162.729996,163.070007,161.080002,161.639999,127.575821,3793000
2007-05-11,161.809998,162.779999,161.479996,162.520004,128.270279,2262100
2007-05-14,162.720001,163.169998,161.460007,162.169998,127.994057,3199800
2007-05-15,162.050003,163.149994,161.289993,161.570007,127.520561,4247200
2007-05-16,161.809998,162.419998,160.910004,162.149994,127.978348,3061200
2007-05-17,162.149994,163.199997,161.619995,162.220001,128.033508,2666600
2007-05-18,163.000000,163.800003,162.490005,163.509995,129.051636,2392500
2007-05-21,163.419998,165.240005,163.300003,164.720001,130.006714,5323700
2007-05-22,164.750000,165.529999,164.300003,164.910004,130.156647,2845600
2007-05-23,165.250000,166.139999,164.429993,164.899994,130.148712,3534400
2007-05-24,164.630005,165.330002,161.729996,162.119995,127.954620,5982000
2007-05-25,162.639999,163.320007,162.360001,163.300003,128.885986,2343700
2007-05-29,163.559998,164.619995,163.399994,164.250000,129.635818,3024600
2007-05-30,163.149994,166.070007,162.830002,165.919998,130.953781,4172700
2007-05-31,166.410004,167.190002,165.929993,167.000000,131.806168,3784400
2007-06-01,167.259995,168.100006,167.020004,167.649994,132.319199,3511600
2007-06-04,167.360001,168.550003,167.119995,168.330002,132.855896,3120300
2007-06-05,168.080002,168.199997,166.820007,167.809998,132.445496,4873400
2007-06-06,166.850006,166.899994,165.039993,165.250000,130.425034,5893000
2007-06-07,164.919998,165.190002,161.550003,161.550003,127.504761,7004800
2007-06-08,161.860001,163.770004,161.350006,163.649994,129.162140,6176400
2007-06-11,163.300003,164.369995,162.750000,163.860001,129.327942,3532000
2007-06-12,163.119995,163.830002,161.740005,161.869995,127.757248,4317700
2007-06-13,162.529999,163.990005,162.229996,163.830002,129.304199,6013200
2007-06-14,164.059998,165.639999,164.059998,165.160004,130.354019,5104500
2007-06-15,166.179993,166.509995,165.399994,165.759995,131.164246,4412300
2007-06-18,166.080002,166.100006,164.830002,165.100006,130.642044,2829600
2007-06-19,164.649994,165.300003,163.929993,165.059998,130.610321,3423000
2007-06-20,165.339996,165.699997,163.100006,163.100006,129.059448,4727400
2007-06-21,163.100006,164.750000,162.149994,164.750000,130.365005,5958200
2007-06-22,164.080002,164.250000,160.960007,163.529999,129.399704,5116000
2007-06-25,163.050003,163.660004,161.279999,161.809998,128.038605,7667800
2007-06-26,162.600006,162.639999,160.250000,160.490005,126.994110,5624300
2007-06-27,160.289993,163.169998,159.960007,162.899994,128.901184,5105400
2007-06-28,163.100006,164.220001,162.839996,163.110001,129.067368,3709100
2007-06-29,163.710007,164.179993,161.960007,162.949997,128.940750,5932700
2007-07-02,163.720001,164.970001,163.330002,164.970001,130.539124,3098300
2007-07-03,165.179993,165.699997,164.880005,165.610001,131.045578,2013400
2007-07-05,165.639999,165.919998,164.509995,165.460007,130.926865,2579200
2007-07-06,165.600006,166.690002,164.869995,166.399994,131.670639,2406200
2007-07-09,166.929993,167.000000,165.770004,166.500000,131.749802,3540900
2007-07-10,165.580002,165.800003,164.080002,164.139999,129.882492,7162200
2007-07-11,164.179993,165.580002,163.630005,165.570007,131.013870,3990300
2007-07-12,166.279999,167.940002,165.990005,167.509995,132.549026,5835400
2007-07-13,167.539993,168.449997,167.199997,168.089996,133.007965,3034900
2007-07-16,167.830002,168.259995,166.949997,167.289993,132.374878,3632400
2007-07-17,167.520004,168.449997,167.399994,167.639999,132.651855,3481900
2007-07-18,166.690002,167.240005,165.589996,167.240005,132.335358,5768800
2007-07-19,167.990005,168.210007,167.460007,167.649994,132.659775,3463900
2007-07-20,167.470001,167.850006,165.289993,166.199997,131.512436,7404100
2007-07-23,166.979996,166.990005,165.449997,165.449997,130.918915,3971000
2007-07-24,164.190002,164.479996,161.360001,162.350006,128.465927,8725900
2007-07-25,163.059998,163.449997,160.190002,161.449997,127.753754,8332500
2007-07-26,159.110001,160.309998,156.119995,157.940002,124.976357,14949600
2007-07-27,157.649994,159.190002,154.699997,155.250000,122.847801,7792800
2007-07-30,155.949997,158.169998,155.029999,157.100006,124.311699,8238200
2007-07-31,158.429993,159.520004,154.940002,155.300003,122.887375,10776600
2007-08-01,155.110001,156.899994,153.600006,156.149994,123.559906,9897900
2007-08-02,156.679993,157.800003,155.929993,157.570007,124.683678,8060700
2007-08-03,157.389999,157.520004,152.610001,153.300003,121.304741,6975700
2007-08-06,153.779999,154.880005,150.979996,154.240005,122.048515,10349800
2007-08-07,154.100006,156.820007,153.580002,156.000000,123.441269,8914800
2007-08-08,157.029999,160.309998,156.000000,158.380005,125.324493,10624200
2007-08-09,155.559998,157.639999,153.770004,153.770004,121.676697,15986200
2007-08-10,152.580002,156.119995,151.270004,154.449997,122.214760,12004800
2007-08-13,156.380005,157.410004,154.869995,155.149994,122.768654,4735500
2007-08-14,155.509995,155.979996,152.270004,152.649994,120.790367,10780300
2007-08-15,152.070007,153.960007,148.750000,149.910004,118.622322,10926100
2007-08-16,148.320007,149.690002,144.949997,149.649994,118.416550,17676900
2007-08-17,152.949997,154.919998,149.899994,152.710007,120.837891,12811000
2007-08-20,152.990005,153.929993,151.309998,153.000000,121.067368,7197100
2007-08-21,153.089996,154.059998,152.250000,153.619995,121.557983,6807900
2007-08-22,155.149994,156.059998,154.509995,155.509995,123.053490,5685100
2007-08-23,156.119995,156.580002,154.309998,154.949997,122.610443,5658500
2007-08-24,154.699997,157.570007,154.669998,157.520004,124.644058,4411800
2007-08-27,156.880005,156.990005,155.220001,155.220001,122.824066,2557200
2007-08-28,154.669998,154.869995,151.759995,152.350006,120.553078,6733400
2007-08-29,152.919998,155.720001,152.660004,155.509995,123.053490,5746300
2007-08-30,154.160004,156.110001,153.960007,154.750000,122.452103,6458100
2007-08-31,156.330002,157.679993,155.529999,157.050003,124.272072,5703700
2007-09-04,156.639999,159.729996,156.490005,158.600006,125.498604,3896500
2007-09-05,157.850006,158.160004,156.580002,157.830002,124.889359,4920100
2007-09-06,157.720001,158.610001,156.639999,158.309998,125.269157,3943400
2007-09-07,156.169998,156.639999,154.729996,155.850006,123.322586,8745100
2007-09-10,156.350006,156.460007,152.610001,154.339996,122.127701,6681400
2007-09-11,155.000000,156.229996,154.500000,156.199997,123.599495,6941700
2007-09-12,155.759995,157.000000,155.479996,157.000000,124.232582,3869100
2007-09-13,157.160004,157.580002,155.619995,156.380005,123.741905,3795100
2007-09-14,154.910004,157.330002,154.899994,157.100006,124.311699,3811300
2007-09-17,156.470001,156.910004,155.710007,156.110001,123.528305,5237200
2007-09-18,156.740005,160.589996,155.960007,160.399994,126.922943,8180600
2007-09-19,161.490005,162.979996,160.639999,161.220001,127.571838,7378100
2007-09-20,161.229996,161.410004,159.699997,160.250000,126.804245,5787900
2007-09-21,160.850006,161.059998,159.720001,159.899994,126.805077,5890500
2007-09-24,160.149994,160.500000,158.639999,159.399994,126.408524,5117300
2007-09-25,158.279999,159.149994,157.520004,159.020004,126.107170,4178000
2007-09-26,159.740005,160.460007,159.179993,159.940002,126.836739,3843400
2007-09-27,160.550003,161.449997,160.440002,161.440002,128.026337,3574900
2007-09-28,161.490005,162.000000,160.259995,160.850006,127.558418,4083800
2007-10-01,160.919998,163.210007,160.889999,162.820007,129.120667,4638700
2007-10-02,163.130005,164.070007,162.839996,163.279999,129.485458,2745100
2007-10-03,163.089996,164.059998,162.639999,163.839996,129.929550,3085200
2007-10-04,164.190002,164.250000,163.110001,163.289993,129.493378,1857200
2007-10-05,164.649994,166.289993,164.270004,166.179993,131.785309,3672300
2007-10-08,165.880005,166.699997,164.809998,165.070007,130.904984,1765300
2007-10-09,165.929993,166.800003,165.110001,166.750000,132.237274,4475400
2007-10-10,166.350006,166.850006,165.449997,166.410004,131.967667,3474000
2007-10-11,167.339996,167.949997,164.449997,165.589996,131.317398,6679200
2007-10-12,165.789993,166.449997,165.399994,165.899994,131.563248,2840200
2007-10-15,166.059998,166.179993,163.610001,165.149994,130.968430,5376800
2007-10-16,164.589996,164.740005,162.919998,163.020004,129.279266,4998800
2007-10-17,164.199997,164.679993,161.600006,163.490005,129.652008,5354600
2007-10-18,162.740005,164.210007,162.009995,163.820007,129.913696,5387400
2007-10-19,163.419998,163.550003,158.929993,158.929993,126.035843,7698500
2007-10-22,158.119995,161.160004,157.720001,160.509995,127.288788,6776500
2007-10-23,161.500000,161.949997,160.190002,161.529999,128.097656,4853800
2007-10-24,160.869995,162.000000,158.820007,161.649994,128.192825,7787000
2007-10-25,161.619995,162.130005,159.250000,161.600006,128.153198,6642100
2007-10-26,163.089996,163.279999,161.190002,162.960007,129.231705,4231200
2007-10-29,163.360001,163.710007,162.500000,163.399994,129.580673,3551200
2007-10-30,162.699997,163.279999,161.889999,162.130005,128.573517,2977900
2007-10-31,163.029999,165.279999,162.500000,164.990005,130.841599,7374000
2007-11-01,163.479996,163.509995,161.089996,161.179993,127.820061,13456200
2007-11-02,162.210007,162.210007,159.770004,161.250000,127.875603,8043300
2007-11-05,159.399994,160.750000,158.869995,159.419998,126.424362,5122700
2007-11-06,160.360001,162.039993,159.320007,161.830002,128.335602,4907100
2007-11-07,160.220001,160.929993,158.070007,158.710007,125.861359,7252600
2007-11-08,159.169998,159.460007,155.550003,158.509995,125.702789,9932200
2007-11-09,156.979996,158.330002,155.720001,156.330002,123.973900,6716600
2007-11-12,156.460007,157.589996,153.570007,153.610001,121.816879,5604100
2007-11-13,155.210007,157.919998,155.210007,157.520004,124.917664,4172400
2007-11-14,158.639999,159.199997,156.820007,157.610001,124.989006,4999400
2007-11-15,156.770004,157.089996,154.300003,155.080002,122.982613,7312300
2007-11-16,155.869995,155.899994,153.360001,154.479996,122.506859,7938500
2007-11-19,153.880005,154.130005,151.660004,152.119995,120.635330,6200300
2007-11-20,152.029999,153.789993,149.910004,152.500000,120.936615,10421100
2007-11-21,151.419998,151.679993,149.270004,149.559998,118.605118,5507400
2007-11-23,150.940002,152.559998,150.509995,151.740005,120.333946,1355100
2007-11-26,151.820007,153.029999,148.940002,149.149994,118.279991,10164400
2007-11-27,150.259995,151.419998,149.229996,150.710007,119.517113,6292400
2007-11-28,152.389999,155.880005,152.259995,155.240005,123.109543,5000100
2007-11-29,154.660004,156.050003,154.449997,155.020004,122.934998,4373100
2007-11-30,157.169998,157.800003,155.500000,156.860001,124.394257,5057500
2007-12-03,156.399994,157.279999,155.740005,156.050003,123.751862,4495300
2007-12-04,154.750000,156.119995,154.389999,155.449997,123.276024,3803400
2007-12-05,157.410004,158.210007,156.509995,157.839996,125.171410,4462700
2007-12-06,157.639999,161.029999,157.610001,160.639999,127.391861,7096100
2007-12-07,161.470001,161.610001,160.570007,161.199997,127.836060,2936500
2007-12-10,161.639999,162.800003,161.139999,162.600006,128.946167,4192700
2007-12-11,162.830002,162.949997,157.500000,157.639999,125.012833,7292700
2007-12-12,161.509995,161.509995,156.710007,158.520004,125.710701,5332500
2007-12-13,157.520004,158.460007,156.360001,158.050003,125.337967,6077300
2007-12-14,156.940002,157.860001,155.360001,155.360001,123.204636,4884300
2007-12-17,155.220001,155.369995,153.020004,153.229996,121.515625,4236200
2007-12-18,154.509995,154.570007,151.929993,153.800003,121.967537,5960400
2007-12-19,153.960007,154.979996,153.300003,154.300003,122.364059,4864800
2007-12-20,155.279999,156.660004,153.529999,156.619995,124.203911,4825400
2007-12-21,157.779999,158.119995,156.750000,157.889999,125.569389,5626900
2007-12-24,158.889999,159.649994,158.169998,159.419998,126.786270,1998400
2007-12-26,158.880005,159.529999,158.460007,159.320007,126.706741,3588500
2007-12-27,158.720001,159.039993,156.639999,156.820007,124.718491,4399000
2007-12-28,157.970001,158.039993,156.210007,156.509995,124.471901,3358900
2007-12-31,156.410004,156.759995,154.919998,155.100006,123.350517,4807700
2008-01-02,155.490005,156.080002,153.130005,154.050003,122.515526,7292000
2008-01-03,154.050003,154.789993,152.509995,152.919998,121.616798,3932700
2008-01-04,151.089996,151.229996,148.100006,148.649994,118.220833,6443100
2008-01-07,149.059998,149.479996,146.589996,147.740005,117.497208,8633400
2008-01-08,148.309998,149.570007,144.160004,144.289993,114.753387,7809600
2008-01-09,144.600006,145.649994,141.779999,145.100006,115.397606,7014400
2008-01-10,144.119995,148.899994,143.600006,146.199997,116.272385,7125800
2008-01-11,145.679993,146.339996,144.070007,144.529999,114.944252,4019200
2008-01-14,145.809998,146.419998,144.630005,145.910004,116.041786,7353300
2008-01-15,144.380005,144.639999,142.369995,142.600006,113.409355,6876900
2008-01-16,142.050003,143.899994,140.509995,141.979996,112.916267,6635300
2008-01-17,142.429993,143.139999,137.869995,137.869995,109.647614,7350200
2008-01-18,138.779999,139.910004,135.830002,136.699997,108.717064,10010900
2008-01-22,131.820007,138.089996,130.119995,136.380005,108.462593,9811800
2008-01-23,133.529999,140.119995,132.789993,139.960007,111.309738,9725900
2008-01-24,140.610001,142.160004,139.669998,141.059998,112.184586,5870200
2008-01-25,142.630005,143.270004,139.610001,139.970001,111.317764,6209100
2008-01-28,139.830002,143.759995,138.720001,143.490005,114.117195,6016700
2008-01-29,144.160004,144.669998,142.580002,144.410004,114.848793,4730000
2008-01-30,143.679993,146.589996,142.220001,142.220001,113.107140,5290300
2008-01-31,140.839996,146.979996,140.600006,145.789993,115.946335,6590400
2008-02-01,146.270004,149.910004,145.699997,149.669998,119.032120,5122400
2008-02-04,149.360001,149.600006,148.000000,148.050003,117.743736,4297500
2008-02-05,146.139999,147.289993,144.199997,144.750000,115.119202,6031400
2008-02-06,145.020004,145.750000,142.410004,143.070007,113.783150,5622000
2008-02-07,142.000000,144.960007,141.259995,144.639999,115.031754,6403100
2008-02-08,143.970001,145.479996,142.960007,144.139999,114.634140,4385000
2008-02-11,144.419998,145.589996,142.910004,145.000000,115.318069,5355900
2008-02-12,145.960007,147.009995,144.380005,145.630005,115.819077,5046600
2008-02-13,146.740005,147.399994,145.770004,147.020004,116.924568,3978300
2008-02-14,147.520004,147.550003,144.699997,144.699997,115.079430,4662800
2008-02-15,144.149994,144.850006,142.960007,144.559998,114.968117,5062700
2008-02-19,146.179993,146.600006,144.289993,145.529999,115.739571,2893200
2008-02-20,144.020004,147.080002,143.669998,146.830002,116.773491,4031100
2008-02-21,147.660004,148.229996,144.649994,145.149994,115.437363,3653000
2008-02-22,145.220001,145.960007,143.039993,145.449997,115.675949,4843700
2008-02-25,145.639999,148.960007,145.039993,148.929993,118.443550,4200500
2008-02-26,148.240005,150.990005,148.080002,149.889999,119.207092,3036600
2008-02-27,149.000000,150.990005,148.479996,149.330002,118.761642,2442200
2008-02-28,148.500000,149.020004,147.199997,147.630005,117.409645,3371500
2008-02-29,146.369995,146.389999,142.919998,144.250000,114.721611,4889200
2008-03-03,143.360001,144.289993,142.050003,143.550003,114.164917,2982800
2008-03-04,142.309998,143.429993,140.750000,142.699997,113.488892,4428200
2008-03-05,143.399994,144.789993,142.389999,143.800003,114.363701,3982700
2008-03-06,142.960007,143.279999,139.419998,139.850006,111.222321,5101100
2008-03-07,138.460007,140.550003,137.160004,138.399994,110.069115,3756800
2008-03-10,138.589996,138.589996,135.520004,136.139999,108.271759,3448300
2008-03-11,138.869995,140.589996,136.529999,140.449997,111.699417,3997600
2008-03-12,140.279999,141.779999,139.220001,139.600006,111.023483,2996800
2008-03-13,137.839996,141.490005,136.669998,141.059998,112.184586,6302600
2008-03-14,142.130005,142.130005,137.059998,139.000000,110.546295,7705500
2008-03-17,135.570007,137.610001,134.240005,135.580002,107.826378,7867500
2008-03-18,138.179993,141.449997,137.550003,141.240005,112.327759,5237200
2008-03-19,141.720001,142.470001,137.039993,137.100006,109.035210,6577300
2008-03-20,137.360001,139.940002,136.110001,138.970001,110.840134,4068600
2008-03-24,139.899994,144.050003,139.899994,143.179993,114.197937,4004800
2008-03-25,143.100006,144.800003,142.470001,144.029999,114.875954,4349500
2008-03-26,143.740005,144.000000,142.300003,142.300003,113.496109,3342000
2008-03-27,143.149994,143.820007,141.369995,141.369995,112.754364,4777000
2008-03-28,141.690002,142.289993,139.970001,140.740005,112.251884,2886500
2008-03-31,140.229996,141.899994,139.789993,141.160004,112.586861,5116700
2008-04-01,142.929993,146.309998,142.679993,146.160004,116.574776,4055100
2008-04-02,146.240005,147.940002,145.720001,146.820007,117.101128,4168200
2008-04-03,146.050003,147.839996,146.020004,147.649994,117.763153,4866200
2008-04-04,147.429993,149.300003,147.050003,147.919998,117.978493,4335900
2008-04-07,148.889999,149.889999,147.850006,148.100006,118.122047,4455500
2008-04-08,147.350006,148.960007,147.190002,148.800003,118.680374,4082100
2008-04-09,148.610001,148.839996,145.690002,146.389999,116.758247,5022300
2008-04-10,146.160004,148.289993,145.699997,147.910004,117.970558,2779300
2008-04-11,146.360001,146.990005,144.919998,145.300003,115.888817,4156200
2008-04-14,145.240005,145.869995,144.589996,145.149994,115.769211,3494200
2008-04-15,145.800003,145.990005,144.350006,145.660004,116.175987,4232300
2008-04-16,146.669998,150.220001,146.669998,150.220001,119.812988,9680900
2008-04-17,149.360001,149.850006,148.380005,149.589996,119.310425,4334300
2008-04-18,151.639999,152.300003,150.699997,150.699997,120.195793,5687200
2008-04-21,150.539993,151.889999,150.509995,151.589996,120.905609,4803800
2008-04-22,150.990005,151.039993,148.699997,150.000000,119.637451,7038500
2008-04-23,150.039993,150.820007,149.110001,149.679993,119.382248,4143700
2008-04-24,149.960007,151.979996,148.440002,150.300003,119.876724,7189500
2008-04-25,151.589996,153.410004,150.860001,153.389999,122.341324,5293200
2008-04-28,153.440002,154.270004,152.460007,153.580002,122.492775,3731800
2008-04-29,153.449997,153.500000,151.960007,152.710007,121.798897,4306000
2008-04-30,152.970001,154.490005,152.059998,152.339996,121.503830,7021200
2008-05-01,152.300003,154.539993,151.770004,154.479996,123.210670,5889800
2008-05-02,155.550003,156.160004,154.039993,154.750000,123.426018,4541000
2008-05-05,154.179993,154.940002,153.710007,154.300003,123.067078,4902300
2008-05-06,153.759995,156.130005,153.429993,155.889999,124.335289,7394100
2008-05-07,155.940002,156.479996,153.759995,154.399994,123.146812,5162700
2008-05-08,154.419998,155.270004,153.789993,154.369995,123.122932,5645100
2008-05-09,154.169998,155.460007,153.740005,155.020004,123.641304,4368900
2008-05-12,155.350006,157.000000,154.470001,156.830002,125.084900,5223800
2008-05-13,157.139999,158.149994,156.399994,158.149994,126.137772,4536500
2008-05-14,158.660004,159.839996,158.190002,158.259995,126.225510,3770500
2008-05-15,158.559998,160.360001,158.039993,160.360001,127.900406,4480900
2008-05-16,161.000000,161.119995,159.309998,160.610001,128.099792,5106400
2008-05-19,160.850006,162.050003,159.649994,160.699997,128.171661,4161300
2008-05-20,160.009995,160.449997,158.940002,160.449997,127.972229,4773600
2008-05-21,160.149994,161.199997,157.419998,157.869995,125.914429,7668000
2008-05-22,157.710007,158.710007,157.479996,157.899994,125.938362,6230100
2008-05-23,157.429993,157.679993,155.220001,155.770004,124.239548,6106000
2008-05-27,156.440002,157.649994,156.009995,157.050003,125.260422,4626500
2008-05-28,157.949997,158.990005,157.000000,158.990005,126.807755,6572500
2008-05-29,158.529999,160.360001,158.520004,159.080002,126.879524,4391700
2008-05-30,159.389999,160.619995,159.259995,160.619995,128.107803,3434700
2008-06-02,160.039993,160.190002,158.039993,159.020004,126.831657,5235700
2008-06-03,159.479996,160.630005,157.710007,159.399994,127.134773,8312600
2008-06-04,158.679993,161.020004,158.649994,159.550003,127.254356,7470100
2008-06-05,160.229996,163.339996,160.110001,163.330002,130.269257,9756500
2008-06-06,162.190002,162.270004,158.589996,158.660004,126.544563,7186400
2008-06-09,159.130005,160.050003,157.460007,158.750000,126.616302,6666300
2008-06-10,157.869995,158.580002,156.860001,157.500000,125.619339,8501700
2008-06-11,157.710007,158.089996,155.000000,155.070007,123.681206,9130200
2008-06-12,155.750000,156.949997,154.460007,155.449997,123.984291,6649800
2008-06-13,156.119995,157.830002,155.759995,157.600006,125.699074,6745800
2008-06-16,156.919998,158.940002,156.889999,158.380005,126.321182,7080000
2008-06-17,159.279999,159.710007,158.610001,158.899994,126.735962,8898200
2008-06-18,158.110001,158.369995,156.619995,157.529999,125.643288,8709000
2008-06-19,157.710007,158.580002,156.940002,158.100006,126.097939,5540300
2008-06-20,156.839996,157.169998,154.779999,155.149994,124.086456,10163000
2008-06-23,155.770004,156.440002,154.610001,154.610001,123.654556,9074300
2008-06-24,154.399994,155.009995,152.649994,153.000000,122.366936,6714100
2008-06-25,153.669998,155.210007,153.250000,153.809998,123.014679,8210400
2008-06-26,152.669998,152.789993,149.690002,150.000000,119.967598,8163100
2008-06-27,149.880005,150.539993,148.720001,149.130005,119.271736,8372700
2008-06-30,149.300003,150.330002,148.559998,148.800003,119.007896,7071600
2008-07-01,147.080002,149.100006,146.050003,148.750000,118.967857,8985100
2008-07-02,149.009995,149.690002,144.250000,144.300003,115.408791,8115400
2008-07-03,144.779999,144.809998,142.020004,142.899994,114.289078,7162100
2008-07-07,143.889999,144.479996,140.320007,141.669998,113.305336,9014500
2008-07-08,141.750000,145.279999,139.830002,145.000000,115.968636,11149100
2008-07-09,145.190002,146.380005,142.600006,143.149994,114.489029,7844900
2008-07-10,143.100006,144.410004,141.699997,143.960007,115.136894,7439100
2008-07-11,142.580002,144.729996,140.699997,142.610001,114.057167,7712300
2008-07-14,144.059998,144.559998,140.990005,141.449997,113.129417,8690300
2008-07-15,140.360001,142.589996,137.779999,140.149994,112.089722,10560900
2008-07-16,140.770004,143.800003,139.289993,143.449997,114.728905,5890700
2008-07-17,144.600006,146.009995,143.460007,144.949997,115.928673,7380900
2008-07-18,146.259995,146.259995,144.509995,144.899994,115.888626,6647500
2008-07-21,145.889999,146.690002,145.089996,146.500000,117.168343,4036300
2008-07-22,145.479996,148.259995,144.940002,147.990005,118.360054,9215400
2008-07-23,147.850006,149.990005,147.580002,148.550003,118.807907,7538200
2008-07-24,148.399994,148.490005,143.520004,144.300003,115.408791,7365900
2008-07-25,144.860001,145.369995,143.779999,144.309998,115.416809,8275700
2008-07-28,144.380005,145.190002,142.600006,143.000000,114.369064,5942800
2008-07-29,143.160004,145.990005,143.149994,145.960007,116.736427,5102800
2008-07-30,146.539993,148.270004,145.520004,148.270004,118.583931,7522100
2008-07-31,146.860001,148.039993,145.619995,146.089996,116.840385,7114200
2008-08-01,146.169998,146.699997,144.449997,145.630005,116.472534,5709600
2008-08-04,145.699997,145.800003,142.589996,142.899994,114.289078,6634800
2008-08-05,143.990005,146.089996,143.220001,145.910004,116.696434,6377000
2008-08-06,145.509995,147.330002,145.100006,147.139999,117.680199,4495400
2008-08-07,146.050003,146.820007,144.440002,145.039993,116.000671,4951000
2008-08-08,144.740005,148.029999,144.529999,147.750000,118.168091,7966800
2008-08-11,147.759995,150.100006,147.410004,149.449997,119.527641,7650700
2008-08-12,148.889999,149.059998,147.419998,148.250000,118.568031,9479700
2008-08-13,147.690002,148.899994,146.550003,148.399994,118.687935,5153800
2008-08-14,147.639999,149.740005,147.539993,149.539993,119.599670,4167500
2008-08-15,150.270004,150.639999,148.850006,149.899994,119.887558,3228500
2008-08-18,150.119995,150.190002,146.960007,147.850006,118.248055,5327900
2008-08-19,146.910004,147.460007,145.470001,146.320007,117.024361,5010900
2008-08-20,146.809998,147.110001,145.470001,146.899994,117.488228,4806100
2008-08-21,145.830002,147.270004,145.479996,146.529999,117.192337,3085300
2008-08-22,147.539993,148.360001,146.899994,148.100006,118.448013,3924900
2008-08-25,147.490005,148.100006,144.649994,145.429993,116.312538,6205500
2008-08-26,145.500000,146.279999,144.660004,146.279999,116.992363,6571800
2008-08-27,146.190002,148.160004,145.929993,147.699997,118.128098,5647900
2008-08-28,148.460007,150.149994,148.070007,149.729996,119.751610,4253800
2008-08-29,149.389999,149.860001,147.880005,148.199997,118.527939,4217400
2008-09-02,149.820007,150.570007,146.110001,146.830002,117.432228,8855600
2008-09-03,146.529999,147.369995,145.020004,145.979996,116.752396,5401900
2008-09-04,145.050003,145.520004,141.669998,142.399994,113.889221,10293400
2008-09-05,141.369995,143.279999,139.309998,142.399994,113.889221,8918600
2008-09-08,146.600006,147.759995,142.919998,144.869995,115.864693,7082000
2008-09-09,144.669998,144.860001,138.990005,139.550003,111.609825,9664000
2008-09-10,140.160004,142.100006,138.669998,141.449997,113.129417,7586400
2008-09-11,139.690002,142.619995,137.899994,142.399994,113.889221,9228800
2008-09-12,141.100006,144.770004,140.690002,144.770004,115.784683,7847300
2008-09-15,139.600006,141.949997,137.419998,137.750000,110.170204,12911800
2008-09-16,134.990005,141.130005,134.250000,141.130005,112.873459,18827200
2008-09-17,138.470001,139.009995,133.850006,134.630005,107.674911,15302500
2008-09-18,136.029999,148.190002,131.600006,140.699997,112.529526,22438100
2008-09-19,148.479996,151.240005,143.059998,145.000000,116.329941,11713100
2008-09-22,145.500000,145.809998,139.250000,140.550003,112.759804,8380200
2008-09-23,139.529999,140.729996,136.910004,137.550003,110.352997,11702500
2008-09-24,138.000000,138.250000,135.899994,136.699997,109.671097,6637600
2008-09-25,136.899994,138.550003,136.179993,137.789993,110.545563,7194100
2008-09-26,135.330002,136.979996,134.619995,136.699997,109.671097,5841900
2008-09-29,134.600006,134.940002,125.790001,127.000000,101.889008,14044500
2008-09-30,129.330002,132.460007,103.500000,131.800003,105.739929,8485300
2008-10-01,130.869995,131.850006,128.979996,131.850006,105.780022,7284900
2008-10-02,130.000000,130.199997,123.000000,124.000000,99.482185,7886500
2008-10-03,124.510002,126.720001,119.680000,119.940002,96.224899,11964500
2008-10-06,117.279999,117.559998,108.959999,114.500000,91.860535,17344000
2008-10-07,116.650002,116.919998,107.720001,108.400002,86.966675,13226400
2008-10-08,105.199997,111.070000,104.510002,107.500000,86.244598,19062700
2008-10-09,109.519997,110.190002,98.349998,98.349998,78.903801,13373100
2008-10-10,95.440002,102.250000,91.930000,100.000000,80.227570,27593700
2008-10-13,104.089996,112.000000,102.989998,112.000000,89.854866,10091400
2008-10-14,114.320000,114.760002,104.930000,108.699997,87.207344,15166500
2008-10-15,106.610001,107.059998,95.760002,96.029999,77.042511,11964200
2008-10-16,98.300003,101.680000,92.580002,101.669998,81.567360,15514600
2008-10-17,97.430000,105.410004,97.330002,100.129997,80.331833,14282500
2008-10-20,102.220001,105.559998,100.900002,105.250000,84.439499,8653500
2008-10-21,103.760002,105.470001,102.169998,102.650002,82.353584,6629400
2008-10-22,99.510002,100.269997,94.160004,98.129997,78.727318,9849500
2008-10-23,97.180000,97.690002,89.660004,93.379997,74.916489,13000700
2008-10-24,85.720001,93.059998,85.269997,89.300003,71.643211,11998900
2008-10-27,89.239998,92.050003,85.900002,86.080002,69.059883,6259700
2008-10-28,89.339996,95.779999,86.000000,95.199997,76.376625,12307600
2008-10-29,94.690002,99.879997,93.620003,95.400002,76.537102,10091100
2008-10-30,98.930000,101.879997,97.110001,101.879997,81.735840,7592400
2008-10-31,100.650002,104.519997,98.889999,103.400002,82.955284,7493900
2008-11-03,103.110001,104.500000,102.540001,103.790001,83.268150,4812600
2008-11-04,105.139999,106.239998,103.730003,105.599998,84.720299,5382300
2008-11-05,104.089996,105.599998,100.250000,100.900002,80.949593,6937100
2008-11-06,99.709999,100.680000,95.650002,95.650002,76.737663,9195000
2008-11-07,96.839996,99.699997,95.639999,99.699997,79.986862,6987000
2008-11-10,100.709999,100.809998,94.930000,96.099998,77.098679,6592700
2008-11-11,94.599998,95.930000,92.160004,92.580002,74.274658,8878000
2008-11-12,91.839996,92.580002,88.419998,88.449997,70.961266,8424800
2008-11-13,89.129997,96.750000,85.129997,96.639999,77.531906,18163000
2008-11-14,94.279999,95.489998,89.309998,89.309998,71.651245,12730600
2008-11-17,89.680000,92.150002,88.699997,89.300003,71.643211,9448900
2008-11-18,89.500000,91.000000,85.699997,91.000000,73.007103,12617400
2008-11-19,89.099998,89.739998,82.309998,82.750000,66.388290,14498100
2008-11-20,81.500000,82.769997,74.510002,76.199997,61.133373,15425500
2008-11-21,77.720001,80.699997,74.070000,79.500000,63.780922,26688500
2008-11-24,81.139999,87.500000,81.040001,86.000000,68.995689,15292100
2008-11-25,87.279999,88.339996,84.889999,86.930000,69.741837,11938800
2008-11-26,86.129997,93.050003,86.050003,92.500000,74.210503,11600600
2008-11-28,92.080002,93.790001,91.419998,93.589996,75.084969,2198100
2008-12-01,90.940002,91.400002,83.360001,83.989998,67.383110,15156800
2008-12-02,85.419998,87.760002,84.019997,87.699997,70.359566,14104400
2008-12-03,85.919998,90.000000,85.279999,89.400002,71.723434,14423400
2008-12-04,88.190002,91.010002,84.980003,86.959999,69.765846,12207500
2008-12-05,85.500000,90.900002,83.570000,90.540001,72.638016,14550800
2008-12-08,93.110001,94.959999,92.059998,94.879997,76.119904,9228500
2008-12-09,93.580002,96.160004,91.309998,92.080002,73.873535,12474000
2008-12-10,92.790001,95.139999,92.269997,94.480003,75.799004,7850400
2008-12-11,93.339996,95.260002,89.089996,90.050003,72.244919,11322000
2008-12-12,87.360001,93.290001,87.160004,92.690002,74.362915,10339600
2008-12-15,93.010002,93.660004,88.809998,90.269997,72.421410,7983600
2008-12-16,95.959999,95.959999,91.419998,95.959999,76.986359,11267800
2008-12-17,94.720001,98.209999,93.849998,96.599998,77.499802,6529000
2008-12-18,96.769997,97.150002,93.330002,95.519997,76.633369,8790500
2008-12-19,95.610001,96.489998,94.010002,94.809998,76.508293,9313000
2008-12-22,94.839996,94.889999,90.529999,93.089996,75.120300,8647200
2008-12-23,93.510002,93.949997,91.309998,91.639999,73.950211,6425900
2008-12-24,91.800003,92.370003,90.860001,92.269997,74.458572,1611900
2008-12-26,92.809998,93.510002,92.040001,93.400002,75.370461,2420600
2008-12-29,93.320000,93.730003,91.040001,92.360001,74.531227,3531200
2008-12-30,92.900002,95.330002,92.699997,95.330002,76.927902,5410800
2008-12-31,95.150002,98.370003,95.000000,97.160004,78.404678,8336900
2009-01-02,97.779999,100.610001,96.500000,99.790001,80.526962,9122600
2009-01-05,99.930000,100.800003,98.180000,100.199997,80.857803,5319200
2009-01-06,100.750000,102.459999,100.089996,101.540001,81.939148,6608600
2009-01-07,99.580002,100.230003,97.500000,98.430000,79.429489,5347100
2009-01-08,97.889999,99.199997,97.199997,98.919998,79.824936,7380800
2009-01-09,99.129997,99.320000,95.610001,96.250000,77.670334,6022600
2009-01-12,96.250000,96.570000,92.900002,93.660004,75.580269,5554600
2009-01-13,93.290001,95.190002,92.820000,94.660004,76.387245,6864400
2009-01-14,92.989998,93.220001,90.500000,91.029999,73.457970,8467900
2009-01-15,91.050003,93.629997,88.180000,92.290001,74.474739,10743000
2009-01-16,94.250000,94.739998,91.099998,93.849998,75.733589,8771200
2009-01-20,93.040001,93.370003,88.190002,88.220001,71.190392,8684000
2009-01-21,89.809998,92.500000,87.910004,92.300003,74.482788,11269900
2009-01-22,90.529999,92.260002,88.559998,90.000000,72.626770,10728400
2009-01-23,88.019997,92.220001,87.639999,91.010002,73.441811,10910600
2009-01-26,91.120003,93.589996,90.220001,91.570000,73.893692,6758500
2009-01-27,92.230003,93.320000,91.320000,92.900002,74.966980,7212900
2009-01-28,94.699997,96.760002,94.430000,96.489998,77.863953,5966400
2009-01-29,95.129997,95.180000,92.769997,93.279999,75.273643,6838500
2009-01-30,93.849998,94.150002,89.989998,90.690002,73.183578,8679000
2009-02-02,89.209999,91.400002,88.980003,90.790001,73.264297,7719400
2009-02-03,91.250000,92.239998,89.970001,91.669998,73.974396,7102600
2009-02-04,91.720001,93.449997,90.839996,91.639999,73.950211,7113500
2009-02-05,90.769997,93.730003,90.019997,92.839996,74.918549,6886300
2009-02-06,92.900002,96.699997,92.699997,96.540001,77.904343,10246900
2009-02-09,96.279999,97.190002,95.250000,96.190002,77.621887,7521500
2009-02-10,95.580002,96.680000,91.459999,92.190002,74.394043,11502700
2009-02-11,92.379997,93.239998,90.650002,92.120003,74.337547,9185700
2009-02-12,90.510002,92.879997,89.510002,92.879997,74.950829,12052600
2009-02-13,92.820000,93.680000,91.550003,91.919998,74.176178,10023300
2009-02-17,88.480003,89.470001,87.680000,87.889999,70.924088,8933000
2009-02-18,88.570000,88.779999,86.160004,87.000000,70.205910,10723400
2009-02-19,87.980003,88.470001,85.449997,85.639999,69.108406,10954000
2009-02-20,84.070000,85.919998,82.660004,84.910004,68.519371,15831400
2009-02-23,85.620003,85.709999,81.430000,81.510002,65.775650,16405400
2009-02-24,82.260002,85.480003,81.750000,84.949997,68.551590,14682200
2009-02-25,84.540001,85.720001,82.500000,83.970001,67.760796,20346500
2009-02-26,84.980003,85.279999,82.169998,82.750000,66.776276,11764700
2009-02-27,81.080002,83.889999,80.669998,82.120003,66.267883,14094800
2009-03-02,80.129997,80.400002,76.790001,77.010002,62.144329,11480400
2009-03-03,78.099998,78.209999,75.739998,76.410004,61.660152,11259100
2009-03-04,77.529999,80.000000,77.000000,78.589996,63.419312,14357900
2009-03-05,76.849998,77.809998,74.550003,74.940002,60.473881,10716700
2009-03-06,75.639999,76.320000,72.550003,74.430000,60.062344,10435700
2009-03-09,73.510002,75.779999,73.379997,73.629997,59.416794,9775400
2009-03-10,75.610001,78.910004,75.230003,78.739998,63.540382,9264300
2009-03-11,79.360001,80.559998,78.239998,79.120003,63.847015,8459900
2009-03-12,79.110001,83.169998,77.980003,82.669998,66.711731,7554100
2009-03-13,83.589996,83.660004,81.879997,83.139999,67.090988,8225900
2009-03-16,84.120003,84.620003,81.930000,82.019997,66.187225,6046600
2009-03-17,82.110001,85.080002,81.349998,85.029999,68.616173,8543300
2009-03-18,84.760002,88.389999,83.620003,87.820000,70.867630,9263100
2009-03-19,88.760002,88.910004,86.839996,87.120003,70.302742,7294800
2009-03-20,87.529999,87.610001,83.889999,84.250000,68.250740,6291200
2009-03-23,86.779999,90.650002,85.860001,90.599998,73.394852,9324300
2009-03-24,89.099998,90.389999,88.180000,88.760002,71.904305,5703200
2009-03-25,89.160004,91.129997,86.400002,89.360001,72.390358,8703300
2009-03-26,90.589996,92.949997,89.980003,92.910004,75.266182,8792500
2009-03-27,91.589996,91.989998,90.440002,90.639999,73.427254,6707600
2009-03-30,88.489998,88.629997,86.620003,87.660004,71.013214,5733600
2009-03-31,88.519997,90.400002,87.639999,88.589996,71.766563,7876300
2009-04-01,87.019997,90.070000,86.519997,89.800003,72.746803,6916500
2009-04-02,92.370003,94.889999,92.010002,93.610001,75.833267,12685800
2009-04-03,93.550003,95.360001,92.790001,95.279999,77.186150,6127200
2009-04-06,94.449997,94.660004,92.650002,94.150002,76.270729,8606200
2009-04-07,92.730003,92.970001,90.970001,91.089996,73.791809,4462000
2009-04-08,91.720001,92.709999,90.889999,92.510002,74.942154,4748100
2009-04-09,94.760002,97.449997,94.410004,97.379997,78.887329,9086200
2009-04-13,96.459999,97.959999,95.239998,97.300003,78.822533,5499200
2009-04-14,95.980003,97.370003,94.830002,94.930000,76.902588,5079000
2009-04-15,94.360001,96.330002,94.000000,96.040001,77.801781,5182200
2009-04-16,97.080002,99.529999,95.849998,98.610001,79.883736,6110600
2009-04-17,98.989998,100.540001,98.089996,99.809998,80.855850,5625400
2009-04-20,97.790001,98.099998,94.620003,94.879997,76.862106,5774800
2009-04-21,94.059998,97.510002,93.900002,97.339996,78.854912,2149400
2009-04-22,96.070000,100.209999,95.849998,97.599998,79.065567,8724300
2009-04-23,98.120003,98.190002,95.610001,97.410004,78.911613,8911700
2009-04-24,98.419998,100.809998,97.540001,99.760002,80.815353,6416000
2009-04-27,98.459999,100.589996,98.190002,98.919998,80.134911,9365400
2009-04-28,98.019997,100.750000,97.470001,99.230003,80.386017,10622100
2009-04-29,100.440002,103.110001,99.919998,101.879997,82.532784,12349700
2009-04-30,103.470001,104.510002,101.589996,101.680000,82.370758,8667700
2009-05-01,101.230003,102.599998,100.690002,101.559998,82.273521,15673700
2009-05-04,102.730003,105.820000,102.279999,105.739998,85.659744,9115100
2009-05-05,105.290001,105.830002,103.839996,105.029999,85.084587,6665800
2009-05-06,106.339996,106.589996,103.720001,105.830002,85.732666,5423900
2009-05-07,107.169998,107.360001,102.580002,103.230003,83.626404,7995300
2009-05-08,104.680000,106.839996,103.919998,106.410004,86.202499,6397100
2009-05-11,104.720001,105.529999,103.709999,104.349998,84.533722,4864300
2009-05-12,104.949997,105.580002,101.470001,103.190002,83.593987,6103400
2009-05-13,101.570000,101.739998,98.660004,98.839996,80.070091,8873100
2009-05-14,98.989998,101.349998,98.489998,100.190002,81.163712,4597900
2009-05-15,99.919998,101.150002,98.760002,99.419998,80.539940,5444900
2009-05-18,100.379997,103.269997,100.050003,102.959999,83.407684,5477500
2009-05-19,102.860001,104.519997,102.199997,103.400002,83.764114,4544100
2009-05-20,104.300003,106.040001,102.480003,102.570000,83.091736,6223500
2009-05-21,101.320000,101.959999,99.699997,101.070000,81.876595,6297100
2009-05-22,101.459999,101.779999,99.989998,100.199997,81.171776,3754100
2009-05-26,99.269997,104.349998,99.190002,104.110001,84.339310,6752900
2009-05-27,103.699997,104.980003,102.279999,102.510002,83.043121,4776100
2009-05-28,103.290001,103.779999,100.870003,102.980003,83.423897,5440500
2009-05-29,103.410004,104.970001,102.989998,104.669998,84.792953,5125900
2009-06-01,106.720001,109.150002,106.349998,108.589996,87.968506,6036900
2009-06-02,108.160004,109.620003,107.709999,109.150002,88.422180,4639000
2009-06-03,108.099998,108.370003,106.269997,107.330002,86.947815,3818300
2009-06-04,107.930000,108.839996,106.709999,108.809998,88.146736,4088300
2009-06-05,109.839996,110.019997,107.489998,108.570000,87.952339,4993800
2009-06-08,107.769997,108.760002,106.389999,107.830002,87.352852,3784600
2009-06-09,108.339996,109.589996,107.970001,108.779999,88.122452,4022600
2009-06-10,109.930000,109.970001,106.930000,108.529999,87.919907,4179600
2009-06-11,108.699997,110.169998,108.699997,108.809998,88.146736,5097700
2009-06-12,108.260002,108.809998,107.160004,108.730003,88.081963,3416000
2009-06-15,107.489998,107.519997,105.110001,106.110001,85.959480,4758500
2009-06-16,106.870003,107.080002,103.900002,104.269997,84.468925,6108000
2009-06-17,104.220001,105.339996,102.949997,104.199997,84.412186,9380200
2009-06-18,104.279999,105.209999,103.320000,104.940002,85.011665,4164800
2009-06-19,105.690002,106.000000,104.230003,104.669998,85.112473,3621400
2009-06-22,103.879997,103.930000,101.089996,101.089996,82.201401,5199100
2009-06-23,101.580002,101.940002,100.050003,100.650002,81.843651,6797500
2009-06-24,101.360001,102.970001,101.230003,102.000000,82.941376,3573000
2009-06-25,101.389999,104.690002,101.339996,104.610001,85.063713,5440000
2009-06-26,103.930000,105.279999,103.639999,104.610001,85.063713,3278100
2009-06-29,105.050003,105.900002,103.800003,105.589996,85.860619,3167600
2009-06-30,105.519997,106.080002,104.089996,105.199997,85.543465,6147500
2009-07-01,105.750000,107.110001,105.750000,106.070000,86.250916,4066600
2009-07-02,104.480003,104.550003,102.779999,103.059998,83.803329,3937300
2009-07-06,102.080002,102.489998,100.650002,102.150002,83.063347,2956700
2009-07-07,102.110001,102.120003,99.660004,99.680000,81.054886,4637300
2009-07-08,100.220001,100.470001,97.900002,99.389999,80.819046,5111000
2009-07-09,99.930000,100.300003,98.910004,99.519997,80.924789,4358300
2009-07-10,98.839996,100.139999,98.349998,99.389999,80.819046,3093600
2009-07-13,99.790001,101.889999,98.110001,101.849998,82.819405,3857300
2009-07-14,101.809998,102.730003,101.190002,102.599998,83.429268,3703200
2009-07-15,104.339996,106.050003,104.010002,105.739998,85.982567,3580800
2009-07-16,105.500000,107.750000,105.339996,107.269997,87.226692,2837200
2009-07-17,107.430000,107.500000,106.470001,106.900002,86.925804,2789000
2009-07-20,107.889999,108.779999,107.519997,108.489998,88.218742,5663700
2009-07-21,109.510002,109.610001,107.199997,108.699997,88.389488,3604700
2009-07-22,108.190002,109.800003,108.000000,109.239998,88.828590,2806500
2009-07-23,109.199997,112.690002,109.019997,112.160004,91.202995,7609400
2009-07-24,111.559998,113.129997,111.050003,113.010002,91.894157,2610100
2009-07-27,112.860001,113.610001,112.150002,113.489998,92.284470,3263200
2009-07-28,112.889999,113.879997,112.029999,113.290001,92.121880,6008700
2009-07-29,112.680000,113.180000,111.970001,112.480003,91.463211,3192600
2009-07-30,113.980003,115.169998,113.510002,113.949997,92.658524,3460000
2009-07-31,113.720001,115.059998,113.650002,113.959999,92.666672,3615200
2009-08-03,115.150002,116.510002,114.449997,116.480003,94.715820,4305200
2009-08-04,115.910004,117.779999,115.699997,117.500000,95.545227,3676000
2009-08-05,117.610001,117.629997,115.839996,117.019997,95.154900,3664300
2009-08-06,117.489998,117.940002,115.699997,116.070000,94.382423,2927600
2009-08-07,117.870003,119.760002,117.080002,118.900002,96.683647,3596300
2009-08-10,118.459999,119.000000,117.459999,118.410004,96.285194,3166500
2009-08-11,117.779999,118.029999,116.269997,116.720001,94.910950,3382500
2009-08-12,116.730003,119.230003,116.730003,118.269997,96.171364,6016900
2009-08-13,118.889999,119.320000,117.379997,119.320000,97.025139,3415500
2009-08-14,119.089996,119.129997,116.500000,117.510002,95.553345,4993900
2009-08-17,115.680000,115.720001,114.010002,114.110001,92.788643,5151100
2009-08-18,114.760002,115.879997,114.190002,115.629997,94.024620,3767000
2009-08-19,114.370003,116.769997,114.209999,116.430000,94.675179,3151200
2009-08-20,116.309998,117.849998,115.949997,117.699997,95.707870,2515300
2009-08-21,118.570000,120.199997,118.339996,119.949997,97.537430,4503300
2009-08-24,120.300003,120.900002,119.150002,119.629997,97.277267,2907200
2009-08-25,120.129997,125.510002,119.809998,120.139999,97.691956,3946100
2009-08-26,119.849998,120.769997,119.290001,120.050003,97.618759,2594700
2009-08-27,119.849998,120.750000,117.809998,120.440002,97.935890,3668900
2009-08-28,121.750000,121.959999,119.599998,120.570000,98.041603,4034700
2009-08-31,119.500000,119.720001,118.410004,118.930000,96.708038,2620900
2009-09-01,118.300003,120.709999,116.309998,116.449997,94.691422,5361100
2009-09-02,116.180000,116.849998,115.589996,115.870003,94.219826,2960800
2009-09-03,116.540001,118.379997,115.239998,117.400002,95.463905,1983500
2009-09-04,117.370003,119.070000,116.760002,118.970001,96.740570,1667800
2009-09-08,120.050003,120.650002,119.290001,120.570000,98.041603,1903000
2009-09-09,120.419998,122.919998,120.070000,122.059998,99.253174,2893600
2009-09-10,122.080002,123.570000,121.230003,123.339996,100.294014,2597000
2009-09-11,123.660004,124.440002,122.940002,123.610001,100.513557,2467100
2009-09-14,122.650002,125.120003,122.529999,125.070000,101.700790,3101000
2009-09-15,125.089996,126.449997,124.580002,126.150002,102.578964,2539700
2009-09-16,126.550003,128.559998,126.220001,128.520004,104.506149,2985200
2009-09-17,128.339996,131.169998,127.279999,127.919998,104.018272,3732300
2009-09-18,128.139999,128.240005,126.669998,127.309998,103.838013,2534400
2009-09-21,126.029999,127.379997,125.540001,127.010002,103.593338,2242500
2009-09-22,127.709999,128.169998,127.050003,127.669998,104.131653,2853600
2009-09-23,128.149994,128.389999,125.949997,126.150002,102.891846,4201300
2009-09-24,126.260002,126.739998,123.169998,123.970001,101.113808,3603400
2009-09-25,123.669998,124.250000,122.639999,123.239998,100.518394,3030400
2009-09-28,123.870003,126.120003,123.510002,125.660004,102.492203,1635400
2009-09-29,125.889999,127.029999,125.559998,126.080002,102.834770,2040500
2009-09-30,126.459999,126.870003,123.769997,125.269997,102.174110,4517500
2009-10-01,125.000000,125.980003,121.489998,121.680000,99.246010,6832500
2009-10-02,120.529999,121.669998,120.070000,120.370003,98.177536,3273600
2009-10-05,120.989998,123.269997,120.650002,123.000000,100.322662,3192200
2009-10-06,124.000000,125.660004,123.550003,124.690002,101.701057,3379300
2009-10-07,124.410004,125.089996,124.010002,124.669998,101.684753,2976300
2009-10-08,125.519997,127.209999,125.209999,126.370003,103.071297,3817500
2009-10-09,126.419998,127.540001,126.019997,127.459999,103.960327,3311600
2009-10-12,128.110001,128.580002,127.059998,127.660004,104.123505,1684700
2009-10-13,127.250000,127.639999,126.209999,127.040001,103.617767,3076100
2009-10-14,128.679993,129.529999,127.809998,129.360001,105.510010,3214700
2009-10-15,128.679993,129.860001,128.479996,129.770004,105.844513,2639700
2009-10-16,128.850006,129.149994,127.650002,128.490005,104.800468,2235700
2009-10-19,128.710007,130.410004,128.199997,129.889999,105.942337,2459200
2009-10-20,130.100006,130.160004,127.910004,128.750000,105.012505,2384200
2009-10-21,128.470001,130.440002,127.389999,127.470001,103.968529,3306800
2009-10-22,127.440002,129.529999,126.199997,129.009995,105.224586,4604600
2009-10-23,129.449997,129.830002,126.980003,127.379997,103.895119,3415300
2009-10-26,127.500000,129.270004,125.650002,126.120003,102.867409,3407000
2009-10-27,126.300003,126.720001,124.349998,124.629997,101.652115,4393900
2009-10-28,124.370003,124.510002,120.449997,120.660004,98.414055,3794500
2009-10-29,121.449997,123.570000,121.239998,123.139999,100.436813,3026600
2009-10-30,122.709999,123.000000,119.330002,119.620003,97.565811,6975800
2009-11-02,120.370003,121.820000,118.379997,120.250000,98.079651,5693300
2009-11-03,119.540001,121.889999,119.019997,121.709999,99.270462,4705200
2009-11-04,122.699997,123.339996,121.040001,121.040001,98.723991,3099800
2009-11-05,122.279999,124.099998,121.709999,124.019997,101.154556,2578900
2009-11-06,122.779999,124.779999,122.379997,123.750000,100.934380,2583200
2009-11-09,124.910004,126.830002,124.849998,126.830002,103.446541,2395000
2009-11-10,126.360001,127.279999,125.739998,126.680000,103.324135,2308400
2009-11-11,127.809998,128.600006,126.720001,127.580002,104.058220,2342400
2009-11-12,127.709999,128.309998,125.540001,125.750000,102.565620,2752500
2009-11-13,126.349998,127.440002,125.279999,127.040001,103.617767,2378500
2009-11-16,127.959999,129.809998,127.900002,128.990005,105.208282,3113100
2009-11-17,128.619995,129.149994,128.139999,128.970001,105.191963,1857700
2009-11-18,128.940002,129.059998,127.839996,128.419998,104.743370,2158100
2009-11-19,127.309998,127.360001,125.040001,125.849998,102.647171,2876400
2009-11-20,125.070000,125.489998,124.349998,125.089996,102.027267,2297000
2009-11-23,126.639999,127.860001,125.910004,126.300003,103.014206,1831300
2009-11-24,126.309998,126.389999,124.930000,126.029999,102.794029,2219100
2009-11-25,126.410004,127.080002,125.959999,126.889999,103.495415,1166400
2009-11-27,122.690002,125.769997,122.430000,124.290001,101.374794,1426900
2009-11-30,124.220001,124.739998,123.070000,124.639999,101.660263,2250500
2009-12-01,125.470001,126.910004,125.470001,126.489998,103.169159,2460300
2009-12-02,126.449997,128.100006,126.300003,127.290001,103.821686,1689900
2009-12-03,127.660004,128.429993,125.889999,125.900002,102.687988,1524500
2009-12-04,127.919998,129.029999,126.010002,127.680000,104.139778,4751500
2009-12-07,127.500000,128.479996,127.180000,127.589996,104.066383,1880300
2009-12-08,126.550003,127.559998,125.489998,126.550003,103.218147,2783900
2009-12-09,126.449997,127.040001,125.389999,126.650002,103.299706,2499900
2009-12-10,127.360001,128.259995,127.120003,127.470001,103.968529,1838400
2009-12-11,128.259995,128.970001,127.440002,128.580002,104.873840,1131400
2009-12-14,129.479996,130.389999,128.649994,130.289993,106.268593,1746100
2009-12-15,129.699997,130.690002,129.500000,130.190002,106.187042,3278000
2009-12-16,131.029999,131.479996,130.529999,130.899994,106.766144,1783400
2009-12-17,129.919998,130.389999,129.240005,129.880005,105.934181,1956900
2009-12-18,129.899994,129.970001,128.389999,129.809998,106.276436,4092900
2009-12-21,130.699997,131.539993,130.570007,131.259995,107.463516,1842400
2009-12-22,131.720001,132.990005,131.520004,132.559998,108.527863,1614700
2009-12-23,132.919998,133.669998,132.339996,133.529999,109.322014,1983500
2009-12-24,133.759995,134.250000,133.759995,134.199997,109.870552,796900
2009-12-28,134.779999,134.839996,133.789993,134.130005,109.813225,1545400
2009-12-29,134.339996,134.500000,133.750000,133.910004,109.633080,1168900
2009-12-30,133.380005,134.100006,133.050003,133.410004,109.223747,2525600
2009-12-31,133.449997,134.000000,131.740005,131.740005,107.856506,2651400
2010-01-04,133.070007,134.270004,133.039993,133.949997,109.665848,2830500
2010-01-05,133.699997,134.309998,133.059998,134.289993,109.944176,1285600
2010-01-06,134.419998,135.240005,134.320007,135.020004,110.541862,1771700
2010-01-07,134.770004,135.820007,134.160004,135.660004,111.065834,1580200
2010-01-08,135.470001,136.539993,135.130005,136.509995,111.761765,1235300
2010-01-11,137.110001,137.179993,135.869995,136.240005,111.540703,1984400
2010-01-12,135.520004,135.679993,134.039993,134.690002,110.271690,1634400
2010-01-13,135.199997,136.520004,134.270004,136.410004,111.679810,1754600
2010-01-14,136.009995,136.910004,135.869995,136.669998,111.892746,1042300
2010-01-15,136.539993,136.880005,134.460007,134.839996,110.394470,2350800
2010-01-19,135.119995,136.619995,135.070007,136.559998,111.802681,1738400
2010-01-20,135.529999,135.789993,134.240005,135.490005,110.926666,1807400
2010-01-21,135.710007,136.360001,133.460007,133.729996,109.485725,3151600
2010-01-22,133.660004,133.839996,130.720001,130.919998,107.185158,4211800
2010-01-25,131.940002,132.100006,130.529999,131.320007,107.512665,2681100
2010-01-26,131.089996,132.089996,130.369995,130.820007,107.103287,2467800
2010-01-27,130.460007,131.240005,129.229996,131.009995,107.258827,3150900
2010-01-28,131.289993,131.350006,128.339996,129.369995,105.916161,4418200
2010-01-29,129.520004,130.919998,127.449997,127.500000,104.385178,5319700
2010-02-01,127.800003,129.490005,127.779999,129.399994,105.940735,3812700
2010-02-02,129.710007,131.589996,129.190002,131.220001,107.430771,2220300
2010-02-03,130.710007,131.350006,130.009995,130.610001,106.931389,2687200
2010-02-04,129.570007,129.589996,126.330002,126.330002,103.427299,4951000
2010-02-05,126.379997,126.690002,123.760002,126.680000,103.713829,5068600
2010-02-08,126.529999,127.449997,125.379997,125.760002,102.960640,2796000
2010-02-09,127.309998,128.160004,126.019997,127.349998,104.262352,3871200
2010-02-10,127.050003,128.039993,125.870003,127.320000,104.237831,2905000
2010-02-11,127.080002,129.130005,126.330002,129.080002,105.678772,3823000
2010-02-12,127.709999,129.970001,127.379997,129.889999,106.341911,3990400
2010-02-16,131.380005,132.199997,130.470001,132.100006,108.151268,2557700
2010-02-17,132.580002,133.160004,132.179993,133.039993,108.920815,2148000
2010-02-18,133.029999,134.020004,132.869995,134.020004,109.723137,2862700
2010-02-19,133.750000,134.740005,133.330002,134.259995,109.919662,3272100
2010-02-22,135.000000,135.100006,134.089996,134.449997,110.075211,1977200
2010-02-23,134.139999,134.429993,132.559998,132.630005,108.585159,3800600
2010-02-24,133.089996,134.119995,132.860001,133.830002,109.567604,2539400
2010-02-25,132.139999,134.240005,131.679993,134.139999,109.821404,2686600
2010-02-26,134.199997,134.389999,133.130005,133.949997,109.665848,2382900
2010-03-01,134.639999,136.500000,134.610001,136.419998,111.688011,3514200
2010-03-02,136.990005,137.910004,136.809998,137.350006,112.449425,4593900
2010-03-03,138.050003,138.779999,137.559998,137.990005,112.973442,2427400
2010-03-04,138.220001,138.619995,137.500000,138.029999,113.006195,1926500
2010-03-05,138.750000,140.059998,138.529999,139.990005,114.610870,3223700
2010-03-08,139.960007,140.500000,139.949997,140.259995,114.831909,1508900
2010-03-09,139.839996,141.190002,139.839996,140.300003,114.864624,2411000
2010-03-10,140.369995,141.589996,140.339996,141.440002,115.797989,2909400
2010-03-11,140.789993,142.240005,140.429993,142.070007,116.313774,2781200
2010-03-12,142.820007,142.820007,141.429993,142.479996,116.649406,3217300
2010-03-15,142.339996,142.619995,141.020004,142.130005,116.362877,2645300
2010-03-16,142.639999,143.800003,142.119995,143.779999,117.713753,2344500
2010-03-17,144.190002,145.360001,144.169998,144.800003,118.548805,2044200
2010-03-18,144.899994,145.160004,143.929993,144.119995,117.992111,3554500
2010-03-19,142.179993,144.220001,141.940002,142.179993,116.724510,3597500
2010-03-22,141.240005,144.100006,141.139999,143.929993,118.161171,3542200
2010-03-23,144.020004,145.220001,143.429993,145.220001,119.220291,2382500
2010-03-24,144.449997,144.820007,143.779999,143.889999,118.128357,2139100
2010-03-25,144.990005,145.259995,142.820007,142.929993,117.340210,3036200
2010-03-26,143.229996,143.919998,142.080002,142.649994,117.110367,2714300
2010-03-29,143.429993,143.949997,142.479996,143.910004,118.144836,1468200
2010-03-30,143.960007,144.779999,143.300003,144.149994,118.341835,2067300
2010-03-31,143.660004,144.639999,142.910004,143.160004,117.529068,2915500
2010-04-01,144.190002,145.160004,143.559998,144.690002,118.785118,2188300
2010-04-05,145.199997,146.949997,144.960007,146.940002,120.632286,1528400
2010-04-06,146.360001,147.889999,146.360001,147.660004,121.223404,2282400
2010-04-07,147.470001,147.529999,145.809998,146.630005,120.377754,2517200
2010-04-08,146.100006,146.990005,145.100006,146.360001,120.156166,2376600
2010-04-09,146.600006,147.850006,145.899994,147.850006,121.379387,2357900
2010-04-12,147.919998,148.149994,147.360001,148.039993,121.535309,1478200
2010-04-13,147.820007,148.649994,147.100006,148.570007,121.970482,1791000
2010-04-14,149.429993,150.800003,148.990005,150.750000,123.760231,3635500
2010-04-15,150.570007,151.369995,150.380005,150.720001,123.735542,3275100
2010-04-16,150.199997,150.729996,147.899994,148.860001,122.208603,4732500
2010-04-19,148.330002,149.369995,146.710007,148.399994,121.830940,4433200
2010-04-20,149.070007,150.389999,148.710007,150.350006,123.431786,2302800
2010-04-21,150.339996,151.080002,149.940002,150.820007,123.817642,2990000
2010-04-22,149.619995,152.830002,149.089996,152.619995,125.295418,1808200
2010-04-23,152.830002,154.259995,152.169998,154.029999,126.452972,3621500
2010-04-26,154.070007,154.800003,153.309998,153.619995,126.116310,3004300
2010-04-27,152.860001,153.779999,149.610001,149.759995,122.947395,6452800
2010-04-28,150.589996,151.100006,149.449997,150.190002,123.300415,4630500
2010-04-29,151.289993,152.729996,150.570007,152.449997,125.155861,4720800
2010-04-30,152.589996,153.020004,149.130005,149.130005,122.430244,4689900
2010-05-03,150.100006,151.860001,149.949997,151.679993,124.523666,2990200
2010-05-04,149.649994,149.649994,146.699997,147.369995,120.985352,7598200
2010-05-05,146.160004,147.929993,144.899994,145.850006,119.737473,6588700
2010-05-06,145.000000,146.529999,122.050003,141.000000,115.755768,9275800
2010-05-07,140.179993,141.460007,135.759995,137.399994,112.800323,9116900
2010-05-10,143.240005,144.570007,142.559998,144.500000,118.629173,4673000
2010-05-11,143.050003,146.690002,142.699997,144.949997,118.998535,5730700
2010-05-12,145.630005,148.320007,145.610001,148.250000,121.707718,4425500
2010-05-13,147.830002,148.940002,146.369995,146.889999,120.591278,4751800
2010-05-14,145.979996,146.039993,142.309998,143.449997,117.767220,5592900
2010-05-17,144.199997,145.190002,140.100006,143.610001,117.898506,8377000
2010-05-18,145.300003,145.660004,141.020004,141.649994,116.289490,6271700
2010-05-19,140.800003,142.289993,138.020004,140.169998,115.074371,7007200
2010-05-20,136.600006,137.509995,134.070007,134.240005,110.206116,8986200
2010-05-21,131.960007,137.020004,131.440002,136.300003,111.897270,6917600
2010-05-24,135.500000,137.240005,134.800003,134.970001,110.805397,3580300
2010-05-25,131.820007,134.949997,129.729996,134.759995,110.633003,6022100
2010-05-26,135.270004,137.880005,134.500000,135.080002,110.895699,5220800
2010-05-27,138.029999,140.240005,137.229996,140.240005,115.131889,3373200
2010-05-28,139.910004,140.190002,137.820007,138.610001,113.793739,4393100
2010-06-01,137.419998,139.039993,134.949997,135.100006,110.912117,3924900
2010-06-02,135.809998,138.570007,134.830002,138.550003,113.744446,3874500
2010-06-03,138.919998,139.809998,137.940002,139.580002,114.589989,4035900
2010-06-04,136.479996,139.539993,133.490005,133.880005,109.910515,6029500
2010-06-07,134.490005,134.699997,131.020004,131.229996,107.734985,4377900
2010-06-08,131.259995,132.110001,129.119995,131.789993,108.194687,11612800
2010-06-09,132.619995,135.220001,131.660004,132.210007,108.539543,7180800
2010-06-10,134.649994,136.520004,134.320007,136.500000,112.061478,5127400
2010-06-11,135.039993,137.949997,134.929993,137.759995,113.095917,3858600
2010-06-14,139.460007,140.669998,138.229996,138.580002,113.769089,4300800
2010-06-15,139.520004,141.979996,139.149994,141.619995,116.264793,4042600
2010-06-16,140.880005,142.160004,140.380005,141.279999,115.985657,3226400
2010-06-17,141.850006,141.979996,139.610001,140.949997,115.714790,5702500
2010-06-18,141.029999,141.220001,139.770004,139.860001,115.121284,3650100
2010-06-21,142.149994,142.419998,138.649994,139.369995,114.717949,4408700
2010-06-22,139.490005,140.639999,136.279999,136.470001,112.330902,5357900
2010-06-23,136.199997,137.389999,134.470001,136.080002,112.009872,4149800
2010-06-24,135.169998,135.669998,133.589996,133.729996,110.075577,4453100
2010-06-25,134.190002,135.800003,133.100006,135.250000,111.326683,7677100
2010-06-28,135.300003,136.169998,134.100006,134.850006,110.997459,2892300
2010-06-29,132.759995,132.800003,129.479996,130.190002,107.161743,7303900
2010-06-30,129.750000,131.940002,128.899994,129.160004,106.313927,5159500
2010-07-01,129.080002,129.539993,125.599998,128.369995,105.663651,10846700
2010-07-02,128.990005,129.270004,126.830002,127.419998,104.881653,4553700
2010-07-06,129.330002,130.520004,126.089996,126.949997,104.494827,3892800
2010-07-07,127.349998,131.570007,127.239998,131.520004,108.256470,3677600
2010-07-08,132.940002,133.490005,131.309998,132.869995,109.367653,3299500
2010-07-09,132.809998,134.320007,132.490005,134.320007,110.561211,2007300
2010-07-12,133.789993,134.860001,132.520004,133.589996,109.960320,3068900
2010-07-13,135.279999,137.250000,134.929993,136.800003,112.602516,4407300
2010-07-14,136.410004,137.240005,135.419998,136.550003,112.396759,2075800
2010-07-15,136.610001,136.750000,134.449997,136.399994,112.273285,2943200
2010-07-16,135.470001,135.690002,131.750000,131.940002,108.602158,4633400
2010-07-19,132.410004,133.110001,130.820007,132.770004,109.285378,2060800
2010-07-20,131.000000,134.899994,130.600006,134.720001,110.890419,2192600
2010-07-21,135.699997,135.750000,132.339996,132.699997,109.227760,2960900
2010-07-22,134.410004,136.869995,134.399994,136.570007,112.413231,5620600
2010-07-23,135.990005,138.630005,135.649994,138.509995,114.010063,4531300
2010-07-26,138.990005,141.119995,138.460007,141.119995,116.158394,4228900
2010-07-27,142.080002,142.229996,139.770004,140.210007,115.409348,5517800
2010-07-28,140.020004,140.440002,137.759995,138.380005,113.903061,2952500
2010-07-29,139.419998,139.600006,135.990005,137.699997,113.343338,2484300
2010-07-30,135.740005,138.529999,135.460007,137.949997,113.549118,3236300
2010-08-02,140.339996,140.839996,139.330002,140.639999,115.763290,2532000
2010-08-03,140.089996,140.710007,138.649994,139.660004,114.956642,4626000
2010-08-04,140.309998,141.250000,139.809998,141.250000,116.265396,2141100
2010-08-05,140.160004,141.050003,139.750000,140.520004,115.664520,1251200
2010-08-06,138.690002,140.619995,138.119995,140.100006,115.318863,3165400
2010-08-09,141.169998,141.690002,140.339996,141.460007,116.438271,1742600
2010-08-10,140.139999,140.770004,138.809998,139.789993,115.063660,3066400
2010-08-11,137.119995,137.199997,134.800003,134.960007,111.087997,5957300
2010-08-12,132.419998,134.759995,132.270004,134.149994,110.421288,3910400
2010-08-13,133.759995,134.539993,133.440002,133.580002,109.952087,2501800
2010-08-16,132.600006,134.309998,132.029999,133.649994,110.009735,2302900
2010-08-17,135.009995,136.919998,134.550003,135.889999,111.853493,2854300
2010-08-18,135.639999,137.210007,134.690002,136.229996,112.133354,2784300
2010-08-19,135.529999,136.190002,133.479996,133.929993,110.240219,4055400
2010-08-20,133.509995,133.949997,132.220001,133.940002,110.248398,3144400
2010-08-23,134.759995,135.199997,132.550003,132.550003,109.104294,2463600
2010-08-24,130.770004,131.869995,129.449997,130.479996,107.400452,5286200
2010-08-25,129.539993,131.960007,128.779999,131.520004,108.256470,5549300
2010-08-26,131.899994,132.759995,130.440002,130.649994,107.540352,3657600
2010-08-27,131.929993,133.589996,129.470001,133.490005,109.878029,3842000
2010-08-30,132.809998,133.619995,131.169998,131.240005,108.025993,3234600
2010-08-31,130.910004,132.240005,129.970001,131.110001,107.919037,4652000
2010-09-01,133.100006,135.669998,133.039993,135.589996,111.606606,2935800
2010-09-02,135.610001,137.490005,135.399994,137.360001,113.063461,2232600
2010-09-03,139.240005,139.809998,138.330002,139.229996,114.602669,2415800
2010-09-07,138.850006,138.899994,137.139999,137.330002,113.038780,1811000
2010-09-08,137.570007,138.899994,137.550003,138.210007,113.763130,2988100
2010-09-09,139.910004,139.929993,137.910004,138.589996,114.075943,2598200
2010-09-10,138.740005,139.470001,138.350006,138.940002,114.364029,2081300
2010-09-13,140.539993,141.610001,140.320007,141.429993,116.413544,4206200
2010-09-14,141.149994,142.270004,140.600006,141.399994,116.388870,4835500
2010-09-15,141.179993,142.330002,140.339996,142.110001,116.973305,3074300
2010-09-16,141.699997,142.199997,141.059998,141.660004,116.602890,3395600
2010-09-17,142.070007,142.119995,140.649994,141.690002,116.861061,3448300
2010-09-20,142.270004,144.270004,141.559998,144.029999,118.791000,2767200
2010-09-21,143.970001,144.479996,142.949997,143.240005,118.139420,4316500
2010-09-22,143.000000,143.970001,141.509995,142.070007,117.174454,2779500
2010-09-23,141.169998,142.990005,140.630005,141.080002,116.357933,2555800
2010-09-24,142.880005,144.570007,142.809998,144.419998,119.112694,2565500
2010-09-27,144.419998,145.050003,143.610001,144.419998,119.112694,2215600
2010-09-28,144.759995,145.660004,142.729996,145.350006,119.879631,3038100
2010-09-29,145.000000,146.029999,144.669998,145.440002,119.953903,2423300
2010-09-30,146.270004,147.500000,144.869995,145.589996,120.077629,6475900
2010-10-01,146.850006,147.029999,145.059998,145.970001,120.391029,3429500
2010-10-04,145.479996,146.410004,143.580002,144.460007,119.145676,3589000
2010-10-05,146.029999,147.770004,145.589996,147.410004,121.578674,3313700
2010-10-06,147.190002,147.610001,145.710007,146.339996,120.696213,2750600
2010-10-07,147.080002,147.119995,145.259995,146.279999,120.646729,2647800
2010-10-08,146.300003,147.750000,145.660004,147.309998,121.496284,2908800
2010-10-11,147.210007,148.229996,147.059998,147.559998,121.702469,2113100
2010-10-12,147.169998,148.460007,145.880005,148.059998,122.114784,2551300
2010-10-13,148.889999,150.330002,148.419998,149.460007,123.269470,2487200
2010-10-14,149.250000,149.820007,147.960007,148.889999,122.799271,3032800
2010-10-15,150.059998,150.130005,147.779999,148.889999,122.799271,3826000
2010-10-18,149.100006,149.720001,148.679993,149.169998,123.030281,3118100
2010-10-19,147.809998,149.229996,146.300003,147.149994,121.364288,7868200
2010-10-20,147.669998,149.619995,147.589996,148.949997,122.848900,3846700
2010-10-21,149.440002,150.479996,147.419998,148.699997,122.642609,3513800
2010-10-22,149.160004,149.910004,148.720001,149.729996,123.492111,2177600
2010-10-25,150.639999,152.130005,150.520004,150.669998,124.267433,3474100
2010-10-26,149.860001,151.440002,149.139999,150.449997,124.086014,3938800
2010-10-27,149.630005,150.470001,148.830002,150.380005,124.028244,4085500
2010-10-28,151.289993,151.509995,149.419998,150.179993,123.863327,3472300
2010-10-29,149.850006,151.020004,149.750000,150.529999,124.151970,2633600
2010-11-01,151.509995,152.369995,149.550003,150.490005,124.118988,4253300
2010-11-02,151.919998,152.520004,151.100006,152.089996,125.438599,3583400
2010-11-03,152.179993,152.770004,150.820007,152.570007,125.834503,4218600
2010-11-04,154.660004,155.509995,154.139999,155.389999,128.160324,3709600
2010-11-05,155.380005,156.759995,155.259995,156.460007,129.042862,3407900
2010-11-08,156.089996,156.619995,155.360001,156.419998,129.009827,2168000
2010-11-09,156.770004,157.020004,154.039993,154.740005,127.624191,3380200
2010-11-10,154.839996,156.059998,153.630005,156.059998,128.712906,3293600
2010-11-11,154.460007,156.119995,154.100006,155.690002,128.407761,2342600
2010-11-12,154.539993,155.509995,152.809998,153.259995,126.403633,3365500
2010-11-15,154.179993,155.270004,153.630005,153.630005,126.708763,2585500
2010-11-16,152.490005,153.020004,150.279999,151.029999,124.564346,4617400
2010-11-17,151.399994,152.300003,150.979996,151.899994,125.281883,3057400
2010-11-18,153.539993,155.020004,153.500000,154.039993,127.046890,3315500
2010-11-19,153.740005,154.740005,152.979996,154.520004,127.442818,1844100
2010-11-22,153.869995,155.839996,153.619995,155.770004,128.473740,3266500
2010-11-23,153.910004,154.410004,153.149994,153.970001,126.989159,3768400
2010-11-24,155.029999,157.130005,155.000000,157.059998,129.537704,2522000
2010-11-26,155.960007,156.889999,155.639999,155.960007,128.630447,800800
2010-11-29,155.259995,156.250000,153.979996,155.869995,128.556244,5968600
2010-11-30,154.539993,155.860001,154.139999,154.990005,127.830460,6972900
2010-12-01,157.429993,158.380005,157.320007,158.250000,130.519135,3668200
2010-12-02,158.339996,160.320007,158.279999,160.279999,132.193405,2600900
2010-12-03,159.750000,161.550003,159.570007,161.240005,132.985229,3603400
2010-12-06,160.990005,161.559998,160.660004,161.309998,133.042892,1370000
2010-12-07,162.979996,163.240005,161.339996,161.490005,133.191437,4531100
2010-12-08,161.809998,162.460007,160.850006,161.300003,133.034683,1904200
2010-12-09,162.399994,162.399994,160.970001,161.800003,133.447083,2636800
2010-12-10,162.169998,163.690002,161.910004,163.509995,134.857437,4129000
2010-12-13,164.009995,164.039993,162.899994,163.009995,134.445068,3857800
2010-12-14,163.539993,163.820007,162.539993,162.899994,134.354340,2690000
2010-12-15,162.820007,164.309998,162.169998,162.259995,133.826401,2609100
2010-12-16,162.380005,163.880005,161.949997,163.869995,135.154358,6554800
2010-12-17,163.460007,164.339996,162.860001,163.800003,135.473618,3978900
2010-12-20,164.000000,164.369995,163.130005,163.929993,135.581100,2388000
2010-12-21,164.580002,165.289993,164.320007,165.210007,136.639816,2122800
2010-12-22,165.419998,166.070007,165.199997,165.649994,137.003677,2205600
2010-12-23,165.690002,165.889999,165.130005,165.369995,136.772125,2288900
2010-12-27,164.770004,165.559998,164.119995,165.419998,136.813431,1396000
2010-12-28,165.699997,165.820007,164.720001,165.070007,136.524002,2770000
2010-12-29,165.529999,165.880005,165.330002,165.710007,137.053299,1223000
2010-12-30,165.639999,166.389999,165.520004,165.660004,137.011917,2675900
2010-12-31,165.539993,165.820007,164.679993,164.679993,136.201324,1444700
2011-01-03,166.020004,167.800003,165.979996,166.699997,137.872025,2632300
2011-01-04,167.220001,167.440002,163.889999,165.050003,136.507431,6145500
2011-01-05,164.949997,166.300003,164.539993,166.100006,137.375839,3080600
2011-01-06,166.380005,166.770004,165.449997,165.669998,137.020187,4355000
2011-01-07,166.270004,166.789993,163.589996,165.259995,136.681137,5306600
2011-01-10,164.470001,166.679993,163.419998,166.139999,137.408951,4127400
2011-01-11,166.860001,167.419998,166.179993,166.830002,137.979553,2940300
2011-01-12,168.119995,168.270004,167.300003,167.929993,138.889420,3684900
2011-01-13,168.039993,168.270004,167.309998,167.789993,138.773621,2456400
2011-01-14,167.589996,169.080002,167.320007,169.009995,139.782700,5120000
2011-01-18,168.710007,170.399994,168.440002,170.309998,140.857803,2475900
2011-01-19,170.330002,170.509995,167.410004,167.800003,138.781860,4470700
2011-01-20,167.229996,167.889999,165.669998,166.539993,137.739761,3337400
2011-01-21,167.610001,167.679993,165.839996,165.979996,137.276596,2907200
2011-01-24,166.039993,167.809998,166.020004,167.350006,138.409683,2307600
2011-01-25,166.529999,167.649994,166.080002,167.619995,138.633011,4659600
2011-01-26,168.070007,169.740005,167.559998,169.050003,139.815674,3385900
2011-01-27,168.919998,170.169998,168.800003,169.710007,140.361603,2450000
2011-01-28,169.960007,170.240005,166.339996,166.550003,137.748047,5010100
2011-01-31,167.289993,168.979996,166.850006,167.850006,138.823196,4379800
2011-02-01,169.190002,170.880005,169.050003,170.429993,140.957062,3876900
2011-02-02,170.130005,171.190002,170.039993,170.119995,140.700653,3233500
2011-02-03,170.070007,170.990005,168.789993,170.669998,141.155533,3569000
2011-02-04,170.740005,171.809998,170.350006,171.610001,141.933029,2139900
2011-02-07,172.240005,173.809998,172.199997,173.020004,143.099121,2722300
2011-02-08,173.300003,173.979996,172.699997,173.869995,143.802155,1873300
2011-02-09,173.589996,174.240005,173.000000,173.570007,143.554016,3219800
2011-02-10,172.779999,174.559998,172.639999,174.419998,144.257050,3298400
2011-02-11,173.869995,176.259995,173.839996,176.240005,145.762299,2779300
2011-02-14,176.380005,177.080002,176.089996,176.880005,146.291656,2333000
2011-02-15,176.429993,176.750000,175.929993,176.259995,145.778839,2201500
2011-02-16,176.889999,177.919998,176.880005,177.529999,146.829239,2744700
2011-02-17,177.190002,178.610001,176.979996,178.279999,147.449478,1900700
2011-02-18,178.679993,178.820007,177.789993,178.429993,147.573563,1689900
2011-02-22,176.809998,177.529999,174.050003,174.210007,144.083344,4078600
2011-02-23,174.259995,174.830002,170.250000,171.770004,142.065430,5314700
2011-02-24,171.940002,173.080002,170.050003,171.759995,142.057007,10641200
2011-02-25,172.580002,175.369995,172.520004,175.320007,145.001434,4414800
2011-02-28,176.330002,176.789993,174.839996,175.470001,145.125427,1953700
2011-03-01,176.220001,176.399994,172.179993,172.649994,142.793060,6822400
2011-03-02,172.559998,174.600006,172.479996,173.460007,143.463043,3511900
2011-03-03,175.149994,177.600006,175.149994,177.139999,146.506653,3857600
2011-03-04,177.399994,177.470001,174.919998,176.059998,145.613373,3175000
2011-03-07,176.860001,176.979996,172.470001,173.589996,143.570572,2517000
2011-03-08,174.070007,176.570007,173.029999,175.759995,145.365295,4608900
2011-03-09,175.470001,176.110001,174.300003,175.240005,144.935226,1939500
2011-03-10,173.289993,173.559998,171.490005,172.119995,142.354797,3271600
2011-03-11,170.979996,173.860001,170.910004,173.250000,143.289352,2565800
2011-03-14,172.070007,173.490005,171.179993,172.479996,142.652496,2863700
2011-03-15,168.699997,172.449997,167.360001,171.339996,141.709702,6802000
2011-03-16,170.770004,172.419998,168.679993,169.550003,140.229248,6557300
2011-03-17,172.130005,172.179993,170.220001,170.529999,141.039719,4831700
2011-03-18,172.009995,172.070007,170.559998,170.990005,141.789368,2579200
2011-03-21,173.130005,174.740005,173.119995,174.419998,144.633621,2953100
2011-03-22,174.399994,174.839996,173.029999,173.279999,143.688354,2115700
2011-03-23,172.910004,173.589996,171.270004,172.960007,143.422943,2059900
2011-03-24,174.039993,175.080002,172.330002,174.729996,144.890701,3127100
2011-03-25,175.240005,177.449997,174.750000,176.020004,145.960403,2699500
2011-03-28,176.410004,177.009995,175.220001,175.369995,145.421402,1885300
2011-03-29,175.220001,177.050003,174.380005,176.809998,146.615494,2632000
2011-03-30,177.740005,178.970001,177.520004,178.539993,148.050064,1930800
2011-03-31,178.509995,179.660004,178.389999,179.550003,148.887543,2907400
2011-04-01,180.570007,181.169998,180.029999,180.809998,149.932373,3016700
2011-04-04,181.210007,181.550003,180.350006,180.899994,150.007004,4286800
2011-04-05,180.669998,182.460007,180.570007,181.479996,150.487946,4423700
2011-04-06,182.449997,182.960007,180.869995,181.669998,150.645508,5517400
2011-04-07,181.740005,182.229996,180.080002,180.610001,149.766541,2203700
2011-04-08,181.559998,181.820007,178.320007,179.229996,148.622208,2456200
2011-04-11,179.529999,179.880005,177.449997,177.979996,147.585724,1711000
2011-04-12,177.130005,177.770004,175.889999,176.279999,146.175995,2177900
2011-04-13,177.330002,177.710007,175.800003,176.770004,146.582291,1385800
2011-04-14,175.539993,177.119995,175.139999,176.899994,146.690140,1920300
2011-04-15,177.050003,178.639999,176.600006,178.470001,147.991974,1652900
2011-04-18,176.179993,176.529999,173.919998,175.410004,145.454529,12031400
2011-04-19,176.169998,176.539993,175.149994,176.339996,146.225708,1648600
2011-04-20,178.889999,179.580002,178.570007,179.529999,148.870972,2568000
2011-04-21,180.419998,180.669998,179.479996,180.529999,149.700226,1175700
2011-04-25,180.539993,180.860001,179.589996,180.539993,149.708435,1661200
2011-04-26,181.100006,182.860001,181.039993,182.250000,151.126419,3300000
2011-04-27,182.610001,183.570007,181.759995,183.570007,152.220978,3261700
2011-04-28,183.330002,184.339996,183.080002,183.660004,152.295746,2252200
2011-04-29,183.970001,184.610001,183.229996,184.270004,152.801544,1572700
2011-05-02,184.839996,184.970001,182.970001,182.970001,151.723541,3358800
2011-05-03,182.850006,183.229996,180.320007,181.389999,150.413376,2391000
2011-05-04,181.610001,181.839996,178.960007,179.800003,149.094849,2617700
2011-05-05,178.600006,180.860001,178.130005,179.089996,148.506104,2300000
2011-05-06,180.889999,181.740005,178.759995,179.520004,148.862640,2767100
2011-05-09,179.389999,181.649994,179.309998,181.380005,150.405029,1847800
2011-05-10,181.940002,183.580002,181.729996,183.270004,151.972229,2242800
2011-05-11,182.960007,183.210007,180.369995,181.259995,150.305573,2625000
2011-05-12,180.410004,182.929993,179.559998,182.350006,151.209351,2836300
2011-05-13,182.429993,182.740005,180.100006,180.589996,149.749954,2499000
2011-05-16,179.669998,181.300003,178.720001,178.949997,148.390060,3121900
2011-05-17,177.740005,178.520004,176.470001,177.699997,147.353516,3941700
2011-05-18,177.770004,180.559998,177.539993,180.419998,149.608902,1896500
2011-05-19,181.399994,181.580002,179.369995,180.660004,149.808075,1814000
2011-05-20,180.259995,180.369995,178.339996,179.279999,148.663635,2182000
2011-05-23,176.740005,177.360001,176.080002,176.419998,146.292130,2900000
2011-05-24,176.979996,177.460007,175.419998,175.970001,145.918915,2092900
2011-05-25,175.490005,177.720001,175.289993,177.250000,146.980392,1652600
2011-05-26,176.679993,179.089996,176.580002,178.860001,148.315384,1644200
2011-05-27,179.600006,180.449997,179.350006,179.889999,149.169495,1425200
2011-05-31,181.809998,182.580002,180.149994,182.580002,151.400055,2726400
2011-06-01,181.750000,181.940002,177.110001,177.330002,147.046677,3615600
2011-06-02,177.570007,178.330002,176.270004,177.229996,146.963776,2727000
2011-06-03,174.679993,176.639999,174.419998,174.720001,144.882339,2751800
2011-06-06,174.470001,174.759995,172.149994,172.289993,142.867386,2195900
2011-06-07,173.100006,174.110001,172.580002,172.830002,143.315125,3580400
2011-06-08,172.369995,172.679993,171.130005,171.309998,142.054764,2209700
2011-06-09,171.580002,172.710007,170.830002,172.009995,142.635162,2353000
2011-06-10,171.100006,171.410004,169.050003,169.339996,140.421143,2944000
2011-06-13,169.600006,170.570007,168.279999,169.009995,140.147583,3106100
2011-06-14,170.559998,172.630005,170.490005,172.100006,142.709778,1948800
2011-06-15,170.589996,171.660004,168.880005,169.520004,140.570435,4245400
2011-06-16,169.410004,170.470001,167.759995,169.279999,140.371429,3018200
2011-06-17,170.490005,170.500000,168.800003,169.149994,140.653275,2077500
2011-06-20,168.660004,171.080002,168.660004,170.520004,141.792496,1459300
2011-06-21,171.649994,174.080002,171.279999,173.809998,144.528198,2557400
2011-06-22,173.050003,174.679993,172.970001,173.070007,143.912903,2667800
2011-06-23,170.929993,173.220001,169.440002,172.979996,143.838043,2657500
2011-06-24,173.289993,173.779999,171.339996,171.710007,142.782028,1963600
2011-06-27,171.809998,173.029999,170.720001,172.429993,143.380646,2161800
2011-06-28,172.949997,175.179993,172.770004,175.110001,145.609161,1649000
2011-06-29,175.830002,177.020004,174.789993,176.509995,146.773315,1844700
2011-06-30,176.839996,178.339996,176.729996,177.449997,147.555023,3220900
2011-07-01,177.860001,180.759995,177.529999,180.550003,150.132736,1983800
2011-07-05,181.000000,181.100006,179.639999,180.690002,150.249146,2859600
2011-07-06,180.720001,182.000000,179.910004,181.750000,151.130554,5808300
2011-07-07,183.369995,183.970001,182.949997,183.710007,152.760391,2453700
2011-07-08,181.520004,182.419998,180.830002,182.289993,151.579590,2386800
2011-07-11,180.449997,181.000000,178.119995,178.559998,148.477966,1868000
2011-07-12,177.889999,179.279999,177.610001,177.800003,147.846069,3013600
2011-07-13,178.740005,180.539993,178.169998,178.399994,148.344940,3378900
2011-07-14,178.929993,179.860001,175.710007,176.029999,146.374237,6197100
2011-07-15,176.669998,177.250000,175.690002,177.139999,147.297226,2178400
2011-07-18,176.639999,176.729996,173.699997,174.779999,145.334839,1375000
2011-07-19,176.110001,178.350006,176.050003,178.229996,148.203598,1573100
2011-07-20,178.369995,178.440002,177.039993,177.940002,147.962479,1226900
2011-07-21,178.589996,180.350006,178.149994,179.600006,149.342773,2254600
2011-07-22,179.360001,180.320007,178.740005,179.979996,149.658813,1025100
2011-07-25,178.000000,179.850006,177.589996,178.669998,148.569489,1929700
2011-07-26,178.240005,178.639999,177.100006,177.360001,147.480148,1240300
2011-07-27,176.509995,176.550003,172.300003,172.500000,143.438919,3612100
2011-07-28,172.559998,174.500000,171.600006,171.729996,142.798599,2236000
2011-07-29,169.339996,172.330002,168.470001,171.309998,142.449417,4164300
2011-08-01,173.080002,173.610001,168.529999,170.309998,141.617859,4912000
2011-08-02,169.220001,170.600006,165.000000,165.210007,137.377029,3442100
2011-08-03,165.229996,165.910004,161.119995,165.889999,137.942505,6568300
2011-08-04,163.289993,163.440002,155.899994,155.899994,129.635529,7488000
2011-08-05,157.789993,158.110001,149.960007,153.350006,127.515144,9672400
2011-08-08,148.059998,150.240005,140.779999,140.979996,117.229057,15290600
2011-08-09,144.320007,150.000000,139.800003,149.789993,124.554855,12591800
2011-08-10,146.639999,150.119995,144.600006,144.839996,120.438805,6359200
2011-08-11,145.539993,154.389999,145.240005,152.490005,126.799988,5909000
2011-08-12,153.660004,154.649994,151.690002,153.289993,127.465172,6457600
2011-08-15,154.710007,157.419998,154.600006,157.300003,130.799667,3837600
2011-08-16,155.119995,156.820007,153.600006,155.199997,129.053452,4260200
2011-08-17,156.399994,157.149994,153.130005,154.509995,128.479706,2796700
2011-08-18,149.630005,149.869995,144.679993,145.929993,121.345154,3678400
2011-08-19,143.839996,148.110001,143.110001,143.350006,119.199783,4411600
2011-08-22,147.130005,147.229996,142.580002,143.539993,119.357796,3311700
2011-08-23,143.960007,149.320007,142.750000,149.119995,123.997734,4051400
2011-08-24,148.610001,151.679993,147.929993,151.259995,125.777245,3559600
2011-08-25,152.690002,153.250000,147.490005,148.100006,123.149605,4667800
2011-08-26,147.179993,152.440002,145.110001,151.899994,126.309364,3603000
2011-08-29,153.929993,158.000000,153.830002,157.839996,131.248688,3918400
2011-08-30,156.860001,159.600006,156.020004,158.529999,131.822388,3531200
2011-08-31,159.580002,161.770004,157.779999,159.039993,132.246552,3653700
2011-09-01,159.449997,160.860001,156.199997,156.610001,130.225861,2500600
2011-09-02,152.850006,154.389999,150.929993,151.529999,126.001762,4101200
2011-09-06,146.100006,150.919998,146.100006,150.600006,125.228363,3838500
2011-09-07,153.210007,156.289993,152.759995,156.070007,129.776917,2198600
2011-09-08,154.809998,156.860001,153.460007,154.039993,128.088821,3025600
2011-09-09,152.559998,153.600006,148.639999,149.850006,124.604782,4196400
2011-09-12,147.559998,150.669998,147.020004,150.639999,125.261673,3777100
2011-09-13,151.669998,153.449997,150.229996,152.710007,126.982925,2697600
2011-09-14,153.789993,157.440002,151.110001,155.529999,129.327850,3407500
2011-09-15,157.320007,157.869995,155.039993,157.580002,131.032501,4441000
2011-09-16,157.850006,158.690002,155.970001,157.119995,130.875916,3498600
2011-09-19,154.070007,156.320007,152.729996,155.179993,129.259918,2171400
2011-09-20,155.750000,157.309998,153.190002,153.289993,127.685555,2627500
2011-09-21,153.100006,153.820007,147.850006,147.869995,123.170921,6485200
2011-09-22,143.139999,145.330002,140.520004,142.539993,118.731209,9858200
2011-09-23,141.940002,144.649994,141.660004,144.350006,120.238953,3321300
2011-09-26,145.600006,147.360001,142.250000,147.080002,122.512894,2899700
2011-09-27,150.089996,153.000000,148.800003,149.729996,124.720238,3383300
2011-09-28,150.259995,150.589996,144.559998,145.009995,120.788673,4302100
2011-09-29,147.720001,148.149994,142.690002,146.110001,121.704948,4225500
2011-09-30,143.570007,145.380005,141.949997,142.130005,118.389694,4991600
2011-10-03,140.970001,143.000000,135.320007,135.389999,112.775452,12227600
2011-10-04,134.289993,141.199997,132.940002,141.020004,117.465103,6817700
2011-10-05,141.279999,144.679993,139.320007,144.009995,119.955673,4188500
2011-10-06,143.570007,147.669998,142.910004,147.460007,122.829437,2999700
2011-10-07,148.350006,148.660004,144.559998,145.240005,120.980247,3519600
2011-10-10,148.229996,150.539993,147.720001,150.539993,125.394943,1844300
2011-10-11,149.100006,151.589996,148.869995,150.750000,125.569885,3458600
2011-10-12,151.720001,154.360001,151.550003,152.479996,127.010895,6728500
2011-10-13,151.440002,153.399994,149.960007,152.770004,127.252518,2848600
2011-10-14,154.589996,155.910004,153.360001,155.479996,129.509811,3435600
2011-10-17,154.580002,154.860001,150.729996,151.029999,125.803116,3103100
2011-10-18,151.500000,155.949997,149.410004,155.080002,129.176666,5603900
2011-10-19,154.429993,155.610001,152.020004,152.570007,127.085907,6782400
2011-10-20,153.110001,153.479996,149.690002,153.259995,127.660675,4995000
2011-10-21,155.089996,156.830002,154.509995,156.490005,130.351135,4178900
2011-10-24,157.000000,161.369995,156.940002,160.970001,134.082794,3517800
2011-10-25,160.190002,160.190002,156.910004,157.149994,130.900864,2786000
2011-10-26,159.429993,159.970001,155.360001,159.139999,132.558502,3125700
2011-10-27,164.369995,167.389999,162.630005,166.059998,138.322556,10084000
2011-10-28,165.429993,166.380005,164.550003,165.410004,137.781204,4203300
2011-10-31,163.589996,164.250000,161.309998,161.399994,134.440994,5722400
2011-11-01,155.789993,158.929993,153.679993,156.320007,130.209518,15539900
2011-11-02,158.529999,160.309998,157.210007,159.429993,132.800003,7556700
2011-11-03,161.399994,163.729996,158.389999,163.139999,135.890335,3700200
2011-11-04,161.630005,163.880005,160.259995,163.559998,136.240173,4181900
2011-11-07,163.679993,164.279999,160.240005,163.259995,135.990295,4084900
2011-11-08,164.300003,165.210007,161.210007,165.080002,137.506287,4267400
2011-11-09,160.789993,161.179993,157.500000,157.789993,131.433960,3835200
2011-11-10,159.949997,160.089996,157.130005,158.580002,132.092010,3354200
2011-11-11,160.559998,163.089996,160.149994,162.199997,135.107346,4963700
2011-11-14,161.449997,162.039993,159.710007,160.539993,133.724594,3133800
2011-11-15,160.119995,163.000000,159.139999,162.179993,135.090714,5246600
2011-11-16,160.559998,163.220001,159.699997,159.990005,133.266510,3030800
2011-11-17,159.600006,160.149994,156.220001,156.979996,130.759262,2311300
2011-11-18,157.610001,157.720001,155.809998,156.619995,130.459427,2505100
2011-11-21,154.210007,154.460007,151.889999,153.490005,127.852219,3276500
2011-11-22,153.270004,154.059998,151.649994,152.740005,127.227509,2819100
2011-11-23,151.080002,151.210007,148.270004,148.509995,123.704033,3824600
2011-11-25,147.770004,149.740005,147.679993,147.809998,123.120926,1413600
2011-11-28,152.589996,154.039993,151.770004,153.160004,127.577293,2278100
2011-11-29,153.589996,154.410004,152.559998,153.279999,127.677284,3254100
2011-11-30,158.660004,161.059998,158.240005,161.009995,134.116104,3929000
2011-12-01,160.350006,162.020004,159.809998,159.910004,133.199890,2819900
2011-12-02,161.669998,162.800003,160.169998,160.309998,133.533020,2911400
2011-12-05,163.259995,164.199997,161.570007,162.639999,135.473892,3203200
2011-12-06,162.570007,163.080002,161.199997,162.259995,135.157333,3213700
2011-12-07,161.059998,162.460007,158.940002,161.759995,134.740860,4378500
2011-12-08,160.559998,161.029999,157.169998,157.529999,131.217438,4994200
2011-12-09,158.080002,161.710007,157.899994,161.279999,134.341095,4399100
2011-12-12,159.350006,159.389999,157.000000,158.570007,132.083694,4553800
2011-12-13,160.000000,160.410004,154.460007,155.529999,129.551453,5526700
2011-12-14,154.380005,154.929993,152.690002,153.220001,127.627319,3434200
2011-12-15,155.020004,155.100006,153.179993,154.259995,128.493576,3117700
2011-12-16,154.830002,157.240005,154.529999,155.220001,129.738174,6063600
2011-12-19,156.309998,156.830002,152.339996,152.660004,127.598450,3872100
2011-12-20,155.639999,158.289993,155.610001,157.910004,131.986588,3509300
2011-12-21,157.279999,158.679993,155.720001,158.199997,132.228973,2124100
2011-12-22,158.740005,160.369995,158.580002,159.800003,133.566269,2483700
2011-12-23,160.350006,160.800003,159.610001,160.759995,134.368698,958900
2011-12-27,160.220001,161.880005,159.949997,161.020004,134.586060,2037300
2011-12-28,161.089996,161.199997,158.199997,158.399994,132.396133,2735200
2011-12-29,158.889999,160.679993,158.570007,160.449997,134.109528,1129300
2011-12-30,160.250000,160.970001,159.320007,159.490005,133.307205,2648800
2012-01-03,163.089996,163.770004,160.770004,161.279999,134.803345,3394900
2012-01-04,160.520004,161.500000,159.710007,160.839996,134.435532,1966100
2012-01-05,160.050003,162.410004,158.449997,162.080002,135.471970,2887300
2012-01-06,161.860001,163.009995,160.710007,161.929993,135.346588,2139500
2012-01-09,162.699997,163.190002,161.339996,162.830002,136.098892,1944400
2012-01-10,164.710007,165.350006,164.429993,165.059998,137.962738,3691200
2012-01-11,164.460007,165.639999,164.270004,165.399994,138.246948,2241900
2012-01-12,165.850006,165.940002,163.949997,165.720001,138.514420,1810200
2012-01-13,164.460007,165.020004,163.279999,164.949997,137.870804,1556300
2012-01-17,166.300003,166.830002,164.880005,165.139999,138.029587,1466600
2012-01-18,165.339996,168.000000,164.809998,167.899994,140.336487,2866800
2012-01-19,168.610001,169.649994,168.089996,169.250000,141.464905,1848000
2012-01-20,169.240005,169.350006,168.539993,169.130005,141.364578,3096900
2012-01-23,169.199997,170.509995,167.899994,169.139999,141.372955,2157700
2012-01-24,168.199997,169.850006,167.550003,169.779999,141.907913,3080600
2012-01-25,169.660004,171.850006,168.710007,171.529999,143.370651,3358600
2012-01-26,172.610001,172.720001,169.630005,170.399994,142.426178,2595000
2012-01-27,169.639999,171.669998,169.610001,171.440002,143.295364,1918700
2012-01-30,169.929993,171.000000,168.669998,170.419998,142.442841,1803300
2012-01-31,171.649994,171.789993,169.399994,170.000000,142.091812,1786000
2012-02-01,171.509995,173.710007,171.330002,173.509995,145.025497,2786700
2012-02-02,173.839996,174.669998,173.339996,173.899994,145.351562,2345300
2012-02-03,176.089996,176.899994,175.559998,176.630005,147.633408,4465100
2012-02-06,175.809998,176.630005,175.589996,176.470001,147.499634,1417200
2012-02-07,176.089996,177.080002,175.240005,176.660004,147.658432,2798400
2012-02-08,177.000000,177.770004,175.740005,177.039993,147.976089,1702300
2012-02-09,177.639999,177.699997,175.619995,177.270004,148.168304,2023100
2012-02-10,175.500000,176.080002,174.649994,175.330002,146.546768,2119500
2012-02-13,177.240005,177.669998,175.720001,177.210007,148.118134,1663500
2012-02-14,176.449997,177.169998,175.869995,177.130005,148.051300,2519400
2012-02-15,178.080002,178.330002,175.929993,176.580002,147.591553,3267500
2012-02-16,176.789993,179.460007,176.710007,179.339996,149.898483,3652600
2012-02-17,180.139999,180.279999,178.809998,179.210007,149.789856,1664100
2012-02-21,179.529999,179.820007,177.630005,178.419998,149.129471,2011900
2012-02-22,178.210007,178.970001,177.119995,177.729996,148.552765,2915700
2012-02-23,177.789993,179.320007,176.740005,179.160004,149.748032,3233600
2012-02-24,179.410004,180.139999,178.940002,179.210007,149.789856,2827700
2012-02-27,177.929993,180.050003,176.759995,179.240005,149.814911,2033800
2012-02-28,179.419998,180.020004,178.000000,179.020004,149.631027,1750400
2012-02-29,179.210007,180.029999,177.429993,177.669998,148.502670,2592600
2012-03-01,178.429993,180.039993,178.360001,179.350006,149.906860,4011700
2012-03-02,179.059998,179.630005,177.130005,177.850006,148.653061,2070100
2012-03-05,177.539993,177.639999,176.270004,177.210007,148.118134,2516000
2012-03-06,175.339996,175.500000,173.309998,173.800003,145.267990,2964200
2012-03-07,174.210007,175.720001,173.899994,175.529999,146.714005,2202700
2012-03-08,176.740005,177.919998,175.630005,177.539993,148.393951,2672000
2012-03-09,177.580002,180.070007,177.539993,179.259995,149.831604,2494600
2012-03-12,179.270004,179.580002,178.050003,178.610001,149.288345,2926700
2012-03-13,179.660004,182.100006,179.210007,182.100006,152.205414,2420200
2012-03-14,181.820007,182.220001,180.199997,180.710007,151.043564,1903400
2012-03-15,180.770004,182.589996,180.270004,182.380005,152.439392,1855500
2012-03-16,182.020004,182.300003,181.440002,181.740005,152.224182,1837200
2012-03-19,181.520004,183.350006,181.259995,182.350006,152.735077,2023600
2012-03-20,181.110001,181.449997,180.289993,181.009995,151.612747,1757800
2012-03-21,181.309998,181.789993,180.300003,180.809998,151.445175,6223600
2012-03-22,179.279999,179.750000,177.669998,178.970001,149.904022,5134500
2012-03-23,179.100006,180.300003,177.619995,180.139999,150.883987,2263700
2012-03-26,181.779999,182.839996,181.529999,182.839996,153.145493,3684600
2012-03-27,182.770004,183.110001,182.020004,182.089996,152.517258,1824300
2012-03-28,181.960007,182.380005,179.470001,181.130005,151.713211,2044300
2012-03-29,179.960007,181.289993,178.809998,180.860001,151.487091,2056400
2012-03-30,181.990005,182.050003,180.160004,180.710007,151.361450,1418900
2012-04-02,180.470001,182.800003,179.880005,181.770004,152.249268,3517700
2012-04-03,181.279999,182.550003,180.660004,182.179993,152.592712,2861100
2012-04-04,180.429993,180.779999,178.759995,179.720001,150.532181,5243700
2012-04-05,179.259995,179.949997,178.649994,178.990005,149.920761,1506400
2012-04-09,176.279999,177.119995,175.710007,176.800003,148.086456,2625100
2012-04-10,176.309998,176.809998,172.339996,172.639999,144.602127,4447300
2012-04-11,174.229996,175.020004,172.539993,174.619995,146.260559,1893700
2012-04-12,174.589996,178.100006,174.589996,177.740005,148.873764,2389300
2012-04-13,177.160004,177.360001,175.350006,175.539993,147.031067,3478100
2012-04-16,176.410004,176.979996,174.380005,175.619995,147.098068,1465800
2012-04-17,176.809998,179.380005,176.759995,178.419998,149.443344,2366900
2012-04-18,177.539993,178.460007,177.259995,177.929993,149.032913,1077000
2012-04-19,177.850006,179.539993,176.100006,177.250000,148.463364,1935100
2012-04-20,178.050003,178.990005,177.460007,177.479996,148.656006,1531600
2012-04-23,175.279999,175.809998,173.740005,175.759995,147.215317,1735400
2012-04-24,175.850006,176.949997,175.270004,176.199997,147.583908,1775700
2012-04-25,178.110001,179.479996,177.910004,179.240005,150.130203,2889300
2012-04-26,179.000000,181.419998,178.869995,180.990005,151.596024,1599600
2012-04-27,181.580002,182.210007,180.039993,181.750000,152.232529,1735000
2012-04-30,181.740005,181.839996,179.940002,180.199997,150.934235,2009100
2012-05-01,180.500000,183.160004,179.800003,181.139999,151.721588,1966000
2012-05-02,179.860001,181.800003,179.460007,181.470001,151.997940,1379200
2012-05-03,181.100006,181.360001,177.940002,178.490005,149.501984,2285800
2012-05-04,177.339996,177.529999,175.020004,175.699997,147.165085,2071400
2012-05-07,175.320007,176.720001,175.289993,176.380005,147.734665,1492000
2012-05-08,175.169998,176.169998,172.779999,176.050003,147.458221,3693000
2012-05-09,174.059998,176.169998,172.889999,175.369995,146.888718,1989300
2012-05-10,176.710007,176.800003,174.889999,175.529999,147.022659,1300000
2012-05-11,174.199997,177.139999,174.110001,175.580002,147.064560,1751900
2012-05-14,173.770004,174.899994,172.809998,173.610001,145.414520,2036100
2012-05-15,173.419998,174.570007,172.289993,172.940002,144.853394,3171200
2012-05-16,173.330002,174.389999,171.289993,171.410004,143.571823,1512100
2012-05-17,171.279999,171.440002,166.740005,166.789993,139.702148,4117900
2012-05-18,167.059998,167.979996,164.589996,164.710007,137.959915,2967200
2012-05-21,165.169998,168.619995,164.429993,168.529999,141.159576,4556400
2012-05-22,168.990005,170.389999,167.990005,169.039993,141.586731,3073000
2012-05-23,167.389999,170.259995,166.410004,170.009995,142.399185,2541100
2012-05-24,170.210007,170.830002,168.619995,170.639999,142.926865,1629800
2012-05-25,170.729996,171.080002,169.770004,170.289993,142.633682,1746700
2012-05-29,171.610001,172.850006,170.679993,172.449997,144.442902,1480700
2012-05-30,170.740005,170.899994,168.720001,169.009995,141.561584,1262400
2012-05-31,168.970001,169.570007,166.490005,168.570007,141.193069,2526700
2012-06-01,165.369995,165.949997,163.270004,163.339996,136.812469,2597000
2012-06-04,163.669998,164.100006,160.690002,162.509995,136.117233,1691300
2012-06-05,161.580002,164.740005,161.529999,164.559998,137.834244,1496000
2012-06-06,165.880005,168.199997,165.649994,168.100006,140.799423,1792100
2012-06-07,170.350006,170.539993,167.190002,167.330002,140.154419,2115300
2012-06-08,167.240005,168.949997,166.020004,168.720001,141.318726,1723600
2012-06-11,170.360001,170.589996,165.279999,165.550003,138.663528,3003200
2012-06-12,166.160004,167.309998,164.919998,167.220001,140.062302,2769600
2012-06-13,166.729996,167.449997,164.330002,164.979996,138.186127,2068700
2012-06-14,165.169998,166.729996,164.550003,166.050003,139.082321,3007400
2012-06-15,166.080002,167.690002,165.649994,167.250000,140.518936,1926200
2012-06-18,166.259995,168.899994,165.759995,168.610001,141.661652,1851100
2012-06-19,169.639999,171.240005,169.250000,170.369995,143.140305,1206200
2012-06-20,170.580002,171.399994,169.220001,170.250000,143.039551,1283900
2012-06-21,170.270004,170.490005,165.500000,165.789993,139.292374,1454600
2012-06-22,166.570007,167.029999,165.490005,166.539993,139.922485,1362000
2012-06-25,164.320007,164.419998,162.729996,163.550003,137.410339,1708900
2012-06-26,164.130005,165.250000,162.820007,164.649994,138.334564,2263600
2012-06-27,165.250000,166.520004,164.630005,166.289993,139.712402,1715700
2012-06-28,164.750000,166.789993,164.070007,166.789993,140.132568,2904400
2012-06-29,170.220001,171.520004,169.460007,171.300003,143.921738,3615800
2012-07-02,172.330002,172.630005,170.970001,172.490005,144.921570,2346800
2012-07-03,172.619995,174.600006,172.500000,174.470001,146.585052,1506300
2012-07-05,174.429993,175.039993,173.190002,174.500000,146.610245,2586200
2012-07-06,172.779999,172.990005,171.539993,172.490005,144.921570,1347600
2012-07-09,172.309998,172.440002,171.000000,171.880005,144.408936,1534100
2012-07-10,173.070007,173.220001,169.250000,169.960007,142.795914,2771800
2012-07-11,170.119995,170.660004,168.410004,169.449997,142.367401,1073600
2012-07-12,168.250000,169.649994,166.789993,168.839996,141.854858,1515600
2012-07-13,169.490005,171.720001,169.410004,171.509995,144.098160,1543800
2012-07-16,171.149994,171.229996,169.500000,170.460007,143.215988,1182200
2012-07-17,171.410004,171.729996,168.940002,171.490005,144.081329,1802600
2012-07-18,171.080002,173.289993,170.889999,172.649994,145.055939,1027400
2012-07-19,173.380005,173.699997,172.190002,172.740005,145.131561,1036100
2012-07-20,171.399994,172.199997,170.929993,171.139999,143.787262,1043900
2012-07-23,168.199997,169.339996,167.009995,168.850006,141.863312,1195900
2012-07-24,169.270004,169.270004,165.419998,166.369995,139.779617,3293900
2012-07-25,167.029999,167.779999,165.880005,166.720001,140.073730,1889600
2012-07-26,169.360001,169.990005,167.820007,169.199997,142.157364,1585200
2012-07-27,170.199997,173.449997,169.649994,172.720001,145.114807,3512000
2012-07-30,172.850006,173.520004,171.690002,172.279999,144.745117,1910200
2012-07-31,172.020004,172.779999,171.059998,171.259995,143.888138,2356700
2012-08-01,171.820007,172.369995,169.429993,169.460007,142.375778,2514000
2012-08-02,167.910004,169.880005,167.380005,168.649994,141.695267,2029800
2012-08-03,171.309998,172.600006,171.059998,171.910004,144.434204,1333200
2012-08-06,172.279999,173.529999,172.139999,172.809998,145.190338,1246600
2012-08-07,173.979996,175.470001,173.729996,174.589996,146.685883,3016000
2012-08-08,173.809998,175.050003,173.809998,174.729996,146.803558,1443600
2012-08-09,174.600006,175.600006,174.399994,175.059998,147.080750,2095900
2012-08-10,174.330002,175.259995,173.830002,175.089996,147.105988,1612500
2012-08-13,175.009995,175.300003,173.369995,174.830002,146.887527,1753100
2012-08-14,175.690002,175.759995,174.080002,174.559998,146.660690,2100100
2012-08-15,174.460007,175.789993,174.220001,175.789993,147.694122,1223300
2012-08-16,175.669998,177.529999,175.309998,177.330002,148.987946,1493300
2012-08-17,177.490005,178.190002,177.100006,178.100006,149.634888,1631000
2012-08-20,177.779999,178.070007,176.750000,177.570007,149.189575,1068300
2012-08-21,178.169998,179.240005,177.309998,177.779999,149.366013,1543100
2012-08-22,177.559998,177.970001,176.580002,177.410004,149.055176,1219700
2012-08-23,177.179993,177.210007,175.720001,176.240005,148.072220,907900
2012-08-24,176.009995,177.199997,175.460007,176.699997,148.458618,2833400
2012-08-27,177.649994,177.649994,176.289993,176.649994,148.416611,2029100
2012-08-28,176.460007,177.740005,176.149994,177.399994,149.046722,3179300
2012-08-29,177.479996,178.000000,176.779999,177.520004,149.147583,1087500
2012-08-30,176.520004,176.910004,175.380005,176.220001,148.055359,1234400
2012-08-31,177.610001,177.750000,175.350006,177.330002,148.987946,1709200
2012-09-04,177.169998,179.470001,175.850006,179.000000,150.391037,3304000
2012-09-05,179.110001,179.350006,178.199997,178.710007,150.147415,2059600
2012-09-06,179.860001,182.660004,179.729996,182.210007,153.088043,4737200
2012-09-07,182.520004,183.690002,182.240005,183.160004,153.886215,3376800
2012-09-10,182.839996,183.380005,182.270004,182.419998,153.264450,2126900
2012-09-11,182.369995,183.119995,182.139999,182.539993,153.365250,1977500
2012-09-12,183.210007,183.490005,182.410004,183.490005,154.163467,1414300
2012-09-13,183.600006,185.830002,182.539993,185.309998,155.692535,3248000
2012-09-14,186.000000,187.880005,185.740005,187.350006,157.406525,3106000
2012-09-17,186.559998,186.860001,185.110001,185.500000,155.852203,2102200
2012-09-18,185.000000,185.050003,183.809998,184.220001,154.776794,1861800
2012-09-19,184.529999,185.089996,183.919998,184.669998,155.154800,2261100
2012-09-20,183.720001,183.720001,182.539993,183.399994,154.087814,3097400
2012-09-21,184.220001,184.639999,182.740005,182.740005,153.878098,3526400
2012-09-24,182.259995,183.369995,182.039993,182.729996,153.869751,1375000
2012-09-25,183.440002,183.600006,179.779999,179.940002,151.520340,2756900
2012-09-26,180.110001,180.300003,177.860001,178.570007,150.366760,2116200
2012-09-27,179.259995,181.020004,178.740005,180.679993,152.143463,1460700
2012-09-28,179.830002,180.690002,178.990005,179.919998,151.503479,2058900
2012-10-01,180.910004,180.940002,177.949997,178.970001,150.703568,5178400
2012-10-02,179.630005,180.110001,178.960007,179.899994,151.486694,2028400
2012-10-03,180.300003,180.720001,178.940002,179.860001,151.453064,2322300
2012-10-04,180.380005,181.720001,179.669998,181.529999,152.859207,4654900
2012-10-05,182.259995,183.050003,181.020004,181.529999,152.859207,2272300
2012-10-08,180.529999,181.389999,180.270004,180.710007,152.168701,1256800
2012-10-09,180.639999,180.970001,178.720001,179.110001,150.821472,2657000
2012-10-10,179.190002,179.229996,177.750000,178.229996,150.080429,2274500
2012-10-11,179.449997,180.169998,178.800003,179.130005,150.838272,1918500
2012-10-12,178.970001,179.240005,177.320007,177.660004,149.600449,1234700
2012-10-15,178.279999,179.320007,177.190002,179.320007,150.998260,1630100
2012-10-16,179.850006,181.169998,179.759995,181.169998,152.556061,1390000
2012-10-17,181.119995,182.889999,180.889999,182.509995,153.684464,2071700
2012-10-18,182.259995,182.830002,181.539993,182.369995,153.566498,1482600
2012-10-19,181.649994,181.809998,179.190002,179.589996,151.225647,2295100
2012-10-22,179.610001,180.020004,178.309998,179.479996,151.132996,1199600
2012-10-23,177.589996,178.740005,176.070007,178.179993,150.038376,2403200
2012-10-24,178.960007,179.259995,177.399994,177.679993,149.617218,1180300
2012-10-25,178.729996,179.289993,176.649994,178.070007,149.945694,2461900
2012-10-26,178.130005,178.669998,176.300003,177.559998,149.516205,1682900
2012-10-31,177.669998,178.600006,176.880005,178.250000,150.097321,1781900
2012-11-01,178.759995,182.839996,177.970001,182.679993,153.827591,2546800
2012-11-02,183.360001,183.419998,179.940002,179.990005,151.562500,3544700
2012-11-05,179.919998,181.199997,179.380005,181.100006,152.497162,1492300
2012-11-06,181.669998,183.089996,181.300003,182.690002,153.836060,2050800
2012-11-07,180.710007,180.869995,177.910004,178.899994,150.644592,5672700
2012-11-08,178.649994,179.139999,176.369995,176.369995,148.514221,5108300
2012-11-09,175.559998,178.100006,175.539993,176.800003,148.876312,2348000
2012-11-12,177.270004,177.380005,176.250000,176.539993,148.657364,1581600
2012-11-13,175.720001,177.610001,175.380005,176.490005,148.615204,1509900
2012-11-14,176.550003,176.850006,172.820007,173.199997,145.844894,6331400
2012-11-15,172.860001,173.869995,171.529999,172.520004,145.272278,2656700
2012-11-16,172.660004,173.919998,171.550003,173.759995,146.316437,8309500
2012-11-19,175.490005,177.289993,175.289993,177.289993,149.288940,2078200
2012-11-20,176.740005,178.020004,176.529999,177.889999,149.794128,1898700
2012-11-21,178.029999,178.559998,177.500000,178.399994,150.223602,800900
2012-11-23,179.190002,180.660004,179.149994,180.550003,152.034058,1370800
2012-11-26,179.889999,180.669998,179.289993,180.410004,151.916153,974200
2012-11-27,180.160004,180.970001,179.759995,180.009995,151.579315,1344900
2012-11-28,179.220001,181.259995,177.940002,181.179993,152.564545,1828800
2012-11-29,182.320007,182.600006,181.210007,182.419998,153.608734,2853500
2012-11-30,182.869995,182.869995,181.729996,182.350006,153.549698,1493800
2012-12-03,183.630005,183.649994,181.500000,182.029999,153.280228,2200500
2012-12-04,181.940002,182.509995,181.050003,181.910004,153.179245,1486000
2012-12-05,182.520004,182.979996,180.910004,182.300003,153.507645,1932900
2012-12-06,182.240005,183.110001,182.009995,182.669998,153.819244,1562600
2012-12-07,183.330002,183.460007,182.259995,182.910004,154.021286,1992200
2012-12-10,182.990005,184.110001,182.770004,184.050003,154.981232,4082500
2012-12-11,184.919998,185.339996,184.300003,184.839996,155.646500,3134800
2012-12-12,185.449997,185.770004,184.250000,184.550003,155.402283,3375900
2012-12-13,184.669998,185.059998,182.919998,183.369995,154.408600,1672300
2012-12-14,183.050003,183.669998,182.740005,183.000000,154.097031,2244200
2012-12-17,183.330002,184.729996,183.160004,184.660004,155.494904,3018500
2012-12-18,184.949997,187.419998,184.660004,187.199997,157.633698,3266100
2012-12-19,187.449997,187.820007,186.750000,186.889999,157.372742,1816000
2012-12-20,187.190002,188.229996,186.630005,188.050003,158.349503,3019500
2012-12-21,184.770004,186.490005,184.479996,186.490005,157.720230,4397500
2012-12-24,185.300003,185.869995,184.979996,185.440002,156.832230,997900
2012-12-26,185.979996,185.979996,183.910004,184.020004,155.631317,2879800
2012-12-27,184.350006,184.600006,182.000000,183.850006,155.487534,2182300
2012-12-28,182.929993,183.960007,182.479996,182.729996,154.540329,1907200
2012-12-31,182.410004,185.820007,182.080002,185.710007,157.060623,2659500
2013-01-02,190.089996,190.860001,188.610001,190.860001,161.416153,3767600
2013-01-03,190.600006,191.759995,190.149994,190.720001,161.297714,3650200
2013-01-04,191.380005,192.240005,190.509995,192.050003,162.422546,1900900
2013-01-07,191.380005,191.839996,191.000000,191.520004,161.974289,1557800
2013-01-08,191.339996,191.800003,190.369995,191.009995,161.542953,1035700
2013-01-09,191.649994,192.309998,191.490005,192.179993,162.532471,1572200
2013-01-10,193.199997,193.279999,191.500000,192.580002,162.870743,1870500
2013-01-11,192.669998,192.750000,191.630005,192.279999,162.616989,1099600
2013-01-14,192.080002,193.070007,192.009995,192.649994,162.930008,1800600
2013-01-15,191.669998,193.720001,191.610001,193.589996,163.724930,1351200
2013-01-16,193.309998,193.570007,192.699997,193.119995,163.327423,1635100
2013-01-17,193.850006,195.169998,193.740005,194.779999,164.731339,3178900
2013-01-18,194.830002,195.369995,194.220001,195.190002,165.078140,1692900
2013-01-22,195.320007,196.830002,195.210007,196.820007,166.456665,1864400
2013-01-23,196.759995,197.169998,196.460007,196.800003,166.439728,1522200
2013-01-24,197.000000,198.509995,196.839996,197.759995,167.251633,2481200
2013-01-25,198.779999,199.639999,197.729996,199.639999,168.841553,2148800
2013-01-28,199.899994,199.990005,198.369995,199.339996,168.587906,2009400
2013-01-29,199.279999,199.399994,198.429993,199.240005,168.503311,2106200
2013-01-30,199.399994,199.440002,197.830002,198.020004,167.471527,1450600
2013-01-31,198.009995,199.250000,197.889999,198.860001,168.181992,2702300
2013-02-01,199.690002,200.820007,199.240005,200.479996,169.552032,2369100
2013-02-04,199.389999,200.169998,198.029999,198.660004,168.012833,2164000
2013-02-05,199.479996,200.360001,199.059998,199.860001,169.027664,2652100
2013-02-06,199.399994,200.970001,199.289993,200.970001,169.966446,2396600
2013-02-07,200.949997,201.229996,199.289993,200.639999,169.687378,1397500
2013-02-08,201.020004,201.899994,200.899994,201.899994,170.752975,1673400
2013-02-11,201.809998,201.830002,200.919998,201.399994,170.330078,2259000
2013-02-12,201.389999,202.500000,201.380005,202.369995,171.150436,1530100
2013-02-13,202.520004,203.139999,202.000000,202.899994,171.598694,1872800
2013-02-14,202.399994,203.589996,202.300003,203.429993,172.046982,1398500
2013-02-15,203.500000,203.789993,202.649994,203.130005,171.793198,1955000
2013-02-19,203.389999,204.490005,203.300003,204.440002,172.901093,1735800
2013-02-20,204.419998,204.539993,200.779999,200.779999,169.805801,1814600
2013-02-21,200.800003,201.259995,198.100006,199.020004,168.317200,3189900
2013-02-22,200.029999,201.479996,199.729996,201.479996,170.397797,2102500
2013-02-25,201.990005,202.059998,196.880005,196.880005,166.507370,2935300
2013-02-26,197.660004,198.500000,196.360001,198.119995,167.556061,3204800
2013-02-27,198.229996,201.630005,198.039993,201.000000,169.991821,2582100
2013-02-28,200.720001,202.229996,200.509995,200.509995,169.577347,1924100
2013-03-01,199.429993,200.580002,197.699997,200.229996,169.340607,14033700
2013-03-04,199.770004,200.789993,198.850006,200.750000,169.780365,6124500
2013-03-05,201.710007,203.630005,201.710007,203.419998,172.038483,3428800
2013-03-06,203.830002,204.399994,203.289993,203.779999,172.342911,1712400
2013-03-07,203.839996,204.589996,203.740005,204.289993,172.774277,1801300
2013-03-08,205.539993,206.199997,204.149994,206.110001,174.313507,3561900
2013-03-11,205.729996,206.320007,205.320007,206.320007,174.491104,3905400
2013-03-12,206.070007,206.529999,205.350006,206.250000,174.431870,3161800
2013-03-13,206.369995,207.160004,205.809998,206.889999,174.973160,2715400
2013-03-14,207.399994,208.490005,207.179993,208.490005,176.326294,2395900
2013-03-15,207.380005,207.940002,206.940002,207.639999,176.027084,3260800
2013-03-18,205.759995,207.779999,205.619995,206.639999,175.179291,2026000
2013-03-19,207.320007,207.669998,204.669998,206.360001,174.941971,2215100
2013-03-20,207.600006,208.610001,207.070007,208.500000,176.756088,4928900
2013-03-21,206.889999,208.229996,205.970001,206.679993,175.213287,1881300
2013-03-22,207.389999,207.600006,206.809998,207.369995,175.798218,1503900
2013-03-25,207.759995,208.630005,205.809998,206.779999,175.298035,2605600
2013-03-26,207.699997,208.210007,206.919998,208.160004,176.467896,1624400
2013-03-27,206.809998,208.649994,206.080002,208.550003,176.798508,2830400
2013-03-28,208.580002,210.080002,208.339996,209.720001,177.790451,2076600
2013-04-01,209.639999,209.979996,207.020004,207.639999,176.027084,2376800
2013-04-02,208.699997,208.970001,206.339996,206.779999,175.298035,2761200
2013-04-03,207.360001,207.429993,203.029999,203.500000,172.517410,5195700
2013-04-04,203.740005,204.839996,203.440002,204.699997,173.534668,3424500
2013-04-05,201.910004,204.669998,201.429993,204.550003,173.407516,2076800
2013-04-08,204.970001,206.240005,203.759995,206.110001,174.729996,2303800
2013-04-09,206.479996,207.020004,205.289993,206.169998,174.780899,1502600
2013-04-10,206.690002,209.190002,206.669998,209.020004,177.196930,4030600
2013-04-11,208.929993,210.580002,208.809998,209.820007,177.875168,1804900
2013-04-12,209.240005,209.619995,207.869995,208.949997,177.137634,1108500
2013-04-15,207.919998,208.130005,201.910004,202.399994,171.584839,7409400
2013-04-16,203.940002,205.759995,203.279999,205.500000,174.212875,3449100
2013-04-17,203.990005,204.070007,200.869995,202.350006,171.542480,4523000
2013-04-18,202.750000,202.990005,200.289993,201.000000,170.398056,1958300
2013-04-19,202.470001,204.309998,201.380005,204.309998,173.204071,2059800
2013-04-22,204.199997,205.169998,201.809998,204.759995,173.585556,1173000
2013-04-23,205.779999,207.070007,204.860001,206.830002,175.340393,1479900
2013-04-24,206.869995,207.789993,206.460007,207.690002,176.069473,1801200
2013-04-25,208.199997,209.610001,207.830002,208.529999,176.781601,1265900
2013-04-26,208.229996,208.720001,206.919998,207.679993,176.060974,862600
2013-04-29,208.380005,209.639999,208.050003,209.190002,177.341049,1298200
2013-04-30,209.300003,211.110001,208.610001,210.970001,178.850098,1768700
2013-05-01,210.350006,210.490005,207.160004,207.240005,175.687912,2448800
2013-05-02,208.139999,209.570007,207.710007,209.440002,177.553040,1388900
2013-05-03,211.490005,213.070007,210.740005,211.940002,179.672409,1997200
2013-05-06,212.080002,213.339996,211.820007,213.179993,180.723572,723800
2013-05-07,213.559998,215.000000,213.169998,214.860001,182.147812,1794500
2013-05-08,214.410004,216.270004,214.399994,216.270004,183.343170,1675800
2013-05-09,215.960007,216.210007,214.889999,215.220001,182.452988,1743500
2013-05-10,215.660004,216.690002,215.210007,216.690002,183.699203,1469600
2013-05-13,216.190002,216.779999,215.470001,216.179993,183.266876,954000
2013-05-14,216.360001,218.789993,216.360001,218.710007,185.411697,1307100
2013-05-15,218.059998,219.929993,218.029999,219.539993,186.115311,1958800
2013-05-16,219.169998,220.179993,218.130005,218.369995,185.123459,2577200
2013-05-17,219.309998,220.759995,219.169998,220.720001,187.115662,2052900
2013-05-20,220.240005,221.570007,220.240005,220.919998,187.285233,2583100
2013-05-21,220.899994,221.800003,220.389999,221.149994,187.480209,1913700
2013-05-22,221.350006,222.970001,216.460007,217.399994,184.301132,3145300
2013-05-23,214.990005,217.380005,214.490005,217.160004,184.097672,1962500
2013-05-24,216.059998,216.520004,214.479996,216.520004,183.555099,2118600
2013-05-28,219.160004,220.059998,216.889999,217.889999,184.716507,2596100
2013-05-29,216.619995,217.070007,214.429993,216.029999,183.139679,2535900
2013-05-30,216.710007,218.320007,216.479996,217.949997,184.767426,2141700
2013-05-31,216.779999,218.850006,215.610001,215.800003,182.944748,3800100
2013-06-03,215.850006,216.229996,213.100006,215.070007,182.325867,3404900
2013-06-04,215.220001,216.440002,212.500000,213.669998,181.138977,2944500
2013-06-05,213.029999,213.490005,210.550003,210.580002,178.519455,3626800
2013-06-06,210.710007,213.330002,210.270004,213.330002,180.850769,2548300
2013-06-07,214.479996,215.550003,212.740005,215.279999,182.503891,1818100
2013-06-10,216.119995,216.149994,214.089996,215.449997,182.648026,1557300
2013-06-11,213.139999,214.820007,211.679993,212.639999,180.265778,1460600
2013-06-12,214.160004,214.449997,210.369995,210.830002,178.731430,1496100
2013-06-13,210.479996,214.990005,210.220001,214.690002,182.003723,2204400
2013-06-14,214.559998,215.410004,213.240005,213.820007,181.266205,725300
2013-06-17,215.440002,215.779999,214.009995,215.130005,182.376678,1258500
2013-06-18,215.119995,217.190002,215.119995,217.039993,183.995956,1786000
2013-06-19,216.350006,216.979996,213.429993,213.429993,180.935562,1598700
2013-06-20,211.020004,211.380005,207.410004,207.710007,176.086395,5070500
2013-06-21,207.270004,208.160004,204.770004,206.850006,175.980957,2406500
2013-06-24,204.270004,206.229996,202.449997,204.520004,173.998611,2523500
2013-06-25,206.559998,207.479996,204.699997,207.089996,176.185135,1291900
2013-06-26,208.850006,209.320007,207.419998,208.380005,177.282547,1770900
2013-06-27,209.820007,212.009995,209.800003,211.380005,179.834915,1522900
2013-06-28,210.899994,212.229996,210.080002,210.100006,178.745895,1862300
2013-07-01,211.770004,214.770004,211.589996,213.179993,181.366241,2189700
2013-07-02,213.300003,214.860001,211.880005,212.910004,181.136566,1654500
2013-07-03,212.220001,213.589996,211.800003,212.979996,181.196075,1530500
2013-07-05,215.029999,215.820007,212.679993,215.820007,183.612274,2755300
2013-07-08,216.699997,217.240005,215.929993,216.169998,183.909988,1385900
2013-07-09,217.279999,218.910004,216.580002,218.479996,185.875275,4124900
2013-07-10,218.580002,218.919998,217.460007,218.589996,185.968857,2117400
2013-07-11,221.000000,221.539993,220.190002,221.410004,188.368088,2116600
2013-07-12,221.460007,222.320007,221.250000,221.779999,188.682892,2466600
2013-07-15,222.449997,223.190002,221.789993,223.000000,189.720779,1120200
2013-07-16,223.100006,223.550003,220.990005,221.229996,188.214890,2304500
2013-07-17,222.539993,222.929993,221.520004,222.259995,189.091202,1828700
2013-07-18,223.020004,224.520004,222.580002,224.250000,190.784241,2157200
2013-07-19,223.710007,224.710007,223.500000,224.559998,191.047974,1929800
2013-07-22,224.960007,225.649994,224.330002,225.320007,191.694534,1541200
2013-07-23,226.119995,226.139999,224.869995,225.339996,191.711533,1633300
2013-07-24,226.270004,226.589996,223.279999,223.630005,190.256775,1823200
2013-07-25,223.229996,224.750000,222.910004,224.509995,191.005478,1751000
2013-07-26,223.080002,223.740005,222.220001,223.289993,189.967484,1310900
2013-07-29,222.759995,224.009995,221.830002,222.669998,189.440033,1198000
2013-07-30,223.300003,223.839996,222.580002,223.130005,189.831421,1531800
2013-07-31,224.059998,225.759995,223.559998,224.110001,190.665100,2858300
2013-08-01,226.210007,229.559998,225.910004,228.800003,194.655197,8423500
2013-08-02,227.860001,228.320007,227.250000,227.970001,193.949066,4591300
2013-08-05,227.669998,228.330002,227.250000,228.020004,193.991592,1362300
2013-08-06,227.210007,227.589996,225.139999,225.580002,191.915771,1561700
2013-08-07,225.009995,225.289993,223.460007,223.940002,190.520477,1611900
2013-08-08,224.880005,225.570007,223.949997,224.860001,191.303207,1335900
2013-08-09,224.589996,225.919998,224.259995,225.130005,191.532913,1407200
2013-08-12,223.830002,226.130005,223.789993,225.889999,192.179504,1559800
2013-08-13,226.089996,226.089996,223.990005,225.639999,191.966797,1079500
2013-08-14,225.309998,225.539993,224.000000,224.000000,190.571579,2324200
2013-08-15,221.779999,222.020004,219.710007,219.940002,187.117432,4802700
2013-08-16,219.630005,220.929993,219.259995,219.509995,186.751663,1731800
2013-08-19,219.210007,219.979996,217.869995,217.869995,185.356339,1420500
2013-08-20,218.059998,221.190002,217.940002,220.919998,187.951202,1130100
2013-08-21,219.589996,221.149994,218.449997,218.990005,186.309219,2005900
2013-08-22,219.339996,222.089996,219.330002,221.419998,188.376587,898600
2013-08-23,222.089996,222.089996,220.080002,221.779999,188.682892,2003000
2013-08-26,221.929993,223.000000,221.160004,221.990005,188.861481,2440500
2013-08-27,219.570007,220.020004,217.119995,217.289993,184.862900,2387000
2013-08-28,217.190002,218.750000,216.880005,217.899994,185.381882,1909500
2013-08-29,217.320007,219.839996,217.320007,218.919998,186.249649,969400
2013-08-30,219.050003,219.050003,215.270004,215.449997,183.297485,2408800
2013-09-03,218.529999,218.949997,213.210007,215.100006,182.999725,18087100
2013-09-04,215.539993,217.910004,214.639999,217.610001,185.135193,2711200
2013-09-05,217.710007,218.889999,217.559998,217.949997,185.424454,2151100
2013-09-06,219.059998,219.820007,216.009995,218.559998,185.943375,2268800
2013-09-09,219.139999,221.889999,218.979996,221.759995,188.665787,1963100
2013-09-10,223.169998,224.100006,222.479996,224.100006,190.656616,1504000
2013-09-11,223.850006,224.389999,222.910004,224.320007,190.843842,1652200
2013-09-12,224.419998,224.800003,223.240005,223.660004,190.282288,2500300
2013-09-13,224.169998,224.309998,222.990005,224.070007,190.631104,1107900
2013-09-16,226.949997,227.089996,224.919998,225.330002,191.703033,1179600
2013-09-17,225.369995,227.110001,225.229996,227.110001,193.217468,2109300
2013-09-18,226.820007,229.619995,225.449997,229.179993,194.978546,4632800
2013-09-19,229.809998,229.889999,228.460007,228.639999,194.519089,1617200
2013-09-20,228.839996,228.839996,226.250000,226.279999,193.070328,2880300
2013-09-23,226.300003,226.309998,224.259995,225.320007,192.251175,1654400
2013-09-24,225.779999,227.029999,224.479996,225.639999,192.524216,1437800
2013-09-25,225.820007,227.050003,224.889999,225.770004,192.635147,1651900
2013-09-26,226.050003,227.669998,225.880005,227.100006,193.769958,1235500
2013-09-27,225.690002,226.830002,225.449997,226.199997,193.002045,1585900
2013-09-30,224.020004,226.880005,223.740005,226.330002,193.112946,3820700
2013-10-01,225.990005,230.259995,225.820007,229.429993,195.757950,24684700
2013-10-02,228.119995,229.250000,227.059998,228.970001,195.365463,3177500
2013-10-03,228.460007,228.610001,225.339996,227.139999,193.804123,3718300
2013-10-04,227.190002,228.830002,226.839996,228.460007,194.930359,3202700
2013-10-07,226.250000,227.559998,225.720001,225.830002,192.686340,2145400
2013-10-08,225.740005,226.479996,222.940002,223.179993,190.425293,4887900
2013-10-09,223.419998,223.580002,221.279999,222.399994,189.759766,3662000
2013-10-10,225.130005,227.440002,224.570007,227.350006,193.983261,2558700
2013-10-11,226.800003,229.539993,226.600006,229.539993,195.851898,2903200
2013-10-14,228.080002,230.410004,227.830002,230.410004,196.594162,1509900
2013-10-15,229.619995,230.160004,227.419998,227.979996,194.520752,2686500
2013-10-16,229.509995,230.960007,228.929993,230.960007,197.063431,2216200
2013-10-17,229.710007,232.910004,229.679993,232.639999,198.496857,3542900
2013-10-18,233.789993,234.820007,232.869995,234.600006,200.169220,3097400
2013-10-21,235.029999,235.309998,234.119995,234.820007,200.356934,3910500
2013-10-22,235.630005,236.949997,234.830002,235.990005,201.355240,2704300
2013-10-23,234.910004,235.110001,233.259995,234.440002,200.032684,1490000
2013-10-24,234.839996,235.210007,234.029999,234.869995,200.399582,1314900
2013-10-25,235.139999,235.619995,234.220001,235.619995,201.039520,1084400
2013-10-28,235.619995,235.850006,234.460007,235.320007,200.783554,1149400
2013-10-29,235.619995,236.580002,234.899994,236.490005,201.781845,2173100
2013-10-30,236.740005,236.960007,234.080002,234.729996,200.280167,1500900
2013-10-31,234.809998,236.300003,233.770004,234.520004,200.100998,2926700
2013-11-01,234.919998,235.690002,232.979996,234.729996,200.280167,2770200
2013-11-04,235.529999,236.669998,234.869995,236.479996,201.773361,1273400
2013-11-05,235.490005,236.039993,234.169998,234.979996,200.493469,1280200
2013-11-06,236.240005,236.509995,234.320007,234.750000,200.297226,1265300
2013-11-07,235.580002,235.809998,230.580002,230.600006,196.756271,1769800
2013-11-08,230.649994,234.169998,230.649994,234.169998,199.802338,2358100
2013-11-11,233.860001,235.169998,233.479996,235.020004,200.527603,582800
2013-11-12,234.470001,234.770004,233.389999,234.690002,200.246048,1726500
2013-11-13,233.160004,237.089996,233.160004,237.039993,202.251129,1813000
2013-11-14,236.960007,238.190002,236.410004,238.029999,203.095856,937800
2013-11-15,238.199997,238.820007,237.690002,238.789993,203.744278,1124500
2013-11-18,239.520004,239.520004,236.559998,237.050003,202.259674,969400
2013-11-19,236.740005,237.300003,234.779999,235.429993,200.877441,1095600
2013-11-20,236.039993,236.800003,234.059998,234.889999,200.416672,1030800
2013-11-21,235.869995,237.910004,235.580002,237.789993,202.891052,1078700
2013-11-22,237.740005,238.419998,237.179993,238.199997,203.240860,847000
2013-11-25,238.759995,238.759995,237.279999,237.869995,202.959320,1843900
2013-11-26,237.710007,238.449997,237.149994,237.860001,202.950760,2693400
2013-11-27,238.130005,238.529999,237.460007,238.470001,203.471283,1467800
2013-11-29,238.779999,238.970001,237.429993,237.429993,202.583908,1054800
2013-12-02,237.520004,239.619995,236.119995,237.509995,202.652100,5674600
2013-12-03,236.759995,237.960007,235.710007,236.690002,201.952499,3330000
2013-12-04,235.860001,237.559998,234.300003,236.289993,201.611145,1872500
2013-12-05,236.119995,236.779999,235.300003,236.779999,202.029282,1245300
2013-12-06,239.270004,239.500000,237.929993,238.550003,203.539505,1729800
2013-12-09,238.770004,239.830002,238.440002,238.889999,203.829620,2422700
2013-12-10,238.330002,239.970001,238.100006,238.110001,203.164108,869700
2013-12-11,238.399994,238.399994,233.899994,234.210007,199.836487,4294000
2013-12-12,234.130005,235.000000,233.529999,234.449997,200.041260,2121200
2013-12-13,234.809998,235.869995,233.940002,235.169998,200.655563,2564200
2013-12-16,236.100006,237.240005,236.029999,236.839996,202.080444,1011400
2013-12-17,236.919998,237.199997,235.440002,236.729996,201.986694,1198900
2013-12-18,237.259995,239.729996,235.000000,239.679993,204.503632,4149900
2013-12-19,239.309998,239.309998,237.479996,237.710007,202.822815,2015400
2013-12-20,237.339996,239.880005,237.039993,239.669998,205.107819,3582900
2013-12-23,240.720001,241.710007,240.559998,241.570007,206.733749,1797400
2013-12-24,241.789993,242.740005,241.789993,242.699997,207.700790,1163700
2013-12-26,243.529999,243.960007,242.490005,242.779999,207.769287,2114300
2013-12-27,243.179993,243.660004,242.580002,242.979996,207.940445,885200
2013-12-30,242.800003,243.660004,242.630005,243.250000,208.171524,2044500
2013-12-31,243.759995,244.460007,243.589996,244.199997,208.984467,1806000
2014-01-02,243.309998,243.509995,240.679993,241.399994,206.588303,2963300
2014-01-03,242.070007,243.029999,241.690002,242.460007,207.495407,1284400
2014-01-06,243.380005,243.600006,240.850006,240.929993,206.186050,1328800
2014-01-07,241.820007,243.600006,241.619995,242.929993,207.897614,1643400
2014-01-08,242.940002,243.800003,241.779999,243.399994,208.299835,1158400
2014-01-09,244.110001,244.550003,242.259995,243.639999,208.505280,1118900
2014-01-10,244.000000,245.440002,243.580002,245.440002,210.045685,2134100
2014-01-13,244.850006,245.240005,241.190002,241.960007,207.067520,2654200
2014-01-14,242.860001,245.009995,242.130005,244.789993,209.489426,1756900
2014-01-15,245.139999,246.410004,244.990005,246.199997,210.696075,1594700
2014-01-16,245.589996,246.229996,245.300003,245.869995,210.413574,1028400
2014-01-17,245.630005,246.080002,244.869995,245.139999,209.788925,1646300
2014-01-21,246.600006,246.970001,244.679993,246.039993,210.559174,1028300
2014-01-22,246.250000,247.389999,245.940002,247.240005,211.586105,1246400
2014-01-23,245.820007,246.130005,244.070007,245.289993,209.917297,1202400
2014-01-24,243.610001,243.880005,238.899994,238.899994,204.448792,4229400
2014-01-27,239.190002,239.699997,235.470001,236.649994,202.523254,2550200
2014-01-28,237.199997,239.350006,236.809998,239.070007,204.594299,2864400
2014-01-29,236.770004,238.880005,236.240005,236.440002,202.343536,2878100
2014-01-30,238.320007,240.440002,238.149994,239.759995,205.184784,2154200
2014-01-31,236.509995,240.490005,236.259995,238.779999,204.346100,2605200
2014-02-03,238.320007,238.809998,229.970001,230.300003,197.089050,25643200
2014-02-04,231.289993,233.320007,230.089996,233.289993,199.647842,10705900
2014-02-05,231.759995,233.070007,229.860001,232.259995,198.766357,5160900
2014-02-06,233.389999,235.820007,233.389999,235.820007,201.813019,2119000
2014-02-07,236.720001,238.169998,236.119995,237.979996,203.661453,1333600
2014-02-10,237.770004,238.729996,236.889999,238.610001,204.200638,1339000
2014-02-11,238.990005,241.529999,238.699997,240.880005,206.143265,2073800
2014-02-12,241.610001,243.089996,241.449997,242.350006,207.401276,1856200
2014-02-13,240.580002,244.529999,240.580002,243.990005,208.804825,1936800
2014-02-14,244.070007,245.259995,243.449997,245.199997,209.840302,2023100
2014-02-18,245.669998,246.860001,244.800003,246.520004,210.969971,2356000
2014-02-19,246.169998,247.509995,244.710007,244.919998,209.600693,2690800
2014-02-20,245.339996,246.960007,244.460007,246.380005,210.850128,1442900
2014-02-21,247.119995,247.809998,246.300003,246.979996,211.363602,1684600
2014-02-24,247.320007,249.779999,247.289993,247.880005,212.133789,2066100
2014-02-25,248.039993,248.919998,246.929993,247.899994,212.150940,1583600
2014-02-26,248.229996,250.149994,247.690002,248.910004,213.015289,1777500
2014-02-27,248.589996,250.080002,248.110001,250.080002,214.016571,1645500
2014-02-28,249.679993,251.850006,249.190002,250.389999,214.281860,2819700
2014-03-03,248.419998,249.820007,247.009995,248.919998,213.023865,3443100
2014-03-04,251.520004,253.429993,251.240005,252.990005,216.506958,2959000
2014-03-05,252.899994,253.169998,251.899994,252.389999,215.993408,1444400
2014-03-06,253.080002,253.360001,252.080002,252.509995,216.096115,1588000
2014-03-07,254.050003,254.110001,251.800003,253.000000,216.515472,1036600
2014-03-10,253.100006,253.100006,250.690002,251.619995,215.334473,1480000
2014-03-11,252.100006,252.830002,249.369995,250.220001,214.136368,1100300
2014-03-12,248.750000,250.500000,248.139999,250.500000,214.376007,1107000
2014-03-13,251.270004,251.509995,246.960007,247.789993,212.056763,1746000
2014-03-14,247.419998,249.559998,247.169998,248.669998,212.809845,1306100
2014-03-17,249.880005,251.639999,249.610001,250.419998,214.307526,953400
2014-03-18,250.440002,253.059998,250.440002,252.649994,216.215927,1509800
2014-03-19,252.570007,253.080002,249.839996,250.979996,214.786789,1734800
2014-03-20,250.380005,252.039993,249.660004,251.710007,215.411514,1457400
2014-03-21,252.229996,253.369995,250.550003,250.699997,215.132660,2595400
2014-03-24,251.639999,252.470001,247.380005,248.789993,213.493591,1907400
2014-03-25,250.020004,251.179993,248.070007,249.460007,214.068542,1203000
2014-03-26,250.539993,251.070007,246.130005,246.220001,211.288223,1571000
2014-03-27,246.309998,246.949997,244.679993,245.600006,210.756149,1352200
2014-03-28,246.389999,248.759995,245.839996,246.869995,211.845993,1369400
2014-03-31,248.729996,250.929993,247.589996,250.570007,215.021057,1766200
2014-04-01,251.250000,252.860001,250.929993,252.860001,216.986176,2001900
2014-04-02,253.199997,253.830002,252.500000,253.630005,217.646927,1995600
2014-04-03,253.889999,254.199997,251.649994,252.429993,216.617157,1223300
2014-04-04,254.080002,254.479996,247.940002,248.570007,213.304794,3254300
2014-04-07,247.949997,248.490005,243.460007,244.330002,209.666321,2459900
2014-04-08,244.190002,246.300003,243.000000,245.759995,210.893478,2056500
2014-04-09,246.539993,248.330002,245.559998,248.149994,212.944397,2204300
2014-04-10,247.850006,248.229996,242.179993,242.740005,208.301956,3007800
2014-04-11,241.470001,242.990005,239.259995,239.770004,205.753281,2981700
2014-04-14,241.529999,242.369995,239.139999,240.839996,206.671494,1326100
2014-04-15,241.500000,243.059998,238.339996,242.440002,208.044464,2401700
2014-04-16,244.399994,245.339996,243.139999,245.250000,210.455765,1511200
2014-04-17,244.779999,246.369995,244.500000,245.740005,210.876358,1097600
2014-04-21,245.740005,246.720001,244.940002,246.440002,211.476990,1303900
2014-04-22,246.750000,248.919998,246.679993,248.220001,213.004486,1341200
2014-04-23,248.259995,249.000000,247.580002,247.899994,212.729858,839500
2014-04-24,248.919998,248.960007,245.949997,248.110001,212.910080,1317600
2014-04-25,247.070007,247.389999,244.690002,245.160004,210.378586,1427600
2014-04-28,246.070007,246.809998,241.419998,244.330002,209.666321,2003400
2014-04-29,245.130005,246.080002,244.470001,245.179993,210.395706,1030700
2014-04-30,244.839996,246.839996,243.869995,246.839996,211.820175,1347800
2014-05-01,246.380005,248.500000,245.610001,247.080002,212.026138,1204800
2014-05-02,247.149994,249.570007,246.539993,247.529999,212.412369,1552200
2014-05-05,246.149994,248.360001,244.860001,247.699997,212.558228,791600
2014-05-06,247.139999,247.820007,245.559998,245.869995,210.987793,1173000
2014-05-07,246.500000,247.130005,243.520004,247.050003,212.000443,1072600
2014-05-08,246.600006,249.360001,245.229996,245.800003,210.927765,1130800
2014-05-09,245.350006,246.529999,244.149994,246.529999,211.554245,1464400
2014-05-12,247.500000,250.479996,247.399994,250.229996,214.729294,1837700
2014-05-13,250.350006,250.970001,248.869995,249.000000,213.673843,929000
2014-05-14,248.380005,248.949997,246.649994,247.009995,211.966156,1143000
2014-05-15,245.869995,246.100006,242.220001,244.929993,210.181198,2696400
2014-05-16,245.410004,246.250000,243.699997,246.240005,211.305374,1125600
2014-05-19,245.809998,248.389999,245.529999,247.470001,212.360886,813500
2014-05-20,246.970001,247.110001,243.889999,244.869995,210.129745,1675200
2014-05-21,245.789993,246.919998,244.679993,246.220001,211.288223,1302300
2014-05-22,246.500000,248.600006,246.089996,247.729996,212.584000,652900
2014-05-23,247.699997,249.500000,247.419998,249.389999,214.008469,1273300
2014-05-27,250.389999,251.600006,250.210007,251.050003,215.432983,1333400
2014-05-28,250.979996,251.009995,249.289993,250.110001,214.626358,1108900
2014-05-29,251.039993,251.570007,249.869995,251.529999,215.844849,2101400
2014-05-30,251.449997,251.809998,250.330002,250.880005,215.287064,1797200
2014-06-02,251.309998,251.899994,249.479996,251.699997,215.990738,1206000
2014-06-03,251.100006,252.210007,250.660004,251.779999,216.059326,1190100
2014-06-04,251.320007,252.979996,250.869995,252.940002,217.054901,838400
2014-06-05,253.419998,255.679993,252.100006,255.490005,219.243042,1380600
2014-06-06,256.000000,257.519989,255.789993,256.929993,220.478714,1081000
2014-06-09,256.899994,258.730011,256.559998,257.769989,221.199554,1637900
2014-06-10,257.260010,257.510010,256.250000,257.040009,220.573135,760200
2014-06-11,256.010010,256.470001,255.199997,256.200012,219.852325,1311300
2014-06-12,255.789993,256.070007,254.289993,254.889999,218.728180,1767700
2014-06-13,255.220001,256.149994,254.089996,255.550003,219.294525,1181200
2014-06-16,255.369995,256.390015,254.509995,255.610001,219.345978,1326600
2014-06-17,255.380005,259.019989,255.009995,257.730011,221.165253,11137200
2014-06-18,257.570007,259.140015,256.970001,259.019989,222.272263,3750600
2014-06-19,259.480011,259.570007,258.179993,259.109985,222.349411,1595400
2014-06-20,258.660004,259.269989,258.149994,259.170013,223.071594,2108600
2014-06-23,259.209991,259.850006,258.380005,258.890015,222.830612,1461700
2014-06-24,258.470001,260.279999,256.739990,256.820007,221.048965,1873000
2014-06-25,256.320007,258.559998,256.160004,258.549988,222.537949,2334500
2014-06-26,258.410004,258.609985,256.100006,258.000000,222.064545,1247000
2014-06-27,257.250000,259.450012,257.230011,259.450012,223.312592,1185700
2014-06-30,259.269989,260.660004,258.540009,260.559998,224.267960,2250400
2014-07-01,261.480011,264.000000,261.220001,262.600006,226.023926,6456600
2014-07-02,262.350006,262.970001,260.850006,261.339996,224.939392,2118900
2014-07-03,261.950012,262.589996,261.640015,262.140015,225.627960,621500
2014-07-07,262.140015,262.230011,259.820007,260.140015,223.906540,1116100
2014-07-08,259.750000,260.279999,257.010010,258.130005,222.176498,1326200
2014-07-09,258.739990,259.100006,257.839996,258.779999,222.735916,1386200
2014-07-10,254.779999,258.260010,254.550003,256.950012,221.160797,1401900
2014-07-11,256.880005,257.320007,255.800003,256.679993,220.928421,993300
2014-07-14,258.320007,258.559998,257.269989,257.760010,221.857986,2218900
2014-07-15,257.399994,258.600006,255.399994,256.869995,221.091995,1616100
2014-07-16,258.109985,258.339996,255.449997,256.529999,220.799347,6144600
2014-07-17,255.449997,257.000000,253.339996,253.820007,218.466782,2795100
2014-07-18,254.309998,257.029999,254.139999,256.910004,221.126389,2349600
2014-07-21,255.639999,256.489990,254.789993,256.059998,220.394806,1506000
2014-07-22,257.200012,258.140015,256.950012,257.130005,221.315765,1081300
2014-07-23,257.579987,257.619995,256.109985,256.970001,221.178040,1321200
2014-07-24,257.230011,258.220001,256.899994,257.220001,221.393219,1789500
2014-07-25,255.949997,256.859985,255.240005,255.539993,219.947144,1400800
2014-07-28,255.770004,255.929993,253.529999,255.089996,219.559921,1475300
2014-07-29,255.490005,256.510010,253.869995,253.940002,218.570053,1298900
2014-07-30,254.779999,255.639999,253.449997,254.399994,218.965988,1561600
2014-07-31,252.440002,253.089996,249.119995,249.130005,214.430069,4777700
2014-08-01,248.779999,249.839996,246.589996,248.860001,214.197617,7384800
2014-08-04,249.500000,250.410004,247.130005,250.149994,215.307983,2633700
2014-08-05,248.919998,250.830002,247.740005,248.960007,214.283722,2095900
2014-08-06,247.770004,250.429993,247.649994,249.270004,214.550552,1480000
2014-08-07,250.250000,250.789993,247.710007,248.330002,213.741486,1967800
2014-08-08,248.750000,251.089996,248.080002,250.940002,215.987915,1642300
2014-08-11,252.100006,253.529999,251.630005,252.050003,216.943329,1534800
2014-08-12,251.470001,252.929993,250.050003,251.160004,216.177261,2514300
2014-08-13,252.039993,253.649994,251.529999,253.300003,218.019196,1096600
2014-08-14,253.509995,254.660004,253.250000,254.660004,219.189743,1209900
2014-08-15,255.539993,255.610001,252.160004,254.070007,218.681976,1360600
2014-08-18,255.910004,257.170013,255.210007,257.109985,221.298569,1422000
2014-08-19,257.549988,258.700012,257.549988,258.649994,222.624100,1105100
2014-08-20,258.160004,259.549988,257.730011,259.279999,223.166290,2004100
2014-08-21,259.390015,260.040009,258.279999,259.709991,223.536392,2315400
2014-08-22,259.559998,260.250000,258.619995,259.480011,223.338409,728700
2014-08-25,260.820007,261.190002,259.720001,260.390015,224.121689,824900
2014-08-26,260.720001,261.750000,260.529999,261.260010,224.870575,646100
2014-08-27,261.500000,261.790009,260.519989,260.899994,224.560638,620500
2014-08-28,260.010010,260.929993,259.179993,260.579987,224.285233,1019600
2014-08-29,261.260010,262.059998,260.179993,261.739990,225.283615,1187300
2014-09-02,262.329987,263.690002,261.660004,262.500000,225.937759,3662900
2014-09-03,263.779999,263.959991,261.720001,262.109985,225.602097,1593500
2014-09-04,262.459991,263.429993,260.640015,261.369995,224.965164,2462700
2014-09-05,261.160004,262.339996,260.190002,262.339996,225.800034,1474500
2014-09-08,262.010010,262.799988,260.859985,262.079987,225.576263,2009600
2014-09-09,261.940002,262.160004,259.709991,259.980011,223.768799,1451700
2014-09-10,260.250000,260.779999,258.769989,260.350006,224.087250,1308100
2014-09-11,259.209991,261.709991,259.079987,261.589996,225.154541,1181500
2014-09-12,261.519989,261.540009,258.459991,259.089996,223.002777,2296100
2014-09-15,259.119995,259.350006,257.380005,258.059998,222.116226,1306400
2014-09-16,257.410004,260.200012,257.209991,259.500000,223.355667,3127800
2014-09-17,259.679993,260.760010,258.429993,259.260010,223.149063,2961600
2014-09-18,260.380005,260.720001,259.570007,260.160004,223.923721,820900
2014-09-19,260.760010,260.760010,257.369995,258.010010,222.552216,2601200
2014-09-22,257.440002,257.480011,254.199997,254.509995,219.533203,3097400
2014-09-23,253.350006,254.860001,252.410004,252.470001,217.773575,3433000
2014-09-24,252.449997,254.020004,251.479996,253.759995,218.886337,1830900
2014-09-25,252.740005,253.000000,249.369995,250.199997,215.815628,3675000
2014-09-26,250.880005,252.380005,250.050003,252.160004,217.506165,1007400
2014-09-29,249.490005,251.949997,249.210007,251.550003,216.980026,1508500
2014-09-30,251.690002,251.880005,249.289993,249.320007,215.056473,2088100
2014-10-01,248.759995,249.139999,245.320007,245.970001,212.166885,4009500
2014-10-02,245.589996,247.369995,243.059998,246.520004,212.641235,3152000
2014-10-03,248.360001,249.009995,246.929993,248.160004,214.055878,2213000
2014-10-06,249.270004,249.460007,246.889999,247.470001,213.460678,1935800
2014-10-07,246.309998,247.009995,243.789993,243.850006,210.338242,2368400
2014-10-08,243.940002,247.419998,241.850006,247.399994,213.400330,2695800
2014-10-09,246.559998,246.729996,241.470001,241.529999,208.337036,4020700
2014-10-10,241.309998,242.279999,237.259995,237.279999,204.671127,2892300
2014-10-13,237.529999,238.630005,234.210007,234.380005,202.169601,4987100
2014-10-14,235.979996,239.179993,235.250000,236.559998,204.050079,4082600
2014-10-15,233.289993,237.970001,230.809998,236.330002,203.851654,7691400
2014-10-16,231.729996,239.300003,231.360001,238.860001,206.033966,4223100
2014-10-17,241.639999,242.080002,239.350006,240.610001,207.543488,1908600
2014-10-20,239.910004,243.110001,239.770004,243.070007,209.665436,1409100
2014-10-21,244.800003,248.789993,244.210007,248.759995,214.573410,2304100
2014-10-22,249.229996,249.899994,246.009995,246.160004,212.330780,1504000
2014-10-23,248.679993,251.240005,248.029999,249.800003,215.470505,2197900
2014-10-24,249.880005,250.770004,248.630005,250.759995,216.298615,1568400
2014-10-27,249.539993,250.589996,248.240005,250.479996,216.057053,1915200
2014-10-28,251.639999,254.880005,251.009995,254.750000,219.740219,3411900
2014-10-29,255.229996,255.979996,252.460007,254.460007,219.490112,2474700
2014-10-30,253.649994,255.720001,252.610001,255.190002,220.119827,2280300
2014-10-31,258.459991,258.529999,256.170013,258.119995,222.647141,4720100
2014-11-03,258.709991,259.910004,257.809998,258.619995,223.078339,4124300
2014-11-04,257.760010,258.540009,256.489990,257.519989,222.129562,3036300
2014-11-05,259.380005,259.500000,257.320007,258.540009,223.009369,1084100
2014-11-06,258.540009,260.359985,258.239990,260.350006,224.570602,1816700
2014-11-07,259.859985,260.839996,259.209991,260.500000,224.700027,1715500
2014-11-10,260.660004,261.760010,260.510010,261.260010,225.355652,2126000
2014-11-11,261.149994,261.630005,260.649994,261.339996,225.424561,2619500
2014-11-12,260.170013,262.079987,260.049988,261.859985,225.873108,2331500
2014-11-13,261.959991,262.540009,259.920013,260.690002,224.863876,1206600
2014-11-14,260.649994,261.679993,260.119995,260.549988,224.743149,2469600
2014-11-17,260.040009,260.859985,259.649994,260.130005,224.380859,1698200
2014-11-18,260.540009,262.559998,260.470001,261.529999,225.588486,1664200
2014-11-19,261.260010,261.299988,259.109985,260.649994,224.829437,1743100
2014-11-20,259.579987,262.000000,259.529999,261.920013,225.924881,1033100
2014-11-21,265.109985,265.309998,262.480011,263.170013,227.003113,1849900
2014-11-24,263.730011,264.940002,263.420013,264.940002,228.529770,1224900
2014-11-25,265.369995,265.940002,263.920013,265.010010,228.590271,1244500
2014-11-26,264.970001,265.420013,264.470001,264.980011,228.564301,1320300
2014-11-28,264.899994,264.899994,262.579987,262.859985,226.735703,1065700
2014-12-01,262.149994,262.559998,259.500000,259.540009,223.872025,1726300
2014-12-02,259.670013,261.760010,259.660004,261.130005,225.243515,1095700
2014-12-03,261.109985,263.720001,260.859985,263.339996,227.149704,1143900
2014-12-04,262.769989,263.480011,261.760010,262.929993,226.796112,3291400
2014-12-05,263.230011,263.880005,262.549988,263.329987,227.141052,1384000
2014-12-08,262.760010,264.579987,260.320007,261.459991,225.528122,2203800
2014-12-09,258.730011,263.010010,258.440002,262.920013,226.787415,1882100
2014-12-10,261.989990,262.230011,257.609985,257.829987,222.396896,1906100
2014-12-11,259.480011,261.709991,258.779999,259.290009,223.656387,1919100
2014-12-12,257.049988,258.440002,255.669998,255.710007,220.568329,2336700
2014-12-15,257.130005,257.529999,252.929993,253.889999,218.998398,3483700
2014-12-16,252.750000,256.910004,251.929993,253.350006,218.532654,3010900
2014-12-17,254.279999,259.369995,253.399994,259.160004,223.544235,2647400
2014-12-18,262.630005,263.640015,260.739990,263.640015,227.408508,1892000
2014-12-19,263.220001,263.850006,261.549988,263.299988,228.044220,1852600
2014-12-22,263.420013,264.440002,263.190002,264.380005,228.979645,2701100
2014-12-23,265.269989,266.100006,264.779999,265.309998,229.785049,2336300
2014-12-24,265.880005,266.450012,264.869995,265.899994,230.296112,537000
2014-12-26,266.510010,267.529999,266.200012,266.570007,230.876373,2772500
2014-12-29,266.529999,268.670013,266.489990,267.809998,231.950272,2616900
2014-12-30,267.390015,268.000000,266.640015,266.730011,231.014908,1086000
2014-12-31,267.679993,268.059998,263.859985,263.970001,228.624512,2431300
2015-01-02,265.279999,265.829987,261.670013,263.549988,228.260757,1532700
2015-01-05,261.899994,262.899994,258.980011,259.649994,224.882950,1108500
2015-01-06,259.959991,260.309998,255.320007,256.609985,222.249954,2167800
2015-01-07,258.720001,260.209991,257.700012,260.079987,225.255417,1278800
2015-01-08,261.910004,264.420013,261.890015,264.109985,228.745819,3690500
2015-01-09,264.549988,264.619995,261.119995,261.880005,226.814392,1405400
2015-01-12,262.269989,262.799988,259.130005,260.480011,225.601852,1127200
2015-01-13,262.170013,265.040009,257.750000,260.359985,225.497879,2493200
2015-01-14,257.040009,259.589996,256.329987,259.290009,224.571182,2195200
2015-01-15,260.309998,260.690002,256.190002,256.410004,222.076797,1000000
2015-01-16,255.610001,260.350006,255.550003,259.980011,225.168762,1643400
2015-01-20,260.589996,261.369995,257.329987,259.489990,224.744431,1186000
2015-01-21,258.630005,261.559998,258.149994,261.049988,226.095490,1804700
2015-01-22,262.769989,265.920013,260.230011,265.920013,230.313492,1791000
2015-01-23,265.769989,266.220001,264.429993,264.559998,229.135406,1377500
2015-01-26,264.459991,267.690002,263.480011,267.690002,231.846405,1687300
2015-01-27,264.540009,267.000000,263.739990,265.880005,230.278809,1441900
2015-01-28,267.380005,267.880005,262.019989,262.640015,227.472610,2276700
2015-01-29,262.720001,264.850006,260.829987,264.600006,229.170151,1748800
2015-01-30,262.859985,263.859985,260.720001,261.070007,226.112778,2926100
2015-02-02,261.899994,263.339996,258.019989,263.059998,227.836426,2798000
2015-02-03,264.559998,268.029999,264.109985,267.890015,232.019608,2150100
2015-02-04,266.809998,268.209991,266.269989,266.790009,231.066940,1850000
2015-02-05,267.839996,269.700012,267.260010,269.570007,233.474731,1656500
2015-02-06,269.989990,270.329987,267.619995,268.559998,232.599930,1583000
2015-02-09,267.600006,268.910004,266.790009,267.130005,231.361359,1057400
2015-02-10,268.709991,269.559998,266.429993,269.369995,233.301498,1514600
2015-02-11,269.040009,269.980011,267.799988,269.209991,233.162857,1490100
2015-02-12,270.609985,272.130005,269.940002,271.739990,235.354095,3121100
2015-02-13,272.029999,273.519989,271.709991,273.500000,236.878433,2024600
2015-02-17,273.369995,274.040009,272.230011,273.450012,236.835144,1788800
2015-02-18,272.809998,274.390015,272.500000,274.299988,237.571259,1491800
2015-02-19,273.619995,274.709991,273.070007,274.010010,237.320221,1922700
2015-02-20,273.660004,276.079987,272.220001,275.970001,239.017685,3150400
2015-02-23,275.390015,275.989990,274.309998,275.989990,239.035019,1479800
2015-02-24,275.779999,276.450012,275.019989,276.339996,239.338104,1619300
2015-02-25,275.929993,276.709991,275.339996,276.029999,239.069626,1687400
2015-02-26,275.940002,276.059998,274.470001,275.290009,238.428757,1072200
2015-02-27,274.989990,275.579987,274.140015,274.200012,237.484680,1749300
2015-03-02,274.410004,276.380005,274.250000,276.299988,239.303467,1996800
2015-03-03,275.519989,276.000000,273.760010,274.779999,237.987076,1405800
2015-03-04,273.899994,274.140015,272.440002,273.739990,237.086273,1145500
2015-03-05,274.130005,274.410004,273.119995,274.149994,237.441376,777300
2015-03-06,272.709991,273.459991,270.190002,270.720001,234.470749,1125000
2015-03-09,271.239990,272.170013,271.130005,271.690002,235.310760,1750800
2015-03-10,269.299988,269.750000,268.170013,268.269989,232.348740,1596700
2015-03-11,268.959991,270.290009,267.869995,270.239990,234.054947,1321600
2015-03-12,271.510010,273.609985,271.410004,273.220001,236.635880,1568700
2015-03-13,272.750000,272.779999,269.720001,271.589996,235.224213,1455000
2015-03-16,272.760010,274.950012,272.559998,274.829987,238.030334,1425900
2015-03-17,273.959991,275.510010,273.619995,275.339996,238.472046,2065900
2015-03-18,274.850006,279.320007,274.119995,278.079987,240.845139,1680600
2015-03-19,277.660004,277.950012,276.500000,277.309998,240.178299,1218600
2015-03-20,277.709991,280.200012,277.339996,279.670013,242.759796,2904100
2015-03-23,280.049988,280.390015,279.459991,279.510010,242.621017,863100
2015-03-24,279.350006,279.450012,278.179993,278.309998,241.579269,901900
2015-03-25,278.670013,278.989990,273.570007,273.570007,237.464874,2100500
2015-03-26,272.320007,274.040009,271.570007,273.040009,237.004913,1639100
2015-03-27,272.989990,274.429993,272.470001,274.290009,238.089798,994100
2015-03-30,275.869995,278.600006,275.820007,278.200012,241.483841,1369700
2015-03-31,277.000000,278.019989,276.269989,277.239990,240.650574,1081900
2015-04-01,277.260010,277.260010,274.390015,276.200012,239.747757,1947400
2015-04-02,276.179993,278.420013,275.989990,277.190002,240.607101,1311700
2015-04-06,275.910004,279.760010,275.760010,279.519989,242.629593,3468500
2015-04-07,279.230011,279.679993,277.190002,277.220001,240.633133,2041000
2015-04-08,277.329987,279.010010,276.700012,278.679993,241.900406,1341600
2015-04-09,278.519989,279.489990,276.760010,278.609985,241.839676,1647700
2015-04-10,279.179993,279.739990,278.619995,279.230011,242.377823,2222900
2015-04-13,279.160004,279.890015,278.230011,278.269989,241.544571,903600
2015-04-14,278.239990,279.000000,276.459991,278.549988,241.787521,1129300
2015-04-15,279.380005,280.850006,279.160004,279.769989,242.846588,1285300
2015-04-16,279.209991,279.899994,278.149994,279.029999,242.204269,1126900
2015-04-17,276.809998,277.410004,274.730011,275.760010,239.365860,1915200
2015-04-20,277.450012,278.609985,277.160004,278.170013,241.457764,1423700
2015-04-21,279.070007,279.470001,277.750000,278.089996,241.388275,1015600
2015-04-22,278.179993,278.980011,276.600006,278.899994,242.091400,1354700
2015-04-23,278.820007,280.899994,278.519989,280.269989,243.280548,1793900
2015-04-24,280.690002,280.690002,278.799988,279.109985,242.273590,1363600
2015-04-27,279.799988,280.119995,276.450012,276.820007,240.285934,1968900
2015-04-28,276.609985,278.049988,274.850006,277.940002,241.258133,1677500
2015-04-29,276.339996,277.209991,275.269989,276.220001,239.765060,966900
2015-04-30,275.540009,275.850006,272.170013,273.149994,237.100281,2635100
2015-05-01,273.679993,275.869995,273.679993,275.269989,238.940475,2746600
2015-05-04,275.980011,277.459991,275.489990,276.450012,239.964813,1608200
2015-05-05,276.269989,277.010010,272.450012,272.820007,236.813843,4714200
2015-05-06,273.799988,274.299988,271.459991,272.950012,236.926788,1617100
2015-05-07,273.079987,274.779999,272.070007,273.970001,237.812027,996500
2015-05-08,276.190002,277.489990,276.170013,276.320007,239.851990,1298000
2015-05-11,276.100006,277.380005,275.220001,276.329987,239.860474,1261600
2015-05-12,275.100006,276.429993,272.869995,275.690002,239.305038,989100
2015-05-13,276.649994,277.239990,275.350006,276.010010,239.582748,950300
2015-05-14,277.679993,279.040009,276.679993,278.970001,242.152115,1969000
2015-05-15,278.850006,279.170013,277.730011,278.760010,241.969940,1341200
2015-05-18,278.559998,281.299988,278.070007,280.980011,243.896881,1317200
2015-05-19,281.410004,281.549988,280.029999,280.660004,243.619278,999400
2015-05-20,280.940002,281.609985,279.929993,280.720001,243.671173,1089400
2015-05-21,280.429993,281.510010,279.839996,281.019989,243.931610,583000
2015-05-22,280.320007,281.320007,280.209991,280.790009,243.731979,907500
2015-05-26,279.920013,280.019989,277.040009,277.630005,240.989059,2090200
2015-05-27,278.299988,280.329987,277.630005,280.149994,243.176437,1965200
2015-05-28,279.600006,280.149994,278.410004,279.619995,242.716339,1098900
2015-05-29,279.380005,279.549988,276.899994,277.690002,241.041046,2568600
2015-06-01,278.760010,279.350006,276.410004,278.260010,241.535919,1306500
2015-06-02,277.429993,279.299988,276.750000,278.459991,241.709427,1164400
2015-06-03,279.239990,280.970001,278.279999,279.910004,242.968094,3267200
2015-06-04,278.720001,279.170013,276.950012,277.350006,240.745911,1859400
2015-06-05,276.970001,278.399994,275.200012,278.149994,241.440369,945400
2015-06-08,277.850006,278.500000,276.220001,276.429993,239.947357,934900
2015-06-09,276.529999,276.809998,274.579987,275.609985,239.235565,975400
2015-06-10,277.200012,279.760010,276.820007,278.769989,241.978516,2770300
2015-06-11,279.320007,280.619995,279.089996,280.440002,243.428131,1720600
2015-06-12,279.369995,279.929993,278.549988,279.170013,242.325851,967900
2015-06-15,277.369995,278.010010,275.380005,277.549988,240.919449,1483500
2015-06-16,277.079987,279.760010,276.950012,279.390015,242.516815,1122600
2015-06-17,280.130005,280.619995,278.309998,279.220001,242.369095,927100
2015-06-18,280.170013,282.410004,279.809998,281.660004,244.487045,1605400
2015-06-19,280.450012,281.119995,279.820007,279.850006,243.715530,1223200
2015-06-22,281.470001,281.709991,280.529999,281.359985,245.030518,1026300
2015-06-23,281.440002,281.929993,280.970001,281.529999,245.178635,958600
2015-06-24,281.339996,281.589996,278.679993,278.869995,242.862076,1689900
2015-06-25,279.570007,279.809998,277.519989,277.959991,242.069626,1096600
2015-06-26,278.750000,279.040009,277.519989,278.390015,242.444122,1708900
2015-06-29,276.079987,277.820007,272.540009,272.630005,237.427811,2205800
2015-06-30,274.609985,274.790009,272.470001,273.200012,237.924194,2323000
2015-07-01,275.670013,275.670013,273.170013,274.269989,238.856064,4315700
2015-07-02,274.899994,275.269989,272.899994,273.779999,238.429337,1913900
2015-07-06,271.320007,274.369995,271.209991,272.869995,237.636765,2714800
2015-07-07,273.220001,274.320007,269.290009,274.200012,238.795074,3620300
2015-07-08,271.559998,273.049988,269.209991,270.369995,235.459579,3399900
2015-07-09,273.250000,273.519989,270.359985,270.459991,235.538010,2031900
2015-07-10,273.160004,273.970001,272.320007,273.239990,237.959000,1467300
2015-07-13,275.200012,276.109985,274.829987,275.750000,240.144928,1323900
2015-07-14,275.579987,277.390015,275.459991,276.809998,241.068024,1440500
2015-07-15,277.070007,277.149994,274.920013,275.369995,239.814026,1087300
2015-07-16,276.899994,277.059998,275.730011,276.309998,240.632614,1294300
2015-07-17,276.019989,276.299988,273.679993,274.200012,238.795074,1536700
2015-07-20,274.119995,274.760010,273.500000,274.140015,238.742813,2127600
2015-07-21,273.980011,274.850006,271.920013,272.100006,236.966339,1495200
2015-07-22,271.429993,273.140015,271.230011,272.959991,237.715195,1034300
2015-07-23,273.279999,273.890015,270.730011,271.029999,236.034378,1538300
2015-07-24,270.890015,271.470001,268.089996,268.519989,233.848465,2469600
2015-07-27,267.320007,267.850006,266.079987,266.540009,232.124161,1658800
2015-07-28,267.670013,269.540009,265.760010,269.350006,234.571320,2025600
2015-07-29,269.450012,272.850006,268.989990,272.450012,237.271027,1741000
2015-07-30,272.059998,273.230011,270.970001,273.049988,237.793488,1076400
2015-07-31,273.470001,274.809998,272.869995,273.489990,238.176727,1659900
2015-08-03,273.950012,273.950012,271.149994,272.660004,237.453979,1504300
2015-08-04,272.760010,274.130005,271.709991,272.410004,237.236252,1104000
2015-08-05,273.640015,275.700012,272.959991,273.859985,238.498932,1148400
2015-08-06,274.140015,274.329987,269.609985,271.209991,236.191238,1391300
2015-08-07,270.630005,271.299988,269.609985,270.890015,235.912460,1640400
2015-08-10,272.420013,275.000000,272.290009,274.989990,239.483093,2187800
2015-08-11,272.619995,273.640015,271.239990,272.260010,237.105652,2117400
2015-08-12,270.429993,272.029999,267.390015,271.589996,236.522156,3526400
2015-08-13,271.700012,272.739990,270.570007,271.540009,236.478500,1060300
2015-08-14,271.450012,273.589996,270.989990,273.290009,238.002655,1180900
2015-08-17,272.549988,275.959991,271.609985,275.890015,240.266968,1378100
2015-08-18,275.750000,275.760010,274.049988,274.380005,238.951889,887900
2015-08-19,272.899994,273.540009,270.309998,271.410004,236.365295,3056500
2015-08-20,269.220001,269.670013,265.269989,265.359985,231.096573,4085600
2015-08-21,262.649994,263.989990,259.010010,259.019989,225.575104,7374300
2015-08-24,245.110001,256.700012,216.910004,248.289993,216.230621,6050700
2015-08-25,255.000000,255.460007,245.979996,246.210007,214.419159,4859800
2015-08-26,251.350006,253.210007,246.320007,252.520004,219.914429,4864600
2015-08-27,255.000000,259.359985,254.240005,258.769989,225.357422,2004400
2015-08-28,258.369995,260.500000,257.929993,259.880005,226.324097,1330800
2015-08-31,258.690002,260.390015,257.709991,258.000000,224.686829,1230500
2015-09-01,253.220001,255.330002,249.949997,250.699997,218.329437,2937400
2015-09-02,253.949997,254.529999,250.669998,254.520004,221.656204,2617600
2015-09-03,255.149994,258.170013,254.850006,255.649994,222.640228,1179600
2015-09-04,252.550003,254.509995,251.679993,252.570007,219.957977,877300
2015-09-08,256.140015,259.000000,255.630005,258.739990,225.331253,1511100
2015-09-09,260.640015,261.019989,255.580002,256.000000,222.945099,910800
2015-09-10,255.330002,258.899994,255.330002,256.390015,223.284729,2548700
2015-09-11,255.639999,258.089996,254.690002,258.000000,224.686829,1097700
2015-09-14,258.510010,258.619995,256.359985,256.690002,223.546005,1381100
2015-09-15,257.410004,260.079987,256.820007,259.709991,226.176056,1885300
2015-09-16,259.730011,262.459991,259.399994,262.179993,228.327103,2039800
2015-09-17,262.369995,265.480011,261.209991,262.019989,228.187790,1141000
2015-09-18,257.970001,259.640015,256.329987,256.640015,224.273666,1407500
2015-09-21,257.890015,260.859985,257.450012,258.190002,225.628143,2118500
2015-09-22,254.960007,256.160004,253.210007,254.539993,222.438568,1610300
2015-09-23,255.110001,255.770004,253.220001,253.899994,221.879196,1732100
2015-09-24,252.309998,253.389999,250.130005,252.699997,220.830521,2086100
2015-09-25,254.679993,254.940002,251.259995,252.300003,220.480988,2088800
2015-09-28,251.320007,251.770004,245.160004,246.029999,215.001755,1462000
2015-09-29,245.889999,247.600006,244.479996,245.619995,214.643417,1954200
2015-09-30,248.070007,249.380005,246.309998,248.889999,217.501068,2270500
2015-10-01,249.149994,249.839996,245.929993,248.350006,217.029190,2304300
2015-10-02,246.070007,252.110001,244.880005,252.110001,220.314926,1163100
2015-10-05,253.850006,257.230011,253.550003,256.869995,224.474625,1698400
2015-10-06,256.760010,257.649994,255.050003,255.850006,223.583328,1229800
2015-10-07,257.190002,259.380005,256.000000,259.209991,226.519592,1912600
2015-10-08,258.690002,262.500000,258.410004,261.890015,228.861588,1840200
2015-10-09,262.510010,262.850006,261.209991,262.410004,229.315948,1919600
2015-10-12,262.700012,262.700012,261.529999,262.209991,229.141159,920400
2015-10-13,261.040009,263.230011,259.519989,259.690002,226.938965,1845200
2015-10-14,259.890015,260.820007,257.540009,257.809998,225.296036,1784800
2015-10-15,258.609985,260.929993,256.709991,260.820007,227.926498,2145200
2015-10-16,261.600006,261.619995,259.380005,260.790009,227.900269,850400
2015-10-19,259.799988,262.170013,259.709991,261.700012,228.695496,1473500
2015-10-20,261.200012,262.989990,260.959991,261.690002,228.686798,1117200
2015-10-21,262.369995,262.510010,258.540009,258.790009,226.152496,1750700
2015-10-22,259.989990,261.690002,259.079987,260.670013,227.795441,2969600
2015-10-23,262.429993,262.489990,260.119995,261.980011,228.940201,2302300
2015-10-26,261.640015,262.029999,260.359985,261.329987,228.372086,1994400
2015-10-27,260.359985,260.910004,257.829987,259.260010,226.563232,1083900
2015-10-28,259.940002,264.589996,259.299988,264.589996,231.221039,3288200
2015-10-29,263.619995,264.260010,262.359985,263.070007,229.892746,1981200
2015-10-30,263.010010,264.299988,262.540009,262.709991,229.578110,1835900
2015-11-02,262.980011,267.070007,262.799988,266.670013,233.038712,1076600
2015-11-03,266.320007,268.200012,265.709991,266.929993,233.265945,1639100
2015-11-04,267.950012,267.980011,265.790009,266.640015,233.012497,3721900
2015-11-05,266.679993,267.070007,264.649994,266.700012,233.064911,2234500
2015-11-06,266.049988,266.720001,264.160004,266.390015,232.794006,709600
2015-11-09,265.869995,266.059998,262.190002,264.140015,230.827805,1253900
2015-11-10,263.299988,265.459991,262.970001,265.459991,231.981339,1989900
2015-11-11,265.869995,266.010010,263.790009,263.869995,230.591843,787400
2015-11-12,262.140015,262.279999,258.209991,258.320007,225.741821,2525200
2015-11-13,257.720001,258.350006,255.440002,255.820007,223.557053,2961000
2015-11-16,256.029999,259.260010,255.539993,259.250000,226.554489,1300500
2015-11-17,259.470001,260.980011,257.929993,258.179993,225.619476,1027600
2015-11-18,259.029999,262.910004,258.700012,262.910004,229.752884,2973800
2015-11-19,262.690002,263.079987,261.709991,262.470001,229.368362,2368500
2015-11-20,263.220001,264.549988,262.869995,263.750000,230.486969,2135100
2015-11-23,263.459991,265.529999,263.380005,264.309998,230.976334,1652300
2015-11-24,263.160004,266.500000,262.440002,265.929993,232.391998,3716300
2015-11-25,266.049988,267.170013,265.519989,266.739990,233.099838,1861700
2015-11-27,267.079987,268.149994,265.779999,267.700012,233.938812,1181300
2015-11-30,268.510010,268.820007,266.000000,266.220001,232.645447,1977400
2015-12-01,267.420013,268.549988,266.750000,268.489990,234.629150,1410800
2015-12-02,268.299988,268.720001,265.049988,265.390015,231.920151,2489500
2015-12-03,266.190002,266.480011,259.859985,260.890015,227.987640,2246400
2015-12-04,261.179993,264.420013,260.899994,264.070007,230.766663,1329000
2015-12-07,263.540009,263.640015,260.179993,261.609985,228.616913,1532900
2015-12-08,259.260010,260.679993,258.100006,259.799988,227.035187,1078600
2015-12-09,258.760010,261.700012,255.860001,256.670013,224.299896,2489500
2015-12-10,256.510010,258.940002,256.079987,257.230011,224.789230,2641000
2015-12-11,254.649994,255.929993,252.639999,253.369995,221.415985,1622200
2015-12-14,253.059998,254.550003,250.100006,252.110001,220.314926,2373300
2015-12-15,253.600006,255.389999,253.350006,254.710007,222.587082,1332800
2015-12-16,256.070007,258.049988,254.289993,257.350006,224.894119,1676000
2015-12-17,258.149994,258.149994,254.199997,254.250000,222.185089,1111000
2015-12-18,252.429993,252.470001,249.720001,249.750000,219.116989,1669500
2015-12-21,251.169998,252.240005,249.759995,251.529999,220.678696,1750600
2015-12-22,252.360001,254.479996,250.860001,253.899994,222.757980,1005500
2015-12-23,255.369995,257.269989,254.770004,257.260010,225.705917,1249100
2015-12-24,257.299988,258.209991,256.350006,257.220001,225.670746,432000
2015-12-28,256.130005,257.010010,254.320007,256.899994,225.390045,1594900
2015-12-29,258.329987,259.500000,257.339996,258.959991,227.197327,1044900
2015-12-30,258.660004,259.079987,256.730011,256.730011,225.240875,1549700
2015-12-31,255.820007,257.320007,254.039993,254.039993,222.880798,2690700
2016-01-04,249.919998,250.820007,248.240005,250.820007,220.055771,5094700
2016-01-05,251.229996,251.789993,249.630005,250.899994,220.125931,3856800
2016-01-06,247.619995,249.179993,246.039993,247.360001,217.020111,5394000
2016-01-07,243.320007,244.970001,240.850006,241.039993,211.475311,6412600
2016-01-08,242.000000,242.830002,237.610001,237.820007,208.650269,4343100
2016-01-11,238.850006,239.529999,234.929993,237.100006,208.018570,5180400
2016-01-12,239.110001,239.770004,234.729996,238.080002,208.878357,5405800
2016-01-13,238.910004,239.470001,230.839996,231.660004,203.245789,6688000
2016-01-14,232.610001,235.949997,229.809998,234.399994,205.649765,3186900
2016-01-15,228.729996,231.470001,226.610001,231.029999,202.693100,5335200
2016-01-19,233.259995,233.309998,227.910004,229.759995,201.578842,2827400
2016-01-20,226.559998,230.690002,220.880005,228.270004,200.271576,6147500
2016-01-21,229.000000,232.169998,227.130005,228.619995,200.578705,4483400
2016-01-22,231.970001,234.550003,231.820007,234.339996,205.597092,2315600
2016-01-25,233.139999,233.490005,229.160004,229.479996,201.333191,1708500
2016-01-26,230.490005,234.710007,230.429993,234.619995,205.842773,1408700
2016-01-27,233.669998,236.149994,231.029999,232.250000,203.763443,1913700
2016-01-28,234.259995,234.759995,230.970001,232.339996,203.842407,1898200
2016-01-29,233.460007,240.000000,233.339996,239.970001,210.536591,4276000
2016-02-01,238.029999,240.770004,237.179993,239.610001,210.220718,2137600
2016-02-02,237.520004,237.520004,233.800003,234.509995,205.746231,2553800
2016-02-03,236.259995,236.720001,230.750000,236.139999,207.176346,3107800
2016-02-04,235.449997,239.589996,235.419998,237.889999,208.711655,2842500
2016-02-05,237.059998,237.070007,232.550003,232.830002,204.272339,1788900
2016-02-08,230.539993,230.649994,225.559998,228.850006,200.780502,2102800
2016-02-09,226.240005,230.080002,225.929993,228.220001,200.227768,2540400
2016-02-10,229.570007,232.610001,228.660004,228.759995,200.701492,2248000
2016-02-11,225.130005,226.990005,223.679993,225.580002,197.911514,2128800
2016-02-12,227.679993,230.110001,226.690002,229.740005,201.561325,2855300
2016-02-16,232.550003,234.970001,231.009995,234.669998,205.886581,1141700
2016-02-17,236.330002,239.300003,236.070007,238.360001,209.123978,1552300
2016-02-18,238.630005,238.789993,236.820007,237.779999,208.615173,1419700
2016-02-19,236.740005,237.899994,235.220001,237.899994,208.720428,1471000
2016-02-22,239.960007,241.830002,239.839996,240.929993,211.378815,1663800
2016-02-23,239.979996,240.789993,238.559998,238.800003,209.509995,1176100
2016-02-24,236.539993,240.779999,235.320007,240.279999,210.808533,1264600
2016-02-25,241.100006,243.110001,240.160004,243.029999,213.221237,1299900
2016-02-26,244.479996,245.020004,243.330002,244.179993,214.230194,1100800
2016-02-29,244.199997,245.699997,242.940002,242.940002,213.142273,1192500
2016-03-01,244.990005,248.500000,243.919998,248.500000,218.020355,2445700
2016-03-02,247.919998,250.800003,247.470001,250.660004,219.915375,1800900
2016-03-03,250.369995,253.339996,250.039993,253.339996,222.266663,1642000
2016-03-04,253.580002,255.949997,252.770004,255.089996,223.802017,2235100
2016-03-07,253.800003,256.380005,253.669998,256.269989,224.837265,1820700
2016-03-08,254.860001,254.899994,251.320007,251.339996,220.511963,1667900
2016-03-09,252.669998,252.889999,250.960007,252.460007,221.494614,1288500
2016-03-10,253.210007,254.009995,249.300003,251.660004,220.792740,1670700
2016-03-11,253.809998,256.690002,253.750000,256.549988,225.082901,4188300
2016-03-14,255.970001,256.239990,254.570007,255.630005,224.275757,1260000
2016-03-15,254.240005,254.509995,253.070007,253.919998,222.775497,911500
2016-03-16,253.009995,256.899994,253.009995,256.649994,225.170685,2529600
2016-03-17,256.359985,259.910004,255.619995,259.260010,227.460571,1353700
2016-03-18,258.970001,260.899994,258.220001,259.700012,228.566040,1283200
2016-03-21,259.589996,260.500000,258.790009,259.829987,228.680328,1949600
2016-03-22,258.519989,260.720001,258.019989,259.809998,228.662781,1669500
2016-03-23,259.170013,259.179993,256.619995,256.700012,225.925537,1304300
2016-03-24,255.080002,257.029999,254.330002,256.910004,226.110443,1217700
2016-03-28,257.609985,258.390015,256.170013,257.880005,226.964218,1270900
2016-03-29,257.089996,262.649994,256.700012,262.649994,231.162323,2295100
2016-03-30,264.350006,264.350006,262.000000,262.589996,231.109543,2293300
2016-03-31,262.769989,263.679993,262.239990,262.720001,231.223831,1316500
2016-04-01,260.750000,264.190002,260.170013,264.190002,232.517670,1811600
2016-04-04,263.739990,263.940002,261.209991,261.429993,230.088577,970200
2016-04-05,259.769989,260.359985,258.510010,258.779999,227.756256,1115300
2016-04-06,258.779999,261.450012,258.149994,261.369995,230.035751,1857500
2016-04-07,259.790009,260.329987,256.549988,257.959991,227.034561,1010100
2016-04-08,259.809998,261.290009,258.829987,259.570007,228.451614,920000
2016-04-11,260.950012,262.450012,259.079987,259.100006,228.037918,3330500
2016-04-12,259.690002,262.339996,258.880005,261.980011,230.572647,1458400
2016-04-13,263.359985,266.399994,263.260010,266.339996,234.409943,2670000
2016-04-14,266.269989,266.670013,265.079987,265.290009,233.485794,1046000
2016-04-15,264.989990,266.559998,264.750000,266.450012,234.506714,2479200
2016-04-18,265.149994,267.809998,264.859985,267.619995,235.536469,1213700
2016-04-19,268.429993,269.720001,267.489990,268.609985,236.407791,1571200
2016-04-20,268.920013,270.119995,267.559998,268.760010,236.539810,2741200
2016-04-21,269.019989,269.440002,266.160004,266.410004,234.471512,1740000
2016-04-22,266.869995,269.029999,266.779999,268.700012,236.487000,1696300
2016-04-25,268.059998,268.290009,266.309998,267.269989,235.228455,1624100
2016-04-26,268.119995,269.679993,267.440002,269.519989,237.208679,1686100
2016-04-27,269.750000,271.160004,268.820007,270.890015,238.414597,1021500
2016-04-28,269.019989,270.619995,266.890015,267.350006,235.298889,1181200
2016-04-29,266.329987,267.140015,263.989990,265.850006,233.978683,1788100
2016-05-02,266.750000,268.299988,265.589996,268.299988,236.134949,1430600
2016-05-03,266.279999,266.339996,263.049988,264.529999,232.816940,1348500
2016-05-04,263.209991,265.519989,262.630005,263.410004,231.831192,1588400
2016-05-05,264.369995,265.130005,262.579987,263.239990,231.681519,872100
2016-05-06,262.299988,264.489990,261.630005,264.459991,232.755356,851700
2016-05-09,264.250000,265.459991,263.350006,264.399994,232.702530,799600
2016-05-10,265.540009,267.529999,264.970001,267.529999,235.457306,1080400
2016-05-11,266.649994,267.420013,264.769989,264.899994,233.142532,1205000
2016-05-12,265.760010,266.570007,263.130005,264.809998,233.063339,1416600
2016-05-13,264.109985,264.950012,261.320007,262.179993,230.748642,1300200
2016-05-16,262.920013,265.779999,262.730011,264.929993,233.168961,1199300
2016-05-17,264.320007,265.369995,261.000000,262.059998,230.643051,1327500
2016-05-18,261.390015,264.089996,260.000000,261.450012,230.106140,1165100
2016-05-19,259.850006,261.730011,258.420013,260.559998,229.322861,1318100
2016-05-20,261.619995,264.480011,261.600006,264.190002,232.517670,1321100
2016-05-23,263.950012,264.660004,263.089996,263.630005,232.024826,830600
2016-05-24,265.000000,268.369995,264.899994,268.000000,235.870880,3786100
2016-05-25,268.989990,270.179993,268.839996,269.660004,237.331848,3040600
2016-05-26,269.980011,270.709991,269.339996,269.779999,237.437592,2069600
2016-05-27,269.970001,271.989990,269.790009,271.980011,239.373795,1368800
2016-05-31,272.720001,273.149994,271.119995,271.820007,239.232941,3972400
2016-06-01,270.760010,273.230011,270.200012,273.089996,240.350662,1694000
2016-06-02,272.519989,274.890015,271.779999,274.890015,241.934937,1347200
2016-06-03,274.429993,274.429993,271.579987,273.380005,240.605972,2270100
2016-06-06,273.940002,276.269989,273.540009,275.809998,242.744644,2092100
2016-06-07,276.019989,277.500000,275.510010,276.690002,243.519119,1344700
2016-06-08,277.029999,278.329987,276.989990,277.989990,244.663300,1194600
2016-06-09,276.880005,277.570007,275.950012,277.279999,244.038422,1125800
2016-06-10,274.820007,275.190002,272.619995,273.380005,240.605972,1807900
2016-06-13,272.459991,273.589996,270.070007,270.440002,238.018387,2040600
2016-06-14,269.470001,270.769989,268.109985,269.459991,237.155884,993800
2016-06-15,270.350006,271.899994,269.709991,269.959991,237.595932,1052100
2016-06-16,268.339996,269.929993,266.320007,269.769989,237.428757,2275100
2016-06-17,268.890015,270.029999,267.799988,268.929993,237.435776,1129700
2016-06-20,272.829987,273.799988,271.619995,271.760010,239.934418,2014600
2016-06-21,272.109985,272.600006,270.700012,271.970001,240.119827,1181300
2016-06-22,272.230011,273.380005,271.000000,271.079987,239.333939,1395100
2016-06-23,273.760010,276.100006,273.619995,276.100006,243.766174,2294900
2016-06-24,264.570007,269.609985,263.589996,264.929993,233.904221,5338300
2016-06-27,261.910004,262.279999,256.079987,257.470001,227.317856,6552400
2016-06-28,259.799988,262.660004,259.559998,262.420013,231.688171,2813300
2016-06-29,265.299988,267.450012,264.890015,267.450012,236.129120,2439400
2016-06-30,267.480011,272.390015,266.809998,272.230011,240.349380,2085400
2016-07-01,271.970001,274.170013,271.839996,272.779999,240.834930,1076200
2016-07-05,271.829987,272.170013,268.079987,269.649994,238.071457,2128300
2016-07-06,268.839996,271.230011,267.850006,271.049988,239.307526,1561200
2016-07-07,271.799988,273.410004,270.450012,271.519989,239.722488,1175900
2016-07-08,274.089996,276.940002,273.869995,276.670013,244.269394,1471600
2016-07-11,277.679993,278.859985,277.399994,278.220001,245.637848,1664100
2016-07-12,280.170013,281.750000,279.540009,281.000000,248.092331,2865300
2016-07-13,282.109985,282.209991,279.600006,280.239990,247.421295,1860300
2016-07-14,282.390015,282.519989,280.850006,280.880005,247.986374,1543100
2016-07-15,281.820007,282.119995,280.250000,280.869995,247.977539,1319600
2016-07-18,280.450012,281.779999,280.190002,281.239990,248.304153,1337300
2016-07-19,280.730011,281.000000,279.679993,280.720001,247.845123,1311500
2016-07-20,281.109985,282.480011,280.100006,281.899994,248.886948,1217600
2016-07-21,281.720001,282.600006,280.059998,280.250000,247.430130,1053600
2016-07-22,280.679993,282.750000,280.269989,282.510010,249.425446,1135900
2016-07-25,282.059998,282.470001,280.970001,281.470001,248.507248,834800
2016-07-26,281.640015,283.149994,281.250000,283.059998,249.911102,1242300
2016-07-27,283.140015,283.579987,280.760010,281.880005,248.869202,1944400
2016-07-28,281.329987,283.350006,281.029999,282.809998,249.690277,1242000
2016-07-29,282.589996,284.600006,281.679993,283.779999,250.546692,1449200
2016-08-01,283.929993,284.459991,282.480011,283.019989,249.875748,1049700
2016-08-02,282.859985,283.290009,279.000000,279.799988,247.032837,1045000
2016-08-03,279.679993,281.600006,278.910004,281.600006,248.622025,865700
2016-08-04,281.750000,282.820007,281.140015,281.640015,248.657379,968400
2016-08-05,283.000000,284.760010,282.640015,284.359985,251.058853,1411700
2016-08-08,284.359985,285.420013,284.149994,284.420013,251.111755,873100
2016-08-09,284.600006,285.040009,284.010010,284.320007,251.023468,749900
2016-08-10,284.239990,284.720001,282.920013,283.470001,250.273041,1060200
2016-08-11,284.220001,284.730011,283.200012,284.130005,250.855774,1154600
2016-08-12,283.660004,284.519989,282.910004,283.630005,250.414246,840600
2016-08-15,284.200012,286.320007,284.160004,285.760010,252.294891,898800
2016-08-16,284.859985,285.000000,282.880005,283.019989,249.875748,916800
2016-08-17,283.089996,283.260010,280.790009,282.510010,249.425446,1122800
2016-08-18,282.459991,284.529999,282.450012,284.450012,251.138336,1290400
2016-08-19,283.589996,284.829987,282.989990,284.529999,251.208939,828600
2016-08-22,284.200012,284.890015,283.420013,284.799988,251.447296,628300
2016-08-23,285.980011,287.079987,285.920013,286.209991,252.692108,1701300
2016-08-24,286.109985,286.200012,283.850006,284.779999,251.429611,1014800
2016-08-25,283.730011,285.899994,283.619995,285.170013,251.774002,949800
2016-08-26,285.640015,287.239990,282.779999,284.070007,250.802826,1232000
2016-08-29,284.480011,286.980011,284.480011,286.269989,252.745071,1980100
2016-08-30,286.510010,286.829987,284.959991,286.190002,252.674500,662300
2016-08-31,285.820007,286.079987,283.730011,285.079987,251.694489,1038100
2016-09-01,285.260010,285.940002,282.940002,284.950012,251.579773,884400
2016-09-02,286.339996,287.890015,286.279999,287.890015,254.175507,1834000
2016-09-06,288.059998,288.269989,286.130005,287.269989,253.628113,777800
2016-09-07,286.950012,288.399994,286.609985,288.350006,254.581573,912600
2016-09-08,287.760010,287.929993,286.890015,287.000000,253.389618,817500
2016-09-09,284.640015,284.929993,278.549988,278.549988,245.929184,2624600
2016-09-12,277.329987,282.260010,276.940002,281.899994,248.886948,1652000
2016-09-13,279.549988,280.309998,275.519989,276.779999,244.366516,2946200
2016-09-14,277.049988,277.980011,275.380005,276.000000,243.677872,1065900
2016-09-15,275.899994,279.339996,275.559998,278.859985,246.202789,749800
2016-09-16,276.290009,276.920013,275.359985,276.369995,244.982254,1397700
2016-09-19,277.700012,280.140015,277.239990,278.420013,246.799393,622800
2016-09-20,279.630005,279.630005,277.049988,277.049988,245.585052,606400
2016-09-21,277.869995,280.899994,277.170013,280.750000,248.864807,2278000
2016-09-22,282.299988,284.369995,282.299988,284.059998,251.798950,1894200
2016-09-23,283.239990,284.130005,281.720001,281.809998,249.804398,1391200
2016-09-26,280.299988,281.489990,280.149994,280.339996,248.501404,746600
2016-09-27,280.160004,281.109985,279.269989,280.619995,248.749619,748100
2016-09-28,280.890015,283.200012,279.309998,282.989990,250.850403,783500
2016-09-29,282.559998,283.179993,279.140015,279.839996,248.058182,1144700
2016-09-30,281.239990,283.299988,280.260010,282.269989,250.212189,1346500
2016-10-03,281.209991,281.880005,279.750000,280.209991,248.386078,2164700
2016-10-04,280.760010,281.140015,277.809998,278.869995,247.198288,1566400
2016-10-05,280.149994,281.670013,280.119995,280.269989,248.439331,1304100
2016-10-06,279.709991,281.130005,278.839996,280.859985,248.962357,662800
2016-10-07,280.910004,281.619995,277.529999,278.799988,247.136276,547100
2016-10-10,278.799988,282.790009,278.799988,281.140015,249.210526,1144500
2016-10-11,280.079987,280.369995,275.359985,276.500000,245.097473,3430400
2016-10-12,277.059998,278.329987,275.989990,277.579987,246.054810,808100
2016-10-13,275.190002,277.230011,273.829987,276.480011,245.079819,970400
2016-10-14,277.690002,278.769989,276.179993,276.339996,244.955704,1205100
2016-10-17,276.670013,277.260010,275.929993,276.209991,244.840424,1099300
2016-10-18,278.829987,279.079987,277.079987,277.720001,246.178925,955600
2016-10-19,278.070007,279.609985,276.940002,279.000000,247.313599,1477700
2016-10-20,278.209991,279.140015,276.489990,277.910004,246.347397,676400
2016-10-21,275.970001,277.820007,275.359985,277.760010,246.214462,545700
2016-10-24,279.450012,280.839996,278.399994,279.040009,247.349167,639800
2016-10-25,278.720001,278.739990,276.589996,277.049988,245.585052,893100
2016-10-26,275.440002,276.799988,274.890015,275.559998,244.264282,911100
2016-10-27,276.329987,276.390015,272.470001,273.350006,242.305313,1121700
2016-10-28,273.160004,275.100006,272.239990,272.799988,241.817734,1435700
2016-10-31,273.290009,275.269989,273.230011,274.769989,243.563980,1736500
2016-11-01,275.309998,275.500000,270.230011,271.750000,240.886978,1997800
2016-11-02,271.190002,271.760010,268.920013,269.109985,238.546814,2041800
2016-11-03,269.549988,270.519989,268.329987,268.630005,238.121353,1656000
2016-11-04,268.809998,271.489990,268.250000,269.070007,238.511383,1207900
2016-11-07,273.829987,274.970001,272.890015,274.750000,243.546310,963200
2016-11-08,273.790009,276.630005,273.239990,275.429993,244.148987,1241600
2016-11-09,273.350006,281.260010,273.019989,280.440002,248.590027,2477600
2016-11-10,282.040009,283.880005,280.000000,281.690002,249.698074,1946600
2016-11-11,281.500000,284.709991,281.100006,284.470001,252.162308,1495800
2016-11-14,286.700012,289.200012,286.059998,289.000000,256.177856,2015100
2016-11-15,289.190002,290.839996,288.179993,290.420013,257.436584,1583300
2016-11-16,290.160004,290.920013,289.369995,290.480011,257.489807,1228300
2016-11-17,291.089996,292.679993,290.970001,292.359985,259.156311,1900500
2016-11-18,292.619995,292.899994,291.890015,292.420013,259.209412,1748400
2016-11-21,293.299988,294.739990,292.899994,294.429993,260.991211,1437200
2016-11-22,295.239990,296.739990,294.640015,296.519989,262.843750,1584100
2016-11-23,295.959991,297.880005,295.630005,297.829987,264.005035,2128300
2016-11-25,298.570007,298.769989,298.109985,298.690002,264.767365,327000
2016-11-28,298.429993,298.649994,296.359985,296.519989,262.843750,1979800
2016-11-29,296.690002,298.190002,296.160004,297.220001,263.464355,2056700
2016-11-30,298.410004,298.670013,296.399994,296.429993,262.764008,1472400
2016-12-01,297.660004,298.260010,294.859985,295.750000,262.161255,2366500
2016-12-02,296.250000,297.089996,295.329987,295.989990,262.373962,1109400
2016-12-05,297.679993,299.480011,297.679993,299.250000,265.263794,1829900
2016-12-06,299.480011,302.250000,298.980011,302.239990,267.914124,1512100
2016-12-07,302.260010,307.000000,302.000000,305.700012,270.981323,2633500
2016-12-08,306.329987,309.589996,305.850006,309.089996,273.986176,2201700
2016-12-09,309.170013,309.549988,307.750000,308.390015,273.365662,2652200
2016-12-12,307.579987,309.220001,305.730011,306.640015,271.814484,3053800
2016-12-13,308.029999,308.359985,305.589996,307.220001,272.328644,2682900
2016-12-14,307.070007,308.019989,302.970001,303.339996,268.889221,1553000
2016-12-15,304.029999,306.529999,302.799988,304.679993,270.077026,1246700
2016-12-16,303.500000,305.890015,302.329987,302.929993,269.556488,2235200
2016-12-19,303.450012,304.899994,303.220001,304.660004,271.096039,1437300
2016-12-20,305.730011,306.750000,305.079987,306.450012,272.688690,836200
2016-12-21,306.230011,306.619995,304.989990,305.059998,271.451843,921400
2016-12-22,305.049988,305.230011,302.380005,303.239990,269.832367,1167000
2016-12-23,303.299988,304.070007,303.089996,303.920013,270.437469,825700
2016-12-27,304.160004,305.850006,304.010010,305.119995,271.505219,581600
2016-12-28,305.390015,305.859985,301.570007,302.019989,268.746704,832000
2016-12-29,302.309998,303.690002,301.779999,302.910004,269.538696,1674900
2016-12-30,303.709991,303.709991,301.049988,301.730011,268.488739,1951200
2017-01-03,304.679993,305.470001,301.429993,303.359985,269.939148,2004900
2017-01-04,304.269989,308.440002,304.140015,308.160004,274.210327,3109700
2017-01-05,307.089996,307.959991,304.559998,305.739990,272.056946,1293100
2017-01-06,306.059998,307.019989,304.950012,305.450012,271.799011,823100
2017-01-09,304.959991,305.309998,303.010010,303.529999,270.090454,971100
2017-01-10,303.859985,306.589996,303.570007,305.500000,271.843384,1055000
2017-01-11,305.730011,306.730011,304.519989,306.730011,272.937927,1569300
2017-01-12,306.079987,306.079987,301.670013,304.959991,271.362976,1764600
2017-01-13,305.700012,307.839996,305.690002,306.649994,272.866699,1477400
2017-01-17,305.709991,306.190002,303.350006,303.929993,270.446350,1053600
2017-01-18,304.350006,305.320007,303.000000,305.179993,271.558594,1184800
2017-01-19,305.390015,306.440002,301.869995,303.029999,269.645569,1147600
2017-01-20,304.149994,305.390015,303.529999,304.579987,271.024719,900500
2017-01-23,303.950012,304.799988,302.140015,303.809998,270.339630,823200
2017-01-24,305.089996,309.190002,305.000000,308.359985,274.388336,2493100
2017-01-25,309.769989,311.109985,309.690002,310.970001,276.710815,1437700
2017-01-26,311.100006,311.769989,309.269989,309.929993,275.785400,910700
2017-01-27,310.269989,310.790009,307.570007,308.320007,274.352783,967800
2017-01-30,306.510010,306.549988,302.799988,305.670013,271.994690,1510100
2017-01-31,305.220001,307.230011,303.940002,306.700012,272.911285,1593500
2017-02-01,308.579987,309.459991,304.730011,305.809998,272.119263,1981000
2017-02-02,305.839996,307.459991,304.869995,306.160004,272.430756,1372800
2017-02-03,308.450012,310.440002,308.079987,310.190002,276.016754,1251700
2017-02-06,309.220001,310.420013,308.260010,308.859985,274.833282,921100
2017-02-07,309.549988,310.089996,307.239990,308.000000,274.067932,1091600
2017-02-08,307.250000,308.410004,305.739990,308.260010,274.299377,858800
2017-02-09,308.869995,311.640015,308.609985,311.149994,276.871063,1608700
2017-02-10,312.309998,313.420013,311.559998,312.799988,278.339172,1174600
2017-02-13,314.299988,314.899994,313.549988,313.709991,279.148956,827100
2017-02-14,313.260010,314.660004,312.329987,314.600006,279.940857,662100
2017-02-15,313.600006,315.829987,313.600006,315.579987,280.812866,1273400
2017-02-16,315.619995,316.070007,313.649994,315.230011,280.501465,1132400
2017-02-17,314.230011,315.600006,313.510010,315.600006,280.830719,1118200
2017-02-21,315.880005,318.269989,315.880005,318.140015,283.090820,1024300
2017-02-22,317.420013,317.769989,316.119995,317.019989,282.094299,1003200
2017-02-23,317.579987,317.809998,314.149994,315.579987,280.812866,1078600
2017-02-24,313.309998,316.059998,312.820007,316.059998,281.240021,919800
2017-02-27,315.600006,318.079987,315.339996,318.049988,283.010773,1342600
2017-02-28,317.000000,317.260010,314.500000,314.660004,279.994385,1466900
2017-03-01,317.829987,320.480011,317.720001,319.920013,284.674805,2107400
2017-03-02,319.609985,319.679993,316.070007,316.220001,281.382385,1026400
2017-03-03,316.230011,317.019989,315.040009,316.529999,281.658264,1030000
2017-03-06,314.950012,315.109985,313.369995,314.459991,279.816254,1472500
2017-03-07,314.220001,314.429993,312.579987,312.850006,278.383606,802300
2017-03-08,313.200012,313.929993,311.200012,311.200012,276.915497,942000
2017-03-09,311.290009,312.279999,308.809998,310.019989,275.865417,1806600
2017-03-10,312.040009,312.470001,309.700012,311.549988,277.226868,1121100
2017-03-13,311.250000,312.880005,311.250000,312.070007,277.689606,946500
2017-03-14,310.950012,311.420013,309.130005,310.880005,276.630737,1344600
2017-03-15,312.230011,315.630005,312.000000,315.040009,280.332428,1327900
2017-03-16,315.510010,316.070007,314.209991,314.829987,280.145538,2092800
2017-03-17,314.549988,314.929993,313.390015,314.220001,280.335541,972800
2017-03-20,313.929993,314.350006,312.230011,313.130005,279.363129,767900
2017-03-21,314.309998,314.309998,306.529999,306.670013,273.599701,1865400
2017-03-22,306.269989,307.559998,305.109985,307.359985,274.215240,1254600
2017-03-23,307.369995,310.049988,306.420013,308.079987,274.857574,979000
2017-03-24,309.040009,309.950012,306.760010,307.779999,274.589905,974200
2017-03-27,304.869995,307.769989,303.850006,307.320007,274.179565,1984500
2017-03-28,306.279999,310.299988,306.279999,309.630005,276.240509,1225200
2017-03-29,309.329987,310.880005,308.510010,310.679993,277.177307,1034800
2017-03-30,310.489990,312.540009,310.489990,312.320007,278.640472,798900
2017-03-31,312.329987,313.700012,311.820007,312.420013,278.729797,1008800
2017-04-03,312.720001,313.450012,309.190002,310.730011,277.221924,2436600
2017-04-04,310.149994,311.109985,309.470001,310.269989,276.811432,1981300
2017-04-05,311.730011,313.010010,307.619995,307.890015,274.688171,1457200
2017-04-06,308.160004,311.000000,307.239990,310.529999,277.043488,1681600
2017-04-07,309.609985,311.299988,309.029999,310.079987,276.641968,1074600
2017-04-10,310.369995,312.510010,309.470001,310.899994,277.373566,1221600
2017-04-11,310.049988,312.739990,309.000000,312.739990,279.015137,1723800
2017-04-12,312.480011,312.480011,308.660004,308.899994,275.589233,1236900
2017-04-13,308.399994,309.230011,305.450012,305.450012,272.511261,1450300
2017-04-17,306.160004,309.239990,305.459991,309.220001,275.874756,1159200
2017-04-18,308.230011,309.549988,307.130005,309.170013,275.830109,907500
2017-04-19,310.119995,311.670013,309.339996,309.769989,276.365417,1090200
2017-04-20,310.920013,313.220001,310.200012,312.839996,279.104309,2155500
2017-04-21,312.420013,312.890015,311.309998,312.049988,278.399536,801300
2017-04-24,315.950012,316.480011,314.850006,315.829987,281.771820,1098100
2017-04-25,317.709991,318.980011,317.320007,317.750000,283.484863,1122200
2017-04-26,317.309998,319.390015,316.980011,317.769989,283.502655,1427700
2017-04-27,318.329987,319.059998,317.019989,318.070007,283.770386,756400
2017-04-28,318.179993,318.440002,314.829987,314.850006,280.897614,1748900
2017-05-01,315.820007,317.100006,313.950012,315.829987,281.771820,1244300
2017-05-02,316.019989,316.779999,314.540009,315.339996,281.334778,926100
2017-05-03,314.269989,315.029999,312.799988,314.019989,280.157166,959400
2017-05-04,314.190002,314.260010,311.540009,313.589996,279.773438,1074200
2017-05-05,314.750000,316.269989,313.459991,316.269989,282.164520,562100
2017-05-08,315.739990,316.299988,313.750000,314.920013,280.960114,871800
2017-05-09,315.140015,315.540009,313.339996,314.200012,280.317688,815700
2017-05-10,313.769989,316.480011,313.570007,316.200012,282.101959,934400
2017-05-11,315.160004,315.399994,311.839996,314.250000,280.362396,967600
2017-05-12,313.329987,313.670013,312.130005,312.980011,279.229248,548400
2017-05-15,313.700012,316.130005,313.690002,314.940002,280.977844,781000
2017-05-16,315.380005,315.480011,312.779999,314.519989,280.603180,1242700
2017-05-17,310.619995,314.679993,307.959991,308.160004,274.929016,3085000
2017-05-18,307.450012,309.519989,306.230011,308.420013,275.161011,1976100
2017-05-19,309.079987,312.809998,308.869995,311.600006,277.998138,1372600
2017-05-22,312.149994,313.489990,312.079987,313.170013,279.398743,790800
2017-05-23,313.829987,314.529999,311.910004,313.739990,279.907349,650800
2017-05-24,313.709991,315.089996,313.200012,314.619995,280.692413,785500
2017-05-25,315.660004,316.589996,314.589996,315.109985,281.129578,924500
2017-05-26,314.519989,315.000000,313.660004,314.309998,280.415894,1004600
2017-05-30,313.829987,314.559998,312.470001,313.309998,279.523743,697700
2017-05-31,313.880005,314.179993,310.239990,313.369995,279.577209,3430600
2017-06-01,314.380005,318.309998,313.480011,318.309998,283.984558,1939700
2017-06-02,318.799988,320.220001,317.640015,318.739990,284.368134,1743600
2017-06-05,318.540009,319.079987,317.269989,317.440002,283.208252,862800
2017-06-06,316.040009,317.429993,315.029999,316.269989,282.164520,1532500
2017-06-07,316.440002,317.410004,315.559998,316.109985,282.021667,692800
2017-06-08,316.170013,319.779999,315.570007,318.890015,284.501923,888200
2017-06-09,319.410004,322.000000,318.420013,320.040009,285.527924,1570100
2017-06-12,320.049988,321.000000,318.950012,320.380005,285.831238,1265900
2017-06-13,320.970001,322.750000,320.640015,322.450012,287.678040,1536900
2017-06-14,322.480011,322.609985,319.559998,321.029999,286.411224,1231600
2017-06-15,318.029999,320.200012,317.769989,319.510010,285.055145,2343600
2017-06-16,318.390015,319.049988,317.079987,318.989990,285.058777,977600
2017-06-19,319.630005,321.220001,319.630005,320.910004,286.774475,1096500
2017-06-20,319.940002,320.040009,317.309998,317.359985,283.602081,1109700
2017-06-21,318.160004,318.329987,315.149994,315.519989,281.957764,906100
2017-06-22,315.359985,316.690002,314.369995,315.950012,282.342072,645300
2017-06-23,316.049988,318.029999,315.420013,317.269989,283.521637,748700
2017-06-26,318.089996,319.350006,317.079987,318.510010,284.629791,1929700
2017-06-27,317.950012,319.040009,315.839996,315.890015,282.288513,1960400
2017-06-28,317.760010,320.480011,317.619995,319.489990,285.505493,1943900
2017-06-29,319.700012,320.250000,314.829987,317.410004,283.646790,2084300
2017-06-30,317.720001,319.149994,317.309998,317.619995,283.834351,1119500
2017-07-03,319.019989,321.010010,318.829987,320.040009,285.996948,737700
2017-07-05,319.130005,319.920013,317.790009,318.809998,284.897797,769000
2017-07-06,317.339996,317.940002,314.609985,314.910004,281.412659,1971800
2017-07-07,315.429993,318.290009,315.109985,318.029999,284.200806,1016000
2017-07-10,317.250000,318.700012,316.829987,317.320007,283.566437,1285100
2017-07-11,317.049988,318.119995,315.309998,317.859985,284.048859,1121100
2017-07-12,319.470001,321.640015,319.220001,319.859985,285.836060,1079300
2017-07-13,319.989990,320.329987,318.350006,320.200012,286.140015,741800
2017-07-14,319.730011,322.380005,319.730011,321.190002,287.024658,1195600
2017-07-17,321.070007,322.339996,320.220001,321.920013,287.676971,925200
2017-07-18,320.869995,321.480011,319.630005,320.850006,286.720764,744300
2017-07-19,321.010010,324.220001,321.010010,324.149994,289.669769,786200
2017-07-20,324.190002,324.429993,323.140015,323.799988,289.356964,868500
2017-07-21,323.309998,323.799988,321.760010,322.950012,288.597443,771600
2017-07-24,322.630005,323.720001,322.179993,323.519989,289.106750,780600
2017-07-25,325.209991,326.880005,324.579987,326.410004,291.689484,2847300
2017-07-26,326.410004,326.589996,323.279999,323.369995,288.972748,902700
2017-07-27,323.769989,324.149994,320.730011,322.410004,288.114838,1084200
2017-07-28,321.649994,322.130005,320.119995,320.880005,286.747711,815900
2017-07-31,321.489990,321.869995,319.570007,320.500000,286.408051,1078800
2017-08-01,321.609985,321.799988,320.119995,321.320007,287.140747,846500
2017-08-02,320.670013,321.100006,317.790009,318.940002,285.014008,1397300
2017-08-03,319.209991,319.450012,317.429993,318.059998,284.227539,1293300
2017-08-04,318.589996,319.329987,318.109985,318.970001,285.040771,1307700
2017-08-07,319.369995,319.959991,318.109985,319.059998,285.121124,748600
2017-08-08,318.880005,321.049988,317.730011,318.250000,284.397400,1106100
2017-08-09,316.799988,317.149994,315.059998,316.059998,282.440399,1014300
2017-08-10,314.850006,315.100006,311.000000,311.089996,277.999023,2326000
2017-08-11,310.589996,312.079987,310.089996,311.720001,278.562012,1830100
2017-08-14,313.559998,315.970001,313.380005,315.290009,281.752289,1023600
2017-08-15,315.739990,315.739990,313.519989,313.630005,280.268799,1007200
2017-08-16,314.239990,315.660004,314.140015,314.420013,280.974731,984900
2017-08-17,313.459991,314.529999,308.959991,309.000000,276.131256,1833900
2017-08-18,307.989990,309.950012,307.290009,308.380005,275.577240,769900
2017-08-21,307.890015,308.850006,307.279999,308.350006,275.550476,1042900
2017-08-22,308.790009,311.480011,308.730011,311.220001,278.115143,1071400
2017-08-23,309.450012,311.329987,309.109985,310.480011,277.453918,649200
2017-08-24,311.700012,311.730011,310.059998,310.140015,277.150085,1290300
2017-08-25,310.869995,312.450012,310.869995,311.619995,278.472534,634200
2017-08-28,312.179993,312.470001,310.450012,311.459991,278.329712,595000
2017-08-29,309.690002,311.540009,309.279999,311.170013,278.070496,661200
2017-08-30,310.839996,313.290009,310.380005,313.059998,279.759491,648900
2017-08-31,313.980011,315.820007,313.809998,315.579987,282.011353,889200
2017-09-01,316.209991,317.339996,316.059998,316.799988,283.101562,742600
2017-09-05,316.890015,317.540009,312.119995,313.329987,280.000793,1037300
2017-09-06,314.059998,314.600006,313.040009,313.700012,280.331329,723500
2017-09-07,313.859985,314.130005,311.549988,312.660004,279.402100,659600
2017-09-08,311.980011,314.049988,311.450012,313.440002,280.099121,764800
2017-09-11,315.970001,317.709991,315.809998,317.170013,283.432343,1126900
2017-09-12,317.970001,319.519989,317.679993,319.380005,285.407196,872400
2017-09-13,319.049988,319.750000,318.760010,319.019989,285.085480,751000
2017-09-14,318.350006,319.350006,317.910004,318.929993,285.005005,1004800
2017-09-15,317.250000,318.790009,317.049988,318.609985,286.014954,737200
2017-09-18,319.350006,320.489990,319.170013,320.119995,287.370422,974300
2017-09-19,320.649994,320.690002,319.850006,320.089996,287.343536,518300
2017-09-20,320.579987,321.119995,319.890015,321.029999,288.187439,1200400
2017-09-21,320.920013,321.119995,320.029999,320.329987,287.558960,449900
2017-09-22,319.839996,321.489990,319.839996,321.220001,288.357941,894800
2017-09-25,320.950012,322.279999,320.410004,321.950012,289.013306,857600
2017-09-26,322.179993,323.049988,322.000000,322.220001,289.255676,917100
2017-09-27,323.579987,325.709991,321.890015,325.239990,291.966614,1472000
2017-09-28,325.040009,326.040009,323.769989,325.959991,292.613037,801700
2017-09-29,325.790009,327.059998,325.730011,326.329987,292.945160,919600
2017-10-02,326.579987,329.239990,326.260010,329.200012,295.521606,1117000
2017-10-03,329.559998,330.119995,328.470001,330.040009,296.275604,880700
2017-10-04,329.709991,330.420013,329.079987,329.839996,296.096130,805900
2017-10-05,330.329987,331.459991,329.950012,330.910004,297.056671,1033000
2017-10-06,329.850006,330.890015,329.679993,330.589996,296.769348,592600
2017-10-09,330.709991,331.459991,329.179993,329.630005,295.907501,614200
2017-10-10,330.589996,331.609985,329.950012,330.630005,296.805298,650200
2017-10-11,330.570007,331.149994,330.179993,330.859985,297.011719,662400
2017-10-12,329.940002,331.339996,329.640015,330.940002,297.083557,1508200
2017-10-13,331.239990,332.079987,330.549988,330.730011,296.894958,656000
2017-10-16,331.010010,332.019989,330.519989,330.679993,296.850189,544100
2017-10-17,330.510010,331.209991,329.899994,330.230011,296.446198,455700
2017-10-18,331.070007,331.980011,330.410004,331.269989,297.379761,567700
2017-10-19,329.640015,331.609985,328.890015,331.589996,297.667023,654500
2017-10-20,333.279999,333.640015,332.690002,333.570007,299.444519,1385200
2017-10-23,333.779999,333.829987,331.679993,331.799988,297.855621,614600
2017-10-24,332.470001,333.600006,332.440002,333.119995,299.040558,1042700
2017-10-25,332.290009,332.399994,328.739990,331.070007,297.200195,836100
2017-10-26,331.679993,333.000000,331.329987,332.500000,298.484009,880000
2017-10-27,332.350006,334.369995,331.450012,334.250000,300.054962,784800
2017-10-30,332.350006,333.959991,331.119995,331.850006,297.900574,988600
2017-10-31,332.670013,334.220001,332.260010,333.619995,299.489410,944700
2017-11-01,335.279999,335.670013,331.649994,332.739990,298.699341,792100
2017-11-02,332.279999,334.290009,332.040009,333.019989,298.950775,1042400
2017-11-03,332.640015,334.040009,332.299988,333.859985,299.704926,879300
2017-11-06,333.929993,335.709991,333.929993,335.190002,300.898804,595800
2017-11-07,335.190002,335.579987,331.880005,333.079987,299.004608,513600
2017-11-08,332.500000,334.190002,331.820007,333.899994,299.740631,762000
2017-11-09,331.950012,333.579987,329.959991,332.250000,298.259552,917300
2017-11-10,331.920013,332.760010,331.440002,332.220001,298.232635,650400
2017-11-13,331.230011,332.970001,330.339996,332.859985,298.807098,510500
2017-11-14,331.549988,332.760010,331.470001,332.410004,298.403198,795000
2017-11-15,330.670013,332.019989,328.570007,330.869995,297.020782,922800
2017-11-16,332.029999,335.119995,331.910004,334.160004,299.974213,1244400
2017-11-17,333.510010,335.589996,333.130005,335.070007,300.790985,831800
2017-11-20,335.339996,336.359985,334.739990,336.260010,301.859314,889600
2017-11-21,337.619995,338.529999,337.410004,338.410004,303.789246,825300
2017-11-22,338.579987,339.359985,338.119995,338.190002,303.591858,942300
2017-11-24,339.209991,339.309998,338.160004,338.339996,303.726593,318700
2017-11-27,338.739990,339.079987,337.700012,337.700012,303.152100,1048900
2017-11-28,338.619995,342.420013,338.519989,342.369995,307.344208,810400
2017-11-29,342.790009,344.950012,342.779999,343.929993,308.744659,1281200
2017-11-30,345.260010,347.359985,344.589996,345.910004,310.522034,1200400
2017-12-01,346.059998,346.059998,337.709991,345.019989,309.723053,1634600
2017-12-04,348.200012,349.160004,344.850006,344.920013,309.633392,1014500
2017-12-05,345.429993,345.890015,342.200012,342.239990,307.227448,1302600
2017-12-06,340.850006,342.510010,340.750000,340.850006,305.979675,725700
2017-12-07,340.709991,343.899994,340.380005,343.070007,307.972626,1152500
2017-12-08,344.450012,345.329987,343.299988,344.350006,309.121674,1745200
2017-12-11,344.519989,345.049988,343.549988,344.119995,308.915192,1063500
2017-12-12,344.769989,344.769989,343.079987,343.220001,308.107269,879700
2017-12-13,343.399994,345.140015,343.049988,343.260010,308.143250,1467900
2017-12-14,343.399994,343.829987,340.160004,340.380005,305.557800,1112000
2017-12-15,340.869995,344.489990,340.440002,342.470001,308.611755,1177700
2017-12-18,344.660004,346.559998,344.649994,346.029999,311.819794,782400
2017-12-19,346.410004,346.739990,344.260010,344.600006,310.531219,646300
2017-12-20,345.730011,346.010010,343.869995,345.160004,311.035828,1044900
2017-12-21,345.820007,346.720001,345.130005,345.929993,311.729645,1541000
2017-12-22,345.839996,346.100006,344.929993,345.940002,311.738708,652300
2017-12-26,345.670013,346.720001,345.660004,346.109985,311.891876,545800
2017-12-27,345.899994,347.079987,345.760010,345.980011,311.774811,1064800
2017-12-28,346.309998,347.299988,345.519989,347.260010,312.928223,932500
2017-12-29,348.029999,348.119995,345.239990,345.410004,311.261108,2000000
2018-01-02,346.929993,348.700012,345.920013,348.700012,314.225830,2309000
2018-01-03,348.730011,349.920013,348.109985,349.269989,314.739410,1327900
2018-01-04,350.619995,351.549988,350.149994,350.309998,315.676666,800900
2018-01-05,351.040009,351.850006,350.290009,351.519989,316.766998,916100
2018-01-08,351.480011,353.720001,350.359985,353.450012,318.506195,1565200
2018-01-09,353.859985,354.470001,352.829987,352.899994,318.010590,707800
2018-01-10,352.149994,352.279999,350.369995,351.279999,316.550720,883400
2018-01-11,351.750000,356.299988,351.750000,356.299988,321.074432,1090400
2018-01-12,356.440002,357.489990,355.920013,357.200012,321.885437,907100
2018-01-16,358.269989,359.179993,353.940002,354.529999,319.479462,1416800
2018-01-17,355.730011,357.959991,355.100006,357.119995,321.813324,1029200
2018-01-18,356.570007,357.220001,355.510010,355.899994,320.713928,792500
2018-01-19,356.399994,359.630005,356.160004,359.600006,324.048187,553100
2018-01-22,359.799988,361.470001,359.220001,361.450012,325.715271,719500
2018-01-23,361.230011,362.670013,360.290009,362.100006,326.301025,694300
2018-01-24,362.850006,363.700012,359.739990,361.179993,325.471924,933200
2018-01-25,362.329987,362.730011,359.470001,360.929993,325.246704,778200
2018-01-26,361.579987,362.570007,359.529999,362.510010,326.670471,582200
2018-01-29,361.450012,362.209991,359.390015,359.429993,323.894928,884500
2018-01-30,357.119995,357.899994,355.149994,355.700012,320.533844,1211600
2018-01-31,356.929993,358.420013,353.720001,355.000000,319.903046,848700
2018-02-01,354.279999,356.420013,353.589996,355.540009,320.389587,1030300
2018-02-02,353.440002,353.540009,348.160004,348.380005,313.937500,1379900
2018-02-05,345.440002,348.200012,335.309998,335.519989,302.348846,3208300
2018-02-06,328.989990,340.260010,326.040009,338.940002,305.430756,6695000
2018-02-07,338.209991,341.579987,336.380005,338.519989,305.052277,2408400
2018-02-08,338.829987,339.230011,327.350006,327.399994,295.031525,3255500
2018-02-09,330.500000,333.019989,321.609985,331.029999,298.302795,3542300
2018-02-12,331.820007,336.070007,329.529999,334.250000,301.204437,2218200
2018-02-13,332.549988,335.670013,331.140015,335.239990,302.096527,1309100
2018-02-14,333.089996,341.899994,332.899994,341.380005,307.629456,989900
2018-02-15,343.429993,345.130005,340.369995,345.109985,310.990753,962200
2018-02-16,344.079987,347.470001,343.980011,345.820007,311.630554,940100
2018-02-20,344.720001,346.660004,342.329987,343.410004,309.458771,743300
2018-02-21,343.829987,347.929993,342.609985,342.679993,308.800903,961100
2018-02-22,343.790009,345.799988,341.690002,342.230011,308.395477,761800
2018-02-23,343.910004,346.470001,342.850006,346.399994,312.153229,775500
2018-02-26,347.390015,348.589996,345.040009,348.399994,313.955536,744900
2018-02-27,348.440002,349.649994,343.320007,343.320007,309.377686,792100
2018-02-28,344.459991,345.179993,339.179993,339.260010,305.719086,886600
2018-03-01,339.119995,342.130005,335.480011,338.260010,304.818054,1241100
2018-03-02,335.549988,342.459991,334.880005,341.779999,307.989960,961900
2018-03-05,340.290009,346.320007,340.079987,345.369995,311.225128,1050700
2018-03-06,346.600006,349.040009,344.309998,349.040009,314.532257,1008400
2018-03-07,346.410004,350.339996,346.190002,349.769989,315.190033,1075900
2018-03-08,350.390015,350.809998,346.950012,349.130005,314.613312,739300
2018-03-09,351.119995,355.029999,350.589996,354.910004,319.821899,1224000
2018-03-12,355.209991,356.369995,354.170013,355.250000,320.128235,1897200
2018-03-13,356.899994,357.109985,352.579987,353.320007,318.389008,1532400
2018-03-14,354.700012,355.220001,350.779999,351.500000,316.748962,1336400
2018-03-15,352.250000,352.350006,349.459991,350.130005,315.514435,1116700
2018-03-16,349.260010,352.589996,349.260010,351.570007,317.593140,2013500
2018-03-19,350.350006,350.459991,345.500000,348.339996,314.675262,1075000
2018-03-20,349.170013,350.119995,347.769989,348.630005,314.937256,653200
2018-03-21,349.190002,352.089996,348.609985,349.630005,315.840546,642100
2018-03-22,346.429993,348.170013,340.730011,340.859985,307.918152,1366000
2018-03-23,340.709991,341.630005,333.970001,334.170013,301.874634,1417000
2018-03-26,338.220001,341.670013,335.369995,341.500000,308.496246,1275500
2018-03-27,342.779999,342.779999,334.950012,336.380005,303.871033,2360200
2018-03-28,337.179993,338.820007,334.890015,337.079987,304.503387,1439700
2018-03-29,338.470001,343.380005,338.380005,341.730011,308.704041,1801700
2018-04-02,340.390015,341.510010,330.910004,333.640015,301.395966,2123800
2018-04-03,335.220001,339.390015,333.940002,338.220001,305.533173,2287700
2018-04-04,333.589996,341.720001,333.299988,341.130005,308.162079,1268700
2018-04-05,343.239990,344.649994,341.450012,343.750000,310.528809,706900
2018-04-06,341.000000,343.339996,334.290009,337.029999,304.458252,1444100
2018-04-09,338.920013,341.690002,336.920013,337.209991,304.620850,833000
2018-04-10,341.119995,343.929993,340.010010,342.540009,309.435760,1111200
2018-04-11,340.649994,343.700012,340.570007,342.149994,309.083527,560700
2018-04-12,343.630005,344.899994,342.529999,343.510010,310.312073,727400
2018-04-13,344.790009,345.220001,341.260010,342.480011,309.381592,730900
2018-04-16,344.160004,346.880005,343.220001,345.899994,312.471008,710400
2018-04-17,347.720001,349.609985,346.890015,348.570007,314.882935,671200
2018-04-18,349.640015,351.470001,349.070007,349.750000,315.948914,584500
2018-04-19,348.880005,349.679993,346.309998,347.929993,314.304840,937300
2018-04-20,347.339996,348.070007,344.829987,345.829987,312.407715,1091800
2018-04-23,346.040009,347.799988,344.160004,345.799988,312.380676,590200
2018-04-24,346.940002,348.399994,340.630005,343.209991,310.041077,1367300
2018-04-25,342.500000,344.839996,340.390015,343.339996,310.158539,870800
2018-04-26,343.750000,345.730011,342.660004,344.649994,311.341797,1270900
2018-04-27,344.279999,345.209991,342.350006,344.100006,310.845001,647300
2018-04-30,344.829987,346.019989,340.429993,340.510010,307.601990,1354300
2018-05-01,339.880005,342.170013,337.209991,341.709991,308.685913,1064300
2018-05-02,341.320007,343.970001,340.850006,341.079987,308.116760,644800
2018-05-03,339.790009,341.809998,336.660004,340.589996,307.674255,883100
2018-05-04,339.559998,346.690002,338.750000,345.190002,311.829681,644000
2018-05-07,345.959991,348.829987,345.829987,347.070007,313.527985,559500
2018-05-08,346.619995,348.529999,346.420013,348.230011,314.575867,797500
2018-05-09,348.730011,350.959991,347.850006,349.950012,316.129700,715200
2018-05-10,350.869995,353.570007,350.570007,352.549988,318.478394,794500
2018-05-11,352.760010,354.040009,351.929993,352.859985,318.758362,823800
2018-05-14,353.339996,354.420013,351.739990,352.260010,318.216370,622500
2018-05-15,351.040009,352.269989,349.799988,351.410004,317.448517,757900
2018-05-16,351.929993,354.950012,351.730011,353.850006,319.652740,1101200
2018-05-17,353.640015,355.880005,353.390015,354.579987,320.312103,786200
2018-05-18,354.809998,355.000000,353.829987,353.869995,319.670807,504700
2018-05-21,355.359985,357.559998,355.359985,357.339996,322.805359,945100
2018-05-22,357.630005,358.149994,354.640015,354.880005,320.583130,834100
2018-05-23,353.529999,355.200012,353.250000,355.149994,320.827087,1181300
2018-05-24,354.700012,355.790009,352.440002,355.369995,321.025818,708400
2018-05-25,354.230011,355.500000,353.609985,354.420013,320.167603,734900
2018-05-29,352.049988,355.130005,350.910004,353.179993,319.047485,1121300
2018-05-30,354.619995,359.609985,354.619995,358.589996,323.934662,1741100
2018-05-31,358.679993,359.049988,354.190002,354.540009,320.276093,2100000
2018-06-01,356.790009,357.600006,356.190002,356.540009,322.082825,744600
2018-06-04,357.529999,358.660004,356.350006,358.660004,323.997925,1146000
2018-06-05,358.290009,359.769989,357.769989,359.489990,324.747650,688000
2018-06-06,360.040009,362.500000,359.279999,362.470001,327.439728,686100
2018-06-07,363.339996,363.910004,361.119995,362.609985,327.566162,1596900
2018-06-08,362.309998,364.720001,361.839996,364.670013,329.427032,1786300
2018-06-11,364.790009,365.750000,364.329987,364.619995,329.381866,882200
2018-06-12,365.000000,366.100006,364.010010,365.140015,329.851654,632100
2018-06-13,365.839996,365.839996,362.769989,362.890015,327.819061,797800
2018-06-14,363.899994,364.100006,361.799988,363.850006,328.686188,909200
2018-06-15,361.549988,362.700012,359.589996,361.989990,327.916351,1244300
2018-06-18,359.989990,363.200012,359.989990,362.660004,328.523254,610000
2018-06-19,359.959991,362.279999,357.950012,362.140015,328.052185,956300
2018-06-20,363.309998,364.299988,361.880005,363.920013,329.664734,705200
2018-06-21,363.769989,364.019989,360.359985,361.369995,327.354645,856800
2018-06-22,363.079987,363.869995,361.529999,361.679993,327.635529,1300000
2018-06-25,360.720001,360.720001,354.869995,356.519989,322.961212,2251800
2018-06-26,356.790009,358.299988,355.459991,357.070007,323.459473,701900
2018-06-27,357.670013,359.190002,353.010010,353.170013,319.926544,743400
2018-06-28,352.880005,355.309998,351.339996,354.600006,321.221893,951400
2018-06-29,355.760010,358.000000,354.880005,355.019989,321.602356,978300
2018-07-02,352.720001,355.279999,352.059998,355.059998,321.638580,937500
2018-07-03,356.410004,358.260010,355.489990,355.989990,322.481018,484100
2018-07-05,357.950012,359.170013,355.630005,359.170013,325.361786,721900
2018-07-06,358.750000,362.450012,358.320007,361.769989,327.717010,595800
2018-07-09,363.220001,365.470001,362.859985,365.390015,330.996277,550500
2018-07-10,366.149994,366.709991,363.820007,365.339996,330.951019,577500
2018-07-11,363.350006,364.619995,361.739990,362.109985,328.024994,876800
2018-07-12,363.859985,364.160004,361.190002,363.209991,329.021454,527100
2018-07-13,362.869995,365.029999,362.869995,363.079987,328.903687,488900
2018-07-16,363.429993,363.829987,360.230011,361.170013,327.173492,628700
2018-07-17,360.640015,363.440002,360.579987,362.820007,328.668152,700000
2018-07-18,362.440002,364.190002,361.450012,364.049988,329.782379,424700
2018-07-19,363.040009,366.250000,362.320007,365.619995,331.204559,602100
2018-07-20,364.829987,365.220001,363.250000,363.399994,329.193542,1033700
2018-07-23,363.679993,364.149994,361.959991,363.429993,329.220795,433000
2018-07-24,364.959991,365.089996,359.529999,360.730011,326.774902,612000
2018-07-25,360.690002,361.899994,359.000000,361.899994,327.834808,718300
2018-07-26,361.920013,364.609985,361.440002,363.420013,329.211670,687800
2018-07-27,363.679993,363.959991,358.119995,359.399994,325.570160,931400
2018-07-30,359.260010,360.709991,357.630005,357.760010,324.084473,723500
2018-07-31,358.630005,362.179993,358.239990,361.070007,327.083008,1031600
2018-08-01,360.670013,361.160004,359.019989,359.920013,326.041168,914900
2018-08-02,358.029999,363.390015,358.029999,362.929993,328.767822,800600
2018-08-03,362.970001,364.670013,362.320007,363.959991,329.700745,480800
2018-08-06,363.850006,366.109985,363.459991,365.750000,331.322296,510300
2018-08-07,366.649994,368.250000,366.570007,366.690002,332.173889,676100
2018-08-08,366.299988,366.489990,364.410004,365.679993,331.259003,532600
2018-08-09,365.739990,367.269989,365.209991,365.369995,330.978149,527200
2018-08-10,363.019989,365.369995,362.640015,363.299988,329.102997,435100
2018-08-13,363.570007,364.589996,360.329987,361.450012,327.427094,651300
2018-08-14,362.339996,365.890015,362.339996,364.790009,330.452759,666900
2018-08-15,363.109985,363.320007,358.670013,361.380005,327.363708,1048100
2018-08-16,362.700012,366.149994,362.700012,364.369995,330.072296,640000
2018-08-17,363.799988,366.510010,363.190002,366.220001,331.748138,495400
2018-08-20,366.820007,368.230011,366.070007,367.589996,332.989288,658400
2018-08-21,367.989990,371.500000,367.989990,370.540009,335.661530,719200
2018-08-22,370.239990,371.450012,369.920013,370.489990,335.616211,425600
2018-08-23,370.279999,370.750000,368.540009,369.200012,334.447632,482100
2018-08-24,370.100006,371.220001,369.769989,370.570007,335.688690,467100
2018-08-27,371.799988,374.100006,371.799988,372.359985,337.310150,713700
2018-08-28,373.079987,373.529999,370.839996,372.420013,337.364563,724300
2018-08-29,372.519989,374.040009,371.200012,373.519989,338.360992,811300
2018-08-30,372.910004,373.290009,371.170013,371.660004,336.676178,791900
2018-08-31,370.869995,372.970001,370.670013,372.489990,337.427979,492000
2018-09-04,371.880005,373.230011,369.799988,371.660004,336.676178,818400
2018-09-05,371.200012,371.920013,368.609985,371.480011,336.512970,578100
2018-09-06,371.640015,372.869995,369.440002,370.279999,335.425964,1025700
2018-09-07,369.170013,371.399994,368.200012,369.459991,334.683136,893200
2018-09-10,370.890015,371.640015,369.779999,370.279999,335.425964,465300
2018-09-11,369.489990,371.769989,368.790009,370.899994,335.987579,883100
2018-09-12,370.760010,371.649994,368.579987,371.149994,336.214081,1161800
2018-09-13,372.149994,372.890015,370.940002,371.929993,336.920685,1194000
2018-09-14,371.929993,374.100006,371.730011,373.410004,338.261322,1537000
2018-09-17,373.100006,373.670013,369.600006,369.839996,335.027374,1484800
2018-09-18,370.529999,372.209991,369.299988,371.450012,336.485870,916700
2018-09-19,371.269989,373.250000,369.510010,370.260010,335.407898,1192000
2018-09-20,371.510010,373.299988,370.910004,373.049988,337.935150,850700
2018-09-21,372.920013,373.399994,370.779999,370.950012,336.986786,683800
2018-09-24,370.640015,371.089996,367.720001,369.619995,335.778656,972400
2018-09-25,369.929993,370.350006,368.989990,369.279999,335.469727,675000
2018-09-26,369.269989,369.730011,365.690002,365.880005,332.381042,791600
2018-09-27,366.279999,367.820007,365.500000,366.140015,332.617249,738800
2018-09-28,364.980011,368.459991,364.980011,367.459991,333.816315,794500
2018-10-01,368.929993,369.130005,363.649994,364.519989,331.145538,1085300
2018-10-02,364.559998,365.570007,362.600006,363.140015,329.891907,808200
2018-10-03,364.640015,366.299988,363.279999,364.549988,331.172729,623300
2018-10-04,363.480011,363.709991,359.220001,360.570007,327.557190,1054900
2018-10-05,360.609985,361.440002,355.859985,357.869995,325.104462,996700
2018-10-08,356.799988,358.679993,355.350006,357.970001,325.195190,621500
2018-10-09,356.859985,358.440002,355.769989,356.000000,323.405579,815400
2018-10-10,355.459991,355.619995,346.350006,346.790009,315.038879,1918600
2018-10-11,344.839996,347.000000,339.339996,339.500000,308.416290,3802200
2018-10-12,344.059998,344.200012,335.769989,340.230011,309.079468,2680100
2018-10-15,339.940002,344.209991,339.579987,341.790009,310.496643,1431200
2018-10-16,343.760010,349.269989,341.489990,349.070007,317.110138,1578300
2018-10-17,348.450012,349.049988,344.140015,347.980011,316.119934,1583600
2018-10-18,346.790009,347.779999,341.829987,342.970001,311.568573,1607900
2018-10-19,343.790009,345.230011,339.799988,340.799988,309.597229,1171600
2018-10-22,341.339996,342.059998,338.670013,339.000000,307.962067,798700
2018-10-23,334.600006,337.899994,329.929993,335.570007,304.846008,1641300
2018-10-24,335.040009,336.290009,325.279999,325.470001,295.670898,2119900
2018-10-25,327.149994,332.079987,326.339996,330.309998,300.067657,2486300
2018-10-26,326.859985,330.399994,321.760010,326.630005,296.724670,1946700
2018-10-29,330.369995,333.459991,321.850006,325.279999,295.498230,1865600
2018-10-30,325.380005,331.390015,325.049988,331.010010,300.703644,2757700
2018-10-31,333.929993,335.100006,331.929993,332.149994,301.739227,3635900
2018-11-01,333.420013,339.119995,332.880005,338.720001,307.707855,2103300
2018-11-02,340.619995,341.329987,335.980011,339.079987,308.034637,1248400
2018-11-05,339.450012,341.859985,338.279999,340.760010,309.560974,1715700
2018-11-06,340.119995,342.940002,339.959991,342.720001,311.341431,1219300
2018-11-07,344.559998,348.100006,342.880005,347.850006,316.001770,907000
2018-11-08,346.839996,348.299988,345.059998,346.510010,314.784515,823900
2018-11-09,344.279999,345.190002,340.609985,342.859985,311.468597,928300
2018-11-12,342.549988,343.019989,336.809998,337.470001,306.572083,1062800
2018-11-13,338.100006,341.700012,336.589996,337.480011,306.581268,901800
2018-11-14,340.410004,341.329987,333.149994,335.440002,304.728027,1254800
2018-11-15,333.369995,340.029999,332.359985,339.559998,308.470825,1084200
2018-11-16,338.019989,340.700012,337.260010,339.769989,308.661530,895700
2018-11-19,339.260010,340.410004,333.929993,335.109985,304.428284,1021000
2018-11-20,331.239990,333.459991,328.070007,329.369995,299.213806,1631900
2018-11-21,330.679993,335.950012,330.640015,333.000000,302.511536,1173600
2018-11-23,330.820007,335.100006,330.480011,332.480011,302.039062,377900
2018-11-26,335.549988,337.609985,334.630005,336.769989,305.936188,1015500
2018-11-27,335.549988,336.250000,333.000000,334.029999,303.447052,914900
2018-11-28,335.119995,340.679993,332.200012,340.670013,309.479156,1077100
2018-11-29,339.519989,342.529999,337.369995,340.380005,309.215698,1204500
2018-11-30,340.010010,343.179993,339.339996,342.739990,311.359589,1169000
2018-12-03,346.779999,347.250000,341.910004,345.260010,313.648895,1162600
2018-12-04,344.970001,345.339996,332.739990,333.049988,302.556885,1830200
2018-12-06,328.019989,331.619995,323.070007,331.489990,301.139709,1719100
2018-12-07,331.399994,333.670013,323.070007,324.540009,294.826050,1588400
2018-12-10,324.630005,325.500000,318.260010,322.619995,293.081757,1442800
2018-12-11,326.649994,328.149994,320.359985,321.630005,292.182434,1795000
2018-12-12,325.510010,328.260010,324.019989,324.059998,294.389893,1182100
2018-12-13,325.239990,326.070007,320.579987,320.660004,291.301300,1597200
2018-12-14,318.369995,320.929993,315.320007,316.269989,287.313232,2623500
2018-12-17,314.549988,317.000000,307.899994,309.399994,281.072235,2815400
2018-12-18,311.540009,313.799988,308.260010,309.350006,281.026764,1585400
2018-12-19,309.630005,313.290009,302.459991,304.119995,276.275604,2090200
2018-12-20,302.649994,305.170013,296.790009,300.200012,272.714539,2316400
2018-12-21,300.140015,302.829987,292.149994,292.880005,267.193359,1773000
2018-12-24,291.190002,291.959991,284.890015,284.959991,259.967957,1561500
2018-12-26,286.230011,298.089996,284.450012,298.029999,271.891663,1424000
2018-12-27,294.239990,299.790009,289.619995,299.779999,273.488159,3996000
2018-12-28,300.390015,303.359985,297.619995,299.359985,273.104980,2828900
2018-12-31,301.119995,302.670013,298.019989,302.670013,276.124695,3308200
2019-01-02,298.670013,303.049988,296.570007,301.589996,275.139435,1777600
2019-01-03,300.320007,301.760010,295.380005,296.630005,270.614410,2011900
2019-01-04,300.559998,307.529999,300.380005,306.350006,279.481873,1383000
2019-01-07,306.720001,312.140015,305.320007,309.760010,282.592957,1454300
2019-01-08,312.750000,315.049988,310.480011,314.950012,287.327728,1056600
2019-01-09,316.529999,319.000000,315.420013,318.059998,290.164886,1032100
2019-01-10,316.290009,320.619995,315.570007,320.619995,292.500397,1127400
2019-01-11,319.140015,321.260010,318.140015,320.760010,292.628174,977800
2019-01-14,318.559998,320.589996,317.859985,318.980011,291.004242,2814700
2019-01-15,319.609985,321.190002,318.579987,320.950012,292.801514,925200
2019-01-16,321.410004,324.119995,321.350006,323.160004,294.817627,833600
2019-01-17,322.049988,327.579987,322.049988,326.399994,297.773407,1270300
2019-01-18,328.010010,331.420013,327.380005,330.790009,301.778412,1080700
2019-01-22,328.940002,329.350006,323.940002,325.679993,297.116608,1248400
2019-01-23,327.059998,328.109985,322.410004,325.160004,296.642212,879300
2019-01-24,324.940002,328.170013,324.760010,327.299988,298.594482,773400
2019-01-25,330.140015,331.649994,329.700012,330.989990,301.960938,896700
2019-01-28,328.329987,330.899994,327.750000,330.470001,301.486481,1101500
2019-01-29,330.769989,331.630005,329.709991,330.489990,301.504730,727700
2019-01-30,331.690002,334.079987,328.980011,332.570007,303.402344,1359600
2019-01-31,332.320007,334.519989,331.299988,333.790009,304.515289,1784400
2019-02-01,334.859985,335.709991,333.299988,334.850006,305.482361,1530100
2019-02-04,335.190002,338.209991,333.910004,338.160004,308.502075,670900
2019-02-05,338.500000,339.910004,337.690002,339.529999,309.751892,957600
2019-02-06,339.040009,340.040009,338.049988,339.179993,309.432678,772800
2019-02-07,338.220001,338.660004,334.820007,337.660004,308.045959,1257400
2019-02-08,335.950012,337.980011,334.540009,337.410004,307.817871,875400
2019-02-11,338.209991,339.690002,337.410004,339.500000,309.724579,1435000
2019-02-12,341.350006,343.670013,341.179993,342.950012,312.871979,1031100
2019-02-13,343.989990,345.500000,342.890015,344.829987,314.587036,1441200
2019-02-14,343.000000,346.130005,342.540009,344.619995,314.395416,1055700
2019-02-15,346.470001,348.890015,345.869995,348.890015,318.291016,847000
2019-02-19,347.470001,350.100006,347.089996,349.170013,318.546417,1153000
2019-02-20,349.309998,351.369995,348.899994,350.790009,320.024414,1170300
2019-02-21,350.230011,350.390015,348.209991,349.609985,318.947815,1903000
2019-02-22,350.450012,352.600006,350.070007,352.260010,321.365479,1309400
2019-02-25,354.019989,354.700012,351.720001,352.230011,321.338043,938800
2019-02-26,351.609985,352.320007,349.070007,349.260010,318.628540,1683800
2019-02-27,348.230011,350.119995,347.649994,349.640015,318.975250,806600
2019-02-28,349.059998,349.880005,347.679993,348.220001,317.679779,900700
2019-03-01,350.480011,352.059998,348.380005,350.850006,320.079132,1258100
2019-03-04,351.839996,352.140015,346.160004,349.220001,318.591919,1166500
2019-03-05,349.380005,349.459991,347.519989,347.750000,317.250977,1169000
2019-03-06,347.630005,347.750000,342.920013,343.070007,312.981415,966100
2019-03-07,342.579987,342.920013,339.260010,340.190002,310.354065,993500
2019-03-08,337.799988,339.440002,337.489990,339.220001,309.469055,1307200
2019-03-11,339.910004,343.829987,339.829987,343.709991,313.565247,1367800
2019-03-12,344.079987,345.140015,343.179993,344.200012,314.012390,711600
2019-03-13,345.549988,347.160004,345.260010,345.739990,315.417236,704900
2019-03-14,345.519989,345.980011,344.070007,345.320007,315.034210,942500
2019-03-15,344.609985,347.190002,344.000000,344.750000,315.321320,1382600
2019-03-18,345.250000,348.130005,345.160004,347.369995,317.717621,997500
2019-03-19,348.970001,348.970001,344.739990,345.600006,316.098785,716900
2019-03-20,345.170013,346.369995,341.019989,342.709991,313.455475,1419500
2019-03-21,341.470001,348.350006,341.470001,347.420013,317.763367,1239200
2019-03-22,345.350006,345.779999,337.339996,337.339996,308.543884,1928300
2019-03-25,337.290009,339.970001,335.140015,338.140015,309.275543,1333600
2019-03-26,340.320007,343.010010,339.070007,341.480011,312.330444,749800
2019-03-27,341.459991,342.809998,338.230011,341.239990,312.110901,1031900
2019-03-28,342.079987,344.329987,340.670013,344.100006,314.726746,898000
2019-03-29,346.260010,346.899994,344.250000,345.399994,315.915833,966400
2019-04-01,347.549988,350.119995,347.220001,350.000000,320.123108,1277800
2019-04-02,349.970001,349.970001,347.200012,348.589996,318.833496,790800
2019-04-03,350.880005,352.160004,349.450012,350.450012,320.534760,1255100
2019-04-04,350.880005,352.559998,350.239990,352.260010,322.190277,1039300
2019-04-05,352.890015,355.100006,352.609985,354.989990,324.687195,1063800
2019-04-08,354.000000,355.089996,352.940002,354.970001,324.668945,607400
2019-04-09,353.589996,353.660004,350.329987,351.049988,321.083527,1024600
2019-04-10,351.649994,354.609985,351.570007,354.250000,324.010376,1078200
2019-04-11,354.809998,355.690002,353.880005,355.299988,324.970734,525300
2019-04-12,357.470001,358.579987,356.070007,357.950012,327.394379,899500
2019-04-15,358.299988,358.750000,356.619995,357.440002,326.928040,565800
2019-04-16,358.480011,358.940002,356.750000,357.709991,327.174927,690600
2019-04-17,358.899994,359.089996,354.130005,355.049988,324.742126,623500
2019-04-18,355.299988,356.309998,353.649994,355.739990,325.373108,666100
2019-04-22,354.820007,355.510010,353.339996,354.600006,324.330475,747500
2019-04-23,355.059998,359.670013,355.059998,358.950012,328.309235,1433700
2019-04-24,359.299988,361.519989,359.299988,360.209991,329.461578,961000
2019-04-25,358.600006,358.839996,354.100006,356.000000,325.611023,960800
2019-04-26,356.160004,359.850006,355.739990,359.380005,328.702515,1056500
2019-04-29,360.079987,360.760010,359.140015,359.760010,329.050049,864500
2019-04-30,359.519989,359.660004,355.829987,359.100006,328.446381,1771100
2019-05-01,359.820007,359.820007,354.940002,354.950012,324.650726,1361300
2019-05-02,354.359985,356.839996,352.359985,355.829987,325.455505,2216400
2019-05-03,357.250000,361.179993,357.250000,361.019989,330.202454,935200
2019-05-06,355.329987,361.149994,355.170013,360.299988,329.543854,954700
2019-05-07,356.820007,358.019989,350.920013,353.209991,323.059143,1124300
2019-05-08,352.779999,354.899994,351.730011,352.119995,322.062103,1235600
2019-05-09,349.299988,352.000000,346.429993,351.170013,321.193268,1397900
2019-05-10,349.880005,353.320007,345.790009,352.440002,322.354797,923900
2019-05-13,345.850006,346.619995,340.779999,342.089996,312.888397,1490700
2019-05-14,342.959991,347.029999,342.260010,345.429993,315.943237,828400
2019-05-15,343.489990,347.119995,342.309998,346.510010,316.931091,882800
2019-05-16,347.059998,350.619995,347.059998,348.679993,318.915802,673000
2019-05-17,345.600006,349.040009,344.239990,344.410004,315.010315,857600
2019-05-20,342.119995,344.010010,341.119995,341.989990,312.796844,1188600
2019-05-21,344.089996,347.029999,343.950012,346.489990,316.912720,976600
2019-05-22,345.059998,345.670013,342.880005,343.570007,314.242004,790500
2019-05-23,340.690002,340.690002,336.290009,338.059998,309.202484,791500
2019-05-24,339.760010,340.839996,338.350006,339.950012,310.931000,456100
2019-05-28,340.190002,341.049988,336.119995,336.119995,307.427948,754100
2019-05-29,334.480011,335.160004,331.970001,334.250000,305.717560,1169800
2019-05-30,335.000000,337.029999,331.940002,333.510010,305.040863,1017100
2019-05-31,330.119995,331.809998,328.720001,330.130005,301.949280,2019700
2019-06-03,330.540009,333.950012,330.459991,332.570007,304.181030,2104600
2019-06-04,335.649994,341.100006,335.420013,341.019989,311.909698,906800
2019-06-05,342.529999,342.769989,338.220001,342.059998,312.860901,1028100
2019-06-06,342.329987,344.160004,340.369995,343.510010,314.187164,948200
2019-06-07,344.820007,346.790009,344.119995,345.160004,315.696381,680500
2019-06-10,346.980011,349.369995,346.489990,347.160004,317.525543,612300
2019-06-11,349.829987,350.950012,346.359985,347.410004,317.754211,552300
2019-06-12,347.440002,347.679993,345.850006,347.049988,317.425018,552700
2019-06-13,348.850006,349.890015,347.350006,349.269989,319.455444,744500
2019-06-14,348.829987,348.910004,346.570007,346.880005,317.269531,709600
2019-06-17,347.350006,348.600006,346.579987,346.959991,317.342621,570200
2019-06-18,348.910004,353.329987,348.660004,350.929993,320.973785,1120600
2019-06-19,350.929993,352.410004,350.369995,351.970001,321.924957,913900
2019-06-20,355.410004,355.750000,351.809998,354.309998,324.065247,1033500
2019-06-21,352.549988,353.200012,349.790009,350.709991,321.987579,681600
2019-06-24,351.549988,351.750000,347.859985,347.910004,319.416931,770700
2019-06-25,348.500000,348.820007,345.750000,346.019989,317.681671,647000
2019-06-26,347.170013,348.029999,345.410004,345.410004,317.121643,859500
2019-06-27,346.450012,350.109985,346.450012,349.920013,321.262360,936000
2019-06-28,350.609985,354.720001,350.470001,354.589996,325.549805,1058600
2019-07-01,358.239990,359.250000,353.709991,355.279999,326.183289,1161200
2019-07-02,355.429993,355.529999,353.000000,354.359985,325.338715,950800
2019-07-03,355.019989,357.679993,354.790009,357.570007,328.285919,680600
2019-07-05,355.609985,357.920013,353.709991,357.890015,328.579559,833800
2019-07-08,356.320007,357.019989,353.950012,354.500000,325.467255,462400
2019-07-09,352.839996,354.700012,352.529999,354.570007,325.531433,608600
2019-07-10,356.260010,356.720001,353.510010,354.200012,325.191803,701200
2019-07-11,354.929993,354.929993,351.940002,353.399994,324.457275,527600
2019-07-12,353.899994,357.609985,353.679993,357.079987,327.835907,912000
2019-07-15,357.559998,357.890015,354.519989,355.239990,326.146515,570200
2019-07-16,354.809998,356.630005,353.779999,355.459991,326.348541,479400
2019-07-17,354.829987,355.359985,352.369995,352.730011,323.842072,463100
2019-07-18,352.510010,354.589996,351.769989,353.859985,324.879639,694600
2019-07-19,354.739990,356.130005,352.690002,352.760010,323.869629,542300
2019-07-22,353.500000,354.339996,352.290009,352.549988,323.676880,713100
2019-07-23,353.989990,356.420013,353.179993,356.380005,327.193176,1470800
2019-07-24,355.799988,361.690002,355.619995,361.470001,331.866272,1086800
2019-07-25,361.049988,361.059998,357.399994,357.869995,328.561127,855100
2019-07-26,358.579987,361.690002,358.579987,361.369995,331.774475,631500
2019-07-29,361.140015,361.570007,358.989990,359.630005,330.177032,1159800
2019-07-30,357.420013,362.070007,356.600006,362.010010,332.362061,1484900
2019-07-31,361.929993,362.890015,356.190002,357.920013,328.607086,1478200
2019-08-01,358.429993,360.279999,350.790009,352.399994,323.539124,2944600
2019-08-02,350.679993,351.250000,346.500000,348.739990,320.178864,1965100
2019-08-05,342.760010,343.359985,335.790009,338.859985,311.108032,1684900
2019-08-06,340.929993,343.320007,338.790009,343.140015,315.037445,1820400
2019-08-07,339.489990,344.809998,337.489990,343.779999,315.625122,1478500
2019-08-08,345.290009,351.179993,345.290009,351.179993,322.419067,1842600
2019-08-09,349.579987,349.799988,345.390015,346.420013,318.048920,792400
2019-08-12,344.709991,345.260010,340.589996,341.309998,313.357391,771400
2019-08-13,340.600006,348.519989,339.660004,345.369995,317.084869,847600
2019-08-14,339.570007,340.109985,334.670013,335.000000,307.564148,1373800
2019-08-15,336.380005,336.380005,332.769989,334.510010,307.114258,1235500
2019-08-16,336.290009,342.019989,336.279999,341.679993,313.697113,1076700
2019-08-19,345.290009,346.279999,344.489990,344.859985,316.616547,661000
2019-08-20,344.320007,344.329987,341.970001,342.149994,314.128510,571000
2019-08-21,344.920013,345.160004,343.440002,344.089996,315.909698,704700
2019-08-22,344.910004,346.170013,342.339996,344.359985,316.157593,863000
2019-08-23,342.779999,344.380005,334.049988,334.980011,307.545776,2431100
2019-08-26,337.730011,338.299988,335.329987,338.010010,310.327698,963300
2019-08-27,339.670013,339.920013,333.970001,334.130005,306.765442,706300
2019-08-28,333.260010,338.420013,332.890015,337.320007,309.694153,1312200
2019-08-29,340.649994,343.019989,340.540009,342.500000,314.449921,951700
2019-08-30,344.160004,344.609985,341.309998,343.140015,315.037445,1009300
2019-09-03,340.380005,341.369995,337.170013,339.029999,311.264099,1082600
2019-09-04,342.100006,343.390015,341.260010,343.170013,315.065155,1005300
2019-09-05,347.440002,350.450012,346.500000,349.100006,320.509399,1246500
2019-09-06,349.589996,350.570007,348.450012,348.820007,320.252411,806000
2019-09-09,350.239990,351.700012,348.750000,351.690002,322.887360,1007300
2019-09-10,350.630005,353.750000,348.959991,353.750000,324.778595,810900
2019-09-11,354.380005,358.549988,351.910004,358.480011,329.121185,1753400
2019-09-12,359.149994,359.510010,356.160004,358.290009,328.946777,1123700
2019-09-13,359.609985,360.980011,358.179993,358.510010,329.148773,1297300
2019-09-16,357.380005,360.019989,356.369995,358.920013,329.525238,1432300
2019-09-17,358.209991,358.209991,356.299988,357.630005,328.340820,952700
2019-09-18,357.540009,357.540009,353.779999,356.779999,327.560425,905900
2019-09-19,357.299988,359.049988,355.640015,356.109985,326.945190,1204100
2019-09-20,354.940002,356.750000,352.660004,353.529999,325.832855,1577600
2019-09-23,353.000000,355.690002,352.010010,354.399994,326.634705,821300
2019-09-24,354.839996,356.019989,349.510010,350.359985,322.911255,1059100
2019-09-25,349.910004,355.040009,349.839996,354.450012,326.680878,1555600
2019-09-26,353.850006,353.980011,351.070007,352.329987,324.726837,955200
2019-09-27,353.519989,354.579987,348.500000,349.920013,322.505798,775700
2019-09-30,350.239990,353.299988,350.239990,352.470001,324.855896,1183800
2019-10-01,353.540009,355.190002,345.299988,345.750000,318.662384,1846100
2019-10-02,343.739990,343.890015,338.820007,341.230011,314.496490,1381600
2019-10-03,340.420013,343.269989,336.820007,343.260010,316.367493,1575800
2019-10-04,343.709991,346.649994,342.470001,346.519989,319.372070,1151500
2019-10-07,345.619995,347.320007,343.989990,344.869995,317.851257,871700
2019-10-08,341.980011,342.269989,338.540009,338.730011,312.192383,1171900
2019-10-09,341.399994,342.399994,339.440002,341.019989,314.302979,854700
2019-10-10,341.619995,344.459991,341.070007,343.140015,316.256775,811300
2019-10-11,347.299988,351.940002,347.049988,349.029999,321.685364,1401300
2019-10-14,347.980011,348.350006,346.339996,347.570007,320.339813,424500
2019-10-15,348.459991,351.410004,347.619995,350.309998,322.865173,1111100
2019-10-16,349.429993,351.440002,348.950012,350.010010,322.588623,1087700
2019-10-17,351.619995,353.500000,350.739990,352.899994,325.252228,1358900
2019-10-18,352.029999,353.510010,350.679993,352.619995,324.994202,863900
2019-10-21,355.290009,356.339996,354.410004,354.559998,326.782135,998700
2019-10-22,355.029999,356.500000,353.679993,354.489990,326.717651,572800
2019-10-23,354.640015,355.209991,353.269989,354.859985,327.058624,436900
2019-10-24,355.989990,356.709991,353.350006,354.940002,327.132416,530800
2019-10-25,354.359985,357.820007,354.359985,356.750000,328.800629,588200
2019-10-28,358.429993,360.730011,358.429993,358.880005,330.763763,607700
2019-10-29,357.500000,360.720001,357.450012,359.829987,331.639282,718400
2019-10-30,359.410004,359.450012,356.709991,358.790009,330.680756,751200
2019-10-31,358.429993,358.429993,354.549988,356.230011,328.321350,807700
2019-11-01,358.440002,361.429993,358.019989,361.350006,333.040222,915000
2019-11-04,363.420013,364.000000,362.049988,363.350006,334.883453,826600
2019-11-05,364.339996,366.239990,363.869995,364.230011,335.694550,925400
2019-11-06,363.950012,363.950012,361.510010,362.700012,334.284485,1162600
2019-11-07,365.250000,366.339996,362.299988,363.170013,334.717682,1344100
2019-11-08,362.440002,364.250000,361.649994,364.220001,335.685303,738700
2019-11-11,362.140015,364.329987,361.690002,363.480011,335.003357,944100
2019-11-12,363.480011,365.059998,362.329987,362.850006,334.422699,1311100
2019-11-13,361.109985,362.970001,360.500000,362.130005,333.759094,1571300
2019-11-14,361.589996,363.470001,361.399994,362.989990,334.551697,1128100
2019-11-15,365.029999,365.329987,363.519989,364.809998,336.229095,773400
2019-11-18,364.179993,364.450012,363.230011,364.190002,335.657654,853700
2019-11-19,365.450012,365.859985,363.459991,364.970001,336.376587,520400
2019-11-20,363.760010,365.589996,361.260010,363.820007,335.316742,701400
2019-11-21,364.160004,364.230011,360.829987,361.230011,332.929626,821500
2019-11-22,362.299988,362.799988,360.839996,362.109985,333.740662,783900
2019-11-25,363.459991,367.049988,363.350006,366.609985,337.888062,946300
2019-11-26,366.880005,368.450012,366.000000,367.980011,339.150818,811700
2019-11-27,369.029999,370.540009,368.399994,370.510010,341.482574,722300
2019-11-29,369.730011,369.950012,366.420013,366.640015,337.915802,785700
2019-12-02,367.230011,367.600006,363.980011,364.149994,335.620911,788400
2019-12-03,361.000000,362.350006,359.000000,362.089996,333.722229,983300
2019-12-04,363.859985,366.859985,363.410004,365.079987,336.477875,965800
2019-12-05,366.000000,366.410004,364.260010,365.609985,336.966461,720200
2019-12-06,368.489990,370.359985,368.309998,369.209991,340.284363,981800
2019-12-09,368.459991,369.000000,367.359985,367.510010,338.717590,432000
2019-12-10,367.320007,368.049988,366.290009,367.299988,338.524109,634100
2019-12-11,367.589996,368.329987,366.510010,367.899994,339.077026,476200
2019-12-12,368.059998,372.809998,367.359985,371.859985,342.726715,2638900
2019-12-13,371.519989,373.260010,368.720001,369.839996,340.865112,2564700
2019-12-16,372.019989,373.809998,371.630005,372.089996,342.938721,1187600
2019-12-17,372.640015,373.570007,372.000000,373.380005,344.127747,973800
2019-12-18,374.040009,374.040009,372.220001,373.549988,344.284424,1212200
2019-12-19,373.730011,375.290009,373.170013,375.190002,345.795990,662300
2019-12-20,374.820007,376.570007,374.700012,375.559998,347.478882,673900
2019-12-23,376.390015,376.510010,374.420013,375.239990,347.182831,691800
2019-12-24,375.609985,375.869995,374.929993,375.260010,347.201355,332300
2019-12-26,375.790009,376.420013,375.010010,376.089996,347.969360,387500
2019-12-27,377.019989,377.019989,374.619995,375.359985,347.293884,383600
2019-12-30,375.290009,376.269989,373.660004,375.010010,346.970032,701800
2019-12-31,374.230011,376.720001,374.010010,375.380005,347.312378,760500
2020-01-02,377.170013,377.589996,372.459991,375.929993,347.821259,1019200
2020-01-03,371.209991,374.850006,371.079987,373.970001,346.007812,930900
2020-01-06,371.420013,374.100006,370.630005,373.959991,345.998596,1239600
2020-01-07,372.929993,373.910004,371.750000,372.929993,345.045593,624000
2020-01-08,373.119995,374.989990,372.339996,373.600006,345.665466,888500
2020-01-09,375.239990,375.380005,373.480011,374.679993,346.664734,457600
2020-01-10,374.829987,375.049988,372.600006,373.529999,345.600677,484900
2020-01-13,373.910004,376.619995,372.920013,376.429993,348.283875,823600
2020-01-14,375.429993,378.660004,375.049988,377.519989,349.292328,640000
2020-01-15,376.440002,379.540009,376.399994,378.029999,349.764221,776500
2020-01-16,380.320007,382.359985,380.000000,382.239990,353.659332,1326500
2020-01-17,383.109985,383.410004,381.040009,381.450012,352.928436,476200
2020-01-21,379.649994,380.600006,378.700012,379.339996,350.976257,578200
2020-01-22,380.179993,381.589996,378.549988,379.070007,350.726562,519800
2020-01-23,378.670013,380.619995,375.839996,379.920013,351.512878,646000
2020-01-24,380.730011,380.730011,374.049988,375.899994,347.793396,818200
2020-01-27,370.290009,372.910004,369.309998,370.750000,343.028595,1136900
2020-01-28,372.989990,375.480011,372.339996,374.390015,346.396332,1047100
2020-01-29,375.489990,376.119995,372.579987,372.619995,344.758728,869500
2020-01-30,370.109985,373.179993,368.859985,373.000000,345.110321,1161100
2020-01-31,371.559998,371.839996,364.630005,365.459991,338.134033,1566700
2020-02-03,367.380005,371.359985,367.380005,369.619995,341.983093,1014200
2020-02-04,374.000000,376.029999,373.540009,374.549988,346.544464,727200
2020-02-05,378.179993,379.269989,376.829987,378.839996,350.513733,741200
2020-02-06,380.040009,380.299988,376.929993,376.940002,348.755768,569900
2020-02-07,375.579987,375.859985,372.859985,373.470001,345.545227,782700
2020-02-10,372.589996,375.540009,372.579987,375.500000,347.423431,574300
2020-02-11,377.149994,380.000000,376.769989,378.440002,350.143524,1888300
2020-02-12,380.200012,381.079987,379.239990,380.970001,352.484375,713800
2020-02-13,379.329987,382.790009,378.850006,382.260010,353.677948,708000
2020-02-14,382.600006,382.880005,380.739990,382.079987,353.511383,536100
2020-02-18,381.100006,381.929993,378.660004,380.940002,352.456696,663500
2020-02-19,382.200012,384.000000,381.670013,382.470001,353.872314,661300
2020-02-20,381.859985,384.470001,379.529999,384.019989,355.306396,812900
2020-02-21,382.290009,382.559998,378.880005,379.940002,351.531372,820000
2020-02-24,368.429993,370.899994,366.820007,368.600006,341.039276,1725400
2020-02-25,369.640015,370.130005,355.339996,355.700012,329.103912,3276900
2020-02-26,357.239990,359.790009,350.049988,350.489990,324.283417,1780700
2020-02-27,343.170013,350.149994,336.829987,337.649994,312.403503,3496000
2020-02-28,326.589996,333.720001,322.649994,331.089996,306.334015,8374600
2020-03-02,332.989990,342.179993,327.299988,342.160004,316.576202,2645700
2020-03-03,342.410004,347.790009,331.540009,334.649994,309.627777,3589400
2020-03-04,340.570007,346.640015,337.399994,346.290009,320.397522,2400400
2020-03-05,338.109985,339.209991,330.390015,333.779999,308.822906,2938700
2020-03-06,323.369995,330.320007,320.390015,328.260010,303.715607,2427600
2020-03-09,304.489990,327.970001,295.350006,297.309998,275.079742,4597000
2020-03-10,307.920013,309.649994,293.500000,309.329987,286.200958,3726000
2020-03-11,301.109985,302.670013,285.559998,288.910004,267.307861,8766600
2020-03-12,268.609985,275.920013,253.679993,258.040009,238.746048,4729400
2020-03-13,272.519989,282.790009,258.369995,282.070007,260.979309,4284500
2020-03-16,252.130005,261.739990,239.020004,243.570007,225.357986,5082200
2020-03-17,249.339996,256.940002,239.279999,256.709991,237.515488,3086200
2020-03-18,241.449997,247.389999,221.110001,231.029999,213.755600,3683300
2020-03-19,227.470001,244.020004,220.000000,239.729996,221.805069,2339200
2020-03-20,240.860001,246.779999,227.460007,229.250000,213.095352,1759700
2020-03-23,227.360001,227.360001,214.220001,220.850006,205.287308,2249000
2020-03-24,233.919998,245.429993,232.009995,245.289993,228.005066,1750700
2020-03-25,246.580002,262.329987,240.910004,252.820007,235.004501,2012500
2020-03-26,255.580002,267.859985,255.000000,267.420013,248.575592,1101800
2020-03-27,257.670013,265.220001,254.309998,258.940002,240.693176,1381100
2020-03-30,260.170013,266.000000,254.800003,265.760010,247.032669,1526900
2020-03-31,264.119995,266.510010,258.790009,262.880005,244.355560,1166900
2020-04-01,250.830002,253.740005,245.339996,247.000000,229.594543,1424200
2020-04-02,247.009995,256.269989,243.649994,249.800003,232.197266,1604100
2020-04-03,248.860001,251.529999,240.580002,243.089996,225.960068,1127700
2020-04-06,253.080002,263.690002,253.080002,262.829987,244.309021,1181900
2020-04-07,272.739990,278.929993,265.510010,265.890015,247.153503,1206400
2020-04-08,270.000000,281.040009,267.170013,279.470001,259.776489,2322500
2020-04-09,286.600006,293.429993,284.329987,288.970001,268.607086,1754900
2020-04-13,286.850006,288.209991,276.730011,279.970001,260.241180,1918300
2020-04-14,286.769989,289.649994,282.799988,285.869995,265.725525,953400
2020-04-15,276.260010,277.790009,273.170013,274.640015,255.286896,818400
2020-04-16,275.630005,276.320007,269.510010,274.399994,255.063843,1317500
2020-04-17,284.480011,286.779999,281.390015,284.089996,264.070923,1649000
2020-04-20,279.179993,284.260010,277.649994,278.720001,259.079285,1160300
2020-04-21,272.850006,275.209991,269.619995,271.329987,252.210068,815200
2020-04-22,277.440002,278.579987,273.589996,275.049988,255.667908,719200
2020-04-23,277.220001,282.750000,276.470001,278.450012,258.828400,1069600
2020-04-24,280.440002,283.660004,277.269989,282.100006,262.221130,767500
2020-04-27,284.859985,295.420013,284.540009,293.850006,273.143219,1446500
2020-04-28,300.700012,302.920013,294.119995,296.950012,276.024750,1600400
2020-04-29,305.359985,311.649994,303.649994,309.429993,287.625214,1560500
2020-04-30,303.299988,304.279999,299.510010,299.809998,278.683197,1923300
2020-05-01,293.359985,293.920013,286.489990,289.519989,269.118256,1681700
2020-05-04,286.359985,290.190002,283.609985,289.880005,269.452881,1447100
2020-05-05,294.549988,298.730011,291.989990,292.660004,272.037079,1308200
2020-05-06,294.500000,295.549988,290.010010,290.410004,269.945587,1367900
2020-05-07,294.040009,298.290009,294.040009,295.200012,274.398102,1501100
2020-05-08,300.049988,305.920013,299.250000,305.769989,284.223145,1636600
2020-05-11,301.470001,305.799988,299.329987,303.640015,282.243256,1711500
2020-05-12,304.910004,305.489990,292.350006,292.450012,271.841827,1813100
2020-05-13,290.250000,290.640015,279.679993,282.510010,262.602356,1655600
2020-05-14,276.859985,285.820007,271.910004,285.690002,265.558258,1655700
2020-05-15,283.399994,288.820007,281.170013,288.019989,267.724030,1230700
2020-05-18,299.480011,306.959991,299.149994,305.470001,283.944305,2493700
2020-05-19,304.600006,308.040009,301.200012,301.260010,280.031067,1406000
2020-05-20,306.540009,309.790009,306.200012,307.799988,286.110107,1377900
2020-05-21,307.859985,310.440002,305.679993,309.309998,287.513702,1085400
2020-05-22,309.049988,309.859985,305.959991,309.029999,287.253479,966000
2020-05-26,320.140015,322.149994,319.019989,319.850006,297.311005,1540600
2020-05-27,325.959991,328.450012,318.500000,328.160004,305.035522,1514900
2020-05-28,331.359985,331.380005,322.369995,323.350006,300.564423,1419700
2020-05-29,321.149994,323.390015,317.480011,321.529999,298.872681,1718700
2020-06-01,322.839996,327.570007,321.100006,325.679993,302.730225,998500
2020-06-02,327.769989,329.450012,325.600006,328.589996,305.435120,1234600
2020-06-03,332.799988,338.839996,332.799988,337.679993,313.884583,1886400
2020-06-04,335.790009,339.390015,333.820007,337.779999,313.977570,1480500
2020-06-05,352.829987,354.140015,347.730011,348.470001,323.914276,1854500
2020-06-08,352.299988,355.230011,351.600006,355.209991,330.179321,1163500
2020-06-09,349.670013,350.470001,345.809998,347.769989,323.263611,1263700
2020-06-10,347.679993,347.679993,338.049988,339.119995,315.223175,1541100
2020-06-11,325.890015,326.910004,314.049988,314.839996,292.654022,2019900
2020-06-12,325.359985,327.540009,312.299988,321.149994,298.519348,4701600
2020-06-15,311.470001,327.910004,310.160004,326.309998,303.315796,2622200
2020-06-16,338.459991,338.920013,327.519989,332.920013,309.459991,1808400
2020-06-17,333.750000,334.029999,327.779999,328.269989,305.137756,1020900
2020-06-18,325.459991,330.679993,324.179993,327.380005,304.310364,962600
2020-06-19,331.239990,331.619995,322.260010,324.929993,303.071686,1580400
2020-06-22,323.880005,326.549988,319.579987,325.769989,303.855164,850800
2020-06-23,330.540009,330.559998,325.809998,326.279999,304.330963,1404600
2020-06-24,322.950012,323.329987,311.790009,315.140015,293.940338,1570500
2020-06-25,313.589996,319.440002,311.269989,319.329987,297.848480,1129400
2020-06-26,317.410004,318.220001,312.320007,312.880005,291.832367,1295400
2020-06-29,315.809998,321.230011,312.869995,320.500000,298.939758,1115300
2020-06-30,319.500000,325.619995,319.350006,324.489990,302.661377,1243300
2020-07-01,325.079987,326.910004,321.250000,322.380005,300.693329,1271800
2020-07-02,328.109985,330.070007,323.149994,323.920013,302.129639,1111700
2020-07-06,330.519989,331.500000,326.049988,327.339996,305.319580,998900
2020-07-07,324.480011,326.420013,320.809998,321.119995,299.517944,1176100
2020-07-08,321.309998,324.690002,319.320007,323.279999,301.532715,1225700
2020-07-09,323.320007,323.920013,314.489990,318.459991,297.036957,1207800
2020-07-10,318.739990,323.059998,317.700012,323.010010,301.280945,1182000
2020-07-13,325.399994,328.920013,319.320007,319.649994,298.146942,1628600
2020-07-14,318.959991,324.929993,317.309998,324.859985,303.006470,1693300
2020-07-15,331.429993,335.489990,329.950012,334.609985,312.100464,1477700
2020-07-16,332.589996,334.670013,330.899994,333.290009,310.869293,1081200
2020-07-17,334.279999,335.559998,332.290009,334.589996,312.081909,858200
2020-07-20,333.980011,334.779999,331.260010,332.640015,310.263123,678600
2020-07-21,335.320007,338.929993,334.579987,336.910004,314.245819,695500
2020-07-22,335.459991,339.589996,335.260010,339.320007,316.493713,688300
2020-07-23,338.899994,343.890015,337.029999,339.739990,316.885498,825800
2020-07-24,338.329987,339.519989,336.279999,337.220001,314.534943,1083200
2020-07-27,337.170013,340.269989,335.609985,340.170013,317.286560,677800
2020-07-28,338.859985,340.600006,336.600006,336.779999,314.124634,599300
2020-07-29,338.549988,344.809998,338.540009,344.269989,321.110748,868500
2020-07-30,339.410004,342.589996,336.769989,341.959991,318.956085,1122500
2020-07-31,341.450012,341.549988,334.579987,339.619995,316.773499,1340000
2020-08-03,341.700012,344.119995,339.660004,343.630005,320.513763,656300
2020-08-04,342.489990,345.369995,341.799988,345.369995,322.136719,638000
2020-08-05,347.829987,350.329987,346.700012,350.190002,326.632507,688000
2020-08-06,349.489990,350.880005,347.720001,349.070007,325.587830,669300
2020-08-07,348.019989,353.519989,347.429993,353.269989,329.505310,673700
2020-08-10,353.970001,356.630005,353.820007,355.160004,331.268158,712900
2020-08-11,358.160004,360.170013,353.730011,354.640015,330.783142,850000
2020-08-12,358.070007,358.570007,355.109985,356.920013,332.909760,766600
2020-08-13,355.420013,358.059998,354.779999,356.279999,332.312805,759900
2020-08-14,354.450012,357.320007,353.959991,355.480011,331.566620,747800
2020-08-17,356.339996,357.540009,355.130005,356.459991,332.480652,452900
2020-08-18,356.130005,356.309998,352.390015,353.190002,329.430664,712400
2020-08-19,354.279999,354.640015,351.220001,351.720001,328.059540,892200
2020-08-20,348.160004,351.269989,347.559998,349.359985,325.858337,714200
2020-08-21,348.170013,349.690002,346.869995,348.529999,325.084137,584000
2020-08-24,350.839996,353.790009,349.079987,353.790009,329.990295,651800
2020-08-25,354.790009,355.040009,350.359985,353.119995,329.365356,794100
2020-08-26,353.089996,353.239990,351.019989,351.859985,328.190094,559000
2020-08-27,352.790009,354.859985,351.369995,353.230011,329.468018,639100
2020-08-28,354.640015,355.260010,352.579987,355.200012,331.305450,615200
2020-08-31,354.750000,354.929993,351.329987,351.399994,327.761047,715400
2020-09-01,350.959991,354.239990,348.149994,354.100006,330.279510,975800
2020-09-02,355.390015,359.570007,353.380005,358.670013,334.542023,968400
2020-09-03,357.230011,357.910004,345.850006,347.750000,324.356628,1165500
2020-09-04,350.929993,351.920013,339.380005,346.059998,322.780334,1240000
2020-09-08,342.570007,343.359985,337.489990,338.450012,315.682281,1361100
2020-09-09,341.690002,344.720001,339.989990,343.049988,319.972809,1306100
2020-09-10,345.070007,346.940002,338.709991,338.859985,316.064667,811100
2020-09-11,340.829987,341.000000,335.570007,338.649994,315.868835,665700
2020-09-14,341.899994,345.940002,341.109985,345.329987,322.099457,624000
2020-09-15,347.750000,348.489990,344.880005,345.750000,322.491180,549200
2020-09-16,347.149994,350.940002,346.170013,346.820007,323.489258,675100
2020-09-17,341.529999,345.790009,340.140015,344.709991,321.521149,920300
2020-09-18,344.429993,345.429993,336.970001,339.970001,318.053223,871700
2020-09-21,333.220001,333.339996,327.510010,331.480011,310.110474,1002500
2020-09-22,332.869995,334.660004,330.130005,333.709991,312.196594,750000
2020-09-23,333.750000,336.559998,326.109985,326.160004,305.133423,783000
2020-09-24,325.540009,330.549988,321.769989,326.190002,305.161499,951700
2020-09-25,324.510010,331.739990,323.980011,330.750000,309.427460,763600
2020-09-28,335.089996,339.559998,335.089996,338.690002,316.855652,656500
2020-09-29,338.570007,339.730011,334.600006,336.660004,314.956512,608900
2020-09-30,337.720001,342.309998,336.239990,338.829987,316.986633,856100
2020-10-01,340.600006,343.510010,339.179993,343.510010,321.364868,1153900
2020-10-02,337.709991,348.000000,336.600006,346.519989,324.180786,1277000
2020-10-05,349.459991,354.690002,349.440002,354.679993,331.814819,847700
2020-10-06,356.609985,361.299988,352.070007,352.929993,330.177612,1377000
2020-10-07,356.880005,360.230011,356.459991,359.089996,335.940521,800800
2020-10-08,362.290009,362.959991,360.160004,362.880005,339.486084,718700
2020-10-09,365.489990,366.529999,362.670013,363.829987,340.374878,693500
2020-10-12,365.320007,366.750000,363.829987,366.130005,342.526672,525100
2020-10-13,363.529999,365.140015,362.450012,363.290009,339.869751,826700
2020-10-14,363.109985,366.279999,361.450012,361.480011,338.176453,632400
2020-10-15,357.239990,365.640015,356.390015,364.950012,341.422760,779000
2020-10-16,365.779999,366.660004,363.970001,364.010010,340.543335,540000
2020-10-19,364.850006,367.029999,359.010010,359.820007,336.623444,572300
2020-10-20,361.899994,365.369995,361.000000,361.500000,338.195099,713200
2020-10-21,361.980011,363.899994,359.109985,359.140015,335.987244,551100
2020-10-22,360.049988,365.320007,359.059998,365.200012,341.656586,858200
2020-10-23,366.910004,368.429993,363.679993,367.489990,343.798920,1068800
2020-10-26,362.839996,363.380005,355.579987,359.739990,336.548676,711200
2020-10-27,359.369995,360.230011,354.799988,354.859985,331.983185,733800
2020-10-28,348.010010,350.750000,345.220001,345.429993,323.161163,1041800
2020-10-29,345.010010,350.739990,342.609985,348.709991,326.229614,1459400
2020-10-30,347.010010,348.929993,341.799988,346.269989,323.947021,1798400
2020-11-02,350.239990,353.549988,349.000000,353.070007,330.308655,1096800
2020-11-03,357.559998,362.570007,356.820007,360.959991,337.689972,1028100
2020-11-04,357.339996,366.000000,356.399994,361.250000,337.961212,1046500
2020-11-05,365.600006,372.470001,365.309998,371.320007,347.382111,1051300
2020-11-06,371.899994,373.040009,368.799988,369.609985,345.782349,759700
2020-11-09,392.410004,396.000000,379.670013,380.100006,355.596039,1817100
2020-11-10,381.420013,385.809998,378.970001,384.609985,359.815277,1207800
2020-11-11,386.329987,386.450012,381.450012,384.170013,359.403656,611900
2020-11-12,382.100006,382.100006,374.720001,377.470001,353.135651,1139700
2020-11-13,380.450012,386.149994,380.450012,385.619995,360.760193,801300
2020-11-16,391.299988,393.399994,388.730011,393.350006,367.991821,981100
2020-11-17,389.880005,395.390015,387.160004,394.239990,368.824371,736600
2020-11-18,395.290009,395.790009,388.549988,388.640015,363.585480,989800
2020-11-19,388.450012,392.369995,386.440002,392.109985,366.831787,540300
2020-11-20,390.690002,392.959991,389.779999,391.839996,366.579224,494500
2020-11-23,394.950012,399.779999,394.320007,397.929993,372.276611,804200
2020-11-24,402.399994,405.839996,401.010010,404.660004,378.572723,777200
2020-11-25,403.250000,403.380005,399.690002,401.850006,375.943909,480400
2020-11-27,402.640015,403.299988,401.000000,402.660004,376.701630,389500
2020-11-30,401.279999,402.440002,395.140015,395.779999,370.265198,891000
2020-12-01,400.350006,402.929993,399.019989,400.809998,374.970947,1200500
2020-12-02,398.500000,400.760010,396.769989,399.959991,374.175751,727300
2020-12-03,400.519989,404.649994,399.869995,402.239990,376.308777,735600
2020-12-04,404.200012,409.859985,403.890015,409.779999,383.362610,602900
2020-12-07,408.910004,409.399994,406.779999,408.399994,382.071594,529400
2020-12-08,405.649994,411.160004,405.649994,410.410004,383.952026,559200
2020-12-09,412.230011,413.440002,406.540009,408.720001,382.371002,837600
2020-12-10,405.950012,410.420013,405.010010,409.940002,383.512360,927400
2020-12-11,406.989990,411.769989,405.350006,409.000000,382.633026,1933300
2020-12-14,413.019989,414.420013,407.950012,408.059998,381.753510,840700
2020-12-15,411.200012,417.739990,410.190002,417.690002,390.762726,764300
2020-12-16,418.100006,418.420013,414.089996,416.260010,389.424896,1401200
2020-12-17,417.660004,419.730011,416.420013,419.679993,392.624420,1515300
2020-12-18,418.450012,420.429993,414.290009,416.019989,390.547852,1299200
2020-12-21,410.709991,415.660004,407.690002,415.119995,389.702972,1024300
2020-12-22,415.850006,418.079987,414.730011,417.019989,391.486633,636500
2020-12-23,418.929993,422.040009,418.929993,420.769989,395.007050,669200
2020-12-24,421.410004,421.750000,419.100006,421.750000,395.927032,345900
2020-12-28,425.109985,425.309998,420.049988,420.309998,394.575104,825600
2020-12-29,421.470001,422.350006,413.730011,415.720001,390.266235,1082800
2020-12-30,417.450012,421.750000,416.910004,419.429993,393.749054,798400
2020-12-31,419.000000,421.769989,416.149994,419.920013,394.209015,870900
2021-01-04,422.290009,422.760010,409.739990,413.339996,388.031952,2254200
2021-01-05,412.950012,421.299988,412.869995,419.450012,393.767883,1522400
2021-01-06,422.709991,438.890015,422.130005,436.059998,409.360870,2307300
2021-01-07,438.109985,441.570007,438.010010,440.779999,413.791840,1056300
2021-01-08,442.470001,443.290009,435.089996,440.079987,413.134644,988600
2021-01-11,434.920013,442.239990,434.429993,440.820007,413.829376,664900
2021-01-12,441.769989,446.450012,441.769989,445.970001,418.664093,812700
2021-01-13,445.609985,446.299988,441.390015,441.730011,414.683716,881900
2021-01-14,444.489990,448.640015,444.339996,446.010010,418.701599,1342900
2021-01-15,440.500000,443.160004,436.600006,441.239990,414.223694,1022800
2021-01-19,445.899994,446.209991,442.929993,445.230011,417.969452,949300
2021-01-20,447.279999,450.019989,446.670013,449.790009,422.250244,1114300
2021-01-21,450.649994,451.140015,446.500000,446.820007,419.462158,662300
2021-01-22,443.820007,448.730011,442.649994,448.480011,421.020416,787700
2021-01-25,447.540009,452.160004,442.369995,446.730011,419.377563,794500
2021-01-26,449.049988,450.000000,442.010010,442.260010,415.181305,733400
2021-01-27,435.079987,437.510010,429.239990,431.109985,404.713898,1331000
2021-01-28,434.369995,437.809998,433.000000,434.369995,407.774292,1038100
2021-01-29,434.450012,435.190002,424.730011,425.959991,399.879242,1070600
2021-02-01,430.339996,435.750000,426.989990,434.899994,408.271851,680700
2021-02-02,439.339996,441.029999,436.429993,440.220001,413.266205,838600
2021-02-03,440.829987,442.109985,436.809998,440.309998,413.350586,594900
2021-02-04,441.839996,447.170013,441.299988,446.540009,419.199280,468700
2021-02-05,450.690002,451.540009,448.040009,451.320007,423.686615,513600
2021-02-08,454.369995,458.570007,453.140015,458.380005,430.314270,792400
2021-02-09,457.910004,461.260010,456.970001,459.750000,431.600403,491500
2021-02-10,461.630005,463.000000,456.269989,459.359985,431.234253,607400
2021-02-11,461.049988,463.480011,456.339996,462.190002,433.891022,714900
2021-02-12,461.220001,464.209991,460.450012,463.579987,435.195892,374100
2021-02-16,466.809998,467.470001,461.459991,462.790009,434.454224,486500
2021-02-17,459.829987,461.720001,455.980011,460.279999,432.097870,547300
2021-02-18,457.049988,458.000000,453.070007,455.350006,427.469757,652300
2021-02-19,457.630005,463.179993,457.519989,461.890015,433.609375,793300
2021-02-22,458.920013,464.390015,458.920013,460.450012,432.257538,735200
2021-02-23,456.170013,462.670013,449.010010,461.339996,433.092957,1354700
2021-02-24,462.109985,470.570007,461.510010,469.790009,441.025665,550500
2021-02-25,468.890015,470.049988,454.290009,455.329987,427.450928,1009300
2021-02-26,457.559998,460.959991,449.529999,454.850006,427.000458,954600
2021-03-01,463.500000,469.500000,463.190002,467.630005,438.997864,881700
2021-03-02,467.230011,468.239990,460.410004,461.109985,432.877075,808400
2021-03-03,461.799988,464.320007,456.980011,457.089996,429.103241,684700
2021-03-04,456.230011,459.329987,440.500000,447.420013,420.025330,1285200
2021-03-05,453.299988,458.940002,438.809998,457.850006,429.816711,1016600
2021-03-08,460.470001,467.720001,458.309998,461.299988,433.055481,998300
2021-03-09,467.809998,468.850006,463.070007,464.660004,436.209717,727800
2021-03-10,467.600006,473.000000,467.429993,470.989990,442.152191,873100
2021-03-11,475.119995,479.369995,473.609985,478.109985,448.836243,928900
2021-03-12,477.190002,482.869995,477.000000,482.529999,452.985626,828000
2021-03-15,483.570007,489.480011,481.959991,489.290009,459.331726,892900
2021-03-16,489.329987,489.329987,481.190002,482.929993,453.361115,567200
2021-03-17,481.380005,486.399994,478.390015,486.170013,456.402771,482100
2021-03-18,484.519989,488.820007,475.679993,476.559998,447.381104,519500
2021-03-19,474.390015,479.929993,471.359985,475.769989,447.450714,1012600
2021-03-22,476.059998,476.549988,471.160004,473.190002,445.024292,922300
2021-03-23,469.980011,471.809998,459.049988,460.739990,433.315338,2552500
2021-03-24,464.769989,469.260010,457.799988,457.850006,430.597443,910900
2021-03-25,454.549988,469.200012,452.359985,467.549988,439.719910,852500
2021-03-26,471.079987,478.609985,468.880005,478.380005,449.905396,705700
2021-03-29,475.750000,480.299988,468.320007,469.730011,441.770233,816000
2021-03-30,469.950012,476.250000,468.640015,475.570007,447.262665,576900
2021-03-31,476.760010,479.760010,474.920013,476.049988,447.714020,687200
2021-04-01,478.109985,482.470001,477.750000,482.299988,453.592010,1196000
2021-04-05,487.089996,487.690002,482.700012,485.700012,456.789673,903200
2021-04-06,486.140015,489.470001,485.109985,486.160004,457.222290,877500
2021-04-07,485.959991,486.950012,480.859985,482.299988,453.592010,659500
2021-04-08,483.929993,484.649994,479.350006,484.450012,455.614044,615600
2021-04-09,484.089996,487.000000,482.989990,486.510010,457.551453,852000
2021-04-12,486.279999,488.750000,484.720001,488.059998,459.009155,613500
2021-04-13,487.809998,489.040009,483.040009,486.089996,457.156464,868000
2021-04-14,487.279999,492.700012,486.859985,488.779999,459.686371,1029500
2021-04-15,492.700012,492.700012,487.980011,492.339996,463.034454,731300
2021-04-16,494.510010,497.160004,493.109985,495.940002,466.420135,885900
2021-04-19,494.799988,496.230011,490.269989,493.250000,463.890289,985100
2021-04-20,491.359985,492.760010,482.980011,486.000000,457.071838,754300
2021-04-21,485.589996,494.630005,484.109985,494.380005,464.953003,796100
2021-04-22,495.260010,498.399994,490.540009,491.920013,462.639435,1453200
2021-04-23,493.970001,502.279999,493.410004,500.179993,470.407806,1361700
2021-04-26,502.540009,504.260010,501.640015,502.670013,472.749634,998300
2021-04-27,503.440002,504.600006,500.850006,503.350006,473.389069,525200
2021-04-28,502.920013,504.920013,502.130005,503.429993,473.464325,782400
2021-04-29,506.890015,507.630005,499.779999,503.429993,473.464325,941300
2021-04-30,500.010010,501.260010,495.750000,496.579987,467.021973,1382900
2021-05-03,501.730011,502.720001,498.070007,499.540009,469.805908,856500
2021-05-04,496.480011,498.170013,492.299988,497.700012,468.075348,1104000
2021-05-05,499.940002,499.940002,495.779999,496.970001,467.388824,774400
2021-05-06,497.410004,499.609985,492.119995,499.540009,469.805908,1736100
2021-05-07,498.540009,505.290009,497.209991,504.809998,474.762115,718300
2021-05-10,505.299988,506.869995,498.720001,498.720001,469.034668,1586900
2021-05-11,491.040009,496.970001,488.820007,494.220001,464.802521,2137800
2021-05-12,490.910004,494.010010,478.880005,478.880005,450.375580,1854100
2021-05-13,480.369995,490.269989,479.970001,488.309998,459.244263,2202400
2021-05-14,491.959991,497.089996,490.000000,496.269989,466.730469,2256100
2021-05-17,493.950012,496.309998,490.589996,495.720001,466.213257,1329500
2021-05-18,495.820007,496.890015,490.299988,490.540009,461.341583,1148700
2021-05-19,483.399994,487.609985,479.559998,487.410004,458.397919,1591900
2021-05-20,487.940002,490.920013,485.320007,489.649994,460.504547,842100
2021-05-21,493.079987,494.929993,488.940002,490.450012,461.256927,1123600
2021-05-24,493.230011,494.809998,490.739990,493.010010,463.664581,853300
2021-05-25,495.109985,496.709991,488.940002,489.350006,460.222443,724500
2021-05-26,490.500000,494.320007,490.320007,494.130005,464.717926,605700
2021-05-27,497.140015,498.529999,496.179993,497.299988,467.699219,854900
2021-05-28,499.230011,499.799988,495.239990,497.760010,468.131775,614100
2021-06-01,501.049988,501.380005,497.880005,500.510010,470.718140,1249700
2021-06-02,502.000000,502.000000,496.859985,497.660004,468.037750,951400
2021-06-03,495.019989,496.250000,491.269989,494.920013,465.460876,1003000
2021-06-04,497.589996,498.489990,494.950012,497.940002,468.301056,816900
2021-06-07,498.640015,499.410004,496.149994,497.149994,467.558014,2064200
2021-06-08,498.309998,502.470001,495.399994,501.859985,471.987762,1211100
2021-06-09,502.000000,502.690002,498.410004,498.529999,468.855988,858800
2021-06-10,501.230011,502.260010,496.820007,498.459991,468.790192,995200
2021-06-11,500.350006,502.339996,499.299988,502.250000,472.354523,1079500
2021-06-14,502.619995,503.130005,495.989990,497.739990,468.113037,736000
2021-06-15,498.140015,498.899994,493.700012,497.350006,467.746246,838800
2021-06-16,496.640015,497.350006,491.329987,493.940002,464.539185,998400
2021-06-17,493.290009,494.140015,482.070007,486.190002,457.250580,879500
2021-06-18,478.730011,481.640015,475.109985,475.109985,446.829926,1154200
2021-06-21,478.529999,487.029999,478.529999,486.459991,457.504425,934700
2021-06-22,485.799988,488.380005,482.670013,487.059998,458.068726,654900
2021-06-23,487.170013,489.700012,486.970001,487.380005,458.369629,701300
2021-06-24,490.489990,492.380005,487.859985,492.170013,462.874512,738700
2021-06-25,493.100006,497.160004,492.369995,496.390015,466.843414,711200
2021-06-28,496.750000,496.750000,488.950012,491.410004,462.159851,942800
2021-06-29,493.059998,494.730011,489.829987,490.940002,461.717773,714500
2021-06-30,490.170013,492.059998,489.309998,491.010010,461.783539,738600
2021-07-01,493.720001,496.489990,492.109985,495.279999,465.799438,1472100
2021-07-02,496.079987,496.440002,491.959991,493.709991,464.322876,1036300
2021-07-06,493.500000,494.000000,483.940002,488.040009,458.990417,1327100
2021-07-07,487.750000,490.679993,483.910004,488.779999,459.686371,865600
2021-07-08,480.450012,487.109985,476.820007,482.899994,454.156311,1108600
2021-07-09,487.290009,493.410004,486.920013,493.000000,463.655090,1143600
2021-07-12,491.130005,494.899994,489.459991,494.420013,464.990570,615200
2021-07-13,492.390015,493.019989,486.570007,486.820007,457.843018,717400
2021-07-14,489.079987,491.799988,483.089996,484.119995,455.303741,892200
2021-07-15,481.100006,484.529999,478.809998,482.579987,453.855347,645500
2021-07-16,485.839996,485.959991,476.350006,476.619995,448.250061,825700
2021-07-19,468.350006,472.390015,464.339996,468.359985,440.481750,1534100
2021-07-20,469.890015,483.959991,468.399994,481.540009,452.877319,1127000
2021-07-21,484.179993,489.500000,484.049988,487.839996,458.802307,1207600
2021-07-22,486.540009,486.760010,480.369995,482.709991,453.977570,812500
2021-07-23,485.200012,487.320007,482.359985,486.799988,457.824066,577000
2021-07-26,487.450012,490.480011,486.179993,487.630005,458.604858,657300
2021-07-27,485.179993,485.679993,481.390015,484.619995,455.773926,757200
2021-07-28,486.410004,491.079987,481.850006,488.350006,459.281982,574900
2021-07-29,491.570007,496.200012,491.070007,493.329987,463.965485,796300
2021-07-30,491.170013,496.869995,490.679993,492.399994,463.090881,659400
2021-08-02,494.799988,500.079987,490.109985,490.679993,461.473206,737800
2021-08-03,492.089996,493.660004,486.589996,493.510010,464.134796,899900
2021-08-04,490.739990,494.010010,488.470001,488.510010,459.432404,671600
2021-08-05,490.290009,494.049988,489.850006,493.130005,463.777435,744500
2021-08-06,495.619995,498.160004,493.779999,495.459991,465.968750,564100
2021-08-09,494.359985,495.739990,491.130005,494.000000,464.595612,446700
2021-08-10,494.519989,497.179993,492.649994,495.760010,466.250885,1215300
2021-08-11,496.450012,499.920013,493.459991,499.890015,470.135040,743300
2021-08-12,499.799988,500.350006,496.369995,499.049988,469.345032,512300
2021-08-13,498.839996,499.829987,497.190002,498.109985,468.460938,526400
2021-08-16,495.609985,497.579987,492.600006,496.929993,467.351196,435800
2021-08-17,492.529999,493.140015,485.929993,490.869995,461.651917,814700
2021-08-18,489.899994,492.940002,486.010010,486.200012,457.259918,666800
2021-08-19,482.130005,485.869995,479.390015,482.200012,453.497925,859000
2021-08-20,482.200012,488.369995,481.679993,488.059998,459.009155,674800
2021-08-23,491.119995,493.119995,490.290009,492.420013,463.109680,640500
2021-08-24,493.820007,498.109985,493.690002,497.089996,467.501648,800800
2021-08-25,496.950012,502.299988,496.519989,499.869995,470.116150,586500
2021-08-26,499.720001,500.089996,494.910004,495.279999,465.799438,951200
2021-08-27,496.480011,505.769989,496.269989,504.959991,474.903259,1350200
2021-08-30,505.450012,506.179993,502.510010,503.630005,473.652435,726100
2021-08-31,504.040009,504.510010,500.600006,502.279999,472.382751,620400
2021-09-01,503.149994,505.309998,499.190002,503.660004,473.680573,840300
2021-09-02,504.899994,507.309998,503.570007,506.040009,475.918976,917700
2021-09-03,504.529999,505.600006,502.359985,503.500000,473.530151,629500
2021-09-07,502.920013,503.179993,497.559998,497.700012,468.075348,1054500
2021-09-08,496.470001,498.160004,493.010010,496.059998,466.532990,818100
2021-09-09,495.510010,499.250000,494.160004,494.940002,465.479706,1126400
2021-09-10,497.299988,497.869995,490.000000,490.089996,460.918274,828200
2021-09-13,493.299988,494.480011,489.859985,493.269989,463.909027,777100
2021-09-14,495.000000,495.070007,486.609985,487.970001,458.924622,850200
2021-09-15,487.929993,493.529999,487.040009,493.299988,463.937195,960300
2021-09-16,492.890015,495.070007,489.739990,492.500000,463.184845,790300
2021-09-17,490.790009,492.209991,486.000000,486.959991,459.196106,1398800
2021-09-20,477.600006,480.970001,473.399994,479.500000,452.161469,2273600
2021-09-21,482.549988,483.649994,476.339996,478.899994,451.595612,1025100
2021-09-22,481.709991,489.019989,481.149994,485.609985,457.923004,1178600
2021-09-23,487.769989,494.809998,487.059998,492.470001,464.391937,1104700
2021-09-24,489.950012,493.250000,488.679993,491.230011,463.222717,967500
2021-09-27,491.809998,498.540009,491.640015,495.850006,467.579254,1276200
2021-09-28,493.279999,494.880005,487.720001,488.130005,460.299347,1696800
2021-09-29,489.660004,491.459991,486.679993,488.339996,460.497375,1247900
2021-09-30,490.980011,490.980011,480.649994,480.880005,453.462708,1533500
2021-10-01,482.779999,491.869995,479.230011,488.660004,460.799194,1736000
2021-10-04,487.570007,491.119995,484.000000,486.010010,458.300293,1658500
2021-10-05,487.799988,491.149994,484.420013,486.570007,458.828308,1697300
2021-10-06,482.019989,485.959991,477.339996,485.700012,458.007935,1798100
2021-10-07,489.209991,496.119995,489.200012,492.850006,464.750305,1241900
2021-10-08,493.200012,494.630005,489.839996,489.899994,461.968475,643200
2021-10-11,490.380005,494.070007,487.239990,487.290009,459.507233,695200
2021-10-12,488.320007,492.570007,487.880005,490.200012,462.251373,819500
2021-10-13,490.630005,493.149994,486.450012,492.049988,463.995880,879000
2021-10-14,496.600006,500.690002,495.959991,500.450012,471.916962,893300
2021-10-15,504.239990,506.200012,500.670013,500.920013,472.360138,764900
2021-10-18,498.750000,502.829987,497.480011,501.989990,473.369141,935100
2021-10-19,503.750000,504.899994,501.600006,503.380005,474.679932,607200
2021-10-20,503.200012,508.390015,502.920013,507.290009,478.366943,775900
2021-10-21,506.589996,509.179993,505.489990,508.799988,479.790833,739900
2021-10-22,509.309998,512.450012,507.079987,509.510010,480.460449,678000
2021-10-25,510.420013,513.969971,508.779999,512.190002,482.987579,714700
2021-10-26,513.000000,513.710022,508.790009,508.890015,479.875763,854300
2021-10-27,508.380005,508.940002,500.760010,500.959991,472.397827,878600
2021-10-28,503.109985,509.029999,503.070007,508.869995,479.856903,811300
2021-10-29,508.480011,511.489990,507.089996,509.140015,480.111389,696200
2021-11-01,511.429993,520.020020,510.869995,519.780029,490.144928,1683600
2021-11-02,519.400024,522.090027,517.320007,520.770020,491.078369,963100
2021-11-03,519.419983,528.369995,519.059998,526.609985,496.585510,1346900
2021-11-04,527.469971,530.150024,523.609985,524.900024,494.973053,1165800
2021-11-05,529.119995,533.200012,526.880005,529.559998,499.367279,757800
2021-11-08,532.460022,533.570007,528.770020,529.849976,499.640808,745200
2021-11-09,529.770020,531.049988,527.280029,529.169983,498.999573,765500
2021-11-10,527.830017,529.989990,522.409973,524.450012,494.548645,806600
2021-11-11,525.869995,528.690002,524.539978,527.229980,497.170105,752000
2021-11-12,528.210022,529.760010,527.409973,529.140015,498.971222,656200
2021-11-15,531.369995,531.479980,528.820007,530.090027,499.867096,625400
2021-11-16,529.489990,533.289978,529.169983,531.030029,500.753479,937900
2021-11-17,529.799988,529.799988,523.869995,526.559998,496.538269,1098000
2021-11-18,528.460022,528.750000,522.059998,525.909973,495.925323,959000
2021-11-19,523.349976,525.869995,521.539978,523.580017,493.728180,655900
2021-11-22,526.210022,529.599976,523.880005,524.200012,494.312775,1017700
2021-11-23,523.979980,526.869995,519.349976,523.789978,493.926239,1110800
2021-11-24,520.520020,524.140015,518.840027,523.630005,493.775391,917500
2021-11-26,511.109985,512.369995,502.929993,506.350006,477.480560,1607100
2021-11-29,512.799988,513.419983,504.320007,507.040009,478.131256,1068500
2021-11-30,503.440002,504.269989,492.839996,493.799988,465.645996,1608200
2021-12-01,502.950012,506.769989,485.709991,485.850006,458.149384,1808500
2021-12-02,488.170013,501.190002,487.920013,500.000000,471.492584,2527400
2021-12-03,501.000000,501.980011,489.209991,492.579987,464.495636,1639600
2021-12-06,497.309998,506.410004,494.130005,502.980011,474.302765,1391100
2021-12-07,508.760010,516.030029,508.230011,511.640015,482.468964,1338400
2021-12-08,512.460022,515.330017,510.720001,514.289978,484.967804,1561600
2021-12-09,512.010010,513.320007,506.720001,506.720001,477.829498,1146000
2021-12-10,510.029999,510.859985,503.250000,507.329987,478.404694,1005000
2021-12-13,506.399994,507.170013,500.269989,502.130005,473.501190,1196900
2021-12-14,498.750000,505.130005,498.179993,500.140015,471.624664,1007400
2021-12-15,500.450012,505.720001,494.720001,505.269989,476.462128,1093500
2021-12-16,507.850006,509.019989,496.829987,498.589996,470.162994,1406000
2021-12-17,494.799988,501.420013,491.510010,496.130005,469.243652,1537300
2021-12-20,489.790009,490.170013,481.480011,487.799988,461.365082,2012100
2021-12-21,491.940002,500.850006,491.929993,500.829987,473.688965,1327500
2021-12-22,500.399994,505.839996,499.880005,505.670013,478.266754,1264000
2021-12-23,507.000000,510.260010,505.920013,509.010010,481.425720,1211600
2021-12-27,509.600006,516.049988,507.549988,515.859985,487.904449,914100
2021-12-28,515.520020,519.599976,514.570007,515.739990,487.790985,1209900
2021-12-29,516.000000,519.200012,515.049988,518.539978,490.439270,930900
2021-12-30,519.090027,522.179993,516.780029,517.090027,489.067841,864900
2021-12-31,516.200012,520.229980,515.809998,517.679993,489.625854,790300
2022-01-03,518.950012,522.520020,515.299988,519.190002,491.054077,1905900
2022-01-04,521.099976,524.179993,519.650024,521.700012,493.428101,1723100
2022-01-05,521.650024,523.929993,509.739990,509.829987,482.201202,1900800
2022-01-06,510.679993,515.799988,507.269989,512.469971,484.698212,1987500
2022-01-07,512.250000,515.260010,506.950012,508.519989,480.962219,1692900
2022-01-10,505.970001,506.890015,498.260010,506.529999,479.080017,2391200
2022-01-11,507.019989,511.420013,501.790009,511.359985,483.648315,1570000
2022-01-12,513.210022,515.330017,507.130005,509.750000,482.125641,824400
2022-01-13,511.450012,515.099976,507.149994,508.329987,480.782532,1408800
2022-01-14,504.250000,507.279999,499.690002,506.709991,479.250305,1089200
2022-01-18,501.760010,502.519989,495.089996,495.880005,469.007233,1367000
2022-01-19,498.260010,499.619995,489.149994,489.250000,462.736542,1362300
2022-01-20,491.000000,497.700012,480.279999,480.600006,454.555267,1711700
2022-01-21,478.609985,483.630005,472.100006,472.299988,446.705048,3188600
2022-01-24,466.380005,482.329987,459.320007,481.320007,455.236206,5003700
2022-01-25,474.609985,478.920013,464.089996,472.799988,447.177948,2294700
2022-01-26,478.799988,483.260010,463.269989,467.809998,442.458374,2514600
2022-01-27,472.380005,477.079987,458.519989,460.609985,435.648590,2740500
2022-01-28,461.380005,469.910004,454.750000,469.779999,444.321625,2021200
2022-01-31,467.450012,480.380005,466.570007,480.040009,454.025604,2029800
2022-02-01,481.559998,485.709991,475.369995,484.929993,458.650604,1532100
2022-02-02,485.450012,487.269989,481.230011,484.950012,458.669556,1278400
2022-02-03,480.600006,484.190002,476.649994,477.079987,451.226013,1165600
2022-02-04,476.399994,481.869995,471.399994,478.000000,452.096191,778700
2022-02-07,478.390015,481.410004,475.959991,477.989990,452.086670,1792900
2022-02-08,478.589996,487.820007,478.589996,487.140015,460.740875,1038900
2022-02-09,491.250000,496.089996,491.079987,495.829987,468.959900,1192300
2022-02-10,489.190002,500.549988,486.320007,488.779999,462.291962,1655600
2022-02-11,489.230011,493.089996,479.660004,482.440002,456.295532,1281400
2022-02-14,482.570007,486.890015,477.589996,480.869995,454.810577,1832400
2022-02-15,485.339996,492.019989,485.059998,491.299988,464.675446,1557300
2022-02-16,489.260010,494.390015,487.880005,492.760010,466.056305,1298300
2022-02-17,488.750000,489.739990,481.470001,482.010010,455.888885,1237500
2022-02-18,481.660004,487.089996,478.529999,480.119995,454.101288,1476500
2022-02-22,478.000000,481.829987,470.579987,473.390015,447.735992,1559900
2022-02-23,476.609985,478.160004,464.959991,465.429993,440.207336,1630000
2022-02-24,453.399994,473.179993,452.890015,472.320007,446.723999,1884300
2022-02-25,473.209991,485.760010,471.140015,485.670013,459.350525,2521200
2022-02-28,479.769989,487.929993,479.709991,485.440002,459.132996,2166700
2022-03-01,484.260010,486.609985,472.619995,476.170013,450.365326,2380600
2022-03-02,478.769989,490.839996,478.760010,488.799988,462.310883,2440600
2022-03-03,490.670013,491.179993,481.140015,484.649994,458.385803,1170700
2022-03-04,480.140015,480.970001,472.470001,477.190002,451.330139,1159700
2022-03-07,476.679993,476.700012,459.000000,459.239990,434.352814,1222200
2022-03-08,460.130005,471.510010,456.829987,460.700012,435.733673,1816600
2022-03-09,469.010010,476.190002,468.369995,473.809998,448.133270,1487600
2022-03-10,468.410004,474.630005,466.980011,473.890015,448.208984,1046900
2022-03-11,475.989990,478.679993,468.790009,468.959991,443.546082,2216900
2022-03-14,470.399994,473.100006,462.809998,465.059998,439.857361,884500
2022-03-15,466.799988,472.420013,465.890015,472.029999,446.449707,957600
2022-03-16,477.000000,485.450012,473.329987,485.450012,459.142487,1582400
2022-03-17,482.600006,490.250000,482.339996,490.170013,463.606659,996000
2022-03-18,486.290009,493.640015,485.200012,492.579987,466.983521,1534700
2022-03-21,493.440002,496.600006,487.920013,491.260010,465.732208,1010800
2022-03-22,493.079987,498.049988,492.260010,494.309998,468.623688,1152200
2022-03-23,492.380005,492.529999,484.950012,485.119995,459.911163,1584000
2022-03-24,486.529999,490.779999,484.630005,490.720001,465.220215,514500
2022-03-25,491.769989,494.369995,489.220001,494.200012,468.519348,1517800
2022-03-28,492.820007,495.040009,488.559998,494.950012,469.230408,1363600
2022-03-29,499.320007,506.700012,499.059998,505.519989,479.251038,1755000
2022-03-30,504.329987,504.390015,495.489990,497.790009,471.922882,1484300
2022-03-31,497.070007,499.859985,490.350006,490.450012,464.964264,1258600
2022-04-01,493.390015,496.209991,489.570007,493.760010,468.102234,1204200
2022-04-04,493.869995,494.390015,490.450012,492.859985,467.249023,1069600
2022-04-05,491.750000,495.040009,482.720001,483.859985,458.716705,1099600
2022-04-06,479.920013,480.920013,475.260010,478.200012,453.350800,798000
2022-04-07,477.630005,479.579987,470.929993,477.000000,452.213135,1110100
2022-04-08,477.029999,481.440002,474.730011,477.029999,452.241608,799900
2022-04-11,474.730011,481.089996,474.519989,474.779999,450.108521,865100
2022-04-12,478.500000,483.679993,472.850006,474.130005,449.492310,1402300
2022-04-13,474.929993,482.489990,474.929993,481.839996,456.801666,1034200
2022-04-14,482.600006,485.470001,478.940002,479.010010,454.118774,1450400
2022-04-18,478.190002,480.589996,475.869995,478.079987,453.237061,1144000
2022-04-19,478.720001,489.589996,478.429993,488.899994,463.494843,897300
2022-04-20,492.049988,495.500000,490.869995,492.640015,467.040497,1018600
2022-04-21,496.989990,497.790009,482.339996,483.720001,458.583984,1216900
2022-04-22,481.239990,481.670013,470.489990,470.720001,446.259491,1467100
2022-04-25,466.630005,473.829987,461.049988,473.519989,448.914032,1756800
2022-04-26,470.019989,470.619995,459.420013,459.459991,435.584656,2042300
2022-04-27,459.809998,465.420013,457.200012,460.010010,436.106018,2532000
2022-04-28,464.540009,470.420013,456.179993,468.750000,444.391815,1298300
2022-04-29,466.910004,471.149994,455.130005,455.829987,432.143280,1693500
2022-05-02,455.799988,461.119995,448.540009,458.670013,434.835602,1980900
2022-05-03,458.640015,465.369995,457.510010,463.079987,439.016449,1217800
2022-05-04,464.049988,476.470001,458.769989,476.140015,451.397858,1289300
2022-05-05,471.690002,471.690002,453.869995,458.459991,434.636566,1369500
2022-05-06,455.600006,457.220001,446.369995,452.339996,428.834534,1893200
2022-05-09,446.029999,448.269989,435.309998,437.220001,414.500244,1586800
2022-05-10,442.290009,444.850006,428.019989,435.779999,413.135101,1609300
2022-05-11,436.170013,444.390015,427.700012,428.250000,405.996490,1476500
2022-05-12,425.980011,435.369995,424.269989,432.350006,409.883331,1417100
2022-05-13,437.390015,446.510010,437.369995,443.709991,420.653015,868600
2022-05-16,442.049988,444.769989,437.730011,441.160004,418.235565,742900
2022-05-17,448.390015,454.540009,445.329987,454.000000,430.408386,1425500
2022-05-18,449.380005,449.589996,435.500000,437.140015,414.424530,1005400
2022-05-19,433.109985,442.089996,433.109985,436.619995,413.931427,1012300
2022-05-20,441.230011,441.630005,425.420013,435.359985,412.736938,1031300
2022-05-23,439.540009,442.140015,434.100006,440.119995,417.249573,935700
2022-05-24,436.250000,437.529999,427.040009,434.700012,412.111267,971100
2022-05-25,433.209991,445.040009,432.929993,443.040009,420.017914,836100
2022-05-26,445.940002,455.309998,445.890015,453.369995,429.811127,743300
2022-05-27,455.440002,463.920013,455.200012,463.850006,439.746521,965700
2022-05-31,461.679993,462.579987,456.299988,459.230011,435.366547,1822200
2022-06-01,461.489990,462.619995,449.709991,455.410004,431.745056,636800
2022-06-02,456.579987,465.890015,455.179993,465.769989,441.566711,876100
2022-06-03,461.970001,462.559998,458.700012,460.390015,436.466278,679100
2022-06-06,465.100006,465.829987,461.609985,463.070007,439.007050,755200
2022-06-07,459.010010,469.149994,458.299988,469.130005,444.752167,817800
2022-06-08,466.600006,467.130005,459.119995,460.420013,436.494751,646000
2022-06-09,458.320007,459.390015,450.940002,450.950012,427.516846,830000
2022-06-10,444.170013,445.549988,438.329987,439.049988,416.235168,1159900
2022-06-13,427.980011,429.679993,417.489990,419.380005,397.587341,1332200
2022-06-14,420.369995,422.190002,413.589996,417.609985,395.909302,1555600
2022-06-15,421.549988,427.910004,415.769989,422.609985,400.649506,1356500
2022-06-16,412.910004,413.690002,400.070007,402.570007,381.650848,1144100
2022-06-17,402.790009,408.489990,400.049988,404.829987,385.134705,1674700
2022-06-21,411.160004,413.679993,407.480011,409.950012,390.005676,854000
2022-06-22,404.220001,411.339996,403.390015,408.589996,388.711700,742500
2022-06-23,409.730011,411.790009,405.220001,411.070007,391.071167,1210500
2022-06-24,414.470001,425.640015,413.859985,425.440002,404.742035,1121500
2022-06-27,427.170013,429.809998,423.190002,426.980011,406.207092,924900
2022-06-28,429.429993,433.070007,420.850006,420.859985,400.384827,814000
2022-06-29,421.119995,421.510010,414.540009,417.709991,397.388031,622300
2022-06-30,412.109985,418.540009,408.160004,413.489990,393.373291,1160900
2022-07-01,412.989990,419.579987,409.799988,418.850006,398.472595,883500
2022-07-05,412.440002,418.459991,406.220001,418.329987,397.977936,1006500
2022-07-06,417.809998,420.450012,411.100006,415.809998,395.580475,865100
2022-07-07,419.149994,425.570007,419.149994,424.670013,404.009430,743500
2022-07-08,423.600006,426.559998,419.839996,423.350006,402.753693,677300
2022-07-11,420.640015,422.230011,417.779999,418.320007,397.968384,491900
2022-07-12,417.200012,422.760010,415.500000,417.609985,397.292908,629100
2022-07-13,412.480011,418.700012,410.440002,416.540009,396.274963,1046700
2022-07-14,409.779999,413.079987,406.649994,412.329987,392.269775,792400
2022-07-15,417.600006,420.459991,412.640015,420.320007,399.871033,766600
2022-07-18,424.609985,426.510010,418.510010,419.390015,398.986389,859800
2022-07-19,424.589996,433.510010,424.079987,433.119995,412.048340,684000
2022-07-20,432.970001,438.420013,431.260010,437.589996,416.300903,726400
2022-07-21,435.869995,441.220001,433.429993,441.220001,419.754272,595800
2022-07-22,442.329987,444.019989,434.369995,437.160004,415.891815,544200
2022-07-25,438.739990,440.369995,435.309998,439.910004,418.507935,587200
2022-07-26,438.730011,439.290009,435.829987,437.390015,416.110657,424100
2022-07-27,439.480011,447.350006,438.619995,445.589996,423.911682,560700
2022-07-28,448.100006,452.829987,443.089996,452.570007,430.552094,489700
2022-07-29,453.760010,460.010010,452.350006,458.630005,436.317261,801000
2022-08-01,455.970001,460.410004,453.130005,458.329987,436.031891,986200
2022-08-02,456.230011,459.000000,452.559998,453.910004,431.826904,721800
2022-08-03,456.100006,459.339996,453.820007,457.950012,435.670349,641700
2022-08-04,457.559998,457.709991,454.239990,454.470001,432.359680,417300
2022-08-05,450.399994,457.779999,450.239990,456.970001,434.738068,540400
2022-08-08,459.429993,464.410004,458.989990,460.049988,437.668213,483200
2022-08-09,458.600006,459.350006,454.510010,456.109985,433.919891,560300
2022-08-10,463.470001,467.929993,462.809998,467.350006,444.613068,543400
2022-08-11,471.679993,476.329987,469.640015,470.019989,447.153198,645400
2022-08-12,472.059998,477.410004,470.950012,477.399994,454.174103,415200
2022-08-15,473.980011,478.730011,473.029999,478.049988,454.792480,820400
2022-08-16,476.690002,483.100006,476.690002,481.070007,457.665558,436200
2022-08-17,476.679993,477.579987,471.579987,474.609985,451.519867,451600
2022-08-18,475.670013,478.980011,474.809998,478.440002,455.163513,424800
2022-08-19,474.730011,475.149994,469.269989,470.459991,447.571777,663300
2022-08-22,464.760010,464.760010,459.690002,460.440002,438.039307,582600
2022-08-23,460.890015,465.459991,459.609985,460.429993,438.029785,615000
2022-08-24,460.260010,464.250000,459.149994,462.750000,440.236877,337400
2022-08-25,464.579987,470.570007,464.040009,470.570007,447.676392,563700
2022-08-26,470.350006,471.000000,456.380005,456.399994,434.195801,576600
2022-08-29,453.010010,457.380005,451.480011,453.399994,431.341736,517800
2022-08-30,454.720001,455.170013,445.510010,447.250000,425.490936,620900
2022-08-31,448.019989,449.420013,443.489990,444.089996,422.484680,497100
2022-09-01,440.480011,440.799988,434.880005,440.649994,419.212006,849900
2022-09-02,445.130005,447.079987,435.549988,437.399994,416.120148,874700
2022-09-06,438.799988,439.359985,431.589996,434.600006,413.456329,957600
2022-09-07,433.950012,445.160004,433.290009,444.559998,422.931763,534700
2022-09-08,440.730011,448.709991,439.010010,448.640015,426.813354,661200
2022-09-09,451.579987,457.459991,451.570007,456.670013,434.452667,699500
2022-09-12,459.700012,463.609985,458.549988,461.079987,438.648071,767300
2022-09-13,450.119995,452.440002,442.660004,443.920013,422.322906,736500
2022-09-14,444.570007,445.059998,439.049988,444.029999,422.427612,628900
2022-09-15,441.899994,448.179993,439.549988,441.309998,419.839874,708300
2022-09-16,433.920013,435.450012,429.470001,433.230011,413.867401,933700
2022-09-19,428.959991,439.380005,428.940002,438.920013,419.303070,685600
2022-09-20,434.679993,435.200012,428.779999,431.660004,412.367493,670200
2022-09-21,434.070007,438.720001,425.700012,425.980011,406.941376,1089200
2022-09-22,424.989990,426.079987,415.720001,416.600006,397.980621,1049300
2022-09-23,410.769989,411.390015,402.640015,407.869995,389.640808,1028500
2022-09-26,405.609985,410.790009,400.209991,401.579987,383.631866,1046800
2022-09-27,405.989990,408.940002,398.109985,402.010010,384.042725,1124700
2022-09-28,403.739990,415.010010,402.609985,412.910004,394.455505,881100
2022-09-29,407.940002,408.750000,400.200012,404.480011,386.402283,1534500
2022-09-30,404.109985,410.720001,401.079987,401.660004,383.708313,1307000
2022-10-03,407.000000,415.910004,403.320007,413.269989,394.799438,1000600
2022-10-04,420.109985,429.690002,420.109985,429.679993,410.476013,925000
2022-10-05,423.940002,429.299988,419.959991,427.149994,408.059021,1093600
2022-10-06,425.089996,429.279999,422.459991,423.890015,404.944824,823900
2022-10-07,420.000000,420.399994,411.279999,413.149994,394.684814,714400
2022-10-10,415.010010,415.950012,409.410004,412.390015,393.958740,575600
2022-10-11,410.329987,418.420013,407.239990,412.940002,394.484131,1158700
2022-10-12,413.529999,413.679993,409.040009,410.850006,392.487579,935500
2022-10-13,402.790009,422.029999,399.690002,419.769989,401.008881,1297400
2022-10-14,422.690002,425.209991,409.059998,409.489990,391.188324,935200
2022-10-17,416.679993,422.600006,416.679993,420.779999,401.973816,967200
2022-10-18,429.600006,432.390015,423.589996,426.890015,407.810699,894100
2022-10-19,423.209991,425.190002,415.339996,419.489990,400.741455,731500
2022-10-20,420.149994,423.790009,411.959991,413.070007,394.608398,639000
2022-10-21,414.000000,422.450012,410.070007,421.600006,402.757141,811500
2022-10-24,424.140015,425.720001,419.760010,424.369995,405.403320,698600
2022-10-25,424.279999,435.510010,424.250000,435.029999,415.586823,745900
2022-10-26,436.399994,442.750000,433.820007,436.130005,416.637756,717700
2022-10-27,438.149994,441.869995,435.630005,436.109985,416.618622,658800
2022-10-28,436.850006,444.410004,434.489990,444.049988,424.203766,753100
2022-10-31,442.260010,446.269989,440.760010,443.769989,423.936249,855000
2022-11-01,448.420013,449.429993,443.109985,445.589996,425.674896,1037700
2022-11-02,443.799988,448.109985,432.470001,432.660004,413.322876,834100
2022-11-03,427.359985,434.640015,424.109985,431.589996,412.300659,852400
2022-11-04,437.679993,442.230011,431.880005,438.929993,419.312592,788500
2022-11-07,441.679993,443.190002,437.350006,442.829987,423.038330,753500
2022-11-08,443.690002,448.230011,438.540009,443.589996,423.764282,683600
2022-11-09,440.119995,442.779999,433.429993,434.209991,414.803528,703800
2022-11-10,449.820007,459.589996,449.820007,459.380005,438.848572,1376800
2022-11-11,460.649994,465.790009,460.160004,462.019989,441.370605,733800
2022-11-14,459.790009,464.220001,457.279999,457.510010,437.062164,921200
2022-11-15,464.160004,468.380005,460.940002,464.649994,443.883026,990500
2022-11-16,461.809998,461.809998,456.850006,457.820007,437.358398,612400
2022-11-17,451.500000,455.399994,449.760010,455.279999,434.931854,706900
2022-11-18,459.559998,460.760010,454.049988,458.269989,437.788239,499000
2022-11-21,456.059998,458.359985,454.920013,457.329987,436.890228,420700
2022-11-22,459.399994,465.010010,459.179993,464.790009,444.016815,584600
2022-11-23,463.750000,467.640015,462.850006,465.100006,444.312927,537100
2022-11-25,465.570007,468.100006,464.779999,467.500000,446.605682,274700
2022-11-28,463.399994,464.989990,457.359985,458.410004,437.921936,722100
2022-11-29,458.299988,462.190002,458.299988,459.910004,439.354858,498600
2022-11-30,460.079987,470.790009,455.989990,470.480011,449.452484,1373100
2022-12-01,472.959991,475.170013,468.299988,469.649994,448.659607,957400
2022-12-02,464.200012,472.350006,464.200012,470.100006,449.089478,597000
2022-12-05,466.679993,466.679993,456.540009,458.440002,437.950653,869200
2022-12-06,457.730011,459.019989,449.089996,453.070007,432.820618,938000
2022-12-07,452.059998,456.630005,451.350006,452.529999,432.304810,541500
2022-12-08,454.589996,459.160004,453.679993,456.100006,435.715179,439100
2022-12-09,453.660004,456.299988,451.079987,451.130005,430.967316,604200
2022-12-12,451.799988,456.440002,449.589996,456.029999,435.648346,871500
2022-12-13,468.809998,469.570007,455.619995,458.700012,438.199005,1324700
2022-12-14,458.320007,462.390015,453.250000,456.559998,436.154602,790200
2022-12-15,450.799988,451.630005,444.940002,446.190002,426.248138,832400
2022-12-16,439.589996,442.570007,436.579987,440.029999,421.938904,675400
2022-12-19,439.679993,441.170013,433.040009,434.920013,417.038940,827900
2022-12-20,433.880005,439.579987,433.850006,437.190002,419.215607,692400
2022-12-21,441.070007,446.570007,441.070007,445.480011,427.164825,843900
2022-12-22,442.600006,442.600006,433.149994,440.250000,422.149872,623700
2022-12-23,439.660004,443.779999,437.950012,443.609985,425.371643,423700
2022-12-27,443.519989,445.630005,441.290009,443.820007,425.573059,442300
2022-12-28,444.089996,445.329987,436.209991,436.320007,418.381378,402700
2022-12-29,438.850006,446.350006,438.470001,444.779999,426.493591,430900
2022-12-30,441.250000,443.660004,439.179993,442.790009,424.585419,615500
2023-01-03,446.369995,448.760010,437.679993,440.720001,422.600433,850100
2023-01-04,444.309998,449.679993,443.390015,447.450012,429.053772,645300
2023-01-05,444.500000,444.929993,440.299988,442.850006,424.642975,561100
2023-01-06,446.679993,454.820007,445.290009,454.130005,435.459198,668200
2023-01-09,456.089996,459.119995,453.570007,454.010010,435.344116,618600
2023-01-10,453.459991,458.510010,451.630005,458.440002,439.591980,408500
2023-01-11,460.559998,464.200012,460.040009,464.119995,445.038422,470800
2023-01-12,466.269989,469.260010,462.239990,468.359985,449.104126,756300
2023-01-13,465.369995,471.089996,464.679993,470.649994,451.299927,624800
2023-01-17,470.750000,472.630005,468.869995,469.640015,450.331543,562000
2023-01-18,470.980011,474.399994,463.410004,463.480011,444.424805,788200
2023-01-19,460.470001,461.950012,456.660004,458.720001,439.860504,489100
2023-01-20,460.390015,466.529999,457.440002,466.200012,447.032959,503400
2023-01-23,467.109985,473.720001,466.350006,472.200012,452.786255,622700
2023-01-24,469.959991,472.929993,468.200012,470.660004,451.309570,409900
2023-01-25,466.510010,472.079987,464.790009,471.850006,452.450653,492000
2023-01-26,474.709991,476.489990,470.640015,475.829987,456.266998,492500
2023-01-27,473.850006,479.260010,473.850006,477.649994,458.012177,377500
2023-01-30,474.200012,478.769989,472.130005,472.369995,452.949280,690300
2023-01-31,473.250000,483.829987,473.250000,483.750000,463.861389,1332800
2023-02-01,482.429993,494.649994,481.040009,491.500000,471.292755,1237700
2023-02-02,494.269989,499.480011,492.760010,497.119995,476.681732,1011700
2023-02-03,492.959991,497.899994,491.950012,493.920013,473.613251,1130100
2023-02-06,490.769989,493.279999,486.320007,488.230011,468.157166,756600
2023-02-07,486.589996,493.049988,483.209991,491.920013,471.695526,961300
2023-02-08,489.100006,490.970001,485.019989,486.059998,466.076385,658200
2023-02-09,489.119995,491.390015,478.940002,480.200012,460.457367,605800
2023-02-10,478.049988,481.820007,477.489990,481.320007,461.531281,524100
2023-02-13,481.700012,487.160004,480.029999,487.109985,467.083252,470700
2023-02-14,484.320007,490.309998,482.170013,487.350006,467.313416,531200
2023-02-15,484.119995,490.670013,483.420013,490.589996,470.420135,359500
2023-02-16,484.619995,492.299988,484.279999,487.059998,467.035339,605100
2023-02-17,485.559998,487.010010,482.540009,486.420013,466.421600,515000
2023-02-21,480.859985,482.429993,474.149994,474.649994,455.135559,417400
2023-02-22,475.170013,478.690002,473.859985,475.239990,455.701263,1329400
2023-02-23,478.040009,480.380005,472.070007,477.529999,457.897156,603500
2023-02-24,471.489990,475.480011,469.799988,474.589996,455.077942,854200
2023-02-27,478.269989,480.850006,474.359985,475.790009,456.228638,501700
2023-02-28,475.380005,479.149994,474.459991,474.750000,455.231415,741300
2023-03-01,473.109985,477.390015,472.660004,475.880005,456.315033,688700
2023-03-02,472.279999,478.820007,471.290009,478.679993,458.999878,502000
2023-03-03,479.989990,484.190002,477.510010,483.540009,463.660034,1130900
2023-03-06,483.630005,483.980011,476.570007,477.600006,457.964203,1111300
2023-03-07,477.600006,479.369995,471.200012,471.910004,452.508179,1037300
2023-03-08,472.369995,474.529999,469.369995,472.390015,452.968445,754300
2023-03-09,472.399994,473.920013,460.809998,461.010010,442.056305,1123000
2023-03-10,459.279999,461.100006,444.700012,447.950012,429.533264,2370900
2023-03-13,439.399994,446.750000,434.950012,439.790009,421.708740,1931200
2023-03-14,450.850006,453.420013,443.299988,448.160004,429.734589,967900
2023-03-15,437.380005,440.029999,431.450012,438.359985,420.337524,1319600
2023-03-16,433.540009,446.459991,432.029999,444.399994,426.129150,1694000
2023-03-17,439.200012,440.970001,431.489990,433.100006,416.411713,1233400
2023-03-20,436.799988,443.799988,436.799988,440.269989,423.305359,847900
2023-03-21,446.820007,450.399994,446.160004,448.279999,431.006714,860600
2023-03-22,448.000000,449.899994,436.779999,436.880005,420.045959,1194600
2023-03-23,439.579987,445.000000,431.730011,434.880005,418.123047,1062300
2023-03-24,431.519989,438.790009,428.299988,438.470001,421.574738,776100
2023-03-27,443.459991,445.040009,439.540009,442.859985,425.795563,844600
2023-03-28,441.230011,445.470001,441.230011,443.649994,426.555176,725500
2023-03-29,447.450012,449.399994,445.540009,449.109985,431.804749,718200
2023-03-30,453.000000,454.250000,449.149994,450.420013,433.064270,537200
2023-03-31,453.140015,458.609985,452.950012,458.410004,440.746399,858700
2023-04-03,458.670013,460.890015,454.640015,458.029999,440.381073,1086800
2023-04-04,458.829987,459.559998,447.799988,450.529999,433.170135,856100
2023-04-05,448.089996,449.470001,444.399994,447.230011,429.997192,683300
2023-04-06,446.750000,447.950012,444.399994,446.619995,429.410706,608600
2023-04-10,444.309998,452.190002,444.309998,452.089996,434.669891,608300
2023-04-11,454.200012,458.040009,453.450012,456.269989,438.688873,516200
2023-04-12,460.040009,460.059998,453.200012,453.660004,436.179413,589200
2023-04-13,454.920013,457.820007,452.429993,456.899994,439.294525,485000
2023-04-14,457.040009,459.920013,451.920013,454.380005,436.871704,643800
2023-04-17,455.200012,458.000000,453.940002,457.829987,440.188782,500500
2023-04-18,459.869995,460.359985,455.010010,457.130005,439.515747,719700
2023-04-19,455.100006,458.630005,454.410004,457.929993,440.284943,380500
2023-04-20,454.799988,458.269989,454.799988,456.390015,438.804321,459600
2023-04-21,456.820007,457.149994,452.480011,456.149994,438.573486,580400
2023-04-24,455.739990,458.309998,454.200012,456.179993,438.602264,512600
2023-04-25,453.130005,453.880005,447.399994,447.420013,430.179871,551600
2023-04-26,445.940002,448.190002,442.820007,443.429993,426.343628,620600
2023-04-27,444.609985,450.760010,443.140015,450.450012,433.093109,590400
2023-04-28,449.529999,455.260010,449.480011,454.750000,437.227448,669500
2023-05-01,453.869995,458.320007,453.799988,454.440002,436.929413,706100
2023-05-02,452.440002,454.619995,442.260010,447.950012,430.689453,1490800
2023-05-03,449.179993,455.769989,447.220001,447.829987,430.574097,1290800
2023-05-04,444.579987,445.109985,437.750000,439.950012,422.997803,1113200
2023-05-05,446.440002,450.829987,446.140015,449.500000,432.179749,843600
2023-05-08,451.579987,451.899994,446.369995,448.089996,430.824097,556600
2023-05-09,445.839996,448.239990,444.329987,446.570007,429.362610,513000
2023-05-10,451.709991,451.709991,442.690002,447.369995,430.131744,823800
2023-05-11,445.130005,445.980011,442.209991,444.429993,427.305023,526800
2023-05-12,445.700012,447.279999,441.470001,444.390015,427.266602,555100
2023-05-15,445.440002,449.579987,444.040009,447.940002,430.679840,544700
2023-05-16,445.809998,445.809998,441.420013,441.420013,424.411041,627400
2023-05-17,443.420013,450.049988,441.899994,449.290009,431.977844,880800
2023-05-18,448.320007,453.510010,447.029999,452.890015,435.439087,842400
2023-05-19,455.799988,455.799988,447.260010,448.799988,431.506683,643800
2023-05-22,450.359985,453.040009,447.570007,451.250000,433.862244,694700
2023-05-23,449.799988,453.209991,446.350006,446.640015,429.429901,895200
2023-05-24,445.040009,445.369995,440.790009,442.410004,425.362946,872300
2023-05-25,442.380005,443.559998,438.619995,442.260010,425.218719,899900
2023-05-26,442.760010,447.339996,442.160004,446.779999,429.564545,747000
2023-05-30,448.440002,449.790009,444.450012,446.179993,428.987671,925100
2023-05-31,444.010010,445.720001,437.480011,440.149994,423.190033,991000
2023-06-01,440.700012,444.899994,438.299988,443.970001,426.862793,954300
2023-06-02,449.100006,458.540009,449.100006,458.309998,440.650269,1217300
2023-06-05,456.320007,456.489990,450.910004,453.399994,435.929443,1576300
2023-06-06,452.250000,463.670013,452.250000,462.850006,445.015320,1222300
2023-06-07,464.899994,470.559998,464.070007,469.790009,451.687897,1146900
2023-06-08,468.989990,470.220001,464.959991,467.760010,449.736176,953600
2023-06-09,468.029999,468.440002,463.660004,464.850006,446.938232,1040800
2023-06-12,465.410004,468.309998,463.390015,467.429993,449.418854,727400
2023-06-13,469.790009,474.100006,468.459991,472.429993,454.226166,836900
2023-06-14,473.390015,476.200012,466.589996,469.619995,451.524445,982000
2023-06-15,467.809998,474.380005,467.809998,474.230011,455.956757,1122200
2023-06-16,474.239990,475.230011,468.890015,470.540009,453.857056,1720300
2023-06-20,468.179993,468.579987,464.859985,467.059998,450.500366,992100
2023-06-21,465.369995,468.600006,464.029999,466.519989,449.979492,761400
2023-06-22,465.429993,465.730011,461.660004,464.070007,447.616425,682500
2023-06-23,459.000000,462.140015,458.269989,458.630005,442.369324,985700
2023-06-26,459.480011,464.809998,459.079987,462.529999,446.130951,654300
2023-06-27,463.250000,470.540009,462.209991,469.820007,453.162537,662800
2023-06-28,469.059998,469.989990,466.420013,469.920013,453.259003,736500
2023-06-29,469.920013,475.720001,469.329987,475.630005,458.766510,519900
2023-06-30,479.079987,480.510010,476.470001,478.910004,461.930298,861900
2023-07-03,478.519989,481.309998,477.589996,479.600006,462.595764,404100
2023-07-05,478.459991,478.480011,475.130005,475.859985,458.988403,736200
2023-07-06,471.440002,471.750000,466.279999,470.510010,453.828094,793400
2023-07-07,471.290009,479.239990,471.089996,475.200012,458.351837,615600
2023-07-10,474.160004,481.359985,473.899994,481.260010,464.196899,631200
2023-07-11,482.299988,487.079987,481.679993,486.489990,469.241547,685400
2023-07-12,492.399994,492.940002,489.209991,490.149994,472.771729,991500
2023-07-13,491.589996,493.260010,490.010010,492.670013,475.202423,396200
2023-07-14,492.730011,492.730011,485.959991,487.890015,470.591827,1071600
2023-07-17,487.549988,492.410004,486.429993,491.160004,473.745972,774100
2023-07-18,491.089996,496.399994,491.089996,496.010010,478.424011,968700
2023-07-19,497.690002,498.920013,495.239990,497.670013,480.025116,745800
2023-07-20,498.179993,498.299988,493.160004,494.880005,477.334045,998200
2023-07-21,497.779999,497.779999,493.350006,493.839996,476.330902,504700
2023-07-24,493.480011,497.279999,492.970001,494.579987,477.044678,488900
2023-07-25,493.260010,497.790009,492.959991,495.440002,477.874207,644500
2023-07-26,494.739990,499.410004,494.470001,498.040009,480.382019,725700
2023-07-27,500.779999,500.779999,490.809998,491.899994,474.459686,867900
2023-07-28,496.000000,497.730011,493.869995,495.890015,478.308228,770200
2023-07-31,497.170013,499.290009,496.000000,498.329987,480.661713,725400
2023-08-01,495.179993,497.869995,494.019989,496.959991,479.340271,622800
2023-08-02,491.500000,493.850006,489.649994,491.220001,473.803802,976300
2023-08-03,488.559998,491.679993,486.649994,489.690002,472.328033,968000
2023-08-04,491.239990,494.809998,488.940002,489.890015,472.520996,1035700
2023-08-07,491.320007,494.000000,490.000000,493.440002,475.945099,555200
2023-08-08,487.980011,489.720001,484.119995,489.269989,471.922882,962800
2023-08-09,488.790009,489.709991,485.450012,486.869995,469.608002,561000
2023-08-10,488.640015,492.519989,484.290009,486.230011,468.990753,1209500
2023-08-11,484.359985,487.679993,484.040009,486.119995,468.884644,627400
2023-08-14,483.899994,487.059998,482.220001,486.940002,469.675568,678800
2023-08-15,484.029999,484.029999,480.040009,480.390015,463.357788,628100
2023-08-16,479.989990,482.380005,475.910004,475.929993,459.055908,638700
2023-08-17,477.000000,478.079987,469.750000,469.750000,453.095001,897600
2023-08-18,466.390015,472.429993,466.250000,471.369995,454.657593,900800
2023-08-21,471.829987,473.299988,468.149994,471.760010,455.033752,968100
2023-08-22,472.750000,473.570007,468.739990,469.589996,452.940674,947800
2023-08-23,469.429993,474.980011,468.410004,474.869995,458.033478,649100
2023-08-24,473.640015,477.489990,469.730011,469.730011,453.075745,758900
2023-08-25,471.790009,473.739990,466.779999,471.679993,454.956573,906200
2023-08-28,473.769989,478.290009,473.459991,475.809998,458.940216,934000
2023-08-29,475.640015,482.429993,474.290009,482.410004,465.306183,690300
2023-08-30,481.890015,485.209991,481.600006,483.230011,466.097076,545700
2023-08-31,483.910004,486.279999,483.470001,483.570007,466.425079,564700
2023-09-01,486.989990,489.220001,485.899994,488.420013,471.103058,998800
2023-09-05,484.190002,485.529999,477.019989,477.079987,460.165100,1201500
2023-09-06,476.989990,479.859985,473.440002,475.559998,458.699066,733300
2023-09-07,473.109985,474.369995,469.869995,471.480011,454.763702,772800
2023-09-08,471.459991,472.779999,469.920013,471.089996,454.387512,408100
2023-09-11,473.950012,474.679993,470.910004,471.549988,454.831207,527000
2023-09-12,470.720001,474.000000,470.320007,471.679993,454.956573,508200
2023-09-13,471.799988,472.410004,467.109985,468.839996,452.217316,561900
2023-09-14,472.529999,475.329987,471.649994,475.029999,458.187866,688800
2023-09-15,471.489990,471.829987,466.970001,468.540009,453.412170,1613700
2023-09-18,468.899994,469.869995,466.779999,467.760010,452.657349,691200
2023-09-19,468.190002,469.799988,465.179993,466.820007,451.747650,615000
2023-09-20,468.690002,471.119995,464.100006,464.179993,449.192932,690000
2023-09-21,461.519989,461.559998,455.769989,455.779999,441.064117,948700
2023-09-22,456.779999,458.720001,455.109985,455.239990,440.541595,914000
2023-09-25,453.119995,458.820007,453.029999,458.200012,443.406036,894300
2023-09-26,454.940002,457.350006,450.750000,450.890015,436.332031,1198800
2023-09-27,453.329987,455.609985,450.109985,453.679993,439.031952,1386500
2023-09-28,453.850006,460.399994,453.519989,458.489990,443.686676,1048300
2023-09-29,461.790009,462.500000,456.040009,456.640015,441.896393,2419900
2023-10-02,455.519989,456.799988,448.720001,450.609985,436.061066,1557400
2023-10-03,448.230011,449.660004,441.529999,443.410004,429.093536,1379700
2023-10-04,443.589996,446.149994,440.000000,445.549988,431.164429,1353000
2023-10-05,444.540009,447.010010,442.179993,444.779999,430.419250,1248800
2023-10-06,442.350006,451.010010,440.640015,448.589996,434.106262,1274000
2023-10-09,446.179993,453.079987,445.920013,451.890015,437.299774,830400
2023-10-10,453.480011,459.019989,453.390015,456.000000,441.277039,938300
2023-10-11,456.609985,459.399994,454.170013,457.380005,442.612518,673700
2023-10-12,457.829987,457.940002,446.230011,448.589996,434.106262,853600
2023-10-13,449.910004,450.809998,444.670013,446.089996,431.687042,748300
2023-10-16,449.910004,454.369995,448.540009,453.470001,438.828766,871800
2023-10-17,450.859985,461.869995,450.859985,458.799988,443.986603,1056200
2023-10-18,454.769989,454.970001,448.290009,448.579987,434.096619,957400
2023-10-19,447.149994,450.440002,440.529999,441.829987,427.564545,1538500
2023-10-20,441.609985,443.209991,436.690002,437.160004,423.045349,1268300
2023-10-23,434.799988,438.470001,432.670013,433.070007,419.087372,949600
2023-10-24,435.380005,438.390015,433.390015,435.480011,421.419617,675200
2023-10-25,432.359985,433.790009,428.399994,428.790009,414.945587,800400
2023-10-26,429.049988,434.040009,429.049988,430.779999,416.871338,1361000
2023-10-27,431.850006,432.089996,424.220001,425.079987,411.355377,1653300
2023-10-30,428.410004,431.230011,424.899994,428.579987,414.742310,910400
2023-10-31,429.660004,433.269989,428.790009,432.519989,418.555145,833300
2023-11-01,431.820007,435.179993,428.940002,435.000000,420.955048,1519400
2023-11-02,439.989990,444.470001,439.149994,444.350006,430.003174,1031500
2023-11-03,449.730011,455.309998,449.730011,453.010010,438.383606,1067400
2023-11-06,452.600006,453.429993,446.880005,448.519989,434.038574,763900
2023-11-07,447.410004,448.649994,444.959991,447.380005,432.935364,637800
2023-11-08,447.480011,449.519989,444.489990,445.250000,430.874115,725000
2023-11-09,447.470001,447.470001,439.809998,440.549988,426.325867,785700
2023-11-10,442.570007,446.109985,440.290009,445.959991,431.561188,591100
2023-11-13,444.390015,446.809998,443.160004,445.260010,430.883789,864900
2023-11-14,455.170013,463.959991,454.859985,462.649994,447.712311,1439800
2023-11-15,463.130005,469.649994,462.679993,464.700012,449.696136,1038100
2023-11-16,463.820007,465.140015,458.420013,459.750000,444.905945,1004700
2023-11-17,462.489990,464.760010,462.309998,463.730011,448.757477,848600
2023-11-20,463.369995,466.649994,461.660004,465.820007,450.779999,784400
2023-11-21,464.200012,465.130005,463.089996,463.500000,448.534943,626000
2023-11-22,465.440002,467.850006,464.399994,466.200012,451.147736,929300
2023-11-24,465.720001,468.839996,465.269989,468.290009,453.170227,336600
2023-11-27,466.410004,468.440002,464.420013,467.480011,452.386414,675200
2023-11-28,466.790009,468.010010,463.890015,464.489990,449.492950,1042200
2023-11-29,467.220001,471.100006,465.559998,466.250000,451.196136,1048900
2023-11-30,467.570007,469.609985,465.359985,468.829987,453.692810,1431300
2023-12-01,468.029999,480.440002,466.920013,480.190002,464.686005,1622400
2023-12-04,478.880005,484.429993,478.200012,483.929993,468.305298,1133400
2023-12-05,481.809998,481.940002,476.739990,477.700012,462.276428,960700
2023-12-06,480.510010,484.559998,476.510010,476.750000,461.357086,832200
2023-12-07,477.640015,479.559998,476.170013,479.420013,463.940857,774100
2023-12-08,478.899994,483.609985,478.880005,481.549988,466.002075,579900
2023-12-11,481.230011,484.609985,480.880005,484.049988,468.421417,957900
2023-12-12,483.570007,485.200012,481.140015,483.279999,467.676239,702700
2023-12-13,483.109985,495.470001,481.070007,495.429993,479.433929,1238800
2023-12-14,501.670013,508.700012,501.649994,507.299988,490.920715,1074700
2023-12-15,505.130005,505.779999,499.239990,500.579987,486.230133,1495100
2023-12-18,502.859985,503.559998,500.179993,501.170013,486.803223,968400
2023-12-19,503.630005,508.079987,502.929993,507.779999,493.223724,635300
2023-12-20,506.820007,510.500000,499.630005,499.640015,485.317078,965200
2023-12-21,503.920013,506.910004,501.750000,506.589996,492.067841,849900
2023-12-22,508.000000,511.230011,506.109985,508.489990,493.913361,934300
2023-12-26,509.200012,513.869995,508.670013,512.299988,497.614166,513700
2023-12-27,512.380005,513.979980,510.690002,512.599976,497.905518,520400
2023-12-28,511.399994,513.500000,510.350006,512.299988,497.614166,568900
2023-12-29,511.390015,512.460022,507.339996,507.380005,492.835205,1012900
2024-01-02,503.850006,508.929993,503.179993,505.739990,491.242188,1062100
2024-01-03,500.440002,501.130005,493.989990,494.329987,480.159271,1528700
2024-01-04,493.570007,496.480011,493.130005,493.350006,479.207397,839100
2024-01-05,491.630005,498.480011,490.670013,495.109985,480.916931,1289700
2024-01-08,494.250000,501.600006,493.119995,501.600006,487.220947,919300
2024-01-09,496.510010,499.869995,495.359985,498.100006,483.821259,1056000
2024-01-10,498.709991,500.260010,495.609985,499.609985,485.287933,662400
2024-01-11,498.570007,499.149994,493.250000,498.239990,483.957184,1322600
2024-01-12,502.589996,504.109985,496.450012,498.089996,483.811523,844000
2024-01-16,494.630005,496.559998,492.000000,494.839996,480.654694,1494900
2024-01-17,489.130005,493.019989,487.660004,491.350006,477.264740,1092300
2024-01-18,493.790009,495.760010,490.239990,495.250000,481.052917,1104200
2024-01-19,496.440002,500.970001,493.079987,500.190002,485.851318,1173600
2024-01-22,503.350006,507.200012,503.279999,506.010010,491.504486,1485400
2024-01-23,508.730011,509.940002,502.279999,503.899994,489.454926,999600
2024-01-24,508.880005,508.880005,500.459991,500.809998,486.453552,851300
2024-01-25,504.660004,506.660004,501.010010,503.989990,489.542358,739400
2024-01-26,505.359985,507.329987,503.190002,504.480011,490.018341,578900
2024-01-29,504.070007,509.239990,502.600006,509.239990,494.641846,717700
2024-01-30,506.899994,509.329987,506.010010,507.880005,493.320862,654400
2024-01-31,506.920013,509.059998,498.279999,498.559998,484.268097,2359800
2024-02-01,500.880005,505.450012,495.779999,505.450012,490.960541,1106600
2024-02-02,501.489990,507.380005,498.630005,505.010010,490.533142,1234800
2024-02-05,500.970001,501.619995,495.529999,499.260010,484.947998,927300
2024-02-06,499.420013,502.600006,498.410004,501.640015,487.259766,791800
2024-02-07,504.089996,506.420013,500.239990,504.529999,490.066864,753900
2024-02-08,503.640015,509.279999,503.640015,509.109985,494.515594,429200
2024-02-09,509.339996,513.099976,508.570007,512.909973,498.206665,828800
2024-02-12,513.039978,519.390015,513.039978,517.760010,502.917664,679700
2024-02-13,504.899994,509.359985,501.239990,504.989990,490.513672,1423200
2024-02-14,509.730011,513.119995,506.329987,512.099976,497.419861,805300
2024-02-15,515.119995,522.059998,515.119995,521.520020,506.569824,1082000
2024-02-16,519.200012,521.830017,516.530029,516.530029,501.722900,771700
2024-02-20,512.890015,513.479980,510.450012,512.700012,498.002716,643100
2024-02-21,511.220001,514.159973,510.540009,513.989990,499.255676,409300
2024-02-22,516.729980,522.090027,516.729980,521.760010,506.803040,843300
2024-02-23,521.419983,523.789978,519.820007,521.599976,506.647552,631200
2024-02-26,520.900024,524.260010,520.010010,521.429993,506.482483,618300
2024-02-27,523.010010,524.270020,522.049988,523.599976,508.590240,858100
2024-02-28,520.469971,525.359985,520.130005,523.909973,508.891357,795700
2024-02-29,526.979980,529.530029,524.260010,528.000000,512.864136,1102800
2024-03-01,528.400024,532.070007,526.039978,531.609985,516.370605,996100
2024-03-04,537.200012,538.260010,534.750000,535.510010,520.158875,1573000
2024-03-05,532.979980,536.809998,531.520020,534.030029,518.721313,948300
2024-03-06,538.280029,539.270020,535.270020,537.489990,522.082031,1271700
2024-03-07,540.580017,543.229980,540.429993,542.309998,526.763977,830300
2024-03-08,545.219971,547.460022,538.289978,539.400024,523.937317,1003100
2024-03-11,538.200012,539.549988,534.219971,537.109985,521.712891,854900
2024-03-12,537.119995,541.150024,535.679993,539.799988,524.325867,542800
2024-03-13,539.900024,543.630005,539.900024,541.900024,526.365601,596000
2024-03-14,541.640015,542.549988,531.559998,535.729980,520.372498,1019000
2024-03-15,532.409973,536.679993,532.239990,534.099976,519.773010,1366600
2024-03-18,534.849976,536.200012,532.599976,532.820007,518.527344,680000
2024-03-19,531.590027,537.270020,531.590027,536.789978,522.390808,663500
2024-03-20,535.640015,545.270020,535.380005,544.000000,529.407410,987000
2024-03-21,546.599976,551.250000,546.359985,550.159973,535.402100,764200
2024-03-22,550.229980,550.940002,545.250000,545.590027,530.954895,708100
2024-03-25,546.299988,548.750000,545.770020,545.770020,531.129944,595700
2024-03-26,547.590027,548.739990,544.809998,545.049988,530.429321,525300
2024-03-27,548.049988,554.419983,547.869995,554.409973,539.538208,1131600
2024-03-28,554.549988,558.340027,554.549988,556.400024,541.474792,1146200
2024-04-01,556.710022,556.799988,551.919983,552.380005,537.562622,1097200
2024-04-02,548.210022,548.229980,543.159973,545.309998,530.682251,1091100
2024-04-03,543.489990,548.390015,543.489990,547.489990,532.803772,811000
2024-04-04,551.909973,552.820007,540.330017,541.690002,527.159424,1290400
2024-04-05,541.369995,547.609985,541.169983,545.869995,531.227295,940300
2024-04-08,548.130005,549.979980,546.690002,548.619995,533.903503,551600
2024-04-09,549.940002,551.299988,544.690002,549.140015,534.409668,742200
2024-04-10,539.049988,542.429993,536.000000,537.599976,523.179138,1862200
2024-04-11,539.919983,540.330017,534.599976,538.080017,523.646301,1061800
2024-04-12,535.190002,536.880005,528.229980,529.940002,515.724548,940000
2024-04-15,533.760010,535.849976,522.460022,524.099976,510.041168,1144000
2024-04-16,521.940002,524.520020,518.260010,521.630005,507.637512,1055500
2024-04-17,524.869995,524.869995,517.250000,517.250000,503.375000,718200
2024-04-18,519.169983,522.179993,515.000000,516.549988,502.693695,898400
2024-04-19,515.239990,520.190002,515.099976,518.280029,504.377441,957500
2024-04-22,520.349976,526.239990,517.729980,523.500000,509.457397,1074900
2024-04-23,524.590027,531.500000,523.929993,529.799988,515.588379,798200
2024-04-24,529.510010,532.059998,526.320007,529.799988,515.588379,783100
2024-04-25,525.619995,528.960022,521.719971,527.859985,513.700439,773400
2024-04-26,527.900024,531.349976,526.890015,529.380005,515.179565,549500
2024-04-29,530.599976,533.409973,530.159973,532.280029,518.001892,444300
2024-04-30,530.039978,530.650024,522.729980,522.760010,508.737244,833100
2024-05-01,522.869995,532.109985,521.169983,523.210022,509.175140,1534100
2024-05-02,528.340027,531.109985,522.559998,530.059998,515.841309,724300
2024-05-03,538.080017,540.409973,533.659973,535.409973,521.047913,951000
2024-05-06,540.510010,543.010010,539.500000,542.789978,528.229919,688400
2024-05-07,543.950012,546.989990,543.179993,544.679993,530.069153,960600
2024-05-08,540.750000,542.789978,540.330017,542.299988,527.753052,727400
2024-05-09,542.619995,547.969971,542.010010,547.969971,533.270996,533700
2024-05-10,549.369995,549.859985,546.020020,547.090027,532.414551,408500
2024-05-13,550.820007,551.869995,546.650024,547.289978,532.609192,521800
2024-05-14,552.580017,553.630005,549.380005,551.789978,536.988403,738300
2024-05-15,556.369995,556.960022,553.219971,556.169983,541.250977,778600
2024-05-16,555.380005,556.340027,551.080017,551.109985,536.326782,658900
2024-05-17,550.929993,552.140015,549.809998,551.690002,536.891174,748400
2024-05-20,551.750000,554.039978,550.849976,551.700012,536.900940,428600
2024-05-21,550.609985,551.539978,549.900024,551.159973,536.375305,324800
2024-05-22,550.000000,551.440002,545.140015,546.830017,532.161560,429200
2024-05-23,548.669983,548.869995,538.880005,539.890015,525.407715,736900
2024-05-24,543.229980,544.940002,541.619995,544.609985,530.001099,690800
2024-05-28,546.169983,546.640015,539.479980,541.229980,526.711731,491900
2024-05-29,535.859985,536.309998,533.400024,534.109985,519.782715,822400
2024-05-30,536.190002,540.750000,536.190002,539.080017,524.619507,560900
2024-05-31,541.549988,546.229980,538.190002,546.179993,531.528992,1303500
2024-06-03,549.099976,549.609985,538.020020,541.580017,527.052429,1137000
2024-06-04,539.400024,539.739990,534.039978,534.239990,519.909302,1180400
2024-06-05,537.099976,540.530029,533.520020,540.289978,525.796997,832600
2024-06-06,538.559998,540.650024,536.280029,538.609985,524.162048,781300
2024-06-07,534.719971,537.960022,533.179993,534.669983,520.327698,962100
2024-06-10,529.640015,536.359985,529.190002,535.619995,521.252258,717700
2024-06-11,532.500000,534.130005,528.390015,533.289978,518.984741,827500
2024-06-12,543.159973,546.700012,538.679993,540.460022,525.962402,1023900
2024-06-13,539.090027,539.659973,533.869995,537.109985,522.702332,738400
2024-06-14,531.780029,532.700012,527.099976,530.349976,516.123657,938100
2024-06-17,528.659973,535.559998,528.390015,535.250000,520.892151,657900
2024-06-18,535.090027,537.900024,534.479980,536.659973,522.264343,732200
2024-06-20,535.619995,538.330017,533.799988,535.260010,520.901855,638500
2024-06-21,533.299988,535.349976,530.150024,535.349976,522.940613,822800
2024-06-24,536.390015,541.719971,535.159973,538.330017,525.851501,777100
2024-06-25,538.070007,538.070007,531.280029,533.289978,520.928284,722600
2024-06-26,531.000000,532.650024,529.469971,531.549988,519.228516,567800
2024-06-27,532.099976,533.719971,530.539978,533.570007,521.201782,689800
2024-06-28,536.239990,538.830017,531.729980,535.080017,522.676880,901200
2024-07-01,536.400024,537.330017,529.099976,529.650024,517.372681,1545600
2024-07-02,529.919983,531.960022,528.969971,531.750000,519.424011,820700
2024-07-03,532.809998,535.570007,531.500000,532.900024,520.547424,671000
2024-07-05,532.380005,532.659973,527.349976,528.820007,516.561951,924400
2024-07-08,531.299988,534.840027,529.880005,530.919983,518.613159,748800
2024-07-09,529.969971,531.450012,527.349976,527.530029,515.301880,623300
2024-07-10,529.789978,534.090027,529.119995,533.919983,521.543701,582900
2024-07-11,540.539978,547.710022,539.599976,546.789978,534.115356,1284500
2024-07-12,550.130005,554.809998,549.489990,552.219971,539.419434,713100
2024-07-15,554.799988,559.049988,552.369995,555.229980,542.359741,745300
2024-07-16,557.820007,569.289978,557.400024,568.919983,555.732300,837400
2024-07-17,564.299988,569.989990,560.599976,560.599976,547.605164,801000
2024-07-18,560.400024,566.969971,553.059998,554.380005,541.529480,791000
2024-07-19,553.200012,554.400024,548.789978,550.659973,537.895630,716900
2024-07-22,552.950012,557.830017,548.140015,557.280029,544.362305,916100
2024-07-23,555.739990,560.260010,554.900024,558.289978,545.348694,805900
2024-07-24,555.619995,559.320007,547.330017,547.570007,534.877319,957200
2024-07-25,548.640015,560.440002,547.869995,552.179993,539.380371,1039300
2024-07-26,557.770020,562.840027,556.270020,561.659973,548.640564,842800
2024-07-29,562.770020,564.280029,559.000000,560.510010,547.517334,583800
2024-07-30,562.520020,565.219971,559.520020,562.880005,549.832336,731600
2024-07-31,566.799988,574.119995,562.650024,566.090027,552.968018,1008200
2024-08-01,566.799988,570.150024,549.619995,553.450012,540.620911,1185500
2024-08-02,541.369995,542.390015,532.289978,537.809998,525.343445,2056700
2024-08-05,513.460022,530.580017,511.970001,523.840027,511.697449,1516600
2024-08-06,524.799988,535.809998,520.849976,529.119995,516.854980,1451900
2024-08-07,536.280029,538.429993,524.739990,525.340027,513.162598,860700
2024-08-08,530.330017,536.940002,527.969971,536.830017,524.386292,664200
2024-08-09,536.919983,537.840027,532.609985,536.109985,523.682922,696300
2024-08-12,537.640015,537.789978,531.869995,532.900024,520.547424,384800
2024-08-13,536.270020,540.859985,533.710022,540.140015,527.619507,522600
2024-08-14,541.559998,542.520020,537.650024,539.580017,527.072571,389600
2024-08-15,548.299988,551.900024,546.380005,550.150024,537.397522,681900
2024-08-16,548.479980,552.590027,547.960022,550.479980,537.719849,299500
2024-08-19,551.400024,555.539978,551.260010,555.539978,542.662476,473200
2024-08-20,555.200012,555.619995,549.469971,550.830017,538.061707,332700
2024-08-21,553.630005,557.789978,551.900024,557.440002,544.518555,541900
2024-08-22,557.780029,559.640015,553.080017,554.159973,541.314453,380100
2024-08-23,557.900024,567.549988,556.849976,566.169983,553.046082,960800
2024-08-26,569.200012,570.090027,563.760010,564.219971,551.141235,391200
2024-08-27,561.270020,563.030029,559.789978,562.200012,549.168213,484400
2024-08-28,560.440002,562.150024,556.799988,559.330017,546.364685,528400
2024-08-29,562.340027,565.849976,557.799988,561.190002,548.181519,544000
2024-08-30,562.979980,565.500000,558.130005,565.299988,552.196289,636700
2024-09-03,561.099976,563.390015,548.880005,550.640015,537.876099,825300
2024-09-04,549.099976,553.000000,547.469971,548.989990,536.264282,530500
2024-09-05,549.460022,550.070007,543.559998,545.250000,532.611084,687400
2024-09-06,546.260010,548.750000,536.940002,537.950012,525.480286,970500
2024-09-09,539.289978,543.750000,538.489990,540.359985,527.834351,566500
2024-09-10,541.190002,541.190002,534.909973,539.179993,526.681702,479000
2024-09-11,538.059998,541.869995,529.369995,541.260010,528.713562,530500
2024-09-12,542.559998,546.969971,539.210022,545.909973,533.255737,422000
2024-09-13,550.359985,555.950012,549.700012,555.429993,542.554993,679900
2024-09-16,556.450012,559.719971,555.520020,559.239990,546.276794,1043200
2024-09-17,562.200012,565.719971,559.760010,562.150024,549.119446,504100
2024-09-18,562.349976,571.690002,560.559998,562.440002,549.402588,966100
2024-09-19,573.239990,573.239990,567.070007,572.059998,558.799683,743400
2024-09-20,568.809998,568.809998,563.989990,566.520020,554.988831,1056000
2024-09-23,568.950012,570.489990,566.390015,569.450012,557.859192,1208200
2024-09-24,570.419983,572.219971,568.309998,569.299988,557.712219,575600
2024-09-25,570.000000,570.150024,562.710022,563.650024,552.177185,497900
2024-09-26,568.799988,572.190002,566.599976,568.330017,556.761963,543600
2024-09-27,572.190002,574.280029,566.890015,569.179993,557.594727,817100
2024-09-30,567.799988,570.460022,564.349976,569.659973,558.064819,734600
2024-10-01,568.440002,569.000000,560.770020,564.989990,553.489868,954300
2024-10-02,563.320007,567.859985,561.840027,565.469971,553.960083,599500
2024-10-03,562.900024,565.020020,559.640015,563.979980,552.500427,771400
2024-10-04,569.900024,571.409973,565.260010,569.270020,557.682861,630000
2024-10-07,567.619995,567.700012,561.979980,565.380005,553.872009,602300
2024-10-08,565.409973,567.469971,563.109985,565.559998,554.048340,474100
2024-10-09,565.239990,571.119995,564.580017,569.390015,557.800354,438500
2024-10-10,565.820007,567.359985,563.349976,566.489990,554.959351,593600
2024-10-11,567.840027,576.280029,567.840027,576.010010,564.285706,750400
2024-10-14,576.400024,579.880005,573.880005,579.469971,567.675171,344100
2024-10-15,578.690002,584.700012,577.739990,577.950012,566.186157,951200
2024-10-16,580.869995,584.919983,580.419983,583.219971,571.348877,496100
2024-10-17,584.979980,585.500000,581.919983,583.780029,571.897461,596500
2024-10-18,584.299988,585.000000,582.289978,583.969971,572.083557,335500
2024-10-21,583.650024,583.989990,576.119995,577.229980,565.480713,431300
2024-10-22,575.140015,575.299988,571.150024,573.500000,561.826660,918100
2024-10-23,571.289978,573.419983,566.330017,570.000000,558.397888,436800
2024-10-24,571.739990,572.500000,568.630005,571.099976,559.475464,748400
2024-10-25,573.059998,573.580017,566.179993,567.669983,556.115479,716700
2024-10-28,570.700012,574.729980,570.239990,573.419983,561.748291,768700
2024-10-29,570.309998,574.200012,568.099976,573.989990,562.306763,937900
2024-10-30,572.479980,579.809998,571.890015,573.169983,561.503418,605800
2024-10-31,572.549988,573.469971,565.570007,565.599976,554.087463,973300
2024-11-01,568.130005,571.900024,566.030029,566.789978,555.253235,820300
2024-11-04,565.919983,572.929993,565.919983,568.450012,556.879517,1144200
2024-11-05,566.340027,576.780029,565.090027,576.690002,564.951721,823200
2024-11-06,598.020020,600.880005,591.119995,600.429993,588.208618,2219900
2024-11-07,600.900024,603.210022,598.169983,599.409973,587.209290,1053300
2024-11-08,599.630005,603.450012,598.190002,602.320007,590.060120,733600
2024-11-11,607.200012,609.690002,606.119995,607.640015,595.271790,797300
2024-11-12,604.919983,607.979980,599.409973,601.250000,589.011902,785800
2024-11-13,603.119995,604.380005,597.659973,597.880005,585.710510,535800
2024-11-14,599.799988,600.830017,591.460022,592.659973,580.596680,939100
2024-11-15,592.559998,592.559998,584.869995,586.130005,574.199646,841600
2024-11-18,587.140015,589.590027,585.469971,587.599976,575.639771,547300
2024-11-19,582.429993,588.580017,580.950012,587.880005,575.914062,1073700
2024-11-20,587.880005,591.239990,584.659973,591.159973,579.127258,1312300
2024-11-21,593.369995,601.979980,591.669983,600.659973,588.433838,807300
2024-11-22,603.559998,611.140015,603.150024,610.710022,598.279358,1087600
2024-11-25,616.409973,624.130005,615.609985,620.119995,607.497803,1527100
2024-11-26,618.159973,618.849976,613.489990,616.900024,604.343384,1868300
2024-11-27,619.700012,623.099976,614.059998,615.020020,602.501587,863100
2024-11-29,618.380005,620.210022,615.390015,615.859985,603.324463,616600
2024-12-02,616.479980,616.719971,611.849976,613.849976,601.355469,867400
2024-12-03,613.460022,614.919983,609.820007,611.989990,599.533264,808000
2024-12-04,613.369995,614.429993,610.080017,613.690002,601.198669,534300
2024-12-05,613.690002,614.179993,608.130005,608.719971,596.329773,573800
2024-12-06,612.299988,612.960022,607.419983,608.799988,596.408142,591800
2024-12-09,611.299988,612.539978,605.760010,606.210022,593.870850,806900
2024-12-10,606.700012,606.799988,600.460022,602.090027,589.834839,823900
2024-12-11,606.299988,607.590027,603.619995,605.830017,593.498718,499600
2024-12-12,604.780029,606.640015,602.250000,602.340027,590.079651,705100
2024-12-13,602.299988,603.039978,597.070007,599.650024,587.444458,579800
2024-12-16,599.309998,602.989990,597.330017,599.270020,587.072266,1347600
2024-12-17,595.760010,598.419983,590.489990,592.239990,580.185242,973000
2024-12-18,594.190002,595.179993,568.169983,569.270020,557.682861,1363000
2024-12-19,574.419983,577.780029,568.099976,568.219971,556.654114,1225800
2024-12-20,563.559998,576.210022,562.799988,570.229980,560.676514,2150100
2024-12-23,569.099976,571.969971,565.780029,571.599976,562.023682,851300
2024-12-24,572.460022,576.119995,570.039978,575.630005,565.986145,495600
2024-12-26,573.479980,578.719971,572.200012,577.890015,568.208313,689000
2024-12-27,574.580017,578.010010,568.679993,572.229980,562.643127,885300
2024-12-30,569.000000,571.299988,563.219971,568.280029,558.759338,1362400
2024-12-31,571.219971,573.169983,567.750000,569.580017,560.037476,940800
2025-01-02,572.429993,575.619995,566.340027,568.280029,558.759338,1054100
2025-01-03,570.200012,575.690002,566.940002,575.109985,565.474854,715600
2025-01-06,578.500000,582.320007,575.179993,576.020020,566.369568,807000
2025-01-07,578.000000,579.559998,569.469971,572.229980,562.643127,1066500
2025-01-08,569.679993,573.780029,566.700012,573.729980,564.117981,559500
2025-01-10,567.070007,568.609985,563.109985,565.609985,556.134033,960100
2025-01-13,561.119995,570.419983,560.890015,570.200012,560.647156,677400
2025-01-14,573.739990,577.909973,571.650024,576.690002,567.028320,1093500
2025-01-15,588.599976,589.570007,582.669983,584.239990,574.451843,661800
2025-01-16,584.989990,589.940002,582.690002,588.599976,578.738831,858300
2025-01-17,592.400024,593.400024,590.080017,591.109985,581.206848,544000
2025-01-21,596.140015,601.239990,595.640015,601.179993,591.108093,715900
2025-01-22,601.799988,602.320007,597.849976,598.559998,588.531982,828000
2025-01-23,596.599976,599.190002,594.150024,598.530029,588.502502,771800
2025-01-24,598.039978,599.530029,596.179993,597.489990,587.479919,719800
2025-01-27,591.229980,596.010010,588.289978,591.299988,581.393616,1842700
2025-01-28,591.880005,593.690002,589.239990,592.030029,582.111450,725100
2025-01-29,591.469971,595.109985,587.169983,589.679993,579.800720,859000
2025-01-30,594.080017,599.270020,592.309998,596.409973,586.418030,1166600
2025-01-31,597.000000,598.969971,590.010010,590.679993,580.784058,1100100
2025-02-03,578.729980,587.619995,576.000000,584.080017,574.294617,1842900
2025-02-04,583.159973,588.140015,582.869995,587.489990,577.647461,740400
2025-02-05,589.619995,593.049988,587.150024,593.039978,583.104370,416400
2025-02-06,595.809998,596.299988,588.419983,592.760010,582.829163,1046100
2025-02-07,592.309998,592.559998,584.510010,585.369995,575.562988,886800
2025-02-10,588.140015,588.679993,583.400024,585.969971,576.152954,765600
2025-02-11,583.219971,584.979980,581.299988,583.119995,573.350647,899500
2025-02-12,576.200012,580.820007,574.429993,579.109985,569.407837,1087300
2025-02-13,581.299988,584.719971,579.200012,584.320007,574.530579,790200
2025-02-14,586.219971,588.109985,583.099976,583.989990,574.206116,555500
2025-02-18,585.299988,589.239990,584.679993,589.239990,579.368103,902900
2025-02-19,585.580017,587.330017,584.039978,586.020020,576.202087,565400
2025-02-20,584.489990,585.390015,577.219971,580.289978,570.568115,718800
2025-02-21,583.400024,583.630005,564.840027,566.500000,557.009155,1535400
2025-02-24,568.690002,569.739990,562.460022,565.760010,556.281555,1004500
2025-02-25,566.400024,569.859985,561.190002,565.549988,556.075012,841400
2025-02-26,567.909973,572.500000,565.250000,566.840027,557.343445,847400
2025-02-27,567.250000,569.030029,559.539978,559.659973,550.283691,869400
2025-02-28,558.530029,565.900024,557.429993,565.799988,556.320801,1038200
2025-03-03,567.570007,569.000000,549.929993,552.909973,543.646729,1167100
2025-03-04,546.909973,552.919983,537.059998,544.359985,535.239990,1670900
2025-03-05,544.950012,551.739990,541.070007,551.080017,541.847473,1784500
2025-03-06,544.349976,549.739990,540.179993,542.349976,533.263672,1441100
2025-03-07,540.960022,547.809998,533.789978,546.200012,537.049194,993300
2025-03-10,540.640015,544.539978,530.349976,534.630005,525.673035,1251800
2025-03-11,534.150024,538.140015,527.530029,531.630005,522.723267,1299800
2025-03-12,537.739990,538.330017,527.780029,531.330017,522.428345,1099700
2025-03-13,531.429993,531.979980,520.280029,522.960022,514.198547,715000
2025-03-14,528.599976,536.140015,526.950012,535.739990,526.764404,843000
2025-03-17,535.200012,545.609985,535.200012,543.729980,534.620544,896400
2025-03-18,540.770020,541.409973,537.359985,539.229980,530.195984,864200
2025-03-19,538.840027,549.010010,538.609985,545.969971,536.822937,1189600
2025-03-20,541.460022,547.609985,541.260010,542.119995,533.037476,699100
2025-03-21,536.250000,539.080017,532.010010,537.890015,530.157593,1249600
2025-03-24,545.380005,551.799988,544.840027,551.070007,543.148071,659800
2025-03-25,551.659973,553.450012,546.549988,549.460022,541.561279,521000
2025-03-26,551.039978,553.210022,544.530029,546.020020,538.170715,690300
2025-03-27,544.130005,546.750000,539.690002,542.059998,534.267578,849900
2025-03-28,540.210022,541.739990,529.669983,532.229980,524.578918,1164000
2025-03-31,525.849976,536.500000,522.280029,533.479980,525.810913,880300
2025-04-01,532.950012,538.479980,527.159973,536.369995,528.659363,1032300
2025-04-02,529.760010,546.070007,529.760010,544.859985,537.027344,974100
2025-04-03,520.580017,524.150024,507.980011,508.500000,501.190033,2024800
2025-04-04,490.190002,493.750000,473.839996,483.739990,476.786011,4779800
2025-04-07,465.799988,499.790009,458.820007,478.589996,471.710052,5469800
2025-04-08,494.000000,495.619995,461.929993,468.220001,461.489105,3745400
2025-04-09,462.859985,515.000000,461.690002,512.020020,504.659485,3547000
2025-04-10,498.519989,500.089996,477.609985,490.619995,483.567108,2799000
2025-04-11,489.529999,499.320007,481.859985,497.470001,490.318604,2421500
2025-04-14,505.299988,506.279999,496.119995,503.760010,496.518250,1081400
2025-04-15,503.220001,509.029999,501.769989,502.980011,495.749451,962600
2025-04-16,500.549988,504.140015,492.049988,497.369995,490.220062,1331000
2025-04-17,499.339996,504.809998,498.049988,501.779999,494.566681,1011300
2025-04-21,497.450012,498.899994,485.269989,490.290009,483.241852,894700
2025-04-22,496.000000,504.290009,495.359985,502.609985,495.384705,910000
2025-04-23,515.609985,524.320007,507.279999,509.029999,501.712433,1274700
2025-04-24,510.000000,520.659973,508.470001,519.890015,512.416321,734800
2025-04-25,516.580017,519.059998,513.460022,517.510010,510.070587,646200
2025-04-28,518.099976,522.400024,514.059998,519.409973,511.943268,671400
2025-04-29,518.190002,524.419983,515.500000,521.880005,514.377747,764900
2025-04-30,515.099976,522.030029,509.190002,520.799988,513.313232,973300
2025-05-01,522.900024,529.250000,519.780029,523.659973,516.132080,890200
2025-05-02,530.590027,537.229980,530.229980,535.979980,528.275024,917700
2025-05-05,531.770020,538.539978,531.770020,534.960022,527.269714,790000
2025-05-06,530.359985,535.349976,528.239990,531.070007,523.435669,512700
2025-05-07,533.000000,535.380005,529.150024,532.640015,524.983032,758700
2025-05-08,537.429993,543.989990,534.630005,539.239990,531.488098,597100
2025-05-09,540.400024,541.270020,536.570007,538.590027,530.847595,540900
2025-05-12,556.809998,559.780029,553.070007,557.549988,549.534973,1100700
2025-05-13,559.150024,561.919983,558.150024,559.289978,551.249939,821100
2025-05-14,559.039978,560.080017,556.419983,557.510010,549.495544,827100
2025-05-15,555.739990,559.140015,553.640015,558.840027,550.806396,827200
2025-05-16,559.690002,564.979980,557.260010,564.929993,556.808777,805900
2025-05-19,557.549988,563.219971,557.289978,562.760010,554.670044,773900
2025-05-20,562.359985,563.750000,559.359985,561.210022,553.142395,682600
2025-05-21,556.119995,557.270020,545.960022,546.200012,538.348145,768400
2025-05-22,544.549988,548.700012,542.500000,545.559998,537.717285,751700
2025-05-23,538.059998,546.320007,537.750000,544.659973,536.830139,666000
2025-05-27,551.479980,556.710022,547.919983,556.700012,548.697205,1429100
2025-05-28,556.090027,557.190002,548.820007,549.419983,541.521790,576500
2025-05-29,552.770020,553.770020,546.409973,550.969971,543.049438,488900
2025-05-30,548.549988,550.880005,544.059998,548.719971,540.831848,635100
2025-06-02,547.500000,548.539978,540.429993,548.239990,540.358765,758400
2025-06-03,548.650024,555.890015,546.690002,555.010010,547.031433,1082700
2025-06-04,555.239990,556.929993,553.679993,553.750000,545.789551,463200
2025-06-05,554.340027,556.460022,550.020020,552.900024,544.951782,552700
2025-06-06,558.760010,559.440002,555.900024,558.359985,550.333252,661700
2025-06-09,560.530029,562.809998,557.469971,559.849976,551.801880,853900
2025-06-10,561.570007,563.739990,559.700012,561.630005,553.556335,615400
2025-06-11,562.960022,563.679993,557.130005,558.700012,550.668457,565300
2025-06-12,555.169983,559.239990,554.289978,559.190002,551.151367,730300
2025-06-13,552.770020,556.869995,548.530029,550.570007,542.655334,676500
2025-06-16,555.659973,559.770020,553.969971,556.830017,548.825378,1426200
2025-06-17,552.739990,555.929993,551.659973,552.010010,544.074524,544100
2025-06-18,552.309998,558.469971,551.359985,554.119995,546.154236,582500
2025-06-20,555.000000,555.960022,549.729980,552.109985,545.949524,905400
2025-06-23,550.580017,557.559998,547.049988,557.090027,550.874084,783900
2025-06-24,560.400024,563.409973,558.330017,562.219971,555.946777,946100
2025-06-25,562.280029,562.500000,556.820007,557.669983,551.447571,693700
2025-06-26,559.929993,565.580017,559.590027,565.239990,558.933044,1020000
2025-06-27,566.400024,570.210022,563.299988,566.510010,560.188904,983200
2025-06-30,567.630005,567.789978,564.460022,566.479980,560.159180,1257500
2025-07-01,564.770020,577.619995,564.320007,573.659973,567.259033,1138500
2025-07-02,573.880005,579.400024,571.809998,579.340027,572.875793,862200
2025-07-03,580.799988,583.849976,580.489990,582.429993,575.931213,391600
2025-07-07,579.030029,583.090027,573.260010,576.820007,570.383850,620300
2025-07-08,577.539978,582.130005,577.239990,579.250000,572.786743,799500
2025-07-09,581.869995,582.099976,577.450012,581.659973,575.169800,504100
2025-07-10,581.219971,587.809998,580.760010,584.400024,577.879333,852600
2025-07-11,580.590027,581.450012,578.270020,579.229980,572.766907,637100
2025-07-14,578.150024,581.559998,577.549988,581.190002,574.705078,403000
2025-07-15,583.020020,583.559998,570.760010,571.030029,564.658447,463300
2025-07-16,572.849976,574.409973,565.429993,573.719971,567.318420,716800
2025-07-17,573.080017,581.010010,573.080017,579.960022,573.488892,903100
2025-07-18,582.359985,582.469971,577.210022,579.419983,572.954834,755200
2025-07-21,580.780029,581.309998,575.500000,575.809998,569.385193,575200
2025-07-22,576.909973,584.200012,576.909973,583.260010,576.752014,1024400
2025-07-23,587.159973,588.380005,585.380005,588.030029,581.468811,546700
2025-07-24,585.500000,586.479980,582.309998,582.489990,575.990662,544000
2025-07-25,585.469971,588.250000,581.349976,587.770020,581.211670,566100
2025-07-28,589.219971,589.429993,585.000000,586.469971,579.926147,516500
2025-07-29,589.119995,589.450012,583.739990,585.679993,579.144958,571800
2025-07-30,586.760010,588.169983,578.950012,582.159973,575.664246,577900
2025-07-31,579.320007,582.770020,574.809998,575.619995,569.197205,630300
2025-08-01,568.179993,569.559998,559.890015,567.090027,560.762451,885800
2025-08-04,570.530029,574.419983,569.700012,574.390015,567.980957,593400
2025-08-05,574.950012,576.070007,569.369995,574.099976,567.694214,615900
2025-08-06,573.989990,574.309998,570.469971,572.450012,566.062622,509700
2025-08-07,578.159973,578.210022,568.890015,571.210022,564.836487,551600
2025-08-08,573.559998,574.719971,570.200012,571.119995,564.747437,427700
2025-08-11,571.780029,573.760010,567.900024,568.900024,562.552246,434700
2025-08-12,572.039978,582.109985,570.719971,581.950012,575.456543,825300
2025-08-13,583.789978,591.030029,582.700012,590.929993,584.336426,680200
2025-08-14,584.270020,584.559998,580.039978,583.039978,576.534424,824400
2025-08-15,583.710022,583.950012,579.719971,580.049988,573.577820,613000
2025-08-18,580.500000,581.929993,579.500000,581.640015,575.150146,1002100
2025-08-19,581.919983,587.469971,580.919983,582.700012,576.198242,426100
2025-08-20,581.409973,583.030029,577.179993,580.229980,573.755798,439200
2025-08-21,576.919983,580.500000,575.909973,579.530029,573.063599,377800
2025-08-22,582.090027,597.909973,581.900024,595.559998,588.914673,1520500
2025-08-25,594.359985,594.500000,590.690002,590.690002,584.099060,720800
2025-08-26,591.929993,595.219971,591.679993,593.460022,586.838196,704200
2025-08-27,592.049988,598.400024,592.039978,597.270020,590.605652,1606600
2025-08-28,599.049988,599.159973,594.799988,598.039978,591.367004,617000
2025-08-29,598.309998,599.099976,593.030029,595.159973,588.519165,855400
2025-09-02,588.640015,592.869995,587.479980,592.510010,585.898804,512500
2025-09-03,591.229980,595.299988,588.260010,591.510010,584.909912,741200
2025-09-04,592.989990,600.219971,591.320007,600.070007,593.374451,614800
2025-09-05,603.000000,607.849976,598.239990,602.890015,596.162964,512400
2025-09-08,603.450012,603.909973,598.840027,603.039978,596.311218,834900
2025-09-09,601.840027,602.190002,595.869995,597.539978,590.872620,553000
2025-09-10,597.570007,601.469971,595.080017,597.289978,590.625488,484800
2025-09-11,598.969971,607.539978,597.859985,607.369995,600.592957,1426700
2025-09-12,605.150024,606.520020,600.309998,600.619995,593.918274,542400
2025-09-15,601.580017,604.390015,599.669983,600.460022,593.760071,761200
2025-09-16,600.250000,601.469971,595.729980,598.809998,592.128479,451700
2025-09-17,600.429993,608.789978,593.710022,598.289978,591.614258,852800
2025-09-18,601.020020,606.690002,599.770020,605.619995,598.862488,989200
2025-09-19,604.690002,604.690002,597.869995,599.419983,594.320435,1140600
2025-09-22,597.669983,600.190002,595.409973,598.929993,593.834656,646700
2025-09-23,600.159973,604.650024,597.710022,598.619995,593.527283,557000
2025-09-24,599.299988,601.030029,593.929993,594.030029,588.976318,523200
2025-09-25,589.570007,591.489990,587.140015,590.710022,585.684570,594500
2025-09-26,591.900024,597.049988,591.289978,596.679993,591.603760,853600
2025-09-29,598.969971,599.359985,593.719971,595.340027,590.275146,764900
2025-09-30,594.190002,596.770020,590.780029,596.030029,590.959290,514400
2025-10-01,593.429993,598.900024,593.429993,597.969971,592.882751,651300
2025-10-02,597.630005,599.359985,593.969971,598.750000,593.656189,831800
2025-10-03,600.580017,604.200012,599.580017,600.679993,595.569763,657300
2025-10-06,603.299988,604.599976,599.359985,601.570007,596.452209,623500
2025-10-07,602.619995,603.390015,593.349976,595.070007,590.007446,1470900
2025-10-08,597.460022,601.719971,594.580017,600.969971,595.857239,952900
2025-10-09,600.309998,602.090027,592.969971,594.429993,589.372925,668900
2025-10-10,595.250000,596.659973,577.150024,577.770020,572.854675,1101200
2025-10-13,584.869995,590.979980,584.119995,588.919983,583.909790,953000
2025-10-14,582.700012,597.429993,582.700012,594.380005,589.323364,1038300
2025-10-15,598.450012,600.940002,590.000000,594.919983,589.858704,582300
2025-10-16,595.809998,596.340027,584.770020,587.609985,582.610901,1677900
2025-10-17,586.109985,590.049988,584.669983,588.859985,583.850281,588200
2025-10-20,593.640015,596.669983,592.619995,595.950012,590.880066,653500
2025-10-21,595.469971,599.989990,593.489990,598.049988,592.962097,556700
2025-10-22,597.340027,599.369995,588.659973,591.260010,586.229919,750300
2025-10-23,592.859985,600.229980,592.330017,599.289978,594.191528,692000
2025-10-24,605.809998,606.119995,602.400024,602.469971,597.344482,577200
2025-10-27,606.609985,607.760010,603.119995,604.780029,599.634888,986100
2025-10-28,604.450012,604.450012,598.950012,599.469971,594.369995,707200
2025-10-29,597.440002,602.549988,592.719971,595.659973,590.592407,1151500
2025-10-30,591.119995,597.299988,589.270020,589.390015,584.375854,811700
2025-10-31,590.679993,594.330017,587.929993,592.979980,587.935242,737500
2025-11-03,591.859985,592.700012,585.359985,592.700012,587.657654,873400
2025-11-04,585.369995,590.000000,584.500000,587.590027,582.591125,635600
2025-11-05,587.590027,595.299988,586.929993,591.429993,586.398438,1096000
2025-11-06,592.109985,594.309998,583.890015,586.010010,581.024536,1551500
2025-11-07,582.000000,592.840027,581.609985,592.780029,587.737000,933900
2025-11-10,597.359985,598.900024,591.479980,596.559998,591.484802,865200
2025-11-11,595.460022,598.559998,594.010010,596.539978,591.464966,681600
2025-11-12,597.729980,602.090027,597.659973,598.630005,593.537170,691900
2025-11-13,595.599976,598.780029,585.549988,587.380005,582.382935,1278200
2025-11-14,580.049988,589.570007,580.049988,586.159973,581.173218,932400
2025-11-17,584.380005,586.450012,573.450012,575.299988,570.405640,1800400
2025-11-18,572.270020,580.150024,571.440002,577.190002,572.279602,1123800
2025-11-19,577.559998,581.520020,574.859985,577.890015,572.973694,1013900
2025-11-20,585.030029,587.739990,568.210022,568.630005,563.792419,1634300
2025-11-21,570.510010,585.590027,570.150024,582.320007,577.366028,1662900
2025-11-24,583.010010,589.659973,581.710022,587.809998,582.809204,1172700
2025-11-25,588.450012,599.570007,588.039978,598.880005,593.785095,1001800
2025-11-26,598.599976,606.559998,598.049988,602.500000,597.374268,1022400
2025-11-28,603.539978,606.330017,602.400024,605.479980,600.328918,804900
2025-12-01,599.479980,606.500000,599.440002,602.200012,597.076843,995000
2025-12-02,604.369995,605.010010,599.679993,600.020020,594.915405,746700
2025-12-03,599.510010,604.900024,599.000000,604.190002,599.049927,784700
2025-12-04,603.650024,608.960022,603.289978,607.150024,601.984741,790900
2025-12-05,607.349976,610.580017,606.010010,607.380005,602.212769,1135800
2025-12-08,608.080017,608.419983,603.239990,604.340027,599.198669,868000
2025-12-09,602.650024,608.809998,602.400024,603.900024,598.762329,867700
2025-12-10,604.950012,617.159973,604.250000,615.369995,610.134827,1386900
2025-12-11,614.690002,622.030029,614.690002,621.239990,615.954834,1451800
2025-12-12,621.969971,622.789978,611.320007,613.109985,607.893982,1175900
2025-12-15,615.929993,616.849976,609.960022,611.940002,606.734009,868800
2025-12-16,611.239990,613.159973,604.880005,608.150024,602.976196,940000
2025-12-17,609.210022,614.070007,604.650024,605.400024,600.249634,612500
2025-12-18,610.650024,614.000000,606.659973,608.070007,602.896912,653200
2025-12-19,606.510010,611.799988,606.270020,611.570007,608.552856,1143100
2025-12-22,613.359985,618.070007,613.359985,616.090027,613.050598,1101000
2025-12-23,614.619995,616.479980,612.590027,614.289978,611.259399,663700
2025-12-24,614.989990,616.559998,613.200012,615.190002,612.155029,558900
2025-12-26,614.809998,615.580017,613.000000,615.330017,612.294312,420400
2025-12-29,613.659973,615.830017,610.309998,611.549988,608.532898,559100
2025-12-30,611.679993,612.179993,609.219971,609.450012,606.443298,665100
2025-12-31,609.140015,609.590027,603.010010,603.280029,600.303772,730800
2026-01-02,605.880005,612.380005,603.369995,611.309998,608.294128,968800
2026-01-05,613.130005,621.440002,612.349976,619.359985,616.304382,1466600
2026-01-06,618.070007,628.770020,616.820007,628.270020,625.170471,1371000
2026-01-07,628.549988,629.469971,622.090027,623.729980,620.652832,857600
2026-01-08,621.900024,627.349976,621.169983,626.039978,622.951477,667800
2026-01-09,628.500000,632.210022,626.109985,631.380005,628.265137,850800
2026-01-12,628.030029,632.869995,626.619995,632.320007,629.200500,819100
2026-01-13,633.909973,636.140015,631.070007,633.679993,630.553772,512700
2026-01-14,632.690002,635.909973,630.969971,634.309998,631.180664,1231100
2026-01-15,637.679993,644.190002,637.679993,641.780029,638.613831,978600
2026-01-16,641.289978,642.409973,638.119995,639.849976,636.693298,789400
2026-01-20,631.109985,637.619995,629.400024,631.169983,628.056091,1275900
2026-01-21,635.719971,645.729980,635.109985,642.450012,639.280518,1357300
2026-01-22,646.969971,648.789978,641.299988,642.609985,639.439697,1057100
2026-01-23,641.330017,642.260010,633.940002,636.150024,633.011597,709600
2026-01-26,637.429993,640.059998,634.159973,635.830017,632.693176,934700
2026-01-27,636.159973,636.719971,633.380005,635.770020,632.633484,584200
2026-01-28,637.390015,638.419983,632.869995,634.320007,631.190613,1005300
2026-01-29,636.919983,637.869995,625.619995,633.150024,630.026367,986600
2026-01-30,629.479980,634.340027,623.330017,627.570007,624.473877,1374300
2026-02-02,625.359985,634.880005,624.729980,632.690002,629.568665,741200
2026-02-03,634.700012,639.030029,626.719971,633.880005,630.752808,1208600
2026-02-04,637.299988,642.000000,630.739990,638.320007,635.170837,1192700
2026-02-05,633.419983,640.469971,632.479980,634.940002,631.807556,960300
2026-02-06,642.989990,656.030029,642.000000,655.320007,652.087036,2184900
2026-02-09,653.919983,657.429993,651.580017,655.669983,652.435303,771900
2026-02-10,655.940002,658.340027,653.979980,655.359985,652.126770,666200
2026-02-11,658.830017,661.179993,649.960022,653.710022,650.484924,818600
2026-02-12,658.039978,662.599976,641.109985,644.500000,641.320374,1187300
2026-02-13,644.469971,654.090027,640.450012,650.659973,647.449951,920600
2026-02-17,649.979980,653.640015,643.630005,651.760010,648.544556,1055000
2026-02-18,651.900024,659.210022,650.000000,654.630005,651.400391,1288700
2026-02-19,651.520020,654.809998,649.940002,654.500000,651.271057,614300
2026-02-20,652.119995,662.650024,652.119995,658.609985,655.360779,975100
2026-02-23,655.539978,656.780029,643.359985,647.119995,643.927490,1032400
2026-02-24,647.099976,654.169983,646.340027,653.219971,649.997314,688000
2026-02-25,657.919983,657.919983,650.760010,655.640015,652.405457,728700
2026-02-26,657.349976,660.080017,650.809998,658.140015,654.893127,916600
2026-02-27,650.820007,652.890015,646.710022,652.820007,649.599304,1029000
2026-03-02,647.479980,659.719971,647.080017,658.359985,655.112000,1670700
2026-03-03,642.940002,649.809998,632.239990,647.010010,643.817993,2795500
2026-03-04,649.830017,651.799988,642.119995,646.940002,643.748352,957100
2026-03-05,641.510010,647.010010,633.320007,637.979980,634.832520,2061000
2026-03-06,627.489990,627.489990,620.090027,623.080017,620.006104,1426700
2026-03-09,617.840027,630.679993,608.919983,629.239990,626.135681,2101400
2026-03-10,628.289978,636.580017,625.630005,626.440002,623.349487,1364200
2026-03-11,623.320007,628.000000,620.309998,624.530029,621.448975,1095600
2026-03-12,618.000000,620.380005,611.390015,611.770020,608.751892,1597000
2026-03-13,615.299988,619.210022,609.219971,611.010010,607.995605,5579100
2026-03-16,617.849976,622.750000,615.030029,615.400024,612.363953,2212200
2026-03-17,618.900024,624.369995,618.409973,621.000000,617.936340,792600
2026-03-18,618.330017,623.150024,615.030029,615.229980,612.194763,1177000
2026-03-19,608.070007,620.219971,607.530029,616.760010,613.717285,1464300
2026-03-20,612.979980,614.619995,597.150024,601.469971,599.977417,2272400
2026-03-23,613.979980,622.599976,610.590027,612.669983,611.149658,2517400
2026-03-24,607.679993,620.859985,607.200012,617.789978,616.256897,1299500
2026-03-25,623.700012,626.359985,615.780029,623.000000,621.454041,1258300
2026-03-26,616.380005,623.489990,613.359985,613.770020,612.246948,1011600
2026-03-27,610.299988,612.030029,602.500000,603.799988,602.301636,1017600
2026-03-30,610.429993,610.429993,597.030029,599.030029,597.543518,1309900
2026-03-31,606.580017,620.520020,604.599976,616.760010,615.229492,1476900
2026-04-01,619.880005,626.140015,619.880005,621.789978,620.247009,1119800
2026-04-02,612.190002,628.140015,610.830017,622.400024,620.855530,561600
2026-04-06,621.299988,625.460022,618.109985,625.200012,623.648560,526800
2026-04-07,623.130005,629.000000,621.710022,625.890015,624.336853,1020900
2026-04-08,643.119995,647.809998,640.520020,643.679993,642.082703,1170200
2026-04-09,641.039978,647.770020,640.250000,645.159973,643.559021,831800
2026-04-10,646.559998,646.880005,642.190002,643.099976,641.504089,804100
2026-04-13,640.590027,650.559998,640.059998,650.090027,648.476807,812500
2026-04-14,652.030029,654.929993,648.830017,653.390015,651.768616,450100
2026-04-15,652.789978,654.549988,649.409973,651.400024,649.783569,527200
2026-04-16,652.270020,656.130005,650.190002,652.710022,651.090332,455000
2026-04-17,659.090027,669.700012,658.599976,665.429993,663.778687,696900
2026-04-20,663.630005,669.940002,663.630005,669.580017,667.918457,861900
2026-04-21,670.960022,675.770020,664.090027,665.619995,663.968262,621400
2026-04-22,672.750000,672.750000,661.369995,663.090027,661.444580,570300
2026-04-23,662.650024,666.099976,655.409973,663.010010,661.364746,704400
2026-04-24,665.250000,667.770020,661.200012,664.469971,662.821045,579200
2026-04-27,665.200012,668.890015,662.380005,664.799988,663.150269,416000
2026-04-28,663.969971,665.669983,656.150024,658.140015,656.506836,569100
2026-04-29,658.070007,659.309998,650.409973,653.320007,651.698792,638400
2026-04-30,655.820007,664.979980,655.049988,664.169983,662.521851,463700
2026-05-01,667.049988,668.070007,663.190002,664.349976,662.701355,566100
2026-05-04,662.530029,666.590027,657.219971,660.320007,658.681396,541100
2026-05-05,664.619995,669.700012,662.969971,668.830017,667.170288,341700
2026-05-06,677.580017,681.760010,675.590027,680.900024,679.210327,665600
2026-05-07,684.969971,685.500000,671.479980,672.369995,670.701477,606300
2026-05-08,676.799988,677.229980,672.770020,675.239990,673.564392,328000
2026-05-11,676.200012,677.250000,672.400024,673.630005,671.958374,392900
2026-05-12,672.330017,672.330017,661.169983,669.049988,667.389709,533600
2026-05-13,670.679993,670.679993,663.719971,667.419983,665.763794,695400
2026-05-14,670.530029,673.270020,667.419983,670.190002,668.526917,560200
2026-05-15,663.619995,665.190002,658.229980,659.289978,657.653931,676500
2026-05-18,661.729980,664.460022,656.210022,658.380005,656.746216,586000
2026-05-19,655.510010,656.359985,649.369995,652.119995,650.501770,486100
2026-05-20,655.849976,664.580017,650.840027,664.429993,662.781189,516600
2026-05-21,660.630005,667.119995,655.919983,665.250000,663.599182,519300
2026-05-22,668.650024,672.530029,665.929993,670.650024,668.985779,729900
2026-05-26,676.099976,681.239990,674.309998,681.070007,679.379944,766000
2026-05-27,682.890015,682.979980,677.979980,678.559998,676.876160,488800
2026-05-28,676.299988,681.530029,672.890015,679.250000,677.564453,714500
2026-05-29,679.799988,682.539978,677.679993,680.609985,678.921021,509500
2026-06-01,677.200012,682.039978,674.489990,680.020020,678.332520,639800
2026-06-02,678.729980,686.159973,678.460022,686.150024,684.447327,689600
2026-06-03,683.090027,687.099976,681.409973,685.500000,683.798889,789600
2026-06-04,685.400024,690.030029,684.219971,687.979980,686.272766,602100
2026-06-05,683.609985,684.140015,672.299988,674.590027,672.916016,518900
2026-06-08,679.320007,681.359985,675.409973,676.250000,674.571899,504800
2026-06-09,681.479980,689.669983,666.799988,681.679993,679.988403,1455500
2026-06-10,679.299988,686.729980,671.669983,671.840027,670.172852,677000
2026-06-11,676.349976,689.580017,675.520020,688.849976,687.140564,1482700
2026-06-12,692.099976,696.979980,688.719971,693.739990,692.018433,1020700
2026-06-15,702.539978,704.119995,695.030029,696.409973,694.681824,947600
2026-06-16,698.080017,701.309998,693.369995,694.320007,692.597046,868800
2026-06-17,694.599976,699.989990,684.299988,685.869995,684.167969,1365000
2026-06-18,691.039978,692.429993,686.260010,691.000000,691.000000,761100
2026-06-22,693.219971,695.859985,691.489990,693.830017,693.830017,725500
2026-06-23,683.909973,692.260010,682.140015,686.820007,686.820007,582900
2026-06-24,687.940002,695.669983,687.809998,691.049988,691.049988,880400
2026-06-25,696.530029,703.359985,693.950012,697.380005,697.380005,794300
2026-06-26,693.380005,697.799988,690.979980,695.289978,695.289978,1242800
2026-06-29,696.280029,698.030029,689.549988,697.919983,697.919983,951900
2026-06-30,698.289978,704.169983,696.549988,703.340027,703.340027,1274600
2026-07-01,699.900024,703.739990,695.640015,697.070007,697.070007,1019900
