Date,Open,High,Low,Close,Adj Close,Volume
2019-01-02,150.990005,155.750000,150.880005,154.880005,147.878357,58576700
2019-01-03,152.600006,153.259995,149.490005,149.820007,143.047073,74820200
2019-01-04,152.339996,157.000000,151.740005,156.229996,149.167297,74709300
2019-01-07,156.619995,158.860001,156.110001,158.089996,150.943253,52059300
2019-01-08,159.539993,160.110001,157.199997,159.520004,152.308578,49388700
2019-01-09,160.139999,161.520004,159.470001,160.820007,153.549805,46491700
2019-01-10,159.600006,161.369995,158.699997,161.279999,153.989059,38943400
2019-01-11,160.330002,160.860001,159.789993,160.690002,153.425690,30176600
2019-01-14,159.330002,159.960007,158.589996,159.270004,152.069885,30710200
2019-01-15,160.000000,162.600006,159.910004,162.380005,155.039291,40874200
2019-01-16,162.649994,163.779999,162.289993,162.350006,155.010666,33812200
2019-01-17,161.830002,164.360001,161.570007,163.630005,156.232773,39329000
2019-01-18,164.779999,166.020004,163.820007,165.250000,157.779510,57183200
2019-01-22,164.059998,164.139999,160.759995,161.940002,154.619156,56711700
2019-01-23,162.770004,163.509995,160.320007,162.149994,154.819702,38106100
2019-01-24,162.679993,163.440002,162.059998,163.199997,155.822250,32417800
2019-01-25,164.509995,165.649994,163.949997,165.149994,157.684128,36515900
2019-01-28,163.020004,163.119995,161.750000,163.110001,155.736298,33491200
2019-01-29,163.199997,163.240005,160.990005,161.570007,154.265945,30784200
2019-01-30,163.399994,166.279999,162.889999,165.679993,158.190140,41346500
2019-01-31,166.699997,168.990005,166.470001,168.160004,160.558014,37258400
2019-02-01,167.330002,168.600006,166.990005,167.449997,159.880051,32143700
2019-02-04,167.479996,169.529999,167.330002,169.529999,161.866089,26718800
2019-02-05,169.759995,171.229996,169.690002,171.029999,163.298264,28156400
2019-02-06,171.070007,171.369995,169.750000,170.520004,162.811325,27970000
2019-02-07,169.029999,169.449997,166.949997,168.229996,160.624847,42036200
2019-02-08,166.759995,168.589996,166.570007,168.559998,160.939941,29020700
2019-02-11,169.169998,169.580002,167.979996,168.399994,160.787155,21434100
2019-02-12,169.630005,171.139999,169.330002,170.889999,163.164597,29722100
2019-02-13,171.649994,172.160004,170.820007,171.009995,163.279160,26094100
2019-02-14,170.399994,171.830002,169.830002,171.220001,163.479660,30326800
2019-02-15,172.520004,172.559998,171.139999,171.940002,164.167068,32521700
2019-02-19,171.410004,172.800003,171.380005,172.279999,164.491730,19487700
2019-02-20,172.399994,173.080002,171.320007,172.250000,164.463043,32593000
2019-02-21,171.789993,172.259995,170.710007,171.619995,163.861526,25207400
2019-02-22,171.990005,173.009995,171.899994,172.889999,165.074173,27735400
2019-02-25,174.210007,174.660004,173.399994,173.520004,165.675705,32608800
2019-02-26,173.100006,174.250000,172.809998,173.699997,165.847534,21939700
2019-02-27,172.899994,173.800003,171.759995,173.589996,165.742508,25162000
2019-02-28,173.050003,173.809998,172.699997,173.190002,165.360550,25085500
2019-03-01,174.440002,174.649994,173.179993,174.389999,166.506332,31431200
2019-03-04,175.539993,175.789993,172.470001,174.419998,166.534988,38063500
2019-03-05,174.550003,175.089996,173.690002,174.550003,166.659134,22319900
2019-03-06,174.720001,174.750000,173.279999,173.559998,165.713882,27194600
2019-03-07,173.119995,173.179993,170.789993,171.429993,163.680191,39407400
2019-03-08,169.509995,171.259995,169.339996,171.169998,163.431915,39303200
2019-03-11,171.880005,174.850006,171.850006,174.729996,166.830978,30518400
2019-03-12,175.190002,176.139999,174.770004,175.690002,167.747604,33953500
2019-03-13,176.600006,177.929993,176.350006,177.009995,169.007874,42426100
2019-03-14,177.130005,177.339996,176.660004,176.710007,168.721512,23751500
2019-03-15,177.399994,178.880005,177.279999,178.350006,170.287323,38192000
2019-03-18,177.949997,178.990005,177.589996,178.449997,170.692917,32935100
2019-03-19,179.179993,180.000000,178.289993,179.050003,171.266785,36893300
2019-03-20,179.059998,180.860001,178.240005,179.759995,171.945953,50105000
2019-03-21,179.220001,182.830002,179.199997,182.570007,174.633789,42428500
2019-03-22,181.779999,182.270004,178.369995,178.559998,170.798096,70794500
2019-03-25,177.910004,178.839996,176.929993,178.220001,170.472855,46336500
2019-03-26,179.600006,180.690002,178.139999,179.050003,171.266785,33248100
2019-03-27,179.320007,179.720001,176.600006,177.899994,170.166779,37096700
2019-03-28,178.360001,178.979996,177.240005,178.309998,170.558975,30368200
2019-03-29,179.690002,179.830002,178.589996,179.660004,171.850357,35205500
2019-04-01,181.509995,182.259995,180.770004,182.039993,174.126831,30969500
2019-04-02,182.240005,182.910004,181.779999,182.729996,174.786819,22645200
2019-04-03,183.759995,184.919998,183.210007,183.779999,175.791229,31633500
2019-04-04,183.830002,184.500000,182.649994,183.710007,175.724258,28530800
2019-04-05,184.240005,184.770004,184.020004,184.660004,176.632889,25674700
2019-04-08,184.360001,185.279999,183.630005,185.130005,177.082520,22697500
2019-04-09,184.500000,185.110001,184.089996,184.479996,176.460754,25631900
2019-04-10,184.720001,185.529999,184.520004,185.470001,177.407715,24563000
2019-04-11,185.779999,185.779999,184.690002,185.029999,176.986862,20654100
2019-04-12,185.850006,185.949997,185.059998,185.830002,177.752121,24989100
2019-04-15,185.839996,186.070007,184.619995,185.860001,177.780777,21073000
2019-04-16,186.539993,186.910004,185.929993,186.500000,178.392960,27195700
2019-04-17,187.750000,187.929993,186.600006,187.149994,179.014725,29651600
2019-04-18,187.460007,187.789993,186.289993,187.389999,179.244308,28580900
2019-04-22,186.570007,187.990005,186.429993,187.919998,179.751236,17936000
2019-04-23,188.399994,190.539993,188.130005,190.309998,182.037338,33665600
2019-04-24,190.470001,190.710007,189.649994,189.710007,181.463409,24977100
2019-04-25,191.130005,191.220001,189.449997,190.479996,182.199966,29517500
2019-04-26,190.179993,190.690002,188.589996,190.649994,182.362549,26359500
2019-04-29,190.649994,191.320007,190.339996,191.020004,182.716476,21716200
2019-04-30,189.479996,189.850006,188.210007,189.539993,181.300797,31495300
2019-05-01,190.779999,191.320007,188.800003,188.929993,180.717331,34797100
2019-05-02,188.869995,189.850006,186.869995,188.110001,179.932938,44110100
2019-05-03,189.669998,191.250000,189.330002,191.110001,182.802582,30386200
2019-05-06,187.050003,190.199997,186.759995,189.940002,181.683426,38371800
2019-05-07,187.869995,188.669998,184.509995,186.240005,178.144287,58818100
2019-05-08,185.630005,187.169998,184.960007,185.770004,177.694687,37165300
2019-05-09,183.699997,185.410004,182.089996,184.770004,176.738159,55351700
2019-05-10,184.110001,185.889999,181.029999,185.000000,176.958130,58526400
2019-05-13,180.289993,181.259995,178.059998,178.580002,170.817245,67185800
2019-05-14,179.520004,181.630005,178.860001,180.539993,172.692047,43360600
2019-05-15,179.350006,183.550003,179.309998,183.089996,175.131195,40944500
2019-05-16,183.169998,186.070007,182.949997,184.929993,176.891159,39281200
2019-05-17,183.100006,185.580002,182.880005,183.039993,175.083359,44702300
2019-05-20,180.490005,181.179993,179.339996,179.949997,172.127686,38608300
2019-05-21,181.500000,182.330002,180.919998,181.830002,173.925995,31613800
2019-05-22,180.820007,182.070007,180.750000,181.020004,173.151169,24332600
2019-05-23,178.940002,179.020004,177.139999,178.250000,170.501617,45351300
2019-05-24,179.210007,179.850006,177.940002,178.160004,170.415466,25903300
2019-05-28,178.660004,179.660004,177.470001,177.490005,169.774612,24763800
2019-05-29,176.389999,177.000000,175.089996,176.029999,168.378082,42178800
2019-05-30,176.500000,177.270004,175.770004,176.770004,169.085922,30354800
2019-05-31,174.690002,175.289993,173.869995,173.949997,166.388519,45446200
2019-06-03,173.479996,173.949997,169.270004,170.119995,162.724960,75842300
2019-06-04,172.029999,174.970001,171.369995,174.910004,167.306808,47797800
2019-06-05,176.580002,176.610001,174.380005,176.210007,168.550262,34412700
2019-06-06,176.509995,178.039993,175.729996,177.610001,169.889404,29913200
2019-06-07,178.559998,181.770004,178.330002,181.039993,173.170334,45888300
2019-06-10,182.250000,184.850006,182.210007,183.149994,175.188614,41385300
2019-06-11,185.059998,185.399994,182.779999,183.399994,175.427704,41260300
2019-06-12,182.899994,183.279999,182.000000,182.339996,174.413818,27758100
2019-06-13,183.100006,183.869995,182.740005,183.419998,175.446838,23715800
2019-06-14,182.479996,183.110001,181.940002,182.639999,174.700699,22844100
2019-06-17,183.039993,184.250000,182.839996,183.740005,175.752945,20379500
2019-06-18,185.910004,187.720001,185.429993,186.410004,178.306870,48177300
2019-06-19,186.660004,187.529999,185.570007,187.110001,178.976456,31672900
2019-06-20,189.720001,189.759995,187.160004,188.850006,180.640823,40922000
2019-06-21,188.630005,189.770004,188.169998,188.570007,180.373032,39980400
2019-06-24,188.529999,188.720001,188.059998,188.160004,180.378738,19375200
2019-06-25,188.029999,188.139999,184.649994,184.929993,177.282318,33921100
2019-06-26,186.160004,187.330002,185.490005,185.789993,178.106766,22595700
2019-06-27,186.460007,186.940002,185.990005,186.500000,178.787369,19709200
2019-06-28,186.949997,187.149994,186.070007,186.740005,179.017502,21179200
2019-07-01,190.320007,190.570007,188.380005,189.259995,181.433243,31025600
2019-07-02,189.199997,190.029999,188.660004,190.009995,182.152252,18035800
2019-07-03,190.490005,191.440002,190.289993,191.440002,183.523087,15792100
2019-07-05,190.130005,191.399994,189.389999,191.050003,183.149200,21415600
2019-07-08,189.809998,189.869995,188.929993,189.710007,181.864655,17598800
2019-07-09,188.809998,190.899994,188.649994,190.660004,182.775345,19193500
2019-07-10,191.820007,193.089996,191.470001,192.559998,184.596802,28374500
2019-07-11,192.850006,193.339996,191.809998,192.419998,184.462585,23736100
2019-07-12,192.630005,193.539993,192.449997,193.529999,185.526627,20211900
2019-07-15,193.979996,194.190002,193.440002,194.149994,186.121048,15606100
2019-07-16,193.910004,194.089996,192.559998,193.149994,185.162354,20190900
2019-07-17,193.149994,193.490005,192.179993,192.199997,184.251663,16765100
2019-07-18,191.289993,192.789993,190.690002,192.419998,184.462585,28877000
2019-07-19,193.740005,193.830002,190.809998,191.009995,183.110870,29387900
2019-07-22,191.440002,192.940002,191.440002,192.529999,184.568039,18954900
2019-07-23,193.580002,193.809998,192.289993,193.789993,185.775894,23786700
2019-07-24,193.050003,195.160004,193.029999,195.149994,187.079697,20422900
2019-07-25,194.490005,194.520004,192.929993,193.300003,185.306168,23434700
2019-07-26,194.529999,195.550003,194.429993,195.289993,187.213867,20431200
2019-07-29,195.110001,195.179993,193.389999,194.619995,186.571594,20451700
2019-07-30,193.130005,194.539993,192.990005,193.779999,185.766357,18705000
2019-07-31,194.300003,194.429993,189.320007,191.100006,183.197113,41627500
2019-08-01,191.429993,194.979996,189.229996,190.149994,182.286469,63251600
2019-08-02,188.720001,188.990005,186.210007,187.350006,179.602219,55214000
2019-08-05,183.429993,183.509995,179.199997,180.729996,173.255981,75040000
2019-08-06,182.399994,183.800003,181.070007,183.259995,175.681381,41897200
2019-08-07,181.270004,184.509995,179.889999,184.250000,176.630478,49990600
2019-08-08,185.080002,188.320007,184.570007,188.259995,180.474579,38418100
2019-08-09,187.360001,188.000000,185.029999,186.490005,178.777817,33608900
2019-08-12,185.339996,185.899994,183.500000,184.350006,176.726318,24642900
2019-08-13,184.190002,189.679993,184.020004,188.389999,180.599228,40241900
2019-08-14,185.360001,185.949997,182.419998,182.759995,175.202042,51000500
2019-08-15,183.000000,183.589996,181.160004,182.550003,175.000748,36685000
2019-08-16,184.210007,185.949997,184.100006,185.479996,177.809586,32781400
2019-08-19,188.160004,188.830002,187.500000,188.429993,180.637543,22494100
2019-08-20,187.960007,188.639999,186.919998,186.970001,179.237961,19902900
2019-08-21,188.610001,189.229996,187.960007,188.630005,180.829285,20418500
2019-08-22,188.979996,189.460007,186.539993,188.020004,180.244492,24243700
2019-08-23,186.740005,188.449997,181.559998,182.070007,174.540604,55372400
2019-08-26,184.139999,184.869995,183.080002,184.820007,177.176849,27598900
2019-08-27,186.110001,186.419998,183.710007,184.429993,176.802994,28012800
2019-08-28,183.830002,185.399994,182.910004,185.089996,177.435669,21792400
2019-08-29,187.389999,188.460007,186.679993,187.919998,180.148636,25358900
2019-08-30,188.929993,188.970001,186.410004,187.470001,179.717270,26319800
2019-09-03,186.220001,187.179993,185.029999,185.649994,177.972565,27964200
2019-09-04,187.440002,188.490005,186.899994,188.330002,180.541687,21592100
2019-09-05,190.410004,192.330002,190.339996,191.779999,183.849030,33932600
2019-09-06,192.100006,192.169998,191.169998,191.589996,183.666870,19487800
2019-09-09,192.190002,192.270004,190.220001,191.190002,183.283432,24407600
2019-09-10,190.160004,190.740005,188.910004,190.639999,182.756210,23744700
2019-09-11,191.000000,192.529999,190.559998,192.429993,184.472137,25063600
2019-09-12,193.610001,194.710007,192.970001,193.229996,185.239044,28689900
2019-09-13,192.949997,193.399994,192.289993,192.539993,184.577545,27669800
2019-09-16,191.300003,192.080002,191.110001,191.679993,183.753128,20319000
2019-09-17,191.699997,192.600006,191.289993,192.600006,184.635147,20953400
2019-09-18,192.199997,192.600006,190.110001,192.520004,184.558441,29781300
2019-09-19,192.860001,194.039993,192.470001,192.839996,184.865219,26039400
2019-09-20,193.110001,193.309998,190.160004,190.800003,182.909561,29086100
2019-09-23,190.360001,191.070007,189.720001,190.500000,182.990234,22485900
2019-09-24,191.369995,191.789993,187.149994,187.970001,180.559998,40820700
2019-09-25,187.779999,190.580002,186.210007,190.080002,182.586807,34704900
2019-09-26,189.830002,190.000000,187.979996,189.380005,181.914398,26826000
2019-09-27,189.729996,189.830002,185.750000,187.029999,179.657013,40773500
2019-09-30,187.789993,189.110001,187.399994,188.809998,181.366852,26307700
2019-10-01,189.500000,190.589996,186.960007,187.270004,179.887589,32367600
2019-10-02,186.000000,186.029999,183.020004,184.050003,176.794525,48544300
2019-10-03,184.029999,186.210007,181.820007,186.070007,178.734894,39392500
2019-10-04,187.080002,189.080002,186.880005,188.809998,181.366852,31887600
2019-10-07,188.270004,189.740005,187.910004,188.240005,180.819366,21216000
2019-10-08,187.059998,187.860001,185.270004,185.419998,178.110519,32379300
2019-10-09,186.990005,188.080002,186.429993,187.229996,179.849136,20147400
2019-10-10,187.279999,189.429993,187.119995,188.679993,181.241989,25177700
2019-10-11,190.830002,192.630005,190.720001,191.110001,183.576202,40976700
2019-10-14,190.839996,191.699997,190.649994,191.089996,183.556961,14975000
2019-10-15,191.679993,193.970001,191.559998,193.520004,185.891190,23234200
2019-10-16,192.860001,193.529999,192.429993,193.039993,185.430084,20457100
2019-10-17,194.199997,194.500000,192.809998,193.550003,185.920044,19045200
2019-10-18,193.199997,193.669998,190.710007,191.690002,184.133331,27700800
2019-10-21,192.710007,193.520004,192.139999,193.389999,185.766357,15801200
2019-10-22,194.149994,194.419998,191.789993,191.850006,184.287033,22392300
2019-10-23,191.460007,192.259995,191.149994,192.220001,184.642426,14828400
2019-10-24,193.589996,194.210007,192.740005,194.089996,186.438736,18998500
2019-10-25,193.089996,195.740005,193.050003,195.639999,187.927643,21507100
2019-10-28,196.550003,197.830002,196.550003,197.570007,189.781509,18818700
2019-10-29,197.240005,197.539993,196.009995,196.039993,188.311890,18569700
2019-10-30,196.419998,197.320007,195.289993,196.990005,189.224396,21764300
2019-10-31,197.559998,197.649994,195.940002,197.080002,189.310852,26801800
2019-11-01,197.929993,198.880005,197.630005,198.869995,191.030304,22131900
2019-11-04,200.190002,200.529999,198.869995,200.100006,192.211807,19015900
2019-11-05,200.350006,200.550003,199.550003,200.210007,192.317429,15048900
2019-11-06,199.979996,200.000000,198.789993,199.759995,191.885193,19725500
2019-11-07,200.759995,201.720001,199.850006,200.429993,192.528793,17832400
2019-11-08,200.070007,201.250000,199.539993,201.229996,193.297287,15258800
2019-11-11,200.210007,201.039993,199.940002,200.960007,193.037903,10147600
2019-11-12,201.130005,202.210007,200.820007,201.539993,193.595062,14778300
2019-11-13,200.839996,201.779999,200.710007,201.589996,193.643066,15774600
2019-11-14,200.830002,201.559998,200.220001,201.429993,193.489365,16945400
2019-11-15,202.649994,202.910004,202.000000,202.910004,194.911041,18427900
2019-11-18,202.589996,203.389999,201.770004,203.070007,195.064728,18365900
2019-11-19,203.839996,203.839996,202.589996,203.369995,195.352921,16923300
2019-11-20,202.839996,203.449997,200.619995,202.149994,194.180984,36629000
2019-11-21,201.929993,202.070007,201.070007,201.699997,193.748734,17883600
2019-11-22,202.199997,202.320007,200.740005,201.830002,193.873611,17189600
2019-11-25,202.699997,204.259995,202.669998,204.220001,196.169403,17752800
2019-11-26,204.350006,204.869995,204.050003,204.610001,196.544037,14780600
2019-11-27,205.139999,206.050003,204.889999,206.039993,197.917587,16963100
2019-11-29,205.520004,205.830002,205.000000,205.100006,197.014648,9854600
2019-12-02,205.110001,205.179993,201.779999,203.000000,194.997498,28007000
2019-12-03,200.210007,201.490005,199.229996,201.410004,193.470169,31104100
2019-12-04,202.440002,202.910004,202.139999,202.429993,194.449921,15300100
2019-12-05,203.149994,203.149994,201.839996,202.830002,194.834213,14962300
2019-12-06,204.309998,205.149994,204.149994,205.000000,196.918655,16555300
2019-12-09,204.630005,205.589996,203.979996,204.070007,196.025330,13984100
2019-12-10,204.169998,204.880005,203.440002,203.899994,195.862045,21799800
2019-12-11,204.360001,205.190002,204.039993,204.979996,196.899414,18780800
2019-12-12,204.770004,207.320007,204.490005,206.509995,198.369110,32612000
2019-12-13,206.399994,207.910004,205.960007,207.190002,199.022324,32519400
2019-12-16,208.550003,209.529999,208.479996,209.270004,201.020309,21296600
2019-12-17,209.539993,209.710007,209.039993,209.389999,201.135605,15996100
2019-12-18,209.570007,210.130005,209.330002,209.550003,201.289291,15443300
2019-12-19,209.639999,210.929993,209.619995,210.860001,202.547607,17865900
2019-12-20,211.860001,212.520004,211.270004,211.710007,203.364136,27672600
2019-12-23,212.000000,212.149994,211.630005,211.809998,203.901291,23774700
2019-12-24,212.000000,212.089996,211.440002,211.919998,204.007187,7089000
2019-12-26,212.259995,213.809998,212.229996,213.789993,205.807373,17067500
2019-12-27,214.539993,214.559998,213.039993,213.610001,205.634094,18134100
2019-12-30,213.500000,213.630005,211.160004,212.210007,204.286377,21815500
2019-12-31,211.529999,212.759995,211.199997,212.610001,204.671417,18170900
2020-01-02,214.399994,216.160004,213.979996,216.160004,208.088928,30969400
2020-01-03,213.300003,215.470001,213.279999,214.179993,206.182770,27518900
2020-01-06,212.500000,215.589996,212.240005,215.559998,207.511230,21655300
2020-01-07,215.639999,216.139999,214.850006,215.529999,207.482376,22139300
2020-01-08,215.500000,218.139999,215.160004,217.149994,209.041901,26397300
2020-01-09,218.940002,219.410004,217.710007,218.990005,210.813171,23547000
2020-01-10,219.850006,219.869995,218.039993,218.429993,210.274063,21898500
2020-01-13,219.330002,220.979996,218.979996,220.949997,212.700012,22756900
2020-01-14,220.839996,221.210007,219.740005,220.080002,211.862503,24418100
2020-01-15,220.199997,221.199997,219.449997,220.169998,211.949188,25742100
2020-01-16,221.270004,222.320007,220.800003,222.279999,213.980362,18805000
2020-01-17,223.279999,223.559998,222.119995,223.380005,215.039261,24325200
2020-01-21,222.759995,223.839996,222.660004,223.279999,214.942978,21146300
2020-01-22,224.410004,225.149994,223.589996,223.869995,215.510986,20736400
2020-01-23,223.740005,224.690002,222.699997,224.589996,216.204132,26496100
2020-01-24,225.639999,225.880005,221.669998,222.699997,214.384659,37436500
2020-01-27,217.669998,219.279999,217.179993,218.100006,209.956421,42264400
2020-01-28,219.639999,221.960007,219.059998,221.449997,213.181335,26731900
2020-01-29,222.679993,222.929993,220.830002,221.809998,213.527878,28924500
2020-01-30,220.380005,222.699997,219.690002,222.600006,214.288391,39568100
2020-01-31,223.529999,223.559998,218.289993,219.070007,210.890182,52015800
2020-02-03,220.139999,222.889999,219.990005,222.380005,214.076630,25408600
2020-02-04,225.419998,227.860001,224.649994,227.470001,218.976578,30691200
2020-02-05,230.210007,230.250000,226.850006,228.220001,219.698547,38534800
2020-02-06,228.789993,230.250000,227.979996,230.190002,221.595016,22467100
2020-02-07,229.160004,230.440002,228.539993,229.199997,220.641953,25884900
2020-02-10,228.440002,231.979996,228.380005,231.970001,223.308563,21478900
2020-02-11,233.250000,234.020004,231.399994,232.009995,223.347031,30198000
2020-02-12,233.380005,234.380005,232.800003,234.270004,225.522675,24471300
2020-02-13,232.639999,234.929993,232.360001,233.970001,225.233902,22773200
2020-02-14,234.339996,234.860001,233.550003,234.639999,225.878845,23438500
2020-02-18,233.500000,235.169998,233.250000,234.729996,225.965454,24394500
2020-02-19,236.130005,237.470001,235.850006,236.979996,228.131424,22230500
2020-02-20,236.460007,236.949997,231.880005,234.779999,226.013611,42604000
2020-02-21,233.610001,234.009995,229.320007,230.270004,221.672028,66017200
2020-02-24,221.679993,224.250000,220.259995,221.389999,213.123581,84522600
2020-02-25,223.250000,223.990005,214.740005,215.369995,207.328308,97743000
2020-02-26,216.710007,220.279999,214.899994,216.479996,208.396973,79537700
2020-02-27,210.899994,216.419998,205.500000,205.639999,197.961700,121822600
2020-02-28,198.639999,207.169998,198.169998,205.800003,198.115692,148173700
2020-03-02,208.880005,216.570007,205.940002,216.419998,208.339157,112933900
2020-03-03,217.110001,219.610001,207.619995,209.479996,201.658279,131953500
2020-03-04,213.320007,218.330002,211.369995,218.220001,210.071976,73086200
2020-03-05,212.690002,216.360001,210.100006,211.589996,203.689484,78705500
2020-03-06,204.669998,209.149994,202.910004,208.020004,200.252823,89828400
2020-03-09,193.479996,201.160004,192.110001,193.570007,186.342361,116424000
2020-03-10,201.110001,204.300003,193.679993,204.110001,196.488785,100599200
2020-03-11,199.350006,200.750000,192.729996,195.220001,187.930740,89168800
2020-03-12,182.089996,190.779999,176.940002,177.320007,170.699112,137820700
2020-03-13,187.070007,194.479996,178.130005,192.339996,185.158264,134882000
2020-03-16,174.149994,184.679993,169.160004,169.300003,162.978561,92054400
2020-03-17,175.470001,184.389999,169.779999,182.139999,175.339096,121257100
2020-03-18,171.610001,179.220001,166.800003,176.600006,170.005997,114156300
2020-03-19,175.690002,183.490005,171.630005,177.660004,171.026398,120896500
2020-03-20,181.740005,182.869995,170.100006,170.699997,164.326279,118983900
2020-03-23,170.919998,174.210007,164.929993,170.460007,164.444977,124639800
2020-03-24,179.910004,183.830002,177.949997,183.660004,177.179169,94881800
2020-03-25,184.419998,189.509995,179.979996,182.300003,175.867157,88754900
2020-03-26,183.869995,192.720001,183.610001,191.899994,185.128372,79887600
2020-03-27,186.929993,190.509995,184.660004,185.300003,178.761261,58845000
2020-03-30,187.059998,192.490005,186.339996,192.039993,185.263458,49356900
2020-03-31,191.720001,195.250000,189.199997,190.399994,183.681290,62659300
2020-04-01,184.770004,187.660004,180.860001,182.309998,175.876770,53715400
2020-04-02,181.240005,190.100006,180.970001,186.009995,179.446228,56465300
2020-04-03,185.550003,187.070007,181.289993,183.369995,176.899384,47487600
2020-04-06,190.479996,197.649994,189.190002,196.479996,189.546768,64763500
2020-04-07,202.369995,202.660004,196.000000,196.399994,189.469528,69904500
2020-04-08,198.149994,201.169998,196.169998,200.570007,193.492493,45940400
2020-04-09,202.350006,203.220001,199.029999,200.860001,193.772186,68252600
2020-04-13,200.000000,203.419998,198.750000,203.029999,195.865646,42853900
2020-04-14,207.229996,212.500000,206.419998,211.860001,204.384033,63959600
2020-04-15,208.479996,211.830002,207.119995,209.429993,202.039780,47036000
2020-04-16,211.690002,214.369995,209.690002,213.250000,205.725037,64657400
2020-04-17,216.169998,216.509995,212.080002,215.289993,207.692993,62863200
2020-04-20,213.360001,215.880005,212.570007,212.740005,205.233002,38249100
2020-04-21,210.600006,211.160004,203.630005,204.889999,197.659988,72932800
2020-04-22,209.100006,212.350006,208.330002,210.970001,203.525452,40089100
2020-04-23,211.789993,214.440002,210.100006,210.520004,203.091339,43278500
2020-04-24,210.970001,214.300003,209.500000,213.839996,206.294205,34231900
2020-04-27,216.190002,216.630005,214.500000,215.559998,207.953461,36451700
2020-04-28,217.320007,217.320007,211.210007,211.500000,204.036789,46862800
2020-04-29,216.190002,219.970001,215.139999,219.000000,211.272110,48716400
2020-04-30,219.949997,220.039993,217.350006,218.910004,211.185272,43359500
2020-05-01,214.500000,216.669998,211.679993,212.740005,205.233002,48795000
2020-05-04,211.460007,215.449997,211.119995,215.220001,207.625473,32841000
2020-05-05,217.440002,220.139999,216.850006,217.660004,209.979416,37783100
2020-05-06,219.399994,221.039993,218.110001,219.000000,211.272110,36455200
2020-05-07,221.820007,222.729996,220.419998,221.820007,213.992584,38624800
2020-05-08,223.550003,225.000000,222.479996,224.860001,216.925293,31852300
2020-05-11,223.490005,227.929993,223.250000,226.869995,218.864365,35714100
2020-05-12,227.490005,228.100006,222.089996,222.119995,214.281982,41054100
2020-05-13,222.660004,224.610001,216.710007,219.339996,211.600128,65521200
2020-05-14,217.970001,221.869995,215.990005,221.830002,214.002228,51549300
2020-05-15,218.779999,223.330002,218.330002,223.270004,215.391418,55747200
2020-05-18,226.279999,228.679993,225.470001,227.429993,219.404633,42398100
2020-05-19,227.699997,229.850006,226.710007,226.860001,218.854736,36237300
2020-05-20,229.500000,231.759995,229.479996,231.389999,223.224930,37417000
2020-05-21,231.440002,232.139999,228.339996,228.869995,220.793808,43642900
2020-05-22,228.449997,229.869995,227.500000,229.660004,221.555923,28762400
2020-05-26,233.360001,233.570007,228.789993,229.039993,220.957840,33055300
2020-05-27,228.690002,230.410004,223.940002,230.289993,222.163712,55665600
2020-05-28,229.110001,233.470001,229.050003,229.990005,221.874283,42784300
2020-05-29,230.380005,233.600006,228.759995,233.360001,225.125351,50691800
2020-06-01,232.460007,234.449997,232.000000,234.059998,225.800690,25776000
2020-06-02,234.500000,235.690002,232.009995,235.630005,227.315277,33383400
2020-06-03,236.259995,237.470001,235.350006,236.690002,228.337875,37228700
2020-06-04,236.330002,237.789993,233.679993,235.029999,226.736450,38716100
2020-06-05,236.220001,240.300003,235.630005,239.690002,231.231995,47365600
2020-06-08,239.539993,241.679993,237.910004,241.550003,233.026321,32937300
2020-06-09,240.660004,244.179993,240.470001,243.300003,234.714584,35046300
2020-06-10,245.050003,247.820007,244.509995,246.220001,237.531586,58084400
2020-06-11,242.160004,243.589996,233.960007,234.020004,225.762070,72919400
2020-06-12,239.089996,240.399994,231.740005,235.880005,227.556458,72034800
2020-06-15,232.440002,239.449997,231.470001,238.750000,230.325180,45307400
2020-06-16,243.779999,244.389999,239.100006,242.850006,234.280502,48890100
2020-06-17,244.399994,245.500000,242.729996,243.619995,235.023315,34749300
2020-06-18,243.289993,244.529999,242.490005,244.279999,235.660049,30578600
2020-06-19,246.729996,247.000000,242.449997,244.240005,235.621460,49422100
2020-06-22,243.679993,246.869995,243.380005,246.740005,238.447174,24068700
2020-06-23,248.389999,251.149994,247.820007,248.839996,240.476578,32767400
2020-06-24,248.059998,249.330002,242.160004,243.710007,235.519012,46032400
2020-06-25,243.800003,246.339996,241.139999,246.029999,237.761032,36940800
2020-06-26,245.779999,245.960007,239.679993,240.220001,232.146332,52824600
2020-06-29,239.970001,242.850006,237.350006,242.839996,234.678253,34377800
2020-06-30,242.770004,248.160004,242.580002,247.600006,239.278275,38909200
2020-07-01,247.639999,251.520004,247.080002,250.490005,242.071136,34689200
2020-07-02,253.020004,254.270004,251.710007,252.190002,243.713974,31956500
2020-07-06,255.449997,258.929993,255.429993,258.390015,249.705643,34589000
2020-07-07,258.130005,260.880005,256.299988,256.609985,247.985443,36578200
2020-07-08,257.980011,260.019989,256.500000,259.989990,251.251846,30426300
2020-07-09,261.970001,262.869995,257.630005,262.179993,253.368256,40312900
2020-07-10,262.029999,264.230011,259.260010,263.970001,255.098053,32885300
2020-07-13,266.910004,269.790009,257.690002,258.540009,249.850601,64108100
2020-07-14,255.929993,260.790009,252.759995,260.369995,251.619064,72230500
2020-07-15,261.829987,262.690002,257.489990,260.899994,252.131210,54523900
2020-07-16,258.019989,259.779999,255.619995,259.119995,250.411133,47594100
2020-07-17,259.589996,260.309998,257.170013,259.420013,250.701080,35137900
2020-07-20,260.079987,267.429993,258.790009,266.779999,257.813629,40610100
2020-07-21,268.399994,268.410004,263.130005,264.000000,255.127090,43243800
2020-07-22,264.510010,265.890015,262.549988,264.929993,256.025787,29865500
2020-07-23,264.510010,265.239990,256.549988,258.010010,249.338394,51363500
2020-07-24,254.039993,256.929993,251.320007,255.559998,246.970734,54054500
2020-07-27,257.260010,260.519989,256.450012,260.119995,251.377441,36445700
2020-07-28,259.309998,259.850006,256.510010,256.809998,248.178726,31302400
2020-07-29,258.399994,260.660004,257.910004,259.769989,251.039230,27556900
2020-07-30,257.739990,261.709991,256.549988,261.130005,252.353516,41774500
2020-07-31,265.910004,265.950012,260.850006,265.790009,256.856903,53686300
2020-08-03,268.000000,270.149994,267.869995,269.380005,260.326202,32081600
2020-08-04,268.859985,270.480011,268.089996,270.380005,261.292725,24911300
2020-08-05,270.880005,271.519989,269.959991,271.049988,261.940125,21612100
2020-08-06,270.850006,274.980011,270.190002,274.640015,265.409454,28048200
2020-08-07,274.079987,274.880005,269.250000,271.470001,262.345978,44969400
2020-08-10,271.769989,271.980011,266.670013,270.309998,261.224976,35088400
2020-08-11,269.109985,270.440002,264.630005,265.190002,256.277039,43104300
2020-08-12,267.420013,272.839996,267.369995,271.859985,262.722900,38773400
2020-08-13,272.660004,274.829987,271.510010,272.480011,263.322021,31895700
2020-08-14,273.119995,273.399994,270.720001,272.160004,263.012787,30799500
2020-08-17,273.929993,275.839996,272.200012,275.320007,266.066711,24803000
2020-08-18,276.420013,278.459991,274.910004,277.970001,268.627472,23529500
2020-08-19,277.929993,279.019989,275.570007,276.100006,266.820404,31999400
2020-08-20,275.279999,280.429993,274.859985,279.929993,270.521698,27723400
2020-08-21,280.130005,282.339996,279.459991,281.869995,272.396515,34748900
2020-08-24,285.250000,286.000000,281.269989,283.630005,274.097351,36418500
2020-08-25,282.829987,286.059998,282.369995,285.859985,276.252319,34866600
2020-08-26,287.149994,292.220001,285.829987,291.959991,282.147369,42216700
2020-08-27,292.970001,293.850006,288.709991,291.049988,281.267883,49482700
2020-08-28,292.329987,293.179993,290.929993,292.529999,282.698181,28021000
2020-08-31,293.070007,296.750000,292.619995,294.880005,284.969269,36321000
2020-09-01,297.619995,300.040009,295.790009,299.920013,289.839874,36216200
2020-09-02,303.279999,303.500000,296.890015,302.760010,292.584381,50836800
2020-09-03,298.100006,298.619995,284.410004,287.410004,277.750275,110083300
2020-09-04,285.559998,288.929993,271.799988,283.579987,274.049011,123959000
2020-09-08,272.220001,278.220001,269.660004,269.950012,260.877075,99568600
2020-09-09,275.640015,280.049988,273.000000,277.880005,268.540558,64837900
2020-09-10,280.940002,282.200012,270.559998,272.339996,263.186798,69667500
2020-09-11,274.149994,275.220001,266.899994,270.450012,261.360291,71809000
2020-09-14,274.359985,277.220001,272.959991,275.160004,265.911957,38525200
2020-09-15,279.029999,280.450012,275.130005,279.059998,269.680878,41849900
2020-09-16,279.880005,280.359985,274.250000,274.609985,265.380463,42321000
2020-09-17,267.549988,274.399994,266.679993,270.320007,261.234650,81570800
2020-09-18,271.790009,272.089996,262.630005,266.869995,257.900574,86251100
2020-09-21,262.470001,267.649994,260.109985,267.510010,258.519104,57168600
2020-09-22,269.989990,273.079987,266.540009,272.480011,263.322021,41128900
2020-09-23,272.149994,272.339996,263.250000,264.160004,255.281708,48837300
2020-09-24,261.390015,268.700012,261.220001,265.390015,256.470367,70631700
2020-09-25,265.910004,272.399994,264.299988,271.559998,262.433014,55242400
2020-09-28,276.579987,277.200012,271.670013,277.200012,267.883423,58438300
2020-09-29,276.619995,277.709991,275.369995,275.950012,266.675446,27050000
2020-09-30,276.149994,281.089996,275.869995,277.839996,268.501953,49380800
2020-10-01,281.790009,282.880005,279.839996,282.250000,272.763641,50020200
2020-10-02,276.019989,282.239990,273.440002,274.309998,265.090546,75497400
2020-10-05,276.339996,280.489990,276.230011,280.160004,270.743958,28184600
2020-10-06,279.450012,281.190002,274.250000,275.160004,265.911957,49704200
2020-10-07,277.890015,280.739990,277.279999,279.920013,270.511993,27539700
2020-10-08,282.399994,282.470001,280.309998,281.410004,271.951904,25443300
2020-10-09,283.109985,285.790009,282.709991,285.709991,276.107361,30201100
2020-10-12,290.549988,297.459991,289.470001,294.529999,284.630920,79370700
2020-10-13,296.390015,297.049988,293.109985,294.519989,284.621368,64240000
2020-10-14,295.350006,296.350006,290.260010,292.059998,282.243988,36949100
2020-10-15,287.200012,290.709991,286.540009,290.100006,280.349854,42514200
2020-10-16,291.799988,293.269989,288.149994,288.510010,278.813354,40570700
2020-10-19,290.489990,291.480011,282.790009,283.799988,274.261627,36756800
2020-10-20,284.559998,287.619995,282.950012,284.410004,274.851105,32195400
2020-10-21,284.670013,287.320007,283.690002,284.190002,274.638550,29306100
2020-10-22,285.049988,285.980011,280.820007,284.179993,274.628784,32196200
2020-10-23,284.769989,284.910004,281.779999,284.739990,275.170013,24658500
2020-10-26,282.380005,285.299988,276.760010,280.470001,271.043640,38421100
2020-10-27,281.500000,283.510010,280.200012,282.660004,273.159912,30559100
2020-10-28,278.010010,278.640015,271.380005,271.640015,262.510254,53413500
2020-10-29,273.000000,279.489990,272.519989,276.390015,267.100708,43246300
2020-10-30,274.339996,275.239990,267.070007,269.380005,260.326202,65838300
2020-11-02,271.850006,273.519989,266.970001,269.980011,260.906097,39987400
2020-11-03,271.959991,276.820007,270.839996,274.649994,265.419098,43604100
2020-11-04,283.589996,288.769989,281.869995,286.910004,277.267090,75728200
2020-11-05,293.529999,295.390015,292.000000,294.390015,284.495667,52054200
2020-11-06,293.709991,295.359985,289.829987,294.609985,284.708252,40959800
2020-11-09,297.649994,299.140015,288.119995,288.589996,278.890594,86537100
2020-11-10,285.170013,286.660004,280.619995,283.420013,273.894379,69024900
2020-11-11,286.029999,290.250000,283.380005,289.760010,280.021271,36102900
2020-11-12,290.760010,292.070007,287.250000,288.399994,278.707031,34414600
2020-11-13,290.170013,291.570007,287.869995,290.929993,281.152008,24806900
2020-11-16,290.619995,293.510010,289.989990,293.200012,283.345642,30168400
2020-11-17,293.399994,293.739990,291.609985,292.269989,282.446991,21843500
2020-11-18,291.700012,293.369995,290.019989,290.109985,280.359497,28069600
2020-11-19,289.540009,292.700012,288.850006,292.380005,282.553223,22718400
2020-11-20,292.299988,293.070007,290.290009,290.380005,280.620392,25907300
2020-11-23,291.410004,292.750000,288.070007,290.390015,280.630127,26875600
2020-11-24,291.489990,294.980011,289.630005,294.470001,284.572968,24516800
2020-11-25,295.570007,296.940002,294.589996,296.279999,286.322144,23326800
2020-11-27,298.309998,300.170013,297.899994,299.010010,288.960419,17163100
2020-11-30,299.339996,299.970001,294.779999,299.619995,289.549896,27836200
2020-12-01,301.970001,305.140015,300.829987,303.459991,293.260803,27521300
2020-12-02,302.250000,304.200012,300.350006,303.850006,293.637726,23620000
2020-12-03,304.170013,305.880005,303.529999,304.279999,294.053284,22828700
2020-12-04,304.329987,305.670013,303.630005,305.519989,295.251617,19332100
2020-12-07,305.709991,307.630005,305.519989,307.250000,296.923462,20851000
2020-12-08,306.760010,308.600006,304.950012,308.290009,297.928497,18341500
2020-12-09,308.070007,308.359985,300.209991,301.309998,291.183075,48839300
2020-12-10,299.209991,303.679993,298.089996,302.519989,292.352386,27519500
2020-12-11,300.809998,301.980011,298.470001,301.850006,291.704926,26760400
2020-12-14,303.079987,306.049988,303.010010,304.040009,293.821350,28804800
2020-12-15,306.369995,307.290009,304.109985,307.290009,296.962158,25709000
2020-12-16,307.700012,309.790009,306.619995,308.980011,298.595306,25461900
2020-12-17,310.630005,311.239990,309.390015,311.000000,300.547516,23730500
2020-12-18,311.660004,311.980011,307.609985,310.059998,299.639008,41173400
2020-12-21,306.459991,309.470001,303.600006,308.920013,299.078430,37095500
2020-12-22,309.850006,310.709991,306.850006,309.760010,299.891754,26176300
2020-12-23,309.809998,310.179993,308.040009,308.200012,298.381470,21201300
2020-12-24,308.470001,310.019989,308.390015,309.559998,299.698120,16785000
2020-12-28,312.250000,313.170013,310.359985,312.679993,302.718658,22497700
2020-12-29,314.049988,314.690002,312.029999,312.959991,302.989716,25871900
2020-12-30,314.160004,314.489990,312.329987,312.970001,302.999390,18138100
2020-12-31,312.869995,314.239990,311.760010,313.739990,303.744904,21611400
2021-01-04,315.109985,315.290009,305.179993,309.309998,299.456085,45305900
2021-01-05,308.290009,312.140015,308.290009,311.859985,301.924774,29323400
2021-01-06,307.000000,311.880005,305.980011,307.540009,297.742432,52809600
2021-01-07,310.279999,315.839996,310.250000,314.980011,304.945404,30394800
2021-01-08,317.339996,319.390015,315.079987,319.029999,308.866364,33955800
2021-01-11,315.980011,317.190002,313.750000,314.420013,304.403290,32746400
2021-01-12,314.459991,315.579987,311.200012,313.920013,303.919128,29266800
2021-01-13,314.190002,316.859985,313.570007,316.040009,305.971619,22898400
2021-01-14,316.500000,317.529999,313.859985,314.350006,304.335510,23500100
2021-01-15,314.130005,315.119995,310.579987,311.859985,301.924774,35118700
2021-01-19,314.250000,316.929993,313.119995,316.410004,306.329834,24537000
2021-01-20,320.140015,324.739990,316.510010,323.769989,313.455322,30728100
2021-01-21,325.149994,327.130005,323.730011,326.359985,315.962799,25130600
2021-01-22,325.290009,326.459991,324.709991,325.420013,315.052765,21609400
2021-01-25,328.910004,330.320007,321.410004,328.109985,317.657135,39080600
2021-01-26,328.850006,329.760010,327.220001,328.589996,318.121887,25498100
2021-01-27,326.260010,326.269989,317.359985,319.429993,309.253662,55264000
2021-01-28,320.670013,326.420013,320.029999,321.320007,311.083466,42836300
2021-01-29,319.579987,320.720001,312.760010,314.559998,304.538757,55259000
2021-02-01,318.109985,323.540009,316.019989,322.420013,312.148438,35646000
2021-02-02,325.480011,328.869995,325.309998,327.679993,317.240784,33930800
2021-02-03,329.820007,330.200012,326.320007,326.380005,315.982269,24824500
2021-02-04,327.820007,330.329987,326.459991,330.239990,319.719238,22350900
2021-02-05,331.220001,332.399994,329.529999,331.359985,320.803558,22732000
2021-02-08,333.100006,333.739990,331.410004,333.579987,322.952728,20462800
2021-02-09,332.619995,334.809998,332.609985,333.510010,322.885101,17597500
2021-02-10,334.989990,335.459991,329.500000,332.750000,322.149200,28068700
2021-02-11,334.329987,335.000000,332.119995,334.579987,323.920929,22046100
2021-02-12,333.709991,336.619995,332.630005,336.450012,325.731476,20346800
2021-02-16,337.269989,338.190002,334.339996,335.540009,324.850433,27080800
2021-02-17,332.470001,335.660004,330.170013,333.929993,323.291656,31360300
2021-02-18,330.230011,333.869995,328.359985,332.470001,321.878174,32236200
2021-02-19,333.859985,333.989990,329.970001,331.019989,320.474365,39157700
2021-02-22,326.500000,327.799988,322.230011,322.440002,312.167755,47256900
2021-02-23,317.000000,323.200012,311.000000,321.480011,311.238312,97241900
2021-02-24,318.739990,324.450012,315.959991,324.130005,313.803894,58206300
2021-02-25,321.390015,324.029999,311.239990,312.829987,302.863800,110182600
2021-02-26,315.850006,319.109985,310.880005,314.140015,304.132202,104739800
2021-03-01,319.269989,323.940002,317.940002,323.589996,313.281067,49164500
2021-03-02,324.250000,324.329987,318.140015,318.399994,308.256409,48370000
2021-03-03,317.269989,318.239990,309.100006,309.160004,299.310883,86301100
2021-03-04,308.779999,312.040009,300.109985,304.100006,294.412048,139131600
2021-03-05,306.799988,309.609985,297.450012,308.679993,298.846069,121523700
2021-03-08,308.119995,310.059998,299.510010,299.940002,290.384552,88409800
2021-03-09,307.470001,313.730011,306.920013,311.769989,301.837616,80391100
2021-03-10,316.160004,316.470001,310.170013,310.880005,300.976013,76798100
2021-03-11,315.769989,319.859985,314.850006,318.040009,307.907928,53484800
2021-03-12,313.859985,318.230011,311.390015,315.459991,305.410126,69315600
2021-03-15,315.790009,319.000000,314.100006,318.829987,308.672699,42955700
2021-03-16,321.089996,324.200012,319.100006,320.579987,310.366913,54925900
2021-03-17,317.450012,323.850006,315.679993,321.899994,311.644928,78258700
2021-03-18,316.869995,317.880005,311.570007,312.040009,302.099060,82718100
2021-03-19,311.869995,314.730011,309.660004,313.140015,303.164062,78446200
2021-03-22,315.209991,320.739990,315.209991,318.609985,308.849274,56194800
2021-03-23,319.730011,321.089996,316.380005,317.220001,307.501984,53455400
2021-03-24,318.630005,318.670013,311.720001,311.869995,302.315796,64803700
2021-03-25,309.970001,312.890015,307.390015,311.329987,301.792419,78729000
2021-03-26,311.109985,316.329987,309.670013,316.000000,306.319275,63519600
2021-03-29,315.450012,316.989990,312.470001,315.910004,306.232117,54608000
2021-03-30,313.890015,314.910004,311.540009,314.320007,304.690765,44635700
2021-03-31,316.160004,320.739990,315.809998,319.130005,309.353485,55032500
2021-04-01,323.070007,324.709991,322.809998,324.570007,314.626770,55685600
2021-04-05,327.130005,331.839996,326.880005,331.049988,320.908203,42172500
2021-04-06,330.730011,332.829987,330.019989,330.820007,320.685242,33537200
2021-04-07,330.329987,332.480011,329.369995,331.619995,321.460815,32046400
2021-04-08,334.559998,335.269989,333.739990,335.079987,324.814758,29940800
2021-04-09,333.679993,337.320007,332.920013,337.109985,326.782562,36664900
2021-04-12,336.040009,337.100006,334.730011,336.670013,326.356079,25833000
2021-04-13,338.239990,341.079987,338.019989,340.600006,330.165680,30374000
2021-04-14,340.850006,340.980011,335.670013,336.510010,326.200958,42564300
2021-04-15,339.470001,342.010010,336.220001,341.609985,331.144653,36342800
2021-04-16,342.149994,342.230011,340.079987,342.010010,331.532501,40860100
2021-04-19,340.390015,341.579987,336.899994,338.880005,328.498352,34533100
2021-04-20,338.200012,339.519989,334.380005,336.410004,326.104065,38081800
2021-04-21,335.089996,339.480011,333.970001,339.290009,328.895874,36598100
2021-04-22,338.890015,339.899994,334.010010,335.200012,324.931183,45936100
2021-04-23,335.850006,340.769989,335.850006,339.420013,329.021790,36381900
2021-04-26,339.670013,341.920013,338.899994,341.630005,331.164093,30812000
2021-04-27,341.929993,342.149994,339.170013,340.149994,329.729462,33187200
2021-04-28,339.809998,340.850006,338.329987,339.000000,328.614655,33615700
2021-04-29,342.369995,342.799988,336.899994,340.220001,329.797333,37708900
2021-04-30,337.700012,340.260010,337.049988,337.989990,327.635651,38263400
2021-05-03,339.230011,340.000000,335.730011,336.190002,325.890747,29729700
2021-05-04,333.559998,333.890015,326.209991,330.140015,320.026123,65147000
2021-05-05,332.250000,333.140015,328.230011,329.029999,318.950165,46219300
2021-05-06,328.760010,331.670013,326.450012,331.510010,321.354065,46814300
2021-05-07,334.369995,336.649994,331.690002,334.200012,323.961761,53324500
2021-05-10,332.779999,332.959991,325.549988,325.760010,315.780212,60700500
2021-05-11,319.700012,326.130005,319.019989,325.309998,315.344086,71963600
2021-05-12,320.230011,322.619995,316.000000,316.890015,307.182037,91164900
2021-05-13,319.920013,322.399994,316.899994,319.339996,309.556946,69877800
2021-05-14,322.600006,327.329987,322.079987,326.390015,316.390930,44370000
2021-05-17,324.630005,326.369995,321.450012,324.410004,314.471649,39395000
2021-05-18,325.390015,326.649994,321.940002,322.220001,312.348694,36528500
2021-05-19,316.660004,322.899994,316.299988,322.589996,312.707458,66319100
2021-05-20,324.119995,329.709991,323.890015,328.829987,318.756287,46466100
2021-05-21,330.429993,330.859985,326.640015,327.010010,316.991974,50330400
2021-05-24,329.369995,333.670013,326.899994,332.510010,322.323486,32475800
2021-05-25,334.070007,334.809998,331.760010,332.970001,322.769440,31280300
2021-05-26,333.660004,334.609985,332.950012,334.130005,323.893890,25444900
2021-05-27,333.670013,334.540009,332.670013,332.880005,322.682251,27931700
2021-05-28,334.119995,335.570007,333.600006,333.929993,323.699951,29927400
2021-06-01,335.299988,335.790009,331.429993,332.820007,322.623993,31145400
2021-06-02,333.250000,334.339996,331.700012,333.470001,323.254089,22047900
2021-06-03,330.549988,331.859985,328.279999,330.000000,319.890350,37057800
2021-06-04,331.850006,336.059998,331.779999,335.600006,325.318909,38736500
2021-06-07,335.049988,336.660004,334.339996,336.600006,326.288177,32611900
2021-06-08,338.399994,339.290009,335.029999,336.760010,326.443329,27282800
2021-06-09,338.170013,338.970001,336.649994,336.839996,326.520813,21485300
2021-06-10,337.190002,340.459991,336.730011,340.350006,329.923340,33702100
2021-06-11,340.359985,341.250000,339.690002,341.239990,330.786163,21222800
2021-06-14,341.679993,344.519989,340.459991,344.510010,333.955841,27827700
2021-06-15,344.149994,344.470001,341.519989,342.260010,331.774841,35963800
2021-06-16,342.739990,343.839996,337.450012,341.010010,330.563110,55399500
2021-06-17,339.970001,346.380005,339.920013,345.339996,334.760406,59722700
2021-06-18,343.630005,344.809998,341.859985,342.630005,332.133484,55414900
2021-06-21,342.429993,344.690002,340.149994,344.359985,334.197662,32992600
2021-06-22,344.149994,348.029999,343.839996,347.570007,337.312988,28941600
2021-06-23,347.510010,348.920013,346.880005,347.739990,337.477936,27188500
2021-06-24,349.730011,351.459991,349.170013,349.890015,339.564575,32581600
2021-06-25,350.470001,350.720001,348.839996,349.459991,339.147156,28682800
2021-06-28,350.779999,353.850006,350.720001,353.709991,343.271790,39130300
2021-06-29,353.529999,355.019989,352.670013,354.989990,344.514038,29426000
2021-06-30,354.829987,355.230011,353.829987,354.429993,343.970581,32724000
2021-07-01,354.070007,355.089996,352.679993,354.570007,344.106445,29290000
2021-07-02,356.519989,358.970001,356.279999,358.640015,348.056335,32727200
2021-07-06,359.260010,360.480011,356.489990,360.190002,349.560608,38842400
2021-07-07,362.450012,362.760010,358.940002,360.950012,350.298096,35265200
2021-07-08,355.739990,359.649994,354.420013,358.769989,348.182434,50890000
2021-07-09,358.170013,361.500000,357.570007,361.010010,350.356323,35184500
2021-07-12,362.450012,362.890015,360.829987,362.420013,351.724762,25717700
2021-07-13,362.029999,365.470001,361.540009,362.420013,351.724762,39723000
2021-07-14,364.829987,365.489990,362.220001,363.070007,352.355591,35336400
2021-07-15,362.980011,363.190002,358.459991,360.519989,349.880768,53391600
2021-07-16,361.399994,362.410004,357.239990,357.600006,347.047058,47262000
2021-07-19,354.049988,355.179993,352.040009,354.670013,344.203461,64404600
2021-07-20,355.630005,360.279999,353.799988,358.790009,348.201843,42183700
2021-07-21,358.350006,361.559998,358.119995,361.559998,350.890167,30259900
2021-07-22,361.769989,363.959991,361.769989,363.950012,353.209625,30252200
2021-07-23,365.309998,368.489990,363.920013,368.200012,357.334167,31960800
2021-07-26,367.489990,368.890015,366.600006,368.489990,357.615631,28438100
2021-07-27,368.220001,368.220001,360.160004,364.429993,353.675446,57933100
2021-07-28,365.600006,367.450012,363.239990,365.829987,355.034149,42066200
2021-07-29,365.250000,367.679993,365.250000,366.480011,355.664917,25672500
2021-07-30,362.440002,365.170013,362.410004,364.570007,353.811310,36484600
2021-08-02,366.279999,366.880005,363.869995,364.600006,353.840393,27334100
2021-08-03,365.279999,366.929993,362.000000,366.809998,355.985138,35558500
2021-08-04,366.769989,368.320007,365.630005,367.339996,356.499542,29602200
2021-08-05,368.179993,369.910004,367.450012,369.670013,358.760803,21443900
2021-08-06,368.369995,369.369995,366.910004,368.049988,357.188599,33332100
2021-08-09,368.519989,369.269989,367.390015,368.730011,357.848572,25960200
2021-08-10,369.260010,369.559998,365.619995,366.839996,356.014313,35130800
2021-08-11,368.140015,368.649994,364.839996,366.209991,355.402954,34249800
2021-08-12,365.690002,367.899994,364.299988,367.529999,356.683960,25969200
2021-08-13,367.890015,369.160004,367.380005,368.820007,357.935883,19336200
2021-08-16,367.670013,369.019989,363.700012,368.980011,358.091187,34856900
2021-08-17,366.149994,367.149994,363.230011,365.730011,354.937042,44793900
2021-08-18,365.179993,366.619995,361.869995,362.209991,351.520905,38541900
2021-08-19,360.220001,365.679993,359.959991,363.959991,353.219299,48499400
2021-08-20,365.059998,368.140015,364.739990,367.730011,356.877960,39486000
2021-08-23,368.799988,373.940002,368.790009,373.230011,362.215637,34034700
2021-08-24,373.839996,374.989990,373.359985,374.369995,363.322052,21732900
2021-08-25,374.630005,375.390015,373.859985,374.799988,363.739410,20441900
2021-08-26,373.920013,374.619995,371.970001,372.420013,361.429688,29133300
2021-08-27,373.070007,376.559998,372.570007,376.040009,364.942780,27104700
2021-08-30,376.850006,380.760010,376.829987,380.260010,369.038239,27295700
2021-08-31,380.510010,380.579987,378.359985,379.950012,368.737427,29628200
2021-09-01,381.040009,382.709991,380.369995,380.579987,369.348785,28138300
2021-09-02,381.970001,382.309998,379.149994,380.399994,369.174103,25453400
2021-09-03,379.220001,381.980011,379.200012,381.570007,370.309662,24605400
2021-09-07,381.679993,382.779999,380.489990,382.109985,370.833588,23970200
2021-09-08,381.929993,381.929993,378.450012,380.779999,369.542908,32949200
2021-09-09,381.010010,382.149994,379.220001,379.470001,368.271576,29399000
2021-09-10,381.230011,381.970001,376.250000,376.589996,365.476562,40249400
2021-09-13,378.989990,379.429993,374.220001,376.329987,365.224213,48741800
2021-09-14,377.859985,378.609985,374.279999,375.260010,364.185822,41826600
2021-09-15,375.730011,378.410004,373.369995,378.049988,366.893524,34097900
2021-09-16,376.679993,378.899994,374.700012,378.309998,367.145844,35193100
2021-09-17,377.820007,377.869995,372.760010,373.829987,362.798004,60912300
2021-09-20,367.459991,369.250000,360.929993,365.700012,355.301422,76203200
2021-09-21,367.579987,368.809998,364.989990,366.149994,355.738647,41927500
2021-09-22,367.089996,371.070007,365.959991,369.570007,359.061432,46972900
2021-09-23,370.760010,374.040009,370.100006,372.980011,362.374481,44652000
2021-09-24,370.649994,373.760010,370.269989,373.329987,362.714447,36056800
2021-09-27,370.200012,371.250000,367.730011,370.350006,359.819214,43338100
2021-09-28,365.670013,370.299988,359.350006,359.869995,349.637238,97701600
2021-09-29,361.170013,363.369995,358.640015,359.279999,349.063965,58076600
2021-09-30,360.970001,362.679993,357.100006,357.959991,347.781555,61384600
2021-10-01,358.600006,361.250000,354.380005,360.179993,349.938354,56375500
2021-10-04,358.519989,358.859985,350.320007,352.619995,342.593323,76766000
2021-10-05,353.709991,359.690002,353.480011,357.380005,347.218048,47232900
2021-10-06,354.079987,359.950012,353.149994,359.670013,349.442871,56806500
2021-10-07,362.799988,365.690002,362.250000,362.970001,352.649048,39411200
2021-10-08,364.079987,364.320007,360.609985,361.160004,350.890503,41822300
2021-10-11,359.579987,363.200012,358.299988,358.390015,348.199341,34847200
2021-10-12,359.880005,360.329987,356.480011,357.140015,346.984802,43905100
2021-10-13,359.510010,360.690002,357.429993,360.000000,349.763458,40120800
2021-10-14,363.690002,366.850006,363.010010,366.630005,356.205048,43433900
2021-10-15,367.880005,369.059998,366.820007,368.940002,358.449249,40419900
2021-10-18,367.609985,372.869995,366.989990,372.649994,362.053802,34513500
2021-10-19,373.750000,375.519989,372.700012,375.470001,364.793579,29091000
2021-10-20,375.940002,376.570007,373.459991,374.980011,364.317505,31390300
2021-10-21,374.160004,377.470001,373.850006,377.269989,366.542389,25469300
2021-10-22,375.980011,376.970001,372.390015,374.100006,363.462494,36275800
2021-10-25,375.559998,378.869995,373.559998,377.929993,367.183746,32597800
2021-10-26,380.230011,382.709991,377.910004,379.119995,368.339813,47191300
2021-10-27,379.579987,383.149994,379.309998,380.000000,369.194824,45760500
2021-10-28,381.950012,384.480011,381.160004,384.220001,373.294861,38007000
2021-10-29,381.059998,386.279999,380.700012,386.109985,375.131104,37310100
2021-11-01,386.559998,387.559998,384.420013,387.429993,376.413483,30765300
2021-11-02,386.799988,389.540009,386.750000,389.049988,377.987396,25135300
2021-11-03,389.549988,393.609985,388.480011,393.179993,381.999969,33748900
2021-11-04,394.480011,399.200012,393.920013,398.220001,386.896729,40265300
2021-11-05,400.040009,400.989990,397.160004,398.600006,387.265930,43383800
2021-11-08,398.570007,399.619995,397.399994,398.059998,386.741272,29256300
2021-11-09,399.160004,399.570007,393.920013,395.320007,384.079224,50490700
2021-11-10,392.470001,395.359985,387.529999,389.510010,378.434387,54937400
2021-11-11,392.570007,392.750000,390.239990,390.589996,379.483673,32243000
2021-11-12,391.769989,395.250000,390.130005,394.700012,383.476807,34730600
2021-11-15,395.910004,396.239990,392.100006,394.609985,383.389343,33716900
2021-11-16,393.859985,397.929993,393.660004,397.420013,386.119507,27872900
2021-11-17,397.750000,399.720001,396.640015,397.630005,386.323517,28703300
2021-11-18,399.730011,402.269989,397.450012,401.750000,390.326355,45721500
2021-11-19,403.429993,405.299988,402.579987,403.989990,392.502686,45191700
2021-11-22,405.570007,408.709991,399.190002,399.299988,387.946075,61715400
2021-11-23,398.109985,400.230011,392.920013,397.480011,386.177673,70098700
2021-11-24,394.929993,399.049988,392.540009,398.760010,387.421387,46954400
2021-11-26,396.109985,397.540009,389.769989,391.200012,380.076385,51533300
2021-11-29,395.890015,400.730011,395.140015,399.690002,388.324890,54447100
2021-11-30,398.779999,401.190002,391.750000,393.820007,382.621826,81332700
2021-12-01,398.279999,400.480011,386.640015,387.119995,376.112335,77766500
2021-12-02,385.799988,391.739990,384.339996,389.910004,378.823029,84416600
2021-12-03,391.309998,392.339996,378.899994,383.130005,372.235779,105349100
2021-12-06,383.630005,387.600006,379.299988,386.200012,375.218506,67588800
2021-12-07,393.029999,398.459991,392.989990,397.829987,386.517822,56005300
2021-12-08,398.170013,399.820007,396.220001,399.609985,388.247162,39204000
2021-12-09,398.350006,400.200012,393.529999,393.730011,382.534424,49973700
2021-12-10,396.619995,398.279999,393.359985,398.010010,386.692749,52545800
2021-12-13,398.000000,398.329987,391.880005,392.260010,381.106140,50166400
2021-12-14,387.299988,390.089996,383.630005,388.200012,377.161591,75199200
2021-12-15,387.940002,397.420013,383.880005,397.049988,385.759949,73858000
2021-12-16,398.040009,398.480011,385.209991,386.839996,375.840271,82591400
2021-12-17,383.329987,389.190002,381.769989,384.910004,373.965179,80492500
2021-12-20,379.570007,381.500000,377.470001,380.690002,370.337524,65336800
2021-12-21,384.049988,389.529999,380.200012,389.209991,378.625885,48899500
2021-12-22,388.910004,394.160004,388.230011,393.950012,383.237030,37042200
2021-12-23,394.309998,398.429993,394.140015,396.920013,386.126282,29595500
2021-12-27,398.250000,403.480011,398.220001,403.480011,392.507935,32820700
2021-12-28,404.399994,404.579987,400.709991,401.609985,390.688629,33113700
2021-12-29,401.750000,403.049988,399.109985,401.549988,390.630310,32248500
2021-12-30,401.329987,403.570007,399.750000,400.350006,389.462921,23850100
2021-12-31,399.660004,401.059998,397.339996,397.850006,387.031006,34752900
2022-01-03,399.049988,401.940002,396.880005,401.679993,390.756836,40575900
2022-01-04,402.239990,402.279999,393.290009,396.470001,385.688507,58027200
2022-01-05,394.739990,395.890015,384.029999,384.290009,373.839722,75739800
2022-01-06,382.420013,387.350006,380.130005,384.019989,373.576965,70814300
2022-01-07,384.029999,385.760010,378.040009,379.859985,369.530212,72652300
2022-01-10,374.820007,380.640015,369.309998,380.109985,369.773346,91770500
2022-01-11,379.359985,385.989990,377.220001,385.820007,375.328125,68295700
2022-01-12,388.459991,390.200012,385.010010,387.350006,376.816467,54576400
2022-01-13,388.769989,389.470001,376.700012,377.660004,367.390045,77994000
2022-01-14,375.070007,380.350006,374.859985,380.010010,369.676025,80121200
2022-01-18,374.040009,376.220001,369.769989,370.549988,360.473358,75450900
2022-01-19,372.149994,374.690002,366.209991,366.480011,356.514008,81791500
2022-01-20,369.790009,373.869995,361.170013,361.720001,351.883484,88610700
2022-01-21,359.470001,362.179993,351.399994,351.690002,342.126190,143388900
2022-01-24,345.910004,353.980011,334.149994,353.299988,343.692444,198685800
2022-01-25,346.670013,351.029999,341.679993,345.109985,335.725098,124398400
2022-01-26,352.910004,356.880005,340.779999,344.570007,335.199860,146559500
2022-01-27,349.399994,351.269989,340.049988,341.100006,331.824249,95255700
2022-01-28,343.029999,352.019989,337.950012,351.799988,342.233307,108167900
2022-01-31,353.200012,363.649994,351.519989,363.049988,353.177216,94326400
2022-02-01,364.429993,366.190002,359.140015,365.519989,355.580109,74433000
2022-02-02,369.760010,370.100006,364.290009,368.489990,358.469269,78777100
2022-02-03,358.529999,361.929993,352.459991,353.549988,343.935608,95384800
2022-02-04,354.079987,361.399994,351.970001,358.010010,348.274384,86318300
2022-02-07,358.619995,361.049988,353.839996,355.130005,345.472717,58198100
2022-02-08,353.959991,360.239990,352.799988,359.119995,349.354156,64720900
2022-02-09,363.760010,366.809998,362.119995,366.730011,356.757294,55766400
2022-02-10,359.519989,366.489990,356.540009,358.429993,348.682922,112468500
2022-02-11,358.429993,360.070007,345.799988,347.059998,337.622101,101569100
2022-02-14,346.489990,350.980011,343.890015,347.489990,338.040405,80254400
2022-02-15,352.910004,356.369995,351.820007,356.130005,346.445465,55128800
2022-02-16,353.820007,357.089996,350.709991,356.040009,346.357910,58947100
2022-02-17,352.739990,353.459991,345.019989,345.450012,336.055908,61801400
2022-02-18,346.410004,346.809998,339.140015,341.510010,332.223083,80001500
2022-02-22,338.489990,344.040009,334.350006,338.079987,328.886322,85967100
2022-02-23,341.320007,342.179993,329.100006,329.420013,320.461853,86215400
2022-02-24,318.839996,341.040009,318.260010,340.489990,331.230804,130614100
2022-02-25,341.309998,345.980011,337.390015,345.769989,336.367157,78842100
2022-02-28,342.510010,348.540009,341.320007,346.799988,337.369202,77515500
2022-03-01,345.750000,348.079987,338.899994,341.489990,332.203522,67407000
2022-03-02,343.079987,348.589996,340.239990,347.220001,337.777771,70609000
2022-03-03,349.929993,350.040009,340.350006,342.260010,332.952667,71089400
2022-03-04,339.839996,341.309998,334.920013,337.299988,328.127502,76936300
2022-03-07,337.290009,338.480011,324.649994,324.859985,316.025818,89933800
2022-03-08,324.049988,333.209991,319.940002,323.350006,314.556854,116153900
2022-03-09,331.750000,336.380005,329.089996,334.989990,325.880402,64723400
2022-03-10,330.820007,332.510010,326.709991,331.269989,322.261505,69362700
2022-03-11,334.320007,334.640015,323.899994,324.399994,315.578308,66228400
2022-03-14,323.130005,326.589996,317.450012,318.170013,309.517761,79802600
2022-03-15,320.880005,328.950012,319.230011,328.149994,319.226257,76471000
2022-03-16,332.170013,340.440002,328.399994,340.320007,331.065369,105243000
2022-03-17,338.369995,344.500000,337.040009,344.440002,335.073395,67810000
2022-03-18,342.739990,351.790009,341.549988,351.489990,341.931610,85446300
2022-03-21,350.200012,352.480011,345.579987,350.079987,340.980988,73799100
2022-03-22,350.589996,357.850006,350.200012,356.959991,347.682190,63345900
2022-03-23,354.010010,357.660004,351.769989,351.829987,342.685516,70615500
2022-03-24,353.799988,359.700012,351.589996,359.649994,350.302277,53555300
2022-03-25,359.589996,360.670013,354.940002,359.350006,350.010101,57584200
2022-03-28,359.339996,365.010010,358.070007,364.910004,355.425568,56833900
2022-03-29,368.899994,371.829987,366.059998,371.190002,361.542358,68073000
2022-03-30,369.279999,370.980011,365.570007,367.089996,357.548950,68757700
2022-03-31,367.239990,367.600006,361.679993,362.540009,353.117218,67011400
2022-04-01,362.809998,363.609985,358.589996,361.850006,352.445068,54527800
2022-04-04,362.709991,369.309998,362.440002,369.299988,359.701508,45950200
2022-04-05,367.809998,368.540009,359.929993,361.100006,351.714661,62738700
2022-04-06,355.649994,356.779999,350.559998,353.260010,344.078400,90077100
2022-04-07,352.239990,356.350006,348.690002,354.100006,344.896545,63777400
2022-04-08,352.320007,353.089996,348.500000,349.149994,340.075195,61956100
2022-04-11,344.809998,345.750000,340.540009,340.890015,332.029877,66107400
2022-04-12,345.760010,347.690002,338.040009,339.450012,330.627350,72790200
2022-04-13,339.799988,347.429993,339.059998,346.350006,337.347931,61367800
2022-04-14,346.440002,346.970001,338.209991,338.429993,329.633820,73519400
2022-04-18,337.350006,341.040009,335.790009,338.690002,329.887115,58560600
2022-04-19,338.029999,346.850006,336.980011,346.260010,337.260284,56515700
2022-04-20,347.089996,347.559998,339.959991,341.209991,332.341522,65500000
2022-04-21,345.190002,347.869995,333.200012,334.149994,325.465088,75801000
2022-04-22,334.309998,335.559998,324.959991,325.399994,316.942474,82562100
2022-04-25,323.730011,329.899994,322.429993,329.579987,321.013824,101755900
2022-04-26,327.470001,327.660004,316.859985,317.140015,308.897186,105819600
2022-04-27,317.239990,322.880005,315.000000,316.760010,308.527069,111204200
2022-04-28,321.850006,329.890015,317.519989,328.010010,319.484650,99450000
2022-04-29,323.700012,327.230011,312.600006,313.250000,305.108246,91977900
2022-05-02,312.829987,318.720001,309.649994,318.480011,310.202362,115511800
2022-05-03,318.500000,321.170013,315.980011,318.820007,310.533539,78185500
2022-05-04,319.309998,330.290009,313.890015,329.600006,321.033295,116083400
2022-05-05,325.170013,325.250000,309.619995,313.000000,304.864746,154607400
2022-05-06,310.950012,315.089996,305.109985,309.250000,301.212250,139572800
2022-05-09,303.480011,309.350006,295.720001,297.149994,289.426758,113387300
2022-05-10,304.510010,305.760010,296.570007,300.760010,292.942993,124124600
2022-05-11,298.440002,304.089996,290.950012,291.839996,284.254669,140326100
2022-05-12,287.450012,295.750000,284.940002,291.149994,283.582642,120910900
2022-05-13,295.720001,303.000000,294.079987,301.940002,294.092255,83684900
2022-05-16,300.149994,302.260010,297.130005,298.440002,290.683197,59190400
2022-05-17,304.450012,306.559998,300.549988,306.170013,298.212341,62715300
2022-05-18,301.540009,302.250000,289.850006,291.140015,283.572998,79477100
2022-05-19,289.290009,294.390015,287.579987,289.579987,282.053467,79920700
2022-05-20,293.130005,293.799988,280.209991,288.679993,281.176849,91764200
2022-05-23,289.750000,293.869995,287.290009,293.480011,285.852173,63648400
2022-05-24,288.130005,288.859985,282.250000,287.239990,279.774292,73491100
2022-05-25,285.709991,293.390015,285.500000,291.260010,283.689789,67144500
2022-05-26,290.440002,300.920013,290.149994,299.329987,291.550110,59462200
2022-05-27,302.540009,309.250000,302.420013,309.100006,301.066101,66985600
2022-05-31,309.070007,311.329987,304.329987,308.279999,300.267365,60968300
2022-06-01,310.470001,312.649994,303.730011,306.000000,298.046722,65341700
2022-06-02,304.850006,314.559998,303.399994,314.380005,306.208954,59291300
2022-06-03,309.029999,310.470001,304.920013,306.200012,298.241516,60914700
2022-06-06,310.750000,312.350006,305.619995,307.220001,299.235016,51785000
2022-06-07,303.809998,310.670013,302.690002,309.869995,301.816071,44900300
2022-06-08,309.049988,311.720001,306.769989,307.640015,299.644104,38342100
2022-06-09,305.910004,309.049988,299.230011,299.399994,291.618225,55900500
2022-06-10,293.649994,294.869995,288.380005,288.839996,281.332672,85963500
2022-06-13,279.750000,282.339996,274.529999,275.410004,268.251770,94442000
2022-06-14,277.660004,278.660004,273.339996,275.910004,268.738861,64697500
2022-06-15,279.420013,286.829987,276.609985,282.799988,275.449707,86051400
2022-06-16,275.589996,276.059998,269.279999,271.390015,264.336334,81910300
2022-06-17,272.179993,277.190002,270.510010,274.690002,267.550507,82703400
2022-06-21,278.750000,283.450012,278.640015,281.079987,274.300598,51633700
2022-06-22,278.519989,285.179993,277.910004,280.670013,273.900543,67472900
2022-06-23,283.209991,285.720001,280.309998,284.850006,277.979797,57457800
2022-06-24,287.739990,295.040009,287.500000,294.609985,287.504364,58422300
2022-06-27,296.000000,296.579987,291.290009,292.450012,285.396454,54151500
2022-06-28,293.000000,295.649994,283.350006,283.540009,276.701416,61609800
2022-06-29,283.399994,285.339996,280.839996,283.799988,276.955078,57302700
2022-06-30,280.750000,283.940002,275.779999,280.279999,273.519958,79313600
2022-07-01,278.950012,282.529999,277.029999,282.130005,275.325378,56675100
2022-07-05,278.309998,287.079987,276.750000,286.959991,280.038849,61829300
2022-07-06,287.350006,290.950012,285.589996,288.799988,281.834442,63194700
2022-07-07,289.630005,295.700012,289.630005,294.980011,287.865387,56620100
2022-07-08,292.079987,296.750000,291.119995,295.350006,288.226501,59895500
2022-07-11,292.880005,293.109985,288.140015,289.040009,282.068756,55273900
2022-07-12,290.320007,292.279999,284.609985,286.239990,279.336212,55797100
2022-07-13,280.600006,288.049988,280.019989,285.649994,278.760437,73939400
2022-07-14,282.989990,287.559998,279.799988,286.670013,279.755890,63741800
2022-07-15,289.730011,291.980011,288.079987,291.869995,284.830505,63818100
2022-07-18,294.720001,296.160004,288.200012,289.399994,282.420013,59519600
2022-07-19,293.109985,298.600006,291.470001,298.299988,291.105316,55172600
2022-07-20,298.730011,304.239990,297.929993,303.029999,295.721222,67769400
2022-07-21,303.500000,307.440002,300.779999,307.380005,299.966339,55049400
2022-07-22,306.429993,308.549988,300.119995,301.989990,294.706360,57127700
2022-07-25,302.019989,302.500000,298.220001,300.269989,293.027832,40582400
2022-07-26,298.529999,298.790009,293.540009,294.369995,287.270111,50074100
2022-07-27,299.040009,308.540009,298.459991,306.809998,299.410095,69304400
2022-07-28,306.589996,310.399994,302.750000,309.809998,302.337769,55139900
2022-07-29,311.390015,316.390015,309.929993,315.459991,307.851410,57501000
2022-08-01,313.649994,318.809998,312.529999,315.269989,307.666046,46358800
2022-08-02,312.920013,318.549988,311.839996,314.329987,306.748718,48676500
2022-08-03,316.049988,323.730011,315.989990,322.890015,315.102234,53735700
2022-08-04,322.970001,324.720001,320.769989,324.399994,316.575836,38973700
2022-08-05,319.190002,323.829987,318.390015,321.750000,313.989777,53894000
2022-08-08,322.690002,326.470001,319.209991,320.709991,312.974823,43878500
2022-08-09,318.769989,319.029999,315.420013,317.079987,309.432465,39764200
2022-08-10,324.589996,326.230011,322.059998,325.929993,318.068939,51459600
2022-08-11,328.309998,330.359985,323.359985,324.079987,316.263519,45897700
2022-08-12,326.179993,330.589996,325.100006,330.390015,322.421387,40928400
2022-08-15,329.420013,333.570007,329.399994,333.059998,325.026947,38266600
2022-08-16,332.059998,334.420013,329.160004,332.279999,324.265839,41186900
2022-08-17,329.070007,331.429993,326.359985,328.489990,320.567230,47842200
2022-08-18,328.440002,330.489990,326.790009,329.279999,321.338165,41937200
2022-08-19,326.170013,326.839996,322.079987,322.859985,315.072937,51770600
2022-08-22,318.500000,318.739990,313.529999,314.359985,306.777985,51098900
2022-08-23,314.119995,317.000000,313.329987,314.100006,306.524292,39497100
2022-08-24,313.609985,316.869995,312.989990,315.010010,307.412323,38057100
2022-08-25,316.829987,320.600006,315.760010,320.579987,312.847961,38098300
2022-08-26,320.279999,321.510010,307.350006,307.440002,300.024872,69047700
2022-08-29,304.619995,307.220001,303.279999,304.410004,297.067932,48321900
2022-08-30,306.100006,306.730011,298.440002,301.019989,293.759796,51184500
2022-08-31,303.989990,304.910004,299.160004,299.269989,292.051971,50044000
2022-09-01,296.720001,299.779999,292.950012,299.399994,292.178772,57990700
2022-09-02,302.339996,303.750000,293.519989,295.170013,288.050842,64666800
2022-09-06,295.660004,296.600006,290.869995,293.049988,285.981903,57005400
2022-09-07,293.540009,299.989990,293.269989,298.970001,291.759186,49260400
2022-09-08,296.850006,301.869995,295.450012,300.519989,293.271790,55649800
2022-09-09,302.829987,307.600006,300.519989,307.089996,299.683380,56125200
2022-09-12,308.500000,311.079987,308.179993,310.739990,303.245331,45905700
2022-09-13,301.799988,303.019989,292.790009,293.700012,286.616364,79562200
2022-09-14,294.869995,296.929993,293.059998,296.029999,288.890076,54907200
2022-09-15,294.070007,296.529999,289.459991,291.100006,284.078979,65299400
2022-09-16,287.720001,289.720001,285.619995,289.320007,282.341919,79920400
2022-09-19,286.100006,291.209991,286.040009,291.049988,284.540680,52613800
2022-09-20,288.489990,291.070007,286.380005,288.730011,282.272522,51271100
2022-09-21,289.589996,293.950012,283.420013,283.559998,277.218170,82931000
2022-09-22,282.000000,283.029999,278.820007,280.070007,273.806122,62757100
2022-09-23,277.549988,277.850006,272.019989,275.510010,269.348114,74815200
2022-09-26,275.029999,279.489990,273.559998,274.369995,268.233704,71176700
2022-09-27,277.809998,280.209991,272.109985,274.480011,268.341248,69780100
2022-09-28,274.459991,281.250000,272.950012,279.940002,273.679077,79652100
2022-09-29,275.859985,276.250000,268.839996,271.869995,265.789581,81216000
2022-09-30,271.029999,275.190002,267.100006,267.260010,261.282684,78482400
2022-10-03,269.070007,275.160004,267.529999,273.529999,267.412476,61267400
2022-10-04,278.989990,282.850006,278.989990,282.130005,275.820160,66696900
2022-10-05,278.279999,283.809998,275.420013,281.980011,275.673462,55766300
2022-10-06,280.959991,284.179993,279.429993,279.760010,273.503113,53489400
2022-10-07,275.019989,275.149994,267.739990,269.100006,263.081604,71354700
2022-10-10,269.299988,269.700012,263.640015,266.410004,260.451721,60393000
2022-10-11,264.700012,267.630005,261.029999,262.750000,256.873566,66522500
2022-10-12,263.399994,265.359985,261.950012,262.660004,256.785583,50580200
2022-10-13,255.160004,270.170013,254.259995,268.820007,262.807861,112894100
2022-10-14,271.200012,271.809998,260.140015,260.739990,254.908478,77244300
2022-10-17,266.839996,270.239990,266.739990,269.350006,263.325989,64576500
2022-10-18,276.529999,277.209991,268.739990,271.480011,265.408325,69781000
2022-10-19,269.929993,273.679993,268.070007,270.489990,264.440399,53115400
2022-10-20,269.579987,274.839996,267.920013,269.109985,263.091309,60605500
2022-10-21,267.980011,275.970001,266.820007,275.420013,269.260254,77897700
2022-10-24,275.690002,279.399994,271.970001,278.450012,272.222443,63963600
2022-10-25,279.410004,284.600006,277.899994,284.209991,277.853577,59014500
2022-10-26,278.459991,283.980011,277.429993,277.929993,271.714111,63492400
2022-10-27,276.790009,278.279999,272.339996,272.869995,266.767242,57760300
2022-10-28,272.230011,281.700012,272.059998,281.220001,274.930450,62651300
2022-10-31,278.920013,279.760010,275.989990,277.950012,271.733643,47742000
2022-11-01,281.500000,282.070007,274.739990,275.109985,268.957184,45895900
2022-11-02,275.079987,278.209991,265.609985,265.679993,259.738037,79803100
2022-11-03,263.010010,264.500000,260.100006,260.489990,254.664078,70038900
2022-11-04,265.529999,266.609985,259.079987,264.679993,258.760406,78313200
2022-11-07,265.750000,268.140015,263.570007,267.589996,261.605316,47333800
2022-11-08,269.140015,272.850006,265.519989,269.540009,263.511749,63213800
2022-11-09,267.760010,268.559998,263.029999,263.320007,257.430847,64862100
2022-11-10,276.010010,283.049988,273.850006,282.750000,276.426239,99256700
2022-11-11,282.559998,288.640015,281.190002,287.959991,281.519745,66961800
2022-11-14,285.859985,289.209991,284.440002,285.440002,279.056122,55290700
2022-11-15,292.209991,293.260010,285.970001,289.390015,282.917816,73985400
2022-11-16,287.390015,289.480011,284.600006,285.440002,279.056122,48859800
2022-11-17,280.880005,286.320007,280.720001,284.809998,278.440094,55462100
2022-11-18,287.890015,287.989990,282.320007,284.820007,278.449982,53588600
2022-11-21,283.399994,284.579987,281.040009,281.890015,275.585510,40083500
2022-11-22,282.640015,286.109985,280.459991,285.950012,279.554688,41873400
2022-11-23,285.970001,289.459991,285.790009,288.820007,282.360535,46390000
2022-11-25,287.190002,287.910004,286.420013,286.920013,280.503052,15498800
2022-11-28,284.899994,286.959991,281.760010,282.709991,276.387146,38714200
2022-11-29,282.940002,283.350006,279.170013,280.570007,274.295074,35618900
2022-11-30,280.839996,293.470001,279.970001,293.359985,286.798950,74718100
2022-12-01,293.690002,295.750000,290.880005,293.720001,287.150940,51547300
2022-12-02,288.540009,293.450012,288.359985,292.549988,286.007111,53583200
2022-12-05,290.380005,291.679993,286.149994,287.640015,281.206940,41482100
2022-12-06,287.480011,287.619995,280.260010,281.679993,275.380188,53937600
2022-12-07,280.470001,282.570007,278.779999,280.529999,274.255890,45614300
2022-12-08,281.910004,284.839996,279.790009,283.850006,277.501617,42594900
2022-12-09,282.809998,285.640015,281.589996,282.040009,275.732117,47860500
2022-12-12,282.220001,285.640015,281.160004,285.579987,279.192963,35732500
2022-12-13,296.649994,296.880005,285.910004,288.649994,282.194275,80667700
2022-12-14,288.049988,291.410004,283.190002,286.510010,280.102142,64984400
2022-12-15,282.329987,283.010010,275.670013,276.890015,270.697327,60554100
2022-12-16,276.200012,277.769989,272.609985,274.250000,268.116364,68300400
2022-12-19,273.869995,273.959991,268.489990,269.750000,264.348297,44167900
2022-12-20,268.559998,271.320007,266.950012,269.540009,264.142548,51064200
2022-12-21,270.600006,274.779999,269.739990,273.450012,267.974274,46394700
2022-12-22,270.380005,270.510010,262.459991,266.760010,261.418274,60278400
2022-12-23,265.470001,268.040009,263.529999,267.359985,262.006195,39373600
2022-12-27,266.739990,266.850006,263.029999,263.579987,258.301910,38009000
2022-12-28,263.170013,265.470001,259.730011,260.100006,254.891602,47139000
2022-12-29,262.959991,267.399994,262.250000,266.440002,261.104614,45893600
2022-12-30,263.619995,266.410004,262.290009,266.279999,260.947845,37858300
2023-01-03,268.649994,270.149994,262.130005,264.480011,259.183899,42335300
2023-01-04,266.640015,267.450012,262.529999,265.739990,260.418640,47754900
2023-01-05,264.040009,264.209991,261.260010,261.579987,256.341980,45396700
2023-01-06,263.350006,269.940002,260.339996,268.799988,263.417389,54659700
2023-01-09,270.829987,275.290009,269.920013,270.540009,265.122650,45568700
2023-01-10,269.489990,272.940002,268.970001,272.829987,267.366760,35247800
2023-01-11,273.920013,277.660004,273.119995,277.549988,271.992188,44077000
2023-01-12,278.119995,280.100006,273.739990,279.049988,273.462067,60600000
2023-01-13,276.500000,281.220001,276.160004,280.970001,275.343719,44802900
2023-01-17,280.769989,282.850006,279.579987,281.540009,275.902344,36269700
2023-01-18,283.109985,284.690002,277.670013,277.880005,272.315613,47754500
2023-01-19,276.220001,277.380005,273.890015,275.149994,269.640228,44150400
2023-01-20,276.790009,283.019989,275.709991,282.679993,277.019440,60613600
2023-01-23,283.540009,290.209991,282.730011,288.959991,283.173676,52799900
2023-01-24,287.309998,289.549988,286.779999,288.369995,282.595551,44875100
2023-01-25,283.769989,288.359985,281.179993,287.730011,281.968353,50872000
2023-01-26,291.220001,293.519989,288.519989,293.339996,287.465942,51596300
2023-01-27,292.000000,298.260010,291.880005,296.260010,290.327484,56441900
2023-01-30,292.929993,294.380005,289.890015,290.269989,284.457489,49405800
2023-01-31,290.309998,294.720001,290.200012,294.619995,288.720367,46705100
2023-02-01,294.410004,303.429993,292.299988,300.920013,294.894165,67562200
2023-02-02,307.570007,313.679993,306.730011,311.720001,305.477936,83070600
2023-02-03,304.940002,312.390015,304.540009,306.179993,300.048859,76170800
2023-02-06,303.510010,305.910004,302.220001,303.589996,297.510742,40802300
2023-02-07,303.459991,311.029999,302.320007,309.880005,303.674744,67584000
2023-02-08,308.540009,309.500000,303.670013,304.369995,298.275116,56720900
2023-02-09,308.839996,308.989990,300.200012,301.679993,295.638977,49137800
2023-02-10,299.480011,301.570007,297.250000,299.700012,293.698669,50050100
2023-02-13,301.130005,305.100006,299.929993,304.500000,298.402527,39636700
2023-02-14,302.890015,307.720001,300.910004,306.750000,300.607422,64079100
2023-02-15,304.899994,309.269989,304.200012,309.100006,302.910461,43100600
2023-02-16,304.380005,308.429993,303.149994,303.299988,297.226532,59498600
2023-02-17,301.070007,301.929993,298.100006,301.160004,295.129486,58230700
2023-02-21,297.260010,298.730011,293.890015,294.029999,288.142151,46526700
2023-02-22,294.619995,296.359985,292.559998,294.250000,288.357788,51389200
2023-02-23,297.970001,298.130005,292.549988,296.820007,290.876373,69294400
2023-02-24,291.760010,292.970001,290.049988,291.850006,286.005829,74332000
2023-02-27,295.070007,296.489990,293.339996,293.940002,288.054016,48995000
2023-02-28,293.299988,296.119995,292.959991,293.559998,287.681580,48243100
2023-03-01,293.260010,293.929993,290.200012,291.200012,285.368805,58287000
2023-03-02,288.660004,294.429993,288.369995,293.609985,287.730560,53565900
2023-03-03,295.390015,299.920013,294.869995,299.679993,293.679047,60511500
2023-03-06,300.940002,304.000000,299.820007,300.019989,294.012177,56736300
2023-03-07,300.070007,301.010010,295.720001,296.339996,290.405945,65955800
2023-03-08,296.769989,298.429993,294.880005,297.820007,291.856262,50876300
2023-03-09,298.329987,300.980011,291.829987,292.660004,286.799622,71456700
2023-03-10,292.829987,294.350006,287.380005,288.549988,282.771881,98593600
2023-03-13,286.730011,294.470001,285.190002,290.690002,284.869080,97123600
2023-03-14,294.309998,297.929993,293.450012,297.369995,291.415253,73602500
2023-03-15,294.709991,299.269989,293.239990,298.929993,292.944031,83631500
2023-03-16,298.000000,307.179993,297.190002,306.809998,300.666290,98198100
2023-03-17,306.720001,309.149994,303.369995,305.359985,299.245300,89923700
2023-03-20,304.260010,306.299988,302.010010,305.970001,300.307251,56359500
2023-03-21,307.940002,310.799988,306.399994,310.339996,304.596405,49757000
2023-03-22,310.269989,315.250000,305.950012,306.119995,300.454498,75791900
2023-03-23,309.920013,314.149994,307.010010,309.750000,304.017242,74576000
2023-03-24,309.320007,310.989990,306.950012,310.890015,305.136292,57195200
2023-03-27,311.600006,312.700012,307.890015,308.760010,303.045593,50287400
2023-03-28,308.170013,308.200012,304.769989,307.119995,301.435974,48585900
2023-03-29,310.880005,313.350006,310.049988,312.720001,306.932343,53274300
2023-03-30,315.239990,316.320007,312.809998,315.679993,309.837555,58354800
2023-03-31,315.910004,321.170013,315.600006,320.929993,314.990387,62138100
2023-04-03,318.769989,320.420013,317.420013,320.149994,314.224823,47126800
2023-04-04,320.600006,321.630005,317.829987,319.070007,313.164795,45875400
2023-04-05,318.100006,319.059998,314.070007,315.920013,310.073120,62795700
2023-04-06,314.239990,318.549988,312.820007,318.049988,312.163727,46916500
2023-04-10,315.070007,317.920013,313.250000,317.869995,311.987000,45134700
2023-04-11,317.829987,317.890015,315.309998,315.829987,309.984833,40113600
2023-04-12,317.820007,318.420013,312.570007,313.040009,307.246399,62813300
2023-04-13,314.829987,319.649994,313.630005,319.170013,313.263000,54613800
2023-04-14,317.589996,320.359985,315.609985,318.570007,312.674103,56278300
2023-04-17,318.149994,319.200012,316.040009,318.839996,312.939148,43007000
2023-04-18,320.989990,321.420013,317.640015,318.859985,312.958740,46746900
2023-04-19,316.410004,319.790009,316.279999,318.709991,312.811493,38960100
2023-04-20,315.690002,319.269989,314.970001,316.279999,310.426422,62462100
2023-04-21,315.910004,317.399994,314.100006,316.609985,310.750305,59002300
2023-04-24,316.380005,317.739990,313.739990,315.950012,310.102600,44043100
2023-04-25,314.290009,314.970001,309.890015,309.989990,304.252838,57121600
2023-04-26,313.440002,314.940002,311.339996,311.869995,306.098053,55400500
2023-04-27,315.700012,320.859985,315.049988,320.350006,314.421173,65430400
2023-04-28,320.109985,322.649994,318.959991,322.559998,316.590240,59712600
2023-05-01,322.089996,323.630005,321.089996,322.190002,316.227051,41013400
2023-05-02,322.119995,322.450012,317.609985,319.380005,313.469116,56519400
2023-05-03,319.750000,322.470001,317.179993,317.290009,311.417725,59882100
2023-05-04,317.059998,318.230011,315.119995,316.170013,310.318481,50224500
2023-05-05,318.470001,323.760010,316.209991,322.890015,316.914154,51806100
2023-05-08,322.420013,324.040009,321.320007,323.690002,317.699280,36465800
2023-05-09,322.000000,322.880005,321.320007,321.640015,315.687256,31768800
2023-05-10,324.119995,326.010010,321.600006,325.140015,319.122498,60446600
2023-05-11,325.700012,326.750000,324.119995,326.200012,320.162872,44278500
2023-05-12,326.739990,327.170013,322.940002,325.029999,319.014557,48432800
2023-05-15,325.510010,327.029999,323.959991,326.790009,320.741943,33375600
2023-05-16,326.059998,328.899994,326.019989,327.160004,321.105072,40019200
2023-05-17,328.239990,331.709991,327.040009,331.119995,324.991821,47486100
2023-05-18,331.519989,337.489990,331.500000,337.269989,331.028015,64213500
2023-05-19,337.489990,338.209991,335.429993,336.510010,330.282104,61554900
2023-05-22,336.250000,338.670013,336.239990,337.640015,331.391174,43015900
2023-05-23,335.890015,337.059998,333.000000,333.359985,327.190338,48216700
2023-05-24,331.369995,332.910004,329.559998,331.649994,325.511993,62891200
2023-05-25,339.140015,341.010010,336.670013,339.720001,333.432678,66862800
2023-05-26,340.760010,349.250000,340.660004,348.399994,341.952026,63007000
2023-05-30,352.709991,353.929993,348.529999,349.980011,343.502716,72652200
2023-05-31,348.369995,350.600006,346.510010,347.989990,341.549622,65105400
2023-06-01,347.730011,353.359985,346.660004,352.010010,345.495270,50488600
2023-06-02,353.799988,355.829987,352.010010,354.649994,348.086304,53372100
2023-06-05,354.429993,357.500000,353.850006,354.899994,348.331726,47266200
2023-06-06,354.279999,355.820007,352.929993,354.839996,348.272766,41390400
2023-06-07,355.130005,357.119995,348.179993,348.820007,342.364227,69225900
2023-06-08,349.119995,353.619995,348.890015,353.149994,346.614105,47153900
2023-06-09,354.630005,357.660004,353.029999,354.500000,347.939117,53196900
2023-06-12,356.190002,360.589996,355.200012,360.489990,353.818268,44606500
2023-06-13,363.290009,364.109985,360.029999,363.260010,356.537018,57097800
2023-06-14,363.269989,366.190002,360.420013,365.899994,359.128143,69525600
2023-06-15,364.609985,371.769989,363.980011,370.260010,363.407501,71138800
2023-06-16,372.720001,372.850006,367.480011,367.929993,361.120544,80932000
2023-06-20,365.950012,368.320007,363.890015,366.899994,360.603546,49204700
2023-06-21,365.739990,366.179993,360.959991,361.899994,355.689392,53378300
2023-06-22,360.630005,366.329987,360.220001,366.170013,359.886108,47603000
2023-06-23,362.209991,364.880005,360.820007,362.540009,356.318481,48922900
2023-06-26,362.000000,364.839996,357.589996,357.679993,351.541748,52685500
2023-06-27,359.250000,364.570007,358.510010,363.829987,357.586304,49428100
2023-06-28,361.980011,366.519989,361.899994,364.540009,358.284058,46498000
2023-06-29,364.239990,364.890015,362.140015,363.809998,357.566589,46151000
2023-06-30,367.549988,370.489990,367.230011,369.420013,363.080383,58712500
2023-07-03,370.070007,370.929993,368.970001,370.290009,363.935394,19432900
2023-07-05,368.700012,372.010010,368.660004,370.279999,363.925598,34460900
2023-07-06,366.510010,367.910004,364.519989,367.459991,361.154022,49374700
2023-07-07,367.230011,370.480011,366.010010,366.239990,359.954865,47133700
2023-07-10,365.959991,367.049988,363.410004,366.359985,360.072815,48498800
2023-07-11,366.790009,368.630005,364.619995,368.170013,361.851868,38214100
2023-07-12,372.339996,374.190002,370.299988,372.820007,366.422028,61975400
2023-07-13,376.049988,379.989990,375.459991,379.149994,372.643341,46960000
2023-07-14,379.589996,382.859985,378.179993,379.070007,372.564728,55148500
2023-07-17,379.799988,383.500000,379.309998,382.609985,376.044006,40868900
2023-07-18,381.959991,387.130005,380.000000,385.739990,379.120270,55262000
2023-07-19,386.820007,387.980011,384.299988,385.649994,379.031830,54093000
2023-07-20,382.609985,384.100006,375.720001,376.760010,370.294373,71941700
2023-07-21,379.179993,379.920013,375.190002,375.630005,369.183838,60499600
2023-07-24,376.619995,377.579987,374.339996,376.230011,369.773468,40380100
2023-07-25,376.950012,380.470001,376.929993,378.779999,372.279755,38894400
2023-07-26,377.720001,379.239990,375.179993,377.519989,371.041351,47075700
2023-07-27,383.070007,384.709991,375.309998,376.619995,370.156799,63940200
2023-07-28,380.739990,384.519989,380.220001,383.480011,376.899078,56902900
2023-07-31,383.790009,384.880005,382.339996,383.679993,377.095642,44019900
2023-08-01,382.309998,383.559998,380.690002,382.790009,376.220886,41060600
2023-08-02,379.260010,379.260010,373.130005,374.390015,367.964996,72687100
2023-08-03,371.940002,375.950012,371.769989,373.790009,367.375366,47666400
2023-08-04,375.750000,378.100006,371.529999,372.040009,365.655365,61702800
2023-08-07,373.880005,375.290009,371.510010,375.190002,368.751312,37230400
2023-08-08,372.640015,372.660004,368.820007,372.000000,365.616058,44726500
2023-08-09,372.290009,372.450012,367.140015,367.910004,361.596252,51150900
2023-08-10,370.970001,374.359985,367.040009,368.589996,362.264496,72035300
2023-08-11,365.989990,368.000000,364.690002,366.239990,359.954865,48707200
2023-08-14,365.429993,370.470001,364.700012,370.350006,363.994415,42130800
2023-08-15,369.359985,370.170013,365.739990,366.420013,360.131836,45539900
2023-08-16,365.869995,367.429993,362.440002,362.540009,356.318481,53190500
2023-08-17,363.959991,364.309998,358.160004,358.579987,352.426300,62604300
2023-08-18,355.260010,359.410004,354.709991,358.130005,351.984100,61191400
2023-08-21,359.619995,364.589996,359.149994,363.899994,357.655060,50696500
2023-08-22,366.549988,366.559998,362.679993,363.380005,357.144012,44530200
2023-08-23,364.579987,370.220001,364.359985,369.109985,362.775635,51770600
2023-08-24,372.640015,372.739990,361.010010,361.220001,355.021088,66842500
2023-08-25,362.070007,365.739990,358.579987,364.019989,357.772980,69960500
2023-08-28,366.989990,367.709991,364.250000,366.760010,360.466003,40910000
2023-08-29,366.559998,375.130005,366.230011,374.769989,368.338470,58492400
2023-08-30,374.880005,377.450012,373.859985,376.859985,370.392639,41731500
2023-08-31,376.940002,379.720001,376.869995,377.989990,371.503204,35730700
2023-09-01,380.399994,380.829987,376.079987,377.589996,371.110107,39801200
2023-09-05,376.769989,379.309998,375.829987,378.070007,371.581940,32344200
2023-09-06,377.279999,377.630005,372.700012,374.739990,368.309052,42998700
2023-09-07,370.209991,372.850006,369.149994,372.059998,365.675018,52060700
2023-09-08,372.010010,374.850006,371.600006,372.579987,366.186127,35800100
2023-09-11,375.660004,377.489990,373.660004,376.970001,370.500824,39936600
2023-09-12,375.269989,376.950012,372.500000,372.790009,366.392487,41391000
2023-09-13,373.029999,375.839996,371.880005,374.209991,367.788177,46300700
2023-09-14,375.989990,378.269989,373.890015,377.269989,370.795593,48039400
2023-09-15,375.910004,376.320007,369.859985,370.809998,364.446503,69811200
2023-09-18,369.320007,371.790009,369.029999,370.660004,364.826416,36903500
2023-09-19,369.320007,370.679993,366.799988,369.869995,364.048828,37621700
2023-09-20,370.950012,371.309998,364.459991,364.540009,358.802734,45514200
2023-09-21,360.799988,361.600006,357.690002,357.859985,352.227844,69734800
2023-09-22,359.630005,361.799988,357.589996,357.910004,352.277130,51589700
2023-09-25,356.929993,359.700012,355.929993,359.609985,353.950317,39168000
2023-09-26,356.989990,357.540009,353.209991,354.209991,348.635284,53657700
2023-09-27,355.380005,356.980011,351.359985,355.040009,349.452240,56066000
2023-09-28,354.109985,360.170013,353.239990,358.010010,352.375519,56453300
2023-09-29,361.540009,362.950012,357.019989,358.269989,352.631409,64829600
2023-10-02,358.540009,362.679993,357.920013,361.260010,355.574341,51625100
2023-10-03,358.779999,361.010010,353.279999,354.920013,349.334137,60478500
2023-10-04,355.769989,360.609985,355.299988,359.750000,354.088165,54786700
2023-10-05,359.739990,360.149994,355.140015,358.690002,353.044739,45897400
2023-10-06,355.649994,365.910004,354.850006,364.700012,358.960205,75049100
2023-10-09,362.299988,367.109985,360.779999,366.559998,360.790924,45304800
2023-10-10,366.899994,371.279999,366.390015,368.589996,362.788940,46968800
2023-10-11,369.940002,371.410004,368.190002,371.220001,365.377563,38215100
2023-10-12,371.730011,373.739990,367.500000,369.929993,364.107880,49587900
2023-10-13,370.570007,371.160004,363.859985,365.279999,359.531097,52469900
2023-10-16,366.619995,370.480011,366.470001,369.410004,363.596069,44201100
2023-10-17,365.809998,369.920013,363.660004,368.200012,362.405090,50999100
2023-10-18,365.670013,367.910004,362.019989,363.369995,357.651093,54280500
2023-10-19,364.809998,366.019989,359.160004,359.970001,354.304596,72274200
2023-10-20,359.459991,360.040009,354.369995,354.600006,349.019104,72559700
2023-10-23,353.260010,359.260010,351.119995,355.670013,350.072296,60665200
2023-10-24,357.510010,359.910004,355.790009,359.130005,353.477905,47082100
2023-10-25,356.700012,356.880005,349.750000,350.339996,344.826263,71190500
2023-10-26,349.119995,350.070007,342.350006,343.660004,338.251343,78621400
2023-10-27,346.429993,348.839996,344.079987,345.309998,339.875366,63476700
2023-10-30,347.829987,350.540009,346.450012,349.200012,343.704193,55298500
2023-10-31,349.230011,351.250000,346.619995,350.869995,345.347900,47671900
2023-11-01,351.720001,357.529999,351.619995,356.959991,351.342041,58992700
2023-11-02,361.540009,363.679993,360.299988,363.440002,357.720032,58162400
2023-11-03,364.750000,369.019989,364.519989,367.709991,361.922821,53280500
2023-11-06,368.489990,369.779999,366.910004,369.209991,363.399170,38848700
2023-11-07,370.269989,373.579987,369.049988,372.700012,366.834320,50777400
2023-11-08,373.079987,373.790009,370.619995,372.940002,367.070496,35663400
2023-11-09,373.640015,374.799988,369.570007,370.070007,364.245697,53859400
2023-11-10,371.820007,378.540009,371.279999,378.390015,372.434784,58309800
2023-11-13,376.790009,378.279999,375.239990,377.209991,371.273346,40733500
2023-11-14,383.709991,386.260010,383.179993,385.329987,379.265533,67792600
2023-11-15,387.250000,387.750000,384.239990,385.619995,379.550934,54141400
2023-11-16,384.839996,386.190002,383.559998,385.950012,379.875793,45343500
2023-11-17,385.209991,387.070007,384.290009,386.040009,379.964355,46571900
2023-11-20,386.049988,391.410004,386.049988,390.739990,384.590363,44429600
2023-11-21,389.010010,389.230011,386.700012,388.470001,382.356110,43337000
2023-11-22,390.570007,393.070007,389.040009,390.059998,383.921051,44121000
2023-11-24,389.649994,390.250000,388.500000,389.510010,383.379730,15718800
2023-11-27,389.010010,391.149994,388.279999,389.170013,383.045074,34139700
2023-11-28,388.410004,390.779999,388.049988,390.190002,384.049011,35491100
2023-11-29,392.690002,394.140015,389.459991,389.809998,383.675079,38811700
2023-11-30,390.079987,390.549988,385.820007,388.829987,382.710388,52834400
2023-12-01,387.750000,390.540009,386.070007,389.940002,383.802979,40490100
2023-12-04,386.089996,386.600006,382.660004,386.320007,380.239929,51186900
2023-12-05,384.390015,388.500000,384.209991,387.290009,381.194702,42933000
2023-12-06,390.269989,390.369995,384.700012,385.049988,378.989868,41994100
2023-12-07,388.070007,391.269989,386.959991,390.429993,384.285278,49593500
2023-12-08,388.670013,392.619995,388.480011,392.170013,385.997833,46687500
2023-12-11,391.739990,395.790009,391.529999,395.519989,389.295135,41198000
2023-12-12,395.559998,398.790009,394.410004,398.670013,392.395630,39221200
2023-12-13,399.619995,404.359985,398.839996,403.739990,397.385773,55408100
2023-12-14,404.980011,406.299988,400.339996,403.390015,397.041260,55447800
2023-12-15,404.179993,406.540009,403.570007,405.339996,398.960663,62896600
2023-12-18,404.929993,407.989990,404.600006,407.079987,401.473450,46610000
2023-12-19,407.540009,409.279999,407.350006,409.160004,403.524811,35711900
2023-12-20,408.350006,410.470001,402.899994,403.079987,397.528656,54042400
2023-12-21,407.059998,408.140015,404.470001,407.769989,402.154053,45568900
2023-12-22,409.000000,409.970001,406.480011,408.380005,402.755615,34314000
2023-12-26,409.250000,411.559998,409.149994,410.880005,405.221191,22722500
2023-12-27,410.950012,411.790009,410.079987,411.500000,406.046112,31980500
2023-12-28,412.670013,412.920013,410.940002,411.299988,405.848785,27029200
2023-12-29,411.279999,411.640015,407.579987,409.519989,404.092346,42662100
2024-01-02,405.839996,406.089996,400.239990,402.589996,397.254211,58026900
2024-01-03,399.929993,401.000000,397.890015,398.329987,393.050629,47002800
2024-01-04,396.440002,399.589996,396.059998,396.279999,391.027832,39432800
2024-01-05,396.450012,399.559998,395.339996,396.750000,391.491577,44922800
2024-01-08,397.989990,405.239990,397.839996,404.950012,399.582886,42473800
2024-01-09,401.910004,406.690002,401.709991,405.750000,400.372284,39132900
2024-01-10,406.070007,409.519989,405.170013,408.500000,403.085846,33962800
2024-01-11,409.790009,411.200012,404.239990,409.350006,403.924591,54536200
2024-01-12,410.399994,411.250000,408.149994,409.559998,404.131775,39595000
2024-01-16,408.309998,411.119995,406.829987,409.519989,404.092346,43903000
2024-01-17,406.170013,407.589996,402.920013,407.209991,401.812927,54386000
2024-01-18,410.519989,413.579987,409.160004,412.989990,407.516357,59562500
2024-01-19,415.220001,421.339996,414.630005,421.179993,415.597748,70325100
2024-01-22,423.410004,424.730011,421.119995,421.730011,416.140533,44880600
2024-01-23,422.429993,423.700012,420.570007,423.480011,417.867310,33003800
2024-01-24,427.440002,429.850006,425.329987,425.829987,420.186127,46948000
2024-01-25,428.359985,429.040009,423.980011,426.350006,420.699310,44367200
2024-01-26,424.440002,426.209991,423.149994,423.809998,418.192963,37137000
2024-01-29,424.269989,428.350006,423.609985,428.149994,422.475464,38694700
2024-01-30,427.100006,427.679993,424.380005,425.299988,419.663147,36739000
2024-01-31,420.850006,422.869995,416.790009,416.970001,411.443634,64010600
2024-02-01,418.790009,422.380005,417.809998,421.880005,416.288544,51008600
2024-02-02,423.799988,430.239990,422.790009,429.010010,423.324036,59602400
2024-02-05,429.070007,429.609985,425.000000,428.450012,422.771423,39889200
2024-02-06,429.609985,430.220001,425.220001,427.589996,421.922913,35846100
2024-02-07,430.410004,432.829987,429.089996,431.989990,426.264557,37712700
2024-02-08,432.109985,433.559998,431.420013,432.790009,427.053925,29889900
2024-02-09,433.940002,437.850006,433.140015,437.049988,431.257477,36943900
2024-02-12,436.940002,439.140015,434.649994,435.339996,429.570160,33203300
2024-02-13,427.279999,431.269989,425.329987,428.549988,422.870117,64491700
2024-02-14,431.260010,433.649994,428.880005,433.220001,427.478180,45092700
2024-02-15,433.920013,434.980011,431.329987,434.510010,428.751160,38796100
2024-02-16,434.890015,434.989990,429.850006,430.570007,424.863342,53716500
2024-02-20,428.549988,430.079987,423.500000,427.320007,421.656403,53999500
2024-02-21,424.549988,425.700012,421.630005,425.609985,419.969086,49779000
2024-02-22,434.489990,439.119995,433.709991,438.070007,432.264008,53887800
2024-02-23,439.649994,440.589996,435.790009,436.779999,430.991028,39853900
2024-02-26,437.600006,438.600006,436.359985,436.549988,430.764038,33043200
2024-02-27,437.670013,437.989990,435.029999,437.600006,431.800171,33713200
2024-02-28,435.429993,436.670013,434.299988,435.269989,429.501038,32938800
2024-02-29,438.230011,440.089996,435.019989,439.000000,433.181610,42495200
2024-03-01,439.899994,446.579987,439.839996,445.609985,439.703949,43853000
2024-03-04,445.609985,446.040009,443.769989,444.019989,438.135101,34325700
2024-03-05,440.940002,440.950012,433.649994,436.049988,430.270752,57917100
2024-03-06,440.320007,441.989990,436.890015,438.790009,432.974457,46234500
2024-03-07,442.420013,446.720001,440.859985,445.450012,439.546143,44526700
2024-03-08,445.809998,448.640015,438.339996,439.019989,433.201355,72096000
2024-03-11,437.510010,438.660004,435.440002,437.390015,431.592957,45860000
2024-03-12,439.730011,444.019989,436.459991,443.660004,437.779938,55300900
2024-03-13,442.649994,442.670013,439.119995,440.250000,434.415070,37928700
2024-03-14,441.500000,442.029999,436.390015,439.140015,433.319763,52195200
2024-03-15,436.070007,438.869995,432.739990,433.920013,428.168945,73069800
2024-03-18,438.730011,441.040009,437.239990,437.480011,432.252625,47323800
2024-03-19,435.450012,438.980011,433.329987,438.570007,433.329590,43004100
2024-03-20,439.779999,444.109985,438.059998,443.769989,438.467438,43653500
2024-03-21,448.880005,449.339996,445.670013,445.869995,440.542328,39345700
2024-03-22,445.350006,447.489990,444.489990,446.380005,441.046234,28253900
2024-03-25,443.549988,446.260010,442.540009,444.760010,439.445587,27789200
2024-03-26,446.299988,447.230011,443.089996,443.320007,438.022797,34142000
2024-03-27,446.440002,446.540009,441.929993,444.829987,439.514709,41359200
2024-03-28,444.779999,445.640015,443.649994,444.010010,438.704559,36839600
2024-04-01,444.970001,447.529999,443.019989,444.950012,439.633331,38729000
2024-04-02,440.079987,441.429993,438.029999,441.109985,435.839172,44259700
2024-04-03,438.959991,444.000000,438.950012,442.100006,436.817383,39949800
2024-04-04,446.329987,446.950012,435.109985,435.339996,430.138123,57267700
2024-04-05,436.779999,443.170013,435.959991,440.470001,435.206848,54744600
2024-04-08,441.410004,442.500000,439.200012,440.600006,435.335297,28144900
2024-04-09,442.959991,443.239990,437.440002,442.230011,436.945801,39443600
2024-04-10,437.000000,439.239990,436.279999,438.369995,433.131989,61502200
2024-04-11,440.260010,446.329987,437.959991,445.369995,440.048309,45474600
2024-04-12,441.100006,442.239990,436.880005,438.269989,433.033142,53665000
2024-04-15,442.059998,442.149994,430.209991,431.059998,425.909271,63453600
2024-04-16,430.899994,433.760010,429.700012,431.100006,425.948792,47619000
2024-04-17,433.100006,433.119995,424.899994,425.839996,420.751709,56880500
2024-04-18,426.489990,428.239990,422.829987,423.410004,418.350708,46549400
2024-04-19,422.220001,422.750000,413.070007,414.649994,409.695404,75231000
2024-04-22,417.309998,421.179993,413.940002,418.820007,413.815552,47807700
2024-04-23,420.769989,426.279999,418.869995,425.070007,419.990875,44384700
2024-04-24,428.200012,429.730011,424.200012,426.510010,421.413666,48440300
2024-04-25,419.239990,425.320007,418.140015,424.450012,419.378326,57392200
2024-04-26,427.619995,432.549988,426.920013,431.000000,425.850006,41874900
2024-04-29,433.130005,433.760010,429.980011,432.750000,427.579071,30022200
2024-04-30,431.149994,432.559998,424.510010,424.589996,419.516632,43665900
2024-05-01,423.149994,430.140015,420.660004,421.519989,416.483307,52251700
2024-05-02,425.299988,427.809998,420.630005,426.899994,421.798981,36559000
2024-05-03,434.440002,436.480011,432.619995,435.480011,430.276489,48515300
2024-05-06,437.299988,440.339996,436.519989,440.250000,434.989502,30227200
2024-05-07,440.700012,441.970001,439.579987,440.320007,435.058624,30996100
2024-05-08,437.670013,441.480011,437.549988,440.059998,434.801727,24896700
2024-05-09,440.329987,441.600006,438.459991,441.019989,435.750244,24580100
2024-05-10,442.540009,444.309998,440.500000,442.059998,436.777863,27116600
2024-05-13,443.989990,444.089996,441.649994,443.079987,437.785614,22994200
2024-05-14,442.649994,446.470001,442.459991,445.929993,440.601593,34478300
2024-05-15,448.429993,453.149994,446.899994,452.899994,447.488342,41464700
2024-05-16,452.709991,454.690002,451.809998,451.980011,446.579346,34780400
2024-05-17,452.109985,452.720001,449.540009,451.760010,446.361908,35803700
2024-05-20,451.980011,455.579987,451.790009,454.910004,449.474304,24474200
2024-05-21,453.040009,455.989990,452.839996,455.799988,450.353668,23167700
2024-05-22,456.059998,456.820007,453.079987,455.709991,450.264801,25120000
2024-05-23,460.549988,460.579987,451.850006,453.660004,448.239227,40899200
2024-05-24,455.290009,459.230011,453.570007,457.950012,452.477966,29669500
2024-05-28,459.179993,459.739990,456.690002,459.679993,454.187317,26216800
2024-05-29,455.480011,458.239990,455.339996,456.440002,450.986023,29739200
2024-05-30,455.500000,455.640015,450.209991,451.549988,446.154480,30536800
2024-05-31,451.779999,452.480011,443.059998,450.709991,445.324493,55941300
2024-06-03,454.570007,455.579987,447.899994,453.130005,447.715576,32997500
2024-06-04,452.869995,455.579987,451.130005,454.369995,448.940735,23767400
2024-06-05,457.980011,463.609985,454.410004,463.529999,457.991333,33817400
2024-06-06,464.220001,464.540009,462.190002,463.369995,457.833221,21966800
2024-06-07,463.000000,465.739990,461.839996,462.959991,457.428070,25829700
2024-06-10,461.820007,465.190002,461.529999,464.829987,459.275757,20660800
2024-06-11,463.540009,468.140015,462.029999,468.019989,462.427673,22053300
2024-06-12,471.989990,476.500000,471.290009,474.149994,468.484375,34532600
2024-06-13,477.720001,478.390015,474.420013,476.720001,471.023712,25859000
2024-06-14,476.519989,479.260010,476.049988,479.190002,473.464203,23372600
2024-06-17,479.459991,486.859985,478.140015,485.059998,479.264038,37054500
2024-06-18,485.010010,485.899994,483.429993,485.209991,479.412201,24438600
2024-06-20,486.420013,486.839996,479.619995,481.470001,475.716888,33918700
2024-06-21,481.190002,482.540009,478.670013,480.179993,474.442322,37456800
2024-06-24,478.179993,479.929993,473.820007,473.959991,469.040985,37751000
2024-06-25,476.070007,479.679993,475.119995,479.380005,474.404755,29014700
2024-06-26,478.549988,480.920013,478.130005,480.369995,475.384460,22737100
2024-06-27,480.119995,483.100006,479.299988,481.609985,476.611572,26222100
2024-06-28,482.410004,487.200012,478.459991,479.109985,474.137604,34881600
2024-07-01,480.040009,482.489990,476.260010,481.920013,476.918457,24898300
2024-07-02,480.410004,487.040009,480.279999,486.980011,481.925873,26723600
2024-07-03,486.220001,491.170013,486.220001,491.040009,485.943756,18064900
2024-07-05,491.890015,496.600006,491.589996,496.160004,491.010620,28495900
2024-07-08,496.529999,497.899994,495.500000,497.339996,492.178345,22109400
2024-07-09,498.869995,500.000000,496.239990,497.769989,492.603882,25614500
2024-07-10,499.709991,503.519989,498.390015,502.959991,497.739990,28046900
2024-07-11,503.070007,503.279999,490.730011,491.929993,486.824493,49966600
2024-07-12,492.510010,499.619995,492.040009,494.820007,489.684509,37109400
2024-07-15,496.609985,501.010010,494.089996,496.149994,491.000671,31151400
2024-07-16,497.619995,498.440002,493.149994,496.339996,491.188751,25950600
2024-07-17,488.279999,488.799988,481.700012,481.769989,476.769958,56268800
2024-07-18,485.529999,485.709991,476.269989,479.489990,474.513611,49347400
2024-07-19,479.149994,481.690002,473.940002,475.239990,470.307678,42042900
2024-07-22,481.160004,483.350006,477.709991,482.320007,477.314270,40300000
2024-07-23,481.410004,484.429993,480.140015,480.619995,475.631897,23282500
2024-07-24,473.820007,474.190002,462.510010,463.380005,458.570831,58818600
2024-07-25,463.720001,467.940002,455.630005,458.269989,453.513794,59256800
2024-07-26,462.649994,465.929993,459.769989,462.970001,458.165070,39992100
2024-07-29,465.709991,467.910004,461.619995,463.899994,459.085419,28218500
2024-07-30,465.850006,466.559998,454.149994,457.529999,452.781494,41317200
2024-07-31,467.869995,472.790009,466.410004,471.070007,466.181000,44552100
2024-08-01,471.760010,475.549988,455.980011,459.660004,454.889404,56653900
2024-08-02,450.890015,453.570007,444.470001,448.750000,444.092621,66323200
2024-08-05,424.709991,442.290009,423.450012,435.369995,430.851501,87483500
2024-08-06,437.230011,447.070007,434.559998,439.529999,434.968323,63164400
2024-08-07,446.489990,449.000000,434.369995,434.769989,430.257690,54929200
2024-08-08,441.059998,448.989990,437.149994,448.070007,443.419739,47890100
2024-08-09,446.739990,452.059998,445.609985,450.410004,445.735413,33574000
2024-08-12,451.390015,454.369995,448.549988,451.380005,446.695343,27795000
2024-08-13,455.820007,462.850006,455.679993,462.579987,457.779053,40084500
2024-08-14,463.510010,465.109985,458.399994,462.730011,457.927551,34733700
2024-08-15,468.760010,474.820007,468.380005,474.420013,469.496277,38280600
2024-08-16,472.619995,476.410004,471.649994,475.029999,470.099915,38383600
2024-08-19,475.170013,481.309998,473.369995,481.269989,476.275085,23737700
2024-08-20,480.350006,482.940002,478.549988,480.260010,475.275665,29209300
2024-08-21,481.049988,484.369995,479.320007,482.500000,477.492340,25658800
2024-08-22,484.839996,485.540009,473.809998,474.850006,469.921783,37739600
2024-08-23,479.239990,482.739990,475.279999,480.000000,475.018311,36061500
2024-08-26,479.450012,480.380005,473.239990,475.339996,470.406677,27452600
2024-08-27,473.690002,477.839996,471.709991,476.760010,471.811951,27510000
2024-08-28,476.290009,477.019989,467.890015,471.350006,466.458099,37372400
2024-08-29,473.279999,477.929993,469.369995,470.660004,465.775269,41081500
2024-08-30,475.040009,476.899994,470.510010,476.269989,471.326965,33466500
2024-09-03,473.200012,473.329987,459.410004,461.809998,457.017120,44985200
2024-09-04,458.670013,464.450012,457.730011,460.609985,455.829529,32505100
2024-09-05,458.970001,465.359985,457.940002,461.040009,456.255127,34452400
2024-09-06,460.329987,461.220001,448.190002,448.690002,444.033295,50624400
2024-09-09,453.059998,455.459991,449.820007,454.459991,449.743408,32981200
2024-09-10,456.239990,459.170013,452.230011,458.660004,453.899811,29680300
2024-09-11,459.910004,469.369995,451.279999,468.619995,463.756409,57843000
2024-09-12,468.649994,474.040009,466.850006,473.220001,468.308685,40067800
2024-09-13,472.480011,476.529999,472.250000,475.339996,470.406677,29111800
2024-09-16,473.190002,473.859985,469.890015,473.239990,468.328491,22585600
2024-09-17,476.290009,477.600006,470.970001,473.489990,468.575867,30084400
2024-09-18,474.700012,478.829987,470.829987,471.440002,466.547150,39909200
2024-09-19,482.609985,486.230011,480.489990,483.359985,478.343445,52782500
2024-09-20,482.489990,483.690002,478.299988,482.440002,477.432983,34577700
2024-09-23,482.950012,484.140015,481.600006,483.040009,478.698547,24843000
2024-09-24,484.459991,486.329987,480.170013,485.369995,481.007538,25952600
2024-09-25,484.739990,487.790009,484.559998,485.820007,481.453522,26549900
2024-09-26,493.369995,493.700012,485.799988,489.470001,485.070740,32020200
2024-09-27,490.500000,490.640015,485.559998,486.750000,482.375183,22851100
2024-09-30,485.779999,488.410004,482.920013,488.070007,483.683319,30281100
2024-10-01,487.700012,488.000000,477.399994,481.269989,476.944397,42735400
2024-10-02,480.359985,483.880005,477.720001,481.950012,477.618317,23744000
2024-10-03,479.739990,484.549988,478.989990,481.589996,477.261566,25337200
2024-10-04,487.450012,487.880005,482.390015,487.320007,482.940063,30686600
2024-10-07,485.390015,486.570007,480.869995,482.100006,477.766968,24975100
2024-10-08,484.660004,489.989990,483.850006,489.299988,484.902252,28272000
2024-10-09,489.000000,493.730011,487.950012,493.149994,488.717651,24995000
2024-10-10,490.850006,494.470001,489.529999,492.589996,488.162720,25750400
2024-10-11,490.739990,494.390015,490.170013,493.359985,488.925720,20644500
2024-10-14,495.769989,498.829987,495.260010,497.500000,493.028534,26060100
2024-10-15,497.829987,498.500000,488.679993,490.850006,486.438293,34784500
2024-10-16,491.179993,491.690002,487.570007,490.910004,486.497772,22996800
2024-10-17,496.440002,496.489990,491.190002,491.250000,486.834747,27210700
2024-10-18,494.059998,495.570007,493.299988,494.470001,490.025818,25335000
2024-10-21,493.250000,496.230011,491.309998,495.420013,490.967285,30336500
2024-10-22,492.730011,497.450012,491.970001,495.959991,491.502411,26685800
2024-10-23,493.589996,494.250000,485.049988,488.359985,483.970673,39346600
2024-10-24,492.109985,493.000000,489.440002,492.320007,487.895111,22024900
2024-10-25,495.140015,500.279999,494.429993,495.320007,490.868164,38762100
2024-10-28,498.459991,498.519989,495.100006,495.399994,490.947449,20477800
2024-10-29,495.720001,501.350006,493.850006,500.160004,495.664673,28014100
2024-10-30,499.390015,500.350006,495.890015,496.380005,491.918610,29756000
2024-10-31,492.380005,492.429993,483.750000,483.850006,479.501282,41245200
2024-11-01,485.500000,490.750000,485.200012,487.429993,483.049072,33655800
2024-11-04,486.820007,489.380005,484.250000,486.010010,481.641846,23291600
2024-11-05,487.609985,492.880005,487.519989,492.209991,487.786072,24353600
2024-11-06,500.559998,506.410004,499.600006,505.579987,501.035919,43082200
2024-11-07,508.399994,514.330017,508.339996,513.539978,508.924316,32853100
2024-11-08,513.039978,514.919983,512.409973,514.140015,509.519043,22924500
2024-11-11,515.369995,515.580017,510.920013,513.840027,509.221741,24167500
2024-11-12,513.770020,514.659973,509.829987,512.909973,508.300018,25835300
2024-11-13,512.400024,514.979980,509.950012,512.250000,507.645996,24567400
2024-11-14,511.910004,512.789978,507.769989,508.690002,504.118011,28679500
2024-11-15,502.940002,503.329987,494.489990,496.570007,492.106903,51461100
2024-11-18,498.130005,502.140015,496.730011,500.019989,495.525909,27080800
2024-11-19,497.420013,503.950012,497.079987,503.459991,498.934998,24523000
2024-11-20,503.160004,503.480011,496.559998,503.170013,498.647614,29565500
2024-11-21,506.239990,506.959991,497.559998,504.980011,500.441345,34526700
2024-11-22,504.420013,506.529999,502.779999,505.790009,501.244049,23826600
2024-11-25,509.899994,511.450012,504.260010,506.589996,502.036835,26375200
2024-11-26,508.079987,510.140015,507.230011,509.309998,504.732422,26557100
2024-11-27,508.170013,508.239990,501.929993,505.299988,500.758453,24957400
2024-11-29,505.929993,510.339996,505.309998,509.739990,505.158539,15334000
2024-12-02,511.010010,516.260010,510.619995,515.289978,510.658569,25147200
2024-12-03,513.950012,517.150024,513.369995,516.869995,512.224365,18597900
2024-12-04,520.320007,523.520020,519.599976,523.260010,518.557068,26086200
2024-12-05,523.309998,524.039978,521.419983,521.809998,517.120117,18169600
2024-12-06,522.479980,526.719971,522.349976,526.479980,521.748047,23762600
2024-12-09,525.549988,526.349976,521.219971,522.380005,517.684937,20674400
2024-12-10,523.619995,525.380005,519.159973,520.599976,515.920898,24350000
2024-12-11,525.000000,530.609985,524.590027,529.919983,525.157043,32168600
2024-12-12,527.679993,528.960022,526.020020,526.500000,521.767883,23577500
2024-12-13,530.460022,533.169983,527.299988,530.530029,525.761719,28780400
2024-12-16,533.080017,539.150024,533.000000,538.169983,533.333069,31979900
2024-12-17,536.359985,537.479980,534.130005,535.799988,530.984314,28579100
2024-12-18,535.150024,536.880005,515.010010,516.469971,511.827972,54703200
2024-12-19,521.190002,521.760010,513.830017,514.169983,509.548737,46441800
2024-12-20,510.440002,524.820007,509.290009,518.659973,513.998413,60530000
2024-12-23,519.549988,523.250000,516.130005,522.869995,519.006104,29672800
2024-12-24,524.830017,530.049988,524.190002,529.960022,526.043762,17558200
2024-12-26,528.320007,531.239990,526.309998,529.599976,525.686340,19090500
2024-12-27,526.010010,526.450012,517.859985,522.559998,518.698364,33839600
2024-12-30,515.510010,519.359985,511.829987,515.609985,511.799774,34584000
2024-12-31,516.900024,517.659973,510.260010,511.230011,507.452118,29117000
2025-01-02,514.299988,516.640015,505.709991,510.230011,506.459503,36389800
2025-01-03,513.349976,519.650024,512.530029,518.580017,514.747742,29059500
2025-01-06,524.020020,527.919983,522.030029,524.539978,520.663696,36109700
2025-01-07,525.590027,525.989990,513.280029,515.179993,511.372894,36690300
2025-01-08,515.080017,516.919983,510.570007,515.270020,511.462250,30777800
2025-01-10,511.480011,511.579987,503.920013,507.190002,503.441986,40532500
2025-01-13,501.200012,506.019989,499.700012,505.559998,501.823975,31694200
2025-01-14,508.739990,510.160004,501.589996,505.079987,501.347565,33737200
2025-01-15,513.030029,517.849976,511.459991,516.700012,512.881653,34957600
2025-01-16,518.979980,519.059998,512.950012,513.080017,509.288483,28229000
2025-01-17,522.849976,524.070007,513.109985,521.739990,517.884460,51837900
2025-01-21,524.479980,525.969971,520.059998,524.799988,520.921875,23628000
2025-01-22,529.570007,533.820007,529.260010,531.510010,527.582214,33593000
2025-01-23,529.039978,532.760010,528.450012,532.640015,528.703857,23096600
2025-01-24,533.020020,533.789978,528.150024,529.630005,525.716187,19878300
2025-01-27,511.000000,517.989990,510.149994,514.210022,510.410095,60771700
2025-01-28,515.219971,523.000000,511.779999,521.809998,517.953857,33194200
2025-01-29,522.460022,522.590027,516.900024,520.830017,516.981201,26649000
2025-01-30,523.710022,526.099976,518.210022,523.049988,519.184692,27431300
2025-01-31,526.919983,531.520020,521.190002,522.289978,518.430359,38755200
2025-02-03,513.469971,520.849976,511.049988,518.109985,514.281250,40580800
2025-02-04,518.630005,525.109985,518.229980,524.469971,520.594299,26046800
2025-02-05,521.820007,527.010010,520.619995,526.849976,522.956665,21134100
2025-02-06,527.359985,529.809998,525.739990,529.599976,525.686340,19434500
2025-02-07,530.140015,532.099976,522.190002,522.919983,519.055786,29605500
2025-02-10,527.219971,530.359985,526.750000,529.250000,525.338989,20852800
2025-02-11,525.960022,529.919983,525.830017,527.989990,524.088257,19325500
2025-02-12,522.299988,529.190002,521.950012,528.299988,524.395874,25009400
2025-02-13,529.979980,536.219971,529.190002,535.900024,531.939819,28714800
2025-02-14,536.010010,538.840027,535.669983,538.150024,534.173218,17862600
2025-02-18,539.729980,540.000000,536.039978,539.369995,535.384155,20565000
2025-02-19,538.570007,540.809998,536.460022,539.520020,535.533020,19666900
2025-02-20,538.729980,539.099976,532.460022,537.229980,533.259827,26550800
2025-02-21,538.380005,538.400024,525.710022,526.080017,522.192383,47093800
2025-02-24,527.880005,529.070007,519.530029,519.869995,516.028198,39268400
2025-02-25,519.239990,519.320007,509.440002,513.320007,509.526703,48940000
2025-02-26,515.530029,519.659973,511.369995,514.559998,510.757629,34457600
2025-02-27,518.130005,519.070007,500.049988,500.269989,496.573090,52448000
2025-02-28,500.130005,508.779999,496.929993,508.170013,504.414734,47654000
2025-03-03,511.519989,513.039978,493.579987,497.049988,493.376862,44587200
2025-03-04,494.179993,503.739990,487.739990,495.549988,491.887970,67875400
2025-03-05,496.200012,503.630005,491.260010,502.010010,498.300262,46323700
2025-03-06,493.690002,498.579987,486.200012,488.200012,484.592316,57574300
2025-03-07,487.160004,493.279999,480.529999,491.790009,488.155762,54714700
2025-03-10,483.450012,483.970001,468.660004,472.730011,469.236633,76668000
2025-03-11,472.350006,478.809998,467.010010,471.600006,468.114960,68760800
2025-03-12,479.160004,481.059998,471.790009,476.920013,473.395691,46971100
2025-03-13,476.250000,476.279999,466.429993,468.339996,464.879059,46563300
2025-03-14,473.730011,480.559998,473.119995,479.660004,476.115387,43563000
2025-03-17,479.609985,485.839996,477.799988,482.769989,479.202423,41744400
2025-03-18,479.410004,479.609985,472.410004,474.540009,471.033264,39072300
2025-03-19,476.809998,485.329987,474.869995,480.890015,477.336334,40430300
2025-03-20,476.880005,484.549988,476.179993,479.260010,475.718353,36780500
2025-03-21,474.079987,481.609985,472.910004,480.839996,477.286682,42234900
2025-03-24,487.739990,491.510010,484.399994,490.660004,487.760406,34567200
2025-03-25,491.390015,493.619995,490.420013,493.459991,490.543884,26035200
2025-03-26,492.299988,493.160004,482.820007,484.380005,481.517517,34627100
2025-03-27,482.410004,486.579987,480.250000,481.619995,478.773834,33469800
2025-03-28,479.809998,480.519989,468.049988,468.940002,466.168793,46363800
2025-03-31,461.920013,469.859985,457.329987,468.920013,466.148926,53000300
2025-04-01,467.299988,473.630005,464.420013,472.700012,469.906555,41156200
2025-04-02,466.119995,479.559998,465.859985,476.149994,473.336182,49894500
2025-04-03,456.440002,460.070007,450.140015,450.660004,447.996796,70456300
2025-04-04,438.140015,440.369995,422.670013,422.670013,420.172211,117088400
2025-04-07,408.660004,443.140015,402.390015,423.690002,421.186188,161557000
2025-04-08,438.160004,443.140015,409.790009,416.059998,413.601257,101248100
2025-04-09,415.570007,467.829987,415.429993,466.000000,463.246124,142876900
2025-04-10,453.559998,455.589996,432.630005,446.179993,443.543274,108384100
2025-04-11,444.649994,455.790009,441.329987,454.399994,451.714630,52483800
2025-04-14,464.459991,465.049988,452.630005,457.480011,454.776520,43941200
2025-04-15,458.540009,462.380005,456.149994,457.989990,455.283478,35404200
2025-04-16,449.029999,452.619995,437.760010,444.179993,441.555054,48980600
2025-04-17,447.170013,447.750000,441.359985,444.100006,441.475586,44837000
2025-04-21,438.230011,439.079987,427.929993,433.109985,430.550476,44149300
2025-04-22,438.820007,447.579987,437.619995,444.480011,441.853363,52304400
2025-04-23,458.170013,463.380005,452.880005,454.559998,451.873749,55801100
2025-04-24,456.480011,467.660004,455.829987,467.350006,464.588165,45956100
2025-04-25,466.970001,473.089996,465.390015,472.559998,469.767395,38697100
2025-04-28,473.029999,474.809998,466.029999,472.410004,469.618225,33550800
2025-04-29,470.170013,476.420013,469.589996,475.529999,472.719818,30613100
2025-04-30,467.130005,477.200012,462.429993,475.470001,472.660187,46810600
2025-05-01,483.410004,487.179993,480.739990,481.679993,478.833466,43316500
2025-05-02,486.540009,490.910004,484.829987,488.829987,485.941223,39218100
2025-05-05,484.600006,489.029999,484.100006,485.929993,483.058319,28309500
2025-05-06,479.559998,485.049988,478.190002,481.410004,478.565063,32786300
2025-05-07,482.079987,485.799988,476.779999,483.299988,480.443909,38006300
2025-05-08,488.529999,492.700012,484.170013,488.290009,485.404449,39577600
2025-05-09,490.209991,491.540009,486.200012,487.970001,485.086273,27767400
2025-05-12,506.989990,507.890015,501.480011,507.850006,504.848846,45090600
2025-05-13,509.160004,517.390015,508.420013,515.590027,512.543152,53269600
2025-05-14,516.770020,519.229980,515.750000,518.679993,515.614868,47014500
2025-05-15,516.520020,521.929993,515.169983,519.250000,516.181458,50153300
2025-05-16,520.659973,521.700012,517.099976,521.510010,518.428101,48394600
2025-05-19,514.239990,522.530029,514.239990,522.010010,518.925171,52536200
2025-05-20,519.469971,520.929993,516.659973,520.270020,517.195374,42517600
2025-05-21,516.270020,523.000000,511.239990,513.039978,510.008087,71292800
2025-05-22,513.659973,517.710022,512.299988,514.000000,510.962494,55607200
2025-05-23,506.179993,511.839996,505.579987,509.239990,506.230621,58368100
2025-05-27,516.150024,521.710022,514.590027,521.219971,518.139771,47226300
2025-05-28,522.179993,523.679993,518.390015,518.909973,515.843445,46637200
2025-05-29,526.330017,526.479980,517.320007,519.929993,516.857422,58513300
2025-05-30,519.440002,520.679993,511.929993,519.109985,516.042297,67662800
2025-06-02,517.239990,523.450012,515.969971,523.210022,520.118042,44762800
2025-06-03,523.559998,528.739990,522.690002,527.299988,524.183838,44070300
2025-06-04,528.010010,529.840027,525.969971,528.770020,525.645203,41359300
2025-06-05,530.179993,533.049988,522.659973,524.789978,521.688660,61031200
2025-06-06,530.000000,531.799988,528.210022,529.919983,526.788391,42467000
2025-06-09,530.140015,532.349976,529.010010,530.700012,527.563843,33688700
2025-06-10,531.169983,534.900024,528.890015,534.210022,531.053040,40664800
2025-06-11,535.619995,536.780029,530.109985,532.409973,529.263611,53701000
2025-06-12,531.090027,534.640015,530.840027,533.659973,530.506287,34104900
2025-06-13,527.679993,531.869995,525.729980,526.960022,523.845886,55814400
2025-06-16,530.500000,535.369995,530.450012,534.289978,531.132568,37622100
2025-06-17,531.710022,533.330017,527.909973,529.080017,525.953430,42180900
2025-06-18,530.099976,532.549988,527.400024,528.989990,525.863892,43983500
2025-06-20,532.260010,533.559998,524.880005,526.830017,523.716675,61643500
2025-06-23,526.809998,532.169983,523.650024,531.650024,529.101746,50666100
2025-06-24,536.890015,540.700012,536.270020,539.780029,537.192810,45442000
2025-06-25,542.059998,543.309998,539.380005,541.159973,538.566101,44804200
2025-06-26,543.349976,546.669983,541.520020,546.219971,543.601868,43811400
2025-06-27,547.260010,549.989990,544.539978,548.090027,545.462952,57577100
2025-06-30,551.260010,552.799988,549.010010,551.640015,548.995972,45548700
2025-07-01,549.729980,550.710022,544.659973,546.989990,544.368164,56166700
2025-07-02,546.159973,551.000000,546.119995,550.799988,548.159973,36538300
2025-07-03,553.179993,557.200012,553.179993,556.219971,553.553894,26443500
2025-07-07,553.520020,554.340027,549.580017,552.030029,549.384155,45349300
2025-07-08,553.380005,554.010010,551.099976,552.340027,549.692566,36153300
2025-07-09,554.479980,557.630005,553.099976,556.250000,553.583862,43045500
2025-07-10,556.890015,557.299988,552.750000,555.450012,552.787659,34710900
2025-07-11,553.299988,555.789978,552.049988,554.200012,551.543701,39618600
2025-07-14,553.989990,556.950012,551.630005,556.210022,553.544006,36453300
2025-07-15,560.250000,560.799988,556.659973,556.719971,554.051514,43277700
2025-07-16,557.280029,560.210022,551.559998,557.289978,554.618774,52314700
2025-07-17,558.020020,562.309998,557.210022,561.799988,559.107239,40423800
2025-07-18,563.119995,564.729980,559.979980,561.260010,558.569824,50484700
2025-07-21,562.090027,566.059998,562.059998,564.169983,561.465820,39595200
2025-07-22,564.299988,564.349976,558.609985,561.250000,558.559875,43270600
2025-07-23,562.340027,563.849976,559.580017,563.809998,561.107605,40215300
2025-07-24,565.130005,566.239990,563.289978,565.010010,562.301819,42275500
2025-07-25,564.929993,567.700012,564.270020,566.369995,563.655334,30630800
2025-07-28,567.739990,569.039978,566.869995,568.140015,565.416931,31498700
2025-07-29,570.760010,572.109985,566.530029,567.260010,564.541077,45463300
2025-07-30,568.179993,570.619995,565.049988,568.020020,565.297424,43433800
2025-07-31,574.539978,574.630005,563.869995,565.010010,562.301819,64613600
2025-08-01,558.830017,559.020020,551.679993,553.880005,551.225159,69400800
2025-08-04,559.049988,564.320007,558.950012,564.099976,561.396118,47669800
2025-08-05,565.390015,566.559998,559.729980,560.270020,557.584595,48666600
2025-08-06,561.109985,567.760010,560.630005,567.320007,564.600769,41823700
2025-08-07,571.669983,573.320007,565.109985,569.239990,566.511536,44463000
2025-08-08,570.450012,574.770020,570.150024,574.549988,571.796082,35255500
2025-08-11,574.690002,576.799988,571.570007,572.849976,570.104248,33112900
2025-08-12,575.159973,580.349976,572.489990,580.049988,577.269714,42143300
2025-08-13,582.760010,583.320007,578.940002,580.340027,577.558350,41209300
2025-08-14,578.280029,581.880005,577.909973,579.890015,577.110474,45425000
2025-08-15,579.799988,579.840027,575.570007,577.340027,574.572754,49480200
2025-08-18,576.440002,577.770020,575.239990,577.109985,574.343811,29831000
2025-08-19,576.390015,576.559998,568.250000,569.280029,566.551392,53752600
2025-08-20,568.330017,568.450012,558.840027,565.900024,563.187622,76781100
2025-08-21,564.349976,566.489990,560.979980,563.280029,560.580200,46436900
2025-08-22,564.669983,573.989990,563.270020,571.969971,569.228455,51502100
2025-08-25,570.400024,573.289978,569.159973,570.320007,567.586487,34044700
2025-08-26,569.830017,572.919983,568.799988,572.609985,569.865356,34103000
2025-08-27,571.590027,574.409973,570.369995,573.489990,570.741211,36927100
2025-08-28,574.109985,578.000000,572.460022,577.080017,574.314026,46787900
2025-08-29,574.659973,575.030029,568.539978,570.400024,567.666016,56030400
2025-09-02,561.309998,565.969971,559.539978,565.619995,562.908875,65876800
2025-09-03,569.229980,571.700012,566.729980,570.070007,567.337585,54230200
2025-09-04,570.739990,575.599976,569.030029,575.229980,572.472839,47526300
2025-09-05,580.489990,581.119995,571.530029,576.059998,573.298828,68342500
2025-09-08,578.369995,580.840027,577.770020,578.869995,576.095398,46371400
2025-09-09,579.669983,580.940002,577.039978,580.510010,577.727600,44007600
2025-09-10,583.739990,583.770020,578.549988,580.700012,577.916687,49308000
2025-09-11,583.239990,584.880005,581.619995,584.080017,581.280457,44745800
2025-09-12,585.039978,587.859985,584.099976,586.659973,583.848022,50745900
2025-09-15,588.440002,591.789978,588.289978,591.679993,588.843933,44360300
2025-09-16,592.609985,592.859985,590.489990,591.179993,588.346375,36942100
2025-09-17,591.099976,591.750000,584.369995,590.000000,587.172058,69384800
2025-09-18,594.909973,598.140015,592.960022,595.320007,592.466553,61069300
2025-09-19,597.330017,600.049988,595.849976,599.349976,596.477173,58196100
2025-09-22,597.739990,602.869995,597.719971,602.200012,600.008362,57154800
2025-09-23,602.369995,602.570007,596.979980,598.200012,596.022888,64635500
2025-09-24,599.580017,599.900024,593.359985,596.099976,593.930542,49850300
2025-09-25,592.200012,595.119995,588.500000,593.530029,591.369934,70920200
2025-09-26,594.349976,596.299988,591.059998,595.969971,593.800964,54337400
2025-09-29,599.109985,602.049988,597.409973,598.729980,596.550964,48332900
2025-09-30,598.429993,600.710022,596.099976,600.369995,598.184998,46533800
2025-10-01,597.169983,603.789978,596.340027,603.250000,601.054504,46899600
2025-10-02,607.059998,607.159973,602.929993,605.729980,603.525513,43765400
2025-10-03,606.510010,607.330017,601.390015,603.179993,600.984802,46482100
2025-10-06,608.450012,609.359985,605.969971,607.710022,605.498291,41962100
2025-10-07,609.020020,609.710022,603.030029,604.510010,602.309998,58209500
2025-10-08,605.409973,611.750000,605.260010,611.440002,609.214722,50629800
2025-10-09,611.479980,611.609985,607.479980,610.700012,608.477417,45551000
2025-10-10,611.400024,613.179993,589.049988,589.500000,587.354553,97614800
2025-10-13,599.679993,602.950012,597.229980,602.010010,599.819031,65872600
2025-10-14,595.309998,602.690002,590.130005,598.000000,595.823669,69203200
2025-10-15,604.010010,606.700012,595.929993,602.219971,600.028259,62805500
2025-10-16,605.109985,608.309998,595.500000,599.989990,597.806396,70982000
2025-10-17,597.950012,605.510010,596.369995,603.929993,601.732056,72024900
2025-10-20,607.140015,612.799988,607.070007,611.539978,609.314331,45761700
2025-10-21,611.640015,612.719971,609.320007,611.380005,609.154907,44538200
2025-10-22,610.820007,611.409973,599.739990,605.489990,603.286377,61478800
2025-10-23,604.909973,611.369995,604.520020,610.580017,608.357910,42844300
2025-10-24,615.989990,618.419983,615.130005,617.099976,614.854065,47632500
2025-10-27,624.520020,628.549988,624.030029,628.090027,625.804199,54098600
2025-10-28,630.359985,634.679993,629.250000,632.919983,630.616516,61195700
2025-10-29,635.590027,637.010010,630.250000,635.770020,633.456177,67422800
2025-10-30,632.169983,633.500000,625.940002,626.049988,623.771545,61628600
2025-10-31,634.169983,634.200012,626.690002,629.070007,626.780579,66305100
2025-11-03,635.109985,635.820007,629.849976,632.080017,629.779663,37154300
2025-11-04,623.280029,626.950012,618.460022,619.250000,616.996338,63830800
2025-11-05,618.489990,626.599976,617.210022,623.280029,621.011658,48688500
2025-11-06,621.789978,622.039978,610.299988,611.669983,609.443848,72115100
2025-11-07,608.309998,609.950012,598.669983,609.739990,607.520935,81835400
2025-11-10,618.919983,624.309998,616.890015,623.229980,620.961792,55919900
2025-11-11,620.570007,622.719971,617.520020,621.570007,619.307861,44868800
2025-11-12,624.840027,624.859985,617.809998,621.080017,618.819641,47444400
2025-11-13,617.539978,618.119995,606.080017,608.400024,606.185852,71333600
2025-11-14,599.549988,613.349976,597.169983,608.859985,606.644043,80087300
2025-11-17,606.299988,612.479980,599.869995,603.659973,601.463013,63850400
2025-11-18,599.619995,602.309998,591.340027,596.309998,594.139771,83327300
2025-11-19,597.070007,606.159973,594.590027,599.869995,597.686829,73111500
2025-11-20,611.619995,614.030029,584.750000,585.669983,583.538513,117743200
2025-11-21,587.469971,596.979980,580.739990,590.070007,587.922485,103344200
2025-11-24,595.280029,606.679993,595.159973,605.159973,602.957581,60168100
2025-11-25,603.510010,610.260010,597.320007,608.890015,606.674072,57560900
2025-11-26,612.510010,616.190002,610.390015,614.270020,612.034424,42393600
2025-11-28,616.109985,619.320007,615.419983,619.250000,616.996338,23034400
2025-12-01,613.630005,619.440002,612.520020,617.169983,614.923828,40957600
2025-12-02,619.460022,623.750000,617.590027,622.000000,619.736267,54541800
2025-12-03,619.619995,624.219971,618.030029,623.520020,621.250793,47841600
2025-12-04,624.929993,624.940002,619.539978,622.940002,620.672852,47067800
2025-12-05,624.380005,628.919983,623.710022,625.479980,623.203674,53614200
2025-12-08,627.210022,628.840027,621.690002,624.280029,622.007996,43462400
2025-12-09,623.010010,625.869995,621.000000,625.049988,622.775208,37156000
2025-12-10,623.849976,629.210022,620.989990,627.609985,625.325867,55031400
2025-12-11,623.820007,625.780029,617.719971,625.580017,623.303345,58272800
2025-12-12,622.080017,623.539978,611.359985,613.619995,611.386780,75158700
2025-12-15,618.369995,618.419983,609.320007,610.539978,608.317993,49538200
2025-12-16,608.260010,613.510010,606.909973,611.750000,609.523560,55152800
2025-12-17,613.059998,613.650024,600.280029,600.409973,598.224792,70654300
2025-12-18,609.799988,612.929993,606.919983,609.109985,606.893188,78875800
2025-12-19,611.950012,617.619995,611.869995,617.049988,614.804260,60369800
2025-12-22,621.349976,621.650024,617.770020,619.210022,617.751343,43703100
2025-12-23,618.200012,622.409973,617.780029,622.109985,620.644470,41120400
2025-12-24,621.989990,624.280029,621.719971,623.929993,622.460205,18468700
2025-12-26,624.659973,625.520020,623.140015,623.890015,622.420349,28959800
2025-12-29,620.099976,622.780029,618.729980,620.869995,619.407410,32458300
2025-12-30,619.840027,622.179993,619.219971,619.429993,617.970764,31226800
2025-12-31,619.650024,619.960022,614.049988,614.309998,612.862854,40746500
2026-01-02,620.059998,622.849976,610.150024,613.119995,611.675659,61859200
2026-01-05,619.320007,620.809998,616.719971,617.989990,616.534180,46828400
2026-01-06,619.229980,624.020020,618.539978,623.419983,621.951416,43137500
2026-01-07,623.039978,627.940002,622.559998,624.020020,622.550049,44880300
2026-01-08,623.030029,623.419983,617.799988,620.469971,619.008362,50435900
2026-01-09,621.409973,627.890015,619.059998,626.650024,625.173828,49688700
2026-01-12,622.309998,628.849976,622.260010,627.169983,625.692566,37388700
2026-01-13,627.270020,629.469971,623.700012,626.239990,624.764771,44481400
2026-01-14,622.239990,623.450012,614.559998,619.549988,618.090515,72598700
2026-01-15,626.599976,630.000000,620.750000,621.780029,620.315308,53934900
2026-01-16,625.500000,626.080017,618.880005,621.260010,619.796509,61058100
2026-01-20,610.530029,615.059998,607.049988,608.059998,606.627625,81988900
2026-01-21,609.469971,620.419983,607.859985,616.280029,614.828247,79837900
2026-01-22,622.349976,622.460022,617.780029,620.760010,619.297668,42254800
2026-01-23,619.729980,625.400024,618.650024,622.719971,621.253052,43645800
2026-01-26,623.210022,627.609985,622.119995,625.460022,623.986633,35983000
2026-01-27,628.909973,632.039978,627.340027,631.130005,629.643250,38997200
2026-01-28,635.460022,636.599976,631.809998,633.219971,631.728271,50691700
2026-01-29,632.650024,633.669983,618.270020,629.429993,627.947205,79944000
2026-01-30,625.710022,628.260010,619.299988,621.869995,620.405029,65650700
2026-02-02,618.700012,628.489990,618.659973,626.140015,624.665039,49020300
2026-02-03,628.299988,629.979980,610.960022,616.520020,615.067688,81234000
2026-02-04,615.020020,615.099976,600.469971,605.750000,604.322998,81850700
2026-02-05,600.210022,604.809998,594.760010,597.030029,595.623596,89354500
2026-02-06,600.190002,611.409973,598.770020,609.650024,608.213867,78019300
2026-02-09,607.539978,616.460022,605.070007,614.320007,612.872864,56797600
2026-02-10,615.309998,617.020020,611.010010,611.469971,610.029541,53938900
2026-02-11,616.380005,617.520020,607.690002,613.109985,611.665710,58575100
2026-02-12,614.710022,615.809998,599.570007,600.640015,599.225098,81378900
2026-02-13,600.429993,606.479980,596.419983,601.919983,600.502014,69237500
