Date,Open,High,Low,Close,Adj Close,Volume
1999-03-10,51.125000,51.156250,50.281250,51.062500,43.027042,5232000
1999-03-11,51.437500,51.734375,50.312500,51.312500,43.237713,9688600
1999-03-12,51.125000,51.156250,49.656250,50.062500,42.184414,8743600
1999-03-15,50.437500,51.562500,49.906250,51.500000,43.395725,6369000
1999-03-16,51.718750,52.156250,51.156250,51.937500,43.764366,4905800
1999-03-17,51.937500,52.000000,51.406250,51.562500,43.448376,3965000
1999-03-18,51.500000,52.593750,51.484375,52.562500,44.290993,4848400
1999-03-19,53.250000,53.250000,51.187500,51.218750,43.158703,7160400
1999-03-22,51.437500,51.562500,50.500000,50.593750,42.632069,5024800
1999-03-23,50.312500,50.500000,48.718750,48.812500,41.131130,10962400
1999-03-24,49.250000,50.500000,48.500000,50.468750,42.526745,8447000
1999-03-25,51.250000,52.312500,50.914062,52.312500,44.080360,8133800
1999-03-26,51.875000,52.468750,51.531250,51.750000,43.606346,8256200
1999-03-29,52.375000,53.656250,52.062500,53.625000,45.186306,5113800
1999-03-30,53.562500,54.000000,53.031250,53.250000,44.870316,4940600
1999-03-31,54.125000,54.187500,52.312500,52.468750,44.212013,8256600
1999-04-01,54.000000,54.062500,52.687500,53.562500,45.133652,8715800
1999-04-05,54.429688,55.578125,54.093750,55.500000,46.766247,5697200
1999-04-06,55.437500,56.218750,54.968750,55.609375,46.858418,7522400
1999-04-07,56.125000,56.250000,53.843750,55.031250,46.371258,11923600
1999-04-08,54.937500,55.734375,53.812500,55.468750,46.739910,7952400
1999-04-09,55.375000,55.937500,55.218750,55.812500,47.029579,4946800
1999-04-12,54.500000,55.812500,54.437500,55.437500,46.713585,10934000
1999-04-13,55.781250,55.906250,54.250000,54.687500,46.081600,9962200
1999-04-14,55.375000,55.437500,52.507812,52.812500,44.501667,21253800
1999-04-15,53.000000,53.617188,51.125000,53.531250,45.107323,17650600
1999-04-16,53.406250,53.406250,51.687500,51.968750,43.790684,17274000
1999-04-19,52.312500,52.750000,49.007812,49.531250,41.736767,19460600
1999-04-20,49.312500,51.062500,48.843750,50.656250,42.684734,17413600
1999-04-21,51.125000,53.187500,50.437500,53.156250,44.791328,10940400
1999-04-22,53.656250,54.750000,53.304688,54.593750,46.002609,13630600
1999-04-23,54.312500,55.718750,53.750000,55.312500,46.608261,7064400
1999-04-26,55.687500,57.000000,55.507812,56.585938,47.681282,5421000
1999-04-27,57.000000,57.281250,55.007812,55.718750,46.950562,16482800
1999-04-28,55.250000,55.437500,53.570312,53.812500,45.344296,7676800
1999-04-29,53.562500,53.875000,52.250000,53.375000,44.975643,19148200
1999-04-30,54.125000,54.406250,51.812500,53.718750,45.265293,15295200
1999-05-03,53.562500,53.781250,52.539062,53.437500,45.028316,11109800
1999-05-04,53.531250,54.375000,52.281250,52.593750,44.317341,15428400
1999-05-05,52.625000,54.187500,51.031250,54.187500,45.660294,12642600
1999-05-06,53.687500,54.156250,51.718750,52.218750,44.001347,15173400
1999-05-07,52.687500,53.125000,51.562500,52.968750,44.633316,16430400
1999-05-10,53.312500,53.859375,52.687500,53.500000,45.080994,10604200
1999-05-11,53.937500,54.625000,53.625000,54.343750,45.791950,8800800
1999-05-12,54.593750,55.656250,53.000000,55.468750,46.739910,12507400
1999-05-13,55.906250,56.000000,54.187500,54.437500,45.870956,9864000
1999-05-14,53.375000,54.000000,53.000000,53.406250,45.001965,12205400
1999-05-17,52.937500,54.531250,52.414062,54.367188,45.811680,9906800
1999-05-18,54.312500,54.625000,53.500000,54.125000,45.607643,9267800
1999-05-19,54.343750,54.906250,53.500000,54.875000,46.239582,7985600
1999-05-20,54.992188,54.992188,53.281250,53.367188,44.969063,5997200
1999-05-21,53.531250,53.687500,52.593750,52.875000,44.554352,10958600
1999-05-24,52.968750,53.062500,51.187500,51.531250,43.422031,9569800
1999-05-25,51.468750,52.218750,49.625000,49.843750,42.000092,17771200
1999-05-26,50.500000,51.437500,48.937500,51.234375,43.171894,26772000
1999-05-27,51.031250,51.929688,50.375000,51.187500,43.132385,23334800
1999-05-28,51.500000,52.312500,50.843750,52.031250,43.843365,12969800
1999-06-01,51.937500,52.187500,50.593750,50.875000,42.869053,6960200
1999-06-02,50.843750,52.000000,49.570312,51.734375,43.593208,11996600
1999-06-03,52.125000,52.125000,50.687500,51.000000,42.974396,11147800
1999-06-04,51.375000,52.742188,51.375000,52.562500,44.290993,12987200
1999-06-07,52.929688,53.992188,52.812500,53.656250,45.212654,11491800
1999-06-08,53.781250,54.031250,52.039062,52.312500,44.080360,8134800
1999-06-09,52.500000,53.335938,52.468750,53.187500,44.817657,8384400
1999-06-10,52.625000,52.937500,51.945312,52.578125,44.304176,9392400
1999-06-11,52.937500,52.992188,51.312500,51.781250,43.632702,16567600
1999-06-14,51.968750,51.968750,50.687500,50.804688,42.809830,14136800
1999-06-15,50.929688,51.867188,50.781250,51.562500,43.448376,9147800
1999-06-16,52.843750,54.210938,52.781250,54.210938,45.680038,15060200
1999-06-17,53.500000,55.062500,53.500000,54.812500,46.186935,16278200
1999-06-18,54.312500,55.218750,54.218750,55.062500,46.397587,5392800
1999-06-21,55.437500,56.742188,55.343750,56.710938,47.786629,10565200
1999-06-22,56.375000,57.093750,55.000000,55.000000,46.344929,10862800
1999-06-23,55.007812,56.000000,54.656250,55.867188,47.075661,9607000
1999-06-24,55.843750,55.875000,54.500000,54.757812,46.140862,14988800
1999-06-25,55.125000,55.562500,54.187500,54.687500,46.081600,8635600
1999-06-28,55.156250,56.062500,54.703125,55.984375,47.174416,7666200
1999-06-29,55.937500,56.968750,55.656250,56.750000,47.819530,9000400
1999-06-30,56.804688,59.937500,56.132812,57.625000,48.556847,19467600
1999-07-01,57.812500,58.343750,56.812500,58.015625,48.886005,6822600
1999-07-02,58.000000,58.812500,58.000000,58.750000,49.504807,3302000
1999-07-06,59.062500,59.656250,58.062500,58.375000,49.188816,8794800
1999-07-07,58.343750,58.718750,57.937500,58.468750,49.267822,10520000
1999-07-08,58.468750,59.492188,58.187500,59.250000,49.926132,11225000
1999-07-09,59.468750,59.906250,59.031250,59.843750,50.426445,4206800
1999-07-12,60.062500,60.375000,59.187500,59.531250,50.163128,7816200
1999-07-13,59.250000,59.468750,58.781250,59.250000,49.926132,6230000
1999-07-14,59.843750,60.375000,59.000000,60.257812,50.775341,6909400
1999-07-15,60.468750,60.812500,60.132812,60.812500,51.242767,6539800
1999-07-16,60.843750,61.718750,60.820312,61.375000,51.716736,4913800
1999-07-19,61.625000,61.625000,60.507812,60.750000,51.190094,6833000
1999-07-20,60.007812,60.093750,58.250000,58.406250,49.215168,14837400
1999-07-21,58.531250,59.195312,58.062500,58.687500,49.452156,10980400
1999-07-22,58.687500,58.687500,57.031250,57.195312,48.194782,15148400
1999-07-23,57.625000,57.867188,56.687500,57.281250,48.267212,12115000
1999-07-26,56.500000,57.125000,55.781250,55.875000,47.082241,10720000
1999-07-27,57.000000,57.875000,56.515625,57.000000,48.030205,13732800
1999-07-28,57.687500,58.437500,56.945312,58.117188,48.971588,10161800
1999-07-29,57.031250,57.500000,56.312500,56.875000,47.924862,13033800
1999-07-30,57.125000,57.750000,56.507812,56.593750,47.687889,10947400
1999-08-02,56.687500,57.812500,56.218750,56.437500,47.556221,9642400
1999-08-03,57.210938,57.218750,55.250000,56.070312,47.246822,13005000
1999-08-04,56.070312,56.492188,55.007812,55.054688,46.391010,13227600
1999-08-05,55.062500,55.929688,53.750000,55.929688,47.128330,18695200
1999-08-06,55.531250,56.562500,54.937500,55.328125,46.621429,12392200
1999-08-09,55.531250,55.687500,54.507812,54.617188,46.022362,7983400
1999-08-10,54.468750,54.867188,52.937500,54.125000,45.607643,16767200
1999-08-11,55.093750,56.000000,54.265625,55.906250,47.108566,13101400
1999-08-12,56.125000,56.500000,55.125000,55.250000,46.555588,12715000
1999-08-13,56.406250,57.718750,56.312500,57.656250,48.583176,14342600
1999-08-16,57.625000,58.312500,57.250000,58.117188,48.971588,11470600
1999-08-17,58.625000,58.687500,57.343750,58.406250,49.215168,11408400
1999-08-18,58.125000,58.843750,57.531250,57.750000,48.662170,7035200
1999-08-19,57.218750,57.625000,56.695312,57.062500,48.082867,10157800
1999-08-20,57.125000,57.968750,56.812500,57.968750,48.846504,6920800
1999-08-23,58.500000,59.812500,58.367188,59.812500,50.400085,9652000
1999-08-24,59.375000,60.875000,59.257812,60.218750,50.742424,13891400
1999-08-25,60.593750,61.750000,59.937500,61.500000,51.822063,11352000
1999-08-26,61.500000,61.718750,60.382812,60.476562,50.959671,9753000
1999-08-27,60.929688,60.937500,59.718750,59.875000,50.452763,9635400
1999-08-30,60.125000,60.312500,58.875000,59.031250,49.741814,10141600
1999-08-31,59.437500,60.062500,58.125000,59.687500,50.294781,14590400
1999-09-01,60.062500,60.625000,59.687500,60.117188,50.656841,10752000
1999-09-02,59.000000,60.218750,58.875000,59.906250,50.479103,14583200
1999-09-03,61.625000,62.679688,61.406250,62.656250,52.796368,14195400
1999-09-07,62.531250,63.156250,62.281250,62.375000,52.559357,9009000
1999-09-08,62.000000,62.625000,61.031250,61.531250,51.848400,14303400
1999-09-09,61.562500,62.562500,61.250000,62.406250,52.585693,12677600
1999-09-10,63.250000,63.742188,62.531250,63.125000,53.191349,10251000
1999-09-13,63.062500,63.187500,62.031250,62.367188,52.552784,7240800
1999-09-14,62.125000,63.148438,62.000000,62.710938,52.842445,10022600
1999-09-15,63.492188,63.492188,61.437500,61.500000,51.822063,16096000
1999-09-16,61.468750,62.031250,60.195312,61.468750,51.795731,15371000
1999-09-17,62.031250,63.437500,61.937500,63.312500,53.349323,14506400
1999-09-20,63.500000,63.750000,63.031250,63.460938,53.474426,6187200
1999-09-21,62.906250,63.031250,61.757812,61.937500,52.190701,12265800
1999-09-22,62.031250,62.921875,61.281250,62.593750,52.743702,12441800
1999-09-23,63.250000,63.375000,59.632812,60.000000,50.558121,19766000
1999-09-24,59.625000,60.312500,58.625000,60.078125,50.623947,23570800
1999-09-27,60.937500,61.375000,60.312500,60.500000,50.979420,12608800
1999-09-28,60.195312,61.000000,58.906250,60.781250,51.216404,20622000
1999-09-29,60.781250,61.218750,59.562500,59.562500,50.189476,15557000
1999-09-30,60.125000,60.812500,59.375000,60.187500,50.716095,17604200
1999-10-01,59.375000,60.210938,58.750000,60.210938,50.735855,19607400
1999-10-04,60.531250,61.781250,60.187500,61.562500,51.874725,12434200
1999-10-05,61.781250,62.750000,60.687500,62.000000,52.243382,19526400
1999-10-06,62.375000,63.335938,61.429688,63.242188,53.290092,19098200
1999-10-07,63.593750,63.898438,62.625000,63.093750,53.165020,22013600
1999-10-08,62.843750,63.937500,62.000000,63.757812,53.724571,22523200
1999-10-11,63.937500,64.687500,63.781250,64.656250,54.481621,13016000
1999-10-12,64.437500,64.953125,63.000000,63.187500,53.244015,20182800
1999-10-13,62.468750,63.218750,61.062500,61.312500,51.664055,22570600
1999-10-14,61.531250,62.125000,60.531250,61.695312,51.986645,22130400
1999-10-15,60.125000,61.000000,59.507812,59.875000,50.452763,33703000
1999-10-18,59.937500,60.156250,57.414062,59.117188,49.814217,24714800
1999-10-19,59.757812,60.062500,58.437500,59.437500,50.084126,26657200
1999-10-20,60.343750,61.742188,59.750000,61.250000,51.611420,22486400
1999-10-21,60.250000,62.250000,59.812500,62.250000,52.454033,22454800
1999-10-22,62.617188,63.250000,61.750000,61.968750,52.217052,16589400
1999-10-25,61.687500,62.679688,61.437500,62.000000,52.243382,13855400
1999-10-26,62.750000,63.093750,61.375000,61.500000,51.822063,13542400
1999-10-27,61.343750,61.625000,60.445312,61.406250,51.743069,15225200
1999-10-28,62.375000,63.750000,61.812500,63.531250,53.533669,14103800
1999-10-29,65.000000,66.250000,64.781250,65.750000,55.403278,19000000
1999-11-01,65.750000,66.531250,65.320312,65.406250,55.113617,9681800
1999-11-02,65.750000,66.562500,65.195312,65.445312,55.146507,12834800
1999-11-03,66.375000,67.125000,66.187500,66.750000,56.245857,18752600
1999-11-04,67.679688,67.812500,66.781250,67.500000,56.877884,20048600
1999-11-05,68.875000,69.218750,68.187500,68.187500,57.457176,15134600
1999-11-08,68.437500,69.804688,68.218750,69.562500,58.615788,10890800
1999-11-09,70.125000,70.250000,68.500000,69.093750,58.220825,14629800
1999-11-10,69.125000,70.593750,68.812500,70.000000,58.984451,16561000
1999-11-11,70.750000,71.343750,70.125000,71.250000,60.037754,18501400
1999-11-12,71.625000,72.250000,69.375000,72.187500,60.827732,28646600
1999-11-15,72.250000,72.500000,71.687500,72.046875,60.709232,10909400
1999-11-16,72.312500,74.218750,72.000000,73.875000,62.249668,19126400
1999-11-17,73.875000,74.195312,72.500000,72.875000,61.407032,21683600
1999-11-18,73.375000,75.109375,72.937500,75.109375,63.289795,17738400
1999-11-19,74.781250,75.906250,74.500000,75.781250,63.855949,17939400
1999-11-22,75.937500,77.500000,74.625000,74.625000,62.881645,18841800
1999-11-23,76.437500,76.500000,74.250000,74.968750,63.171280,24047600
1999-11-24,75.187500,77.742188,74.406250,77.437500,65.251549,18617800
1999-11-26,78.406250,78.781250,77.375000,77.687500,65.462212,8045200
1999-11-29,77.531250,78.187500,76.312500,76.406250,64.382545,20485200
1999-11-30,76.562500,76.687500,73.500000,73.500000,61.933701,23702400
1999-12-01,74.312500,75.468750,73.750000,75.093750,63.276638,23205800
1999-12-02,75.375000,77.625000,75.328125,77.476562,65.284485,17229200
1999-12-03,79.312500,80.187500,78.906250,79.125000,66.673508,21444600
1999-12-06,79.429688,80.500000,78.687500,79.843750,67.279182,16018400
1999-12-07,80.093750,80.406250,78.835938,79.843750,67.279182,23397000
1999-12-08,79.867188,80.492188,78.687500,78.875000,66.462822,19563000
1999-12-09,80.000000,80.437500,77.250000,79.250000,66.778831,28445400
1999-12-10,79.906250,80.187500,78.125000,79.906250,67.331856,20428400
1999-12-13,79.632812,81.335938,79.281250,80.992188,68.246857,16209200
1999-12-14,80.750000,81.218750,79.000000,79.531250,67.015854,27760200
1999-12-15,78.625000,81.062500,77.937500,81.062500,68.306099,31797200
1999-12-16,82.125000,83.250000,81.750000,83.062500,69.991402,27219600
1999-12-17,84.500000,84.875000,83.429688,83.781250,70.597031,23892400
1999-12-20,84.406250,85.250000,83.687500,84.875000,71.518669,15392000
1999-12-21,85.125000,89.437500,84.640625,89.437500,75.363190,26003800
1999-12-22,89.187500,89.312500,87.437500,89.156250,75.126183,22313600
1999-12-23,89.867188,90.750000,89.000000,90.218750,76.021461,17543600
1999-12-27,90.312500,90.343750,87.906250,89.687500,75.573837,19281800
1999-12-28,89.750000,90.500000,88.562500,89.125000,75.099876,15346400
1999-12-29,90.000000,92.500000,89.875000,92.500000,77.943741,16512600
1999-12-30,93.625000,93.750000,91.500000,91.500000,77.101128,21887000
1999-12-31,92.625000,93.187500,91.375000,91.375000,76.995789,14464400
2000-01-03,96.187500,96.187500,90.750000,94.750000,79.839691,36345200
2000-01-04,92.000000,93.500000,87.937500,88.250000,74.362518,33786600
2000-01-05,87.500000,89.625000,84.250000,86.000000,72.466591,42496600
2000-01-06,86.875000,88.000000,79.750000,80.093750,67.489792,37134800
2000-01-07,82.937500,90.000000,82.500000,90.000000,75.837128,28138200
2000-01-10,91.000000,93.937500,89.937500,92.500000,77.943741,29675600
2000-01-11,91.750000,92.875000,87.000000,88.000000,74.151878,32546600
2000-01-12,89.000000,89.242188,86.000000,86.062500,72.519287,29050000
2000-01-13,88.500000,91.500000,87.078125,91.250000,76.890427,25165200
2000-01-14,93.000000,93.625000,92.000000,93.375000,78.681084,21898600
2000-01-18,92.062500,94.437500,91.437500,93.875000,79.102364,16752400
2000-01-19,93.492188,96.000000,92.429688,96.000000,80.892967,19006000
2000-01-20,95.500000,96.875000,94.007812,95.062500,80.102989,25958000
2000-01-21,96.500000,96.562500,95.062500,96.250000,81.103630,18698200
2000-01-24,97.437500,97.625000,90.968750,91.625000,77.206429,28340400
2000-01-25,91.875000,94.117188,89.406250,93.000000,78.365082,33276200
2000-01-26,93.250000,93.312500,89.000000,89.250000,75.205193,23095600
2000-01-27,91.750000,92.500000,87.625000,90.562500,76.311134,30739200
2000-01-28,90.000000,90.468750,84.750000,86.000000,72.466591,35313800
2000-01-31,85.875000,90.000000,83.500000,89.687500,75.573837,36014600
2000-02-01,89.531250,92.500000,88.437500,92.093750,77.601425,26417600
2000-02-02,92.250000,94.718750,92.093750,92.875000,78.259758,26169200
2000-02-03,94.312500,96.625000,92.281250,96.500000,81.314240,30579800
2000-02-04,97.000000,98.242188,96.218750,97.156250,81.867271,26640000
2000-02-07,97.250000,98.625000,96.250000,98.500000,82.999550,17761000
2000-02-08,99.375000,102.875000,99.375000,102.625000,86.475426,21999400
2000-02-09,102.062500,102.195312,98.750000,99.000000,83.420883,27258200
2000-02-10,99.812500,102.250000,98.554688,102.250000,86.159424,26341600
2000-02-11,102.062500,102.062500,98.000000,99.875000,84.158195,24876000
2000-02-14,99.992188,100.000000,97.750000,99.750000,84.052864,22814600
2000-02-15,98.937500,100.625000,95.875000,100.468750,84.658470,30572800
2000-02-16,99.906250,101.687500,99.312500,100.000000,84.263519,25310600
2000-02-17,101.187500,103.250000,99.625000,102.125000,86.054085,30080200
2000-02-18,102.625000,103.000000,98.437500,98.437500,82.946899,25271200
2000-02-22,99.000000,99.937500,96.250000,98.750000,83.210220,37226200
2000-02-23,99.679688,105.000000,99.156250,104.250000,87.844688,32170800
2000-02-24,104.875000,106.804688,102.000000,106.500000,89.740631,48868200
2000-02-25,106.187500,107.500000,103.875000,104.062500,87.686729,32617600
2000-02-28,103.250000,105.687500,100.500000,104.000000,87.634056,38216200
2000-02-29,105.750000,107.093750,104.937500,106.750000,89.951286,23978600
2000-03-01,107.250000,108.562500,106.500000,107.625000,90.688591,24468400
2000-03-02,108.062500,108.187500,104.750000,105.132812,88.588577,32739200
2000-03-03,108.000000,111.125000,107.000000,111.062500,93.585136,32017200
2000-03-06,111.750000,113.218750,110.250000,111.937500,94.322495,23268400
2000-03-07,113.812500,113.875000,108.750000,110.250000,92.900536,39471000
2000-03-08,111.000000,112.000000,106.281250,111.250000,93.743149,43512600
2000-03-09,111.218750,115.500000,109.093750,115.000000,96.903000,30101400
2000-03-10,114.875000,116.437500,113.507812,114.500000,96.481697,29750600
2000-03-13,110.000000,114.125000,109.531250,111.500000,93.953812,37544200
2000-03-14,112.750000,113.375000,105.000000,107.375000,90.477921,39106800
2000-03-15,106.500000,107.000000,101.875000,102.875000,86.686073,51202600
2000-03-16,105.375000,109.250000,101.000000,108.750000,91.636543,55282200
2000-03-17,108.000000,111.062500,107.937500,110.812500,93.374496,31422400
2000-03-20,111.000000,111.500000,106.250000,107.687500,90.741280,21167200
2000-03-21,106.125000,111.937500,103.562500,111.750000,94.164482,33435100
2000-03-22,113.500000,115.968750,111.125000,114.000000,96.060410,24370200
2000-03-23,114.484375,117.750000,113.562500,116.000000,97.745705,19227400
2000-03-24,117.484375,120.500000,115.015625,117.562500,99.062309,22063000
2000-03-27,118.000000,119.500000,117.125000,117.750000,99.220314,11752600
2000-03-28,116.984375,117.812500,113.125000,114.750000,96.692368,18336300
2000-03-29,115.375000,115.437500,110.000000,110.000000,92.689857,27189500
2000-03-30,107.250000,112.750000,103.500000,107.250000,90.372612,42328700
2000-03-31,108.140625,110.625000,104.000000,109.500000,92.268547,31349900
2000-04-03,107.765625,109.125000,100.750000,102.937500,86.738739,31551300
2000-04-04,103.625000,103.937500,88.312500,101.937500,85.896126,66213000
2000-04-05,97.500000,103.937500,96.250000,100.125000,84.368828,37631500
2000-04-06,102.375000,103.875000,99.750000,102.500000,86.370102,30499900
2000-04-07,104.125000,107.375000,102.625000,106.625000,89.845947,20645500
2000-04-10,107.625000,107.687500,99.250000,100.125000,84.368828,26988200
2000-04-11,97.125000,101.500000,95.062500,97.750000,82.367592,34497100
2000-04-12,97.625000,98.750000,90.250000,92.000000,77.522408,34824400
2000-04-13,92.812500,96.000000,88.000000,88.000000,74.151878,46330500
2000-04-14,86.062500,88.500000,78.000000,80.375000,67.726807,60851300
2000-04-17,78.015625,90.000000,78.000000,89.625000,75.521172,55398500
2000-04-18,89.484375,93.000000,87.375000,92.000000,77.522408,36260900
2000-04-19,92.500000,93.625000,89.062500,89.187500,75.152512,28082500
2000-04-20,90.375000,90.968750,86.062500,87.250000,73.519890,21255600
2000-04-24,83.437500,85.250000,79.875000,84.750000,71.413330,31190900
2000-04-25,86.500000,90.500000,86.000000,90.468750,76.232140,28663200
2000-04-26,90.625000,92.421875,87.125000,87.375000,73.625198,25688300
2000-04-27,84.000000,92.484375,82.250000,91.250000,76.890427,37010400
2000-04-28,93.562500,94.750000,92.125000,94.750000,79.839691,24828400
2000-05-01,95.750000,96.875000,94.250000,95.625000,80.576973,23205700
2000-05-02,94.875000,95.625000,89.750000,90.125000,75.942513,20307900
2000-05-03,89.500000,90.250000,85.515625,89.125000,75.099876,26589700
2000-05-04,89.000000,90.750000,87.625000,89.312500,75.257843,17750700
2000-05-05,88.125000,92.312500,88.031250,91.437500,77.048393,20571200
2000-05-08,90.500000,90.750000,87.750000,87.875000,74.046532,13903000
2000-05-09,88.500000,89.125000,84.312500,86.000000,72.466591,19825800
2000-05-10,84.375000,84.984375,79.500000,79.750000,67.200172,34847500
2000-05-11,82.750000,85.250000,80.875000,84.625000,71.307999,24709700
2000-05-12,85.375000,87.562500,84.000000,84.625000,71.307999,17832000
2000-05-15,84.812500,88.625000,82.625000,88.312500,74.415199,17950800
2000-05-16,90.000000,91.500000,88.062500,90.812500,76.521812,23758800
2000-05-17,89.250000,90.500000,87.750000,88.937500,74.941856,20339400
2000-05-18,89.000000,89.359375,85.375000,85.750000,72.255959,19063000
2000-05-19,83.750000,85.000000,81.312500,81.687500,68.832748,28178100
2000-05-22,81.625000,82.250000,75.578125,81.625000,68.780113,43879800
2000-05-23,81.375000,82.625000,74.250000,74.812500,63.039658,31898500
2000-05-24,75.000000,79.875000,72.250000,79.500000,66.989494,49476000
2000-05-25,80.250000,82.250000,76.500000,77.750000,65.514885,29632700
2000-05-26,77.750000,79.250000,75.750000,77.750000,65.514885,18203200
2000-05-30,80.000000,85.937500,80.000000,85.562500,72.097961,31590400
2000-05-31,84.468750,86.671875,82.750000,83.125000,70.044037,29675400
2000-06-01,85.187500,88.375000,84.000000,87.375000,73.625198,28993500
2000-06-02,92.625000,93.937500,82.500000,93.625000,78.891724,31677200
2000-06-05,92.250000,95.312500,91.875000,93.859375,79.089218,23784300
2000-06-06,93.187500,95.000000,90.875000,91.250000,76.890427,23200500
2000-06-07,91.562500,94.000000,89.562500,93.687500,78.944389,22524400
2000-06-08,94.625000,94.875000,91.625000,93.250000,78.575722,19313800
2000-06-09,94.750000,94.750000,93.000000,93.750000,78.997025,17014600
2000-06-12,94.312500,94.312500,90.000000,90.750000,76.469154,16484700
2000-06-13,90.500000,94.625000,89.359375,94.250000,79.418335,25187900
2000-06-14,94.875000,94.875000,91.500000,92.125000,77.627754,20274500
2000-06-15,91.875000,93.875000,90.875000,93.750000,78.997025,18807800
2000-06-16,94.750000,95.312500,93.062500,94.250000,79.418335,21203400
2000-06-19,94.015625,98.250000,92.687500,98.000000,82.578247,20042500
2000-06-20,98.250000,99.687500,97.187500,97.625000,82.262260,20988300
2000-06-21,96.812500,99.718750,96.687500,98.875000,83.315544,20880600
2000-06-22,98.625000,99.000000,94.500000,95.250000,80.261024,21526700
2000-06-23,95.000000,95.500000,91.375000,91.500000,77.101128,24888100
2000-06-26,93.062500,94.421875,92.000000,94.000000,79.207695,22169200
2000-06-27,93.765625,95.062500,92.375000,92.875000,78.259758,14786000
2000-06-28,92.984375,95.500000,92.500000,94.000000,79.207695,19259800
2000-06-29,92.937500,93.375000,90.625000,91.640625,77.219604,21355800
2000-06-30,91.812500,93.953125,91.312500,93.437500,78.733711,15153100
2000-07-03,93.500000,95.250000,93.250000,95.250000,80.261024,5212000
2000-07-05,93.625000,93.968750,90.875000,91.562500,77.153763,16489000
2000-07-06,91.562500,94.750000,90.062500,94.000000,79.207695,23594700
2000-07-07,95.000000,97.000000,94.437500,95.937500,80.840294,16603200
2000-07-10,94.687500,95.875000,94.000000,94.484375,79.615875,12659400
2000-07-11,94.062500,95.750000,92.812500,95.000000,80.050323,14374600
2000-07-12,95.437500,97.750000,94.625000,97.250000,81.946243,18252600
2000-07-13,97.937500,99.750000,97.125000,98.500000,82.999550,19566700
2000-07-14,100.250000,101.125000,98.812500,100.625000,84.790154,17219400
2000-07-17,100.937500,102.062500,99.875000,101.750000,85.738106,13140500
2000-07-18,100.375000,100.781250,98.359375,99.500000,83.842216,20684000
2000-07-19,98.312500,98.937500,95.656250,97.250000,81.946243,21828500
2000-07-20,97.875000,100.500000,97.265625,100.375000,84.579498,19521200
2000-07-21,98.437500,99.515625,97.000000,97.000000,81.735596,14411400
2000-07-24,97.937500,99.000000,94.250000,95.000000,80.050323,18579200
2000-07-25,95.625000,97.000000,93.812500,95.750000,80.682320,19065700
2000-07-26,95.500000,96.125000,93.250000,95.625000,80.576973,20318700
2000-07-27,93.937500,95.062500,91.562500,91.875000,77.417061,26141800
2000-07-28,92.187500,92.875000,86.000000,86.875000,73.203934,36485600
2000-07-31,87.625000,90.125000,85.718750,89.437500,75.363190,27609900
2000-08-01,89.812500,89.984375,87.687500,88.250000,74.362518,15751800
2000-08-02,87.875000,90.390625,86.500000,86.687500,73.045914,23578200
2000-08-03,84.250000,91.250000,83.312500,90.437500,76.205826,35874700
2000-08-04,92.000000,92.765625,89.125000,90.125000,75.942513,22283400
2000-08-07,90.875000,93.031250,90.250000,92.250000,77.733093,15103300
2000-08-08,92.062500,94.250000,91.500000,94.125000,79.313026,14832300
2000-08-09,93.687500,94.437500,91.375000,91.625000,77.206429,18649800
2000-08-10,91.812500,92.234375,89.500000,89.812500,75.679169,15336200
2000-08-11,89.250000,91.109375,87.875000,91.062500,76.732452,21050600
2000-08-14,91.375000,93.000000,90.203125,93.000000,78.365082,12539300
2000-08-15,92.750000,93.984375,92.000000,93.000000,78.365082,14090300
2000-08-16,93.437500,94.687500,92.000000,93.937500,79.155029,15245300
2000-08-17,92.937500,95.875000,92.875000,95.750000,80.682320,14492400
2000-08-18,95.937500,96.625000,94.687500,95.250000,80.261024,14706700
2000-08-21,96.000000,96.859375,94.375000,95.500000,80.471657,13560100
2000-08-22,96.000000,97.359375,95.265625,95.500000,80.471657,14878200
2000-08-23,94.687500,97.437500,93.828125,97.062500,81.788307,21396400
2000-08-24,97.437500,98.687500,96.062500,98.562500,83.052208,13567700
2000-08-25,98.484375,99.953125,97.000000,98.031250,82.604584,11764700
2000-08-28,98.250000,99.843750,97.937500,98.500000,82.999550,12314200
2000-08-29,98.625000,99.171875,97.859375,99.000000,83.420883,11162800
2000-08-30,98.312500,99.500000,97.765625,98.875000,83.315544,10545300
2000-08-31,99.625000,102.000000,98.875000,101.625000,85.632790,15588700
2000-09-01,103.000000,103.515625,101.187500,102.625000,86.475426,14071900
2000-09-05,101.625000,101.750000,99.421875,99.500000,83.842216,16348300
2000-09-06,99.250000,99.484375,95.500000,96.000000,80.892967,20964900
2000-09-07,96.812500,99.421875,96.562500,98.125000,82.683563,16669700
2000-09-08,97.765625,98.000000,94.765625,95.125000,80.155655,23475200
2000-09-11,94.500000,96.125000,92.000000,92.812500,78.207115,27262100
2000-09-12,93.500000,94.687500,90.843750,91.375000,76.995789,24256000
2000-09-13,90.250000,93.875000,90.000000,93.500000,78.786400,34093100
2000-09-14,95.250000,95.937500,92.640625,93.000000,78.365082,28615300
2000-09-15,93.125000,93.625000,90.687500,91.312500,76.943138,24994600
2000-09-18,91.812500,93.000000,88.000000,89.875000,75.731842,29218500
2000-09-19,90.750000,93.781250,89.875000,93.187500,78.523079,27568700
2000-09-20,93.375000,95.234375,91.312500,94.625000,79.734352,33123200
2000-09-21,93.750000,94.484375,87.000000,87.750000,73.941238,25031400
2000-09-22,87.625000,93.250000,87.500000,92.937500,78.312439,33710100
2000-09-25,93.625000,94.250000,90.000000,90.468750,76.232140,20560800
2000-09-26,90.765625,92.500000,88.921875,89.437500,75.363190,26011200
2000-09-27,90.625000,91.187500,88.000000,89.562500,75.468521,28482900
2000-09-28,88.718750,93.000000,88.718750,91.562500,77.153763,29050000
2000-09-29,92.000000,92.453125,88.687500,88.750000,74.783821,27198800
2000-10-02,90.250000,90.250000,86.000000,86.750000,73.098602,24968200
2000-10-03,88.062500,88.812500,83.265625,84.000000,70.781334,35731200
2000-10-04,83.500000,86.859375,82.125000,85.625000,72.150650,37672100
2000-10-05,85.250000,87.187500,84.562500,85.875000,72.361290,23443100
2000-10-06,85.562500,86.562500,81.250000,83.000000,69.938728,36335800
2000-10-09,82.562500,83.812500,79.375000,82.625000,69.622726,28834600
2000-10-10,81.812500,83.312500,77.875000,78.312500,65.988876,35283200
2000-10-11,76.875000,80.453125,76.062500,77.062500,64.935608,48462600
2000-10-12,79.250000,79.562500,74.406250,75.125000,63.302956,53223600
2000-10-13,74.687500,81.625000,74.625000,81.250000,68.464104,42410200
2000-10-16,81.125000,82.312500,79.750000,82.000000,69.096100,27644900
2000-10-17,83.125000,83.171875,78.000000,78.250000,65.936172,52101400
2000-10-18,76.750000,81.187500,74.562500,78.000000,65.725548,64354400
2000-10-19,82.390625,85.109375,81.437500,85.062500,71.676659,44278900
2000-10-20,84.500000,87.875000,84.390625,86.312500,72.729904,40692200
2000-10-23,86.187500,87.500000,84.125000,86.187500,72.624603,28989200
2000-10-24,86.437500,87.000000,82.375000,82.500000,69.517395,31466200
2000-10-25,81.250000,82.000000,76.890625,77.875000,65.620201,48635400
2000-10-26,78.187500,80.000000,73.625000,79.875000,67.305481,69991300
2000-10-27,80.859375,81.859375,77.484375,79.718750,67.173828,51046400
2000-10-30,78.187500,79.875000,75.703125,76.765625,64.685402,35496700
2000-10-31,78.000000,82.562500,77.875000,81.703125,68.845894,43863800
2000-11-01,80.312500,82.812500,79.187500,81.000000,68.253448,45186400
2000-11-02,82.187500,83.250000,81.062500,82.000000,69.096100,26594300
2000-11-03,82.875000,83.937500,81.640625,83.062500,69.991402,29837100
2000-11-06,83.625000,84.125000,82.000000,82.437500,69.464752,23485800
2000-11-07,81.437500,82.468750,80.250000,82.125000,69.201416,24334400
2000-11-08,82.125000,82.250000,75.625000,75.703125,63.790127,40338200
2000-11-09,74.750000,76.937500,73.000000,75.687500,63.776970,64955900
2000-11-10,74.250000,75.687500,71.750000,71.750000,60.459076,49235500
2000-11-13,70.953125,74.187500,68.265625,71.859375,60.551235,75023400
2000-11-14,73.000000,76.000000,72.750000,75.843750,63.908596,44829500
2000-11-15,75.562500,78.062500,74.796875,77.375000,65.198914,37760900
2000-11-16,75.375000,77.000000,72.875000,72.875000,61.407032,33898700
2000-11-17,73.187500,75.187500,71.000000,72.828125,61.367542,49913800
2000-11-20,70.937500,72.062500,69.250000,69.859375,58.865948,46862300
2000-11-21,70.187500,71.125000,68.437500,69.750000,58.773792,42128600
2000-11-22,68.437500,70.125000,66.500000,66.625000,56.140564,56623700
2000-11-24,68.375000,70.625000,68.171875,70.437500,59.353127,19987900
2000-11-27,72.562500,72.937500,68.750000,69.562500,58.615788,35416600
2000-11-28,68.937500,69.937500,65.312500,65.453125,55.153118,48812700
2000-11-29,65.812500,66.750000,62.500000,62.937500,53.033352,66189300
2000-11-30,61.750000,64.250000,60.500000,62.984375,53.072838,74792600
2000-12-01,64.062500,66.765625,62.125000,64.000000,53.928631,57112500
2000-12-04,64.125000,65.359375,61.750000,65.000000,54.771282,49106300
2000-12-05,66.062500,71.000000,65.500000,70.687500,59.563770,76531800
2000-12-06,70.593750,72.296875,67.750000,68.000000,57.299198,63352100
2000-12-07,67.000000,68.984375,65.500000,66.500000,56.035225,41481100
2000-12-08,71.093750,73.500000,67.625000,68.000000,57.299198,65856900
2000-12-11,72.062500,74.781250,70.953125,74.375000,62.670986,51829800
2000-12-12,73.500000,73.875000,71.312500,71.656250,60.380089,31054500
2000-12-13,73.437500,73.500000,68.312500,68.734375,57.917995,51661600
2000-12-14,68.515625,69.687500,65.250000,65.375000,55.087280,41562700
2000-12-15,64.250000,65.625000,62.562500,63.875000,53.823315,59026100
2000-12-18,65.156250,65.968750,62.562500,64.000000,53.928631,42950000
2000-12-19,63.453125,65.859375,58.750000,59.125000,49.820789,80489200
2000-12-20,57.312500,58.375000,54.750000,55.734375,46.963757,81432100
2000-12-21,55.015625,58.750000,54.250000,56.062500,47.240242,85875600
2000-12-22,57.625000,60.750000,57.500000,60.500000,50.979420,57240000
2000-12-26,60.593750,61.921875,58.000000,60.875000,51.295410,37082800
2000-12-27,59.687500,62.187500,58.937500,61.562500,51.874725,33955500
2000-12-28,60.781250,62.484375,60.250000,61.437500,51.769382,30996900
2000-12-29,61.562500,62.234375,58.000000,58.375000,49.188816,49191000
2001-01-02,58.562500,58.687500,52.437500,53.437500,45.028316,62514100
2001-01-03,52.187500,65.250000,52.156250,62.437500,52.612030,118175700
2001-01-04,61.625000,63.625000,60.234375,61.312500,51.664055,58465400
2001-01-05,61.312500,61.312500,56.000000,56.625000,47.714214,68782000
2001-01-08,56.312500,57.500000,53.515625,57.250000,48.240849,55576500
2001-01-09,57.750000,59.125000,56.625000,57.250000,48.240849,53318900
2001-01-10,56.125000,60.375000,55.750000,60.187500,50.716095,74258300
2001-01-11,59.265625,63.687500,59.187500,61.937500,52.190701,65451700
2001-01-12,62.750000,64.625000,61.500000,62.734375,52.862183,60793900
2001-01-16,62.562500,62.921875,60.562500,61.984375,52.230209,32203300
2001-01-17,64.500000,65.609375,63.140625,63.875000,53.823315,61388800
2001-01-18,64.125000,66.750000,62.687500,66.562500,56.087898,54934700
2001-01-19,68.140625,68.312500,65.562500,66.312500,55.877251,56292500
2001-01-22,65.875000,67.000000,64.750000,66.375000,55.929909,35777100
2001-01-23,65.906250,68.406250,65.312500,67.765625,57.101704,49859500
2001-01-24,68.062500,69.125000,66.750000,67.125000,56.561886,53905400
2001-01-25,66.875000,67.671875,64.390625,64.500000,54.349972,57151900
2001-01-26,63.562500,65.937500,63.000000,65.546875,55.232113,45681400
2001-01-29,64.750000,67.250000,64.250000,67.000000,56.456570,31514100
2001-01-30,67.150002,67.739998,66.000000,66.750000,56.245857,42439300
2001-01-31,67.250000,67.989998,64.300003,64.300003,54.181435,59322200
2001-02-01,64.550003,65.610001,63.599998,65.150002,54.897667,45142600
2001-02-02,64.940002,65.300003,60.000000,61.549999,51.864185,47471000
2001-02-05,61.189999,61.900002,60.119999,61.500000,51.822063,36016300
2001-02-06,61.490002,63.119999,61.160000,61.599998,51.906326,42417700
2001-02-07,60.509998,61.200001,58.580002,60.599998,51.063694,61972200
2001-02-08,60.900002,61.500000,58.580002,58.790001,49.538513,48269500
2001-02-09,58.250000,58.599998,56.000000,56.400002,47.524628,55385200
2001-02-12,56.250000,57.939999,55.619999,57.080002,48.097630,50540400
2001-02-13,57.650002,59.180000,54.980000,55.250000,46.555588,58914000
2001-02-14,55.400002,57.750000,54.119999,57.450001,48.409393,63048200
2001-02-15,58.799999,60.490002,58.299999,58.400002,49.209885,67801300
2001-02-16,55.959999,56.869999,54.529999,55.130001,46.454468,66779700
2001-02-20,55.740002,55.840000,52.299999,52.990002,44.651237,55298400
2001-02-21,51.549999,54.070000,50.919998,51.500000,43.395725,72349000
2001-02-22,51.450001,52.160000,48.889999,51.000000,42.974396,103855500
2001-02-23,50.090000,51.599998,48.230000,51.180000,43.126064,93337900
2001-02-26,52.080002,52.599998,50.250000,52.150002,43.943436,78342700
2001-02-27,51.540001,52.080002,48.900002,49.000000,41.289124,66741700
2001-02-28,49.450001,50.209999,46.860001,47.450001,39.983032,102187900
2001-03-01,46.970001,49.200001,45.750000,48.799999,41.120598,101773000
2001-03-02,47.200001,49.630001,45.650002,46.700001,39.351063,95927100
2001-03-05,47.500000,48.360001,47.090000,47.549999,40.067291,43888400
2001-03-06,49.299999,50.660000,49.099998,49.400002,41.626171,60828600
2001-03-07,50.400002,50.430000,48.970001,49.419998,41.643032,55215500
2001-03-08,49.349998,49.810001,48.099998,48.500000,40.867798,48965200
2001-03-09,47.250000,47.369999,44.950001,45.099998,38.002831,79990900
2001-03-12,44.000000,44.950001,41.799999,42.299999,35.643452,80674000
2001-03-13,42.779999,44.740002,42.130001,44.450001,37.455132,80024400
2001-03-14,42.700001,45.189999,42.310001,43.750000,36.865295,97190000
2001-03-15,45.200001,45.310001,42.049999,42.150002,35.517082,74135500
2001-03-16,41.880001,42.799999,40.560001,41.200001,34.716572,77784500
2001-03-19,41.439999,43.259998,40.750000,43.259998,36.452408,53248200
2001-03-20,43.439999,43.810001,40.200001,40.349998,34.000328,104796200
2001-03-21,40.520000,41.799999,39.709999,40.349998,34.000328,96200700
2001-03-22,40.599998,42.799999,39.490002,42.799999,36.064785,130208100
2001-03-23,43.549999,43.830002,41.500000,42.799999,36.064785,95277500
2001-03-26,43.470001,43.500000,41.549999,41.810001,35.230579,57666200
2001-03-27,41.799999,43.720001,41.419998,43.250000,36.443970,69945300
2001-03-28,41.900002,42.200001,39.680000,39.700001,33.452610,77863500
2001-03-29,39.380001,40.610001,38.400002,38.950001,32.820629,79654700
2001-03-30,39.299999,39.980000,38.000000,39.150002,32.989166,63661300
2001-04-02,39.169998,39.849998,37.299999,37.400002,31.514555,69713600
2001-04-03,37.200001,37.750000,34.619999,34.660000,29.205729,89015700
2001-04-04,34.709999,35.810001,33.599998,34.049999,28.691727,76473900
2001-04-05,36.000000,37.959999,35.709999,37.310001,31.438705,87035800
2001-04-06,36.900002,37.099998,35.500000,35.950001,30.292717,86123600
2001-04-09,36.790001,37.389999,35.849998,37.049999,31.219625,51638700
2001-04-10,37.900002,40.459999,37.779999,39.799999,33.536869,94265100
2001-04-11,42.160000,42.500000,40.450001,41.000000,34.548050,92829500
2001-04-12,40.299999,42.799999,40.000000,42.799999,36.064785,79531500
2001-04-16,41.939999,42.430000,40.060001,40.250000,33.916069,65229800
2001-04-17,39.950001,42.700001,39.900002,41.250000,34.758698,94694300
2001-04-18,43.720001,48.000000,43.200001,45.549999,38.382019,128891400
2001-04-19,46.099998,48.750000,45.580002,48.299999,40.699276,110467600
2001-04-20,48.180000,49.439999,43.049999,48.400002,40.783546,80598100
2001-04-23,46.990002,47.720001,44.889999,45.150002,38.044968,79317600
2001-04-24,45.099998,46.419998,43.750000,44.299999,37.328724,88888300
2001-04-25,43.900002,45.580002,43.099998,45.099998,38.002831,68418400
2001-04-26,45.900002,46.250000,43.869999,43.950001,37.033802,71110200
2001-04-27,45.150002,45.470001,44.240002,45.150002,38.044968,55580000
2001-04-30,46.250000,47.570000,45.299999,46.150002,38.887596,73859100
2001-05-01,46.200001,48.080002,45.400002,48.049999,40.488621,54498300
2001-05-02,48.799999,49.400002,47.500000,48.980000,41.272285,77566500
2001-05-03,47.900002,47.900002,46.200001,46.799999,39.435326,67124900
2001-05-04,45.299999,48.200001,45.110001,48.200001,40.615013,72673400
2001-05-07,48.000000,48.599998,47.099998,47.200001,39.772373,45561600
2001-05-08,48.299999,48.349998,46.990002,48.200001,40.615013,56970700
2001-05-09,47.049999,47.950001,46.439999,46.549999,39.224667,60984600
2001-05-10,47.919998,48.049999,45.720001,45.770000,38.567417,61130300
2001-05-11,45.840000,46.419998,45.090000,45.549999,38.382019,48760400
2001-05-14,45.299999,45.360001,43.349998,44.820000,37.766903,43108000
2001-05-15,44.900002,46.299999,44.580002,45.150002,38.044968,69007600
2001-05-16,44.310001,47.520000,44.060001,47.150002,39.730251,80110500
2001-05-17,47.450001,48.790001,47.259998,47.900002,40.362225,73810700
2001-05-18,47.639999,48.380001,47.090000,48.040001,40.480179,41095100
2001-05-21,48.169998,51.150002,47.650002,51.049999,43.016537,85426900
2001-05-22,51.310001,51.950001,50.180000,50.900002,42.890121,77233900
2001-05-23,50.439999,50.450001,48.639999,48.650002,40.994202,65618000
2001-05-24,48.970001,49.990002,48.270000,49.900002,42.047497,61792500
2001-05-25,49.959999,50.020000,48.020000,48.990002,41.280704,36191100
2001-05-29,48.500000,48.500000,46.099998,46.119999,38.862320,66609600
2001-05-30,45.430000,45.849998,44.080002,44.430000,37.438271,81397400
2001-05-31,44.540001,45.849998,44.299999,44.730000,37.691063,68018300
2001-06-01,45.540001,46.230000,44.330002,46.049999,38.803326,61874300
2001-06-04,46.330002,46.660000,45.290001,45.830002,38.617973,41696000
2001-06-05,46.299999,48.360001,46.200001,47.849998,40.320087,68146400
2001-06-06,48.080002,48.889999,47.070000,47.480000,40.008293,61169500
2001-06-07,47.130001,49.490002,47.070000,48.700001,41.036320,65400200
2001-06-08,48.720001,48.770000,46.950001,47.349998,39.898781,56391400
2001-06-11,46.900002,47.000000,45.490002,46.049999,38.803326,48809400
2001-06-12,44.869999,46.799999,44.230000,45.799999,38.592701,78450500
2001-06-13,46.270000,46.750000,44.520000,44.549999,37.539391,68535400
2001-06-14,44.020000,44.400002,42.000000,42.250000,35.601334,91050300
2001-06-15,41.799999,43.070000,41.279999,42.599998,35.896255,84589400
2001-06-18,42.639999,43.169998,41.400002,42.029999,35.415947,63539100
2001-06-19,43.320000,43.560001,41.259998,41.820000,35.238991,73386900
2001-06-20,41.299999,42.970001,41.279999,42.770000,36.039501,83588600
2001-06-21,42.669998,44.230000,42.299999,43.349998,36.528229,67212600
2001-06-22,43.619999,44.200001,42.590000,43.250000,36.443970,51870400
2001-06-25,43.610001,43.799999,42.650002,43.360001,36.536663,39212100
2001-06-26,42.540001,43.889999,42.480000,43.509998,36.663055,55155100
2001-06-27,43.680000,44.150002,43.000000,43.790001,36.899002,53289400
2001-06-28,44.400002,46.360001,44.349998,44.349998,37.370884,89963700
2001-06-29,45.090000,46.520000,44.700001,45.700001,38.508419,59719600
2001-07-02,45.650002,46.480000,45.189999,45.450001,38.297760,50884300
2001-07-03,45.250000,45.689999,44.799999,45.639999,38.457867,24758400
2001-07-05,44.869999,45.180000,43.450001,43.450001,36.612499,44409800
2001-07-06,43.009998,43.110001,41.490002,41.650002,35.095760,53434800
2001-07-09,41.889999,42.689999,41.500000,42.009998,35.399094,45547500
2001-07-10,42.759998,42.880001,40.400002,40.500000,34.126724,58620000
2001-07-11,40.419998,41.099998,39.869999,41.000000,34.548050,77840200
2001-07-12,42.630001,43.830002,42.299999,43.599998,36.738880,70363300
2001-07-13,43.380001,44.430000,42.900002,43.150002,36.359707,62474200
2001-07-16,43.369999,43.860001,41.900002,42.349998,35.685596,53390800
2001-07-17,41.820000,43.400002,41.540001,43.299999,36.486099,59813000
2001-07-18,42.270000,42.849998,41.139999,41.650002,35.095760,64797200
2001-07-19,42.459999,43.349998,41.750000,42.639999,35.929966,76590200
2001-07-20,41.490002,42.139999,41.360001,41.650002,35.095760,49012800
2001-07-23,42.240002,42.400002,40.549999,40.610001,34.219391,55329400
2001-07-24,40.380001,40.900002,39.310001,40.150002,33.831795,70422900
2001-07-25,40.139999,40.720001,39.400002,40.500000,34.126724,68859600
2001-07-26,40.450001,41.889999,39.980000,41.099998,34.632309,69199300
2001-07-27,41.639999,42.259998,41.299999,41.950001,35.348549,47452900
2001-07-30,42.130001,42.299999,41.400002,41.700001,35.137882,39459400
2001-07-31,41.840000,42.779999,41.500000,41.759998,35.188446,55732500
2001-08-01,42.630001,43.500000,42.410000,43.099998,36.317577,53864800
2001-08-02,43.790001,44.000000,42.820000,43.910000,37.000130,53187300
2001-08-03,43.529999,43.529999,42.560001,43.180000,36.384972,51513700
2001-08-06,42.529999,42.849998,42.349998,42.500000,35.811989,31105700
2001-08-07,42.099998,42.820000,41.939999,42.279999,35.626617,38407500
2001-08-08,41.849998,42.650002,40.299999,40.500000,34.126724,76045200
2001-08-09,40.410000,40.880001,39.980000,40.669998,34.269966,66861400
2001-08-10,40.419998,40.750000,39.230000,40.279999,33.941338,68491900
2001-08-13,40.590000,41.340000,40.200001,41.099998,34.632309,48425700
2001-08-14,41.490002,41.700001,40.540001,40.599998,34.210979,51267600
2001-08-15,40.619999,40.930000,39.070000,39.099998,32.947033,58935300
2001-08-16,38.639999,39.590000,38.040001,39.560001,33.334641,68227300
2001-08-17,38.439999,38.799999,37.709999,37.759998,31.817900,56649300
2001-08-20,37.849998,38.650002,37.520000,38.279999,32.256081,49921300
2001-08-21,38.290001,38.650002,36.650002,36.689999,30.916285,56445600
2001-08-22,37.450001,37.840000,36.540001,37.689999,31.758905,65221400
2001-08-23,37.669998,38.459999,37.299999,37.320000,31.447153,54711800
2001-08-24,37.860001,39.389999,37.750000,39.299999,33.115559,58450600
2001-08-27,39.279999,39.900002,38.830002,39.349998,33.157703,50927500
2001-08-28,39.320000,39.439999,38.009998,38.119999,32.121246,65275500
2001-08-29,38.369999,38.450001,37.130001,37.560001,31.649372,59060500
2001-08-30,36.799999,37.310001,35.750000,36.169998,30.478102,76105800
2001-08-31,36.029999,37.029999,35.939999,36.630001,30.865715,54309000
2001-09-04,36.509998,37.500000,35.349998,35.470001,29.888277,74073600
2001-09-05,35.490002,35.910000,34.150002,35.330002,29.770294,95461200
2001-09-06,34.740002,35.520000,33.779999,33.900002,28.565329,88701800
2001-09-07,33.619999,35.099998,33.349998,33.700001,28.396803,95528800
2001-09-10,33.490002,34.320000,33.340000,34.099998,28.733858,80371300
2001-09-17,31.250000,32.799999,31.090000,31.200001,26.290220,97700900
2001-09-18,31.530001,32.500000,30.370001,30.500000,25.700367,66285300
2001-09-19,30.639999,31.000000,28.260000,29.969999,25.253775,116632800
2001-09-20,29.299999,30.090000,28.799999,28.969999,24.411144,90840200
2001-09-21,27.410000,28.969999,27.200001,28.190001,23.753876,112341900
2001-09-24,29.080000,30.000000,28.590000,29.610001,24.950426,85696500
2001-09-25,29.709999,30.430000,28.950001,29.700001,25.026262,83860600
2001-09-26,29.950001,30.000000,28.410000,28.670000,24.158354,59759800
2001-09-27,28.400000,28.790001,27.420000,28.480000,23.998249,70050700
2001-09-28,28.840000,29.920000,28.309999,28.980000,24.419561,84810800
2001-10-01,28.850000,28.980000,27.850000,28.730000,24.208906,53460800
2001-10-02,28.650000,29.410000,28.400000,28.820000,24.284746,74133400
2001-10-03,28.420000,31.610001,28.330000,31.000000,26.121691,136198600
2001-10-04,31.650000,33.200001,30.940001,31.299999,26.374475,127371500
2001-10-05,31.000000,31.900000,30.260000,31.760000,26.762087,96443400
2001-10-08,31.129999,32.349998,30.959999,31.860001,26.846352,67789600
2001-10-09,31.860001,32.020000,30.870001,31.090000,26.197527,57564800
2001-10-10,30.870001,32.540001,30.750000,32.500000,27.385641,73840600
2001-10-11,33.189999,35.250000,33.139999,34.700001,29.239441,117232200
2001-10-12,34.330002,34.799999,33.139999,34.549999,29.113049,111901600
2001-10-15,34.119999,34.549999,33.660000,34.400002,28.986649,78322000
2001-10-16,34.660000,35.099998,34.070000,34.959999,29.458517,81346800
2001-10-17,35.869999,36.000000,32.299999,32.450001,27.343508,141530300
2001-10-18,32.700001,33.540001,32.400002,33.330002,28.085022,94448200
2001-10-19,32.860001,33.750000,32.000000,33.549999,28.270403,73434200
2001-10-22,33.439999,34.500000,33.220001,34.450001,29.028776,74104900
2001-10-23,34.820000,35.400002,34.000000,34.630001,29.180443,104062200
2001-10-24,34.599998,35.680000,34.320000,35.380001,29.812426,90171400
2001-10-25,34.700001,36.820000,34.230000,36.799999,31.008984,118551900
2001-10-26,36.500000,37.060001,36.009998,36.009998,30.343300,93823900
2001-10-29,36.000000,36.150002,34.040001,34.040001,28.683302,92146800
2001-10-30,33.709999,34.090000,32.840000,33.380001,28.127159,96092200
2001-10-31,34.040001,34.959999,33.680000,33.900002,28.565329,106175500
2001-11-01,34.439999,35.560001,33.779999,35.340000,29.778725,92716000
2001-11-02,35.270000,35.849998,34.889999,35.599998,29.997797,64917700
2001-11-05,36.259998,37.160000,36.160000,36.759998,30.975281,64473000
2001-11-06,36.599998,38.200001,36.389999,38.189999,32.180233,107214900
2001-11-07,37.610001,38.840000,37.500000,38.139999,32.138107,92562100
2001-11-08,38.549999,39.400002,37.250000,37.750000,31.809484,105916300
2001-11-09,37.590000,38.080002,37.119999,37.730000,31.792597,74121900
2001-11-12,37.000000,38.349998,36.299999,38.000000,32.020157,112994400
2001-11-13,39.029999,39.500000,38.630001,39.360001,33.166103,97931800
2001-11-14,39.959999,40.240002,38.740002,39.639999,33.402077,88660100
2001-11-15,39.160000,40.110001,38.950001,39.480000,33.267227,86349700
2001-11-16,39.480000,39.680000,38.919998,39.369999,33.174530,64035500
2001-11-19,39.790001,40.490002,39.490002,40.490002,34.118298,69196300
2001-11-20,40.080002,40.230000,38.480000,38.619999,32.542576,85176500
2001-11-21,38.470001,38.950001,37.980000,38.419998,32.374023,60867900
2001-11-23,38.759998,39.430000,38.570000,39.279999,33.098709,27046000
2001-11-26,39.580002,40.360001,39.009998,40.250000,33.916069,75267500
2001-11-27,40.049999,40.970001,39.200001,40.200001,33.873951,100289700
2001-11-28,39.730000,40.369999,38.689999,38.750000,32.652092,101568200
2001-11-29,39.029999,40.000000,38.790001,39.950001,33.663296,83774700
2001-11-30,39.730000,40.040001,39.360001,39.650002,33.410496,66018200
2001-12-03,39.290001,39.599998,38.869999,38.970001,32.837494,60449800
2001-12-04,39.340000,40.840000,38.439999,40.830002,34.404800,79378700
2001-12-05,41.200001,43.150002,41.119999,42.849998,36.106922,115773700
2001-12-06,42.700001,43.240002,42.360001,42.910000,36.157471,77702100
2001-12-07,42.480000,42.599998,41.139999,41.730000,35.163162,81632600
2001-12-10,41.320000,42.230000,40.880001,41.000000,34.548050,69088000
2001-12-11,41.459999,42.259998,41.130001,41.230000,34.741844,66056500
2001-12-12,41.500000,41.939999,40.599998,41.560001,35.019917,76093400
2001-12-13,40.709999,41.000000,39.759998,39.759998,33.503174,79582600
2001-12-14,39.869999,40.459999,39.570000,40.110001,33.798096,70006300
2001-12-17,40.020000,41.240002,40.020000,40.799999,34.379517,62295500
2001-12-18,41.160000,41.500000,40.160000,41.259998,34.767117,50850400
2001-12-19,40.560001,41.320000,40.320000,40.509998,34.135132,79596200
2001-12-20,40.099998,40.299999,38.680000,38.790001,32.685825,83048800
2001-12-21,39.419998,39.709999,39.150002,39.480000,33.267227,56205000
2001-12-24,39.540001,39.630001,39.150002,39.320000,33.132442,13660400
2001-12-26,39.369999,40.299999,39.160000,39.689999,33.444187,37672900
2001-12-27,39.849998,40.200001,39.599998,40.009998,33.713821,34255200
2001-12-28,40.290001,40.799999,40.230000,40.330002,33.983479,38240400
2001-12-31,40.310001,40.450001,38.910000,38.910000,32.786945,46176900
2002-01-02,39.570000,40.150002,38.930000,40.110001,33.798096,61708800
2002-01-03,40.310001,41.549999,40.259998,41.500000,34.969364,85769100
2002-01-04,41.950001,42.290001,40.930000,41.669998,35.112610,86876900
2002-01-07,42.110001,42.220001,40.110001,41.209999,34.724998,75166200
2002-01-08,41.099998,41.770000,40.840000,41.490002,34.960938,66956800
2002-01-09,42.040001,42.599998,40.900002,41.110001,34.640717,85123000
2002-01-10,41.169998,41.540001,40.680000,41.380001,34.868233,75548000
2002-01-11,41.349998,41.599998,40.470001,40.849998,34.421635,60832900
2002-01-14,40.490002,40.680000,39.700001,39.959999,33.671715,71310700
2002-01-15,40.029999,40.750000,39.560001,40.340000,33.991905,66916100
2002-01-16,39.529999,39.939999,38.770000,38.779999,32.677383,90942000
2002-01-17,39.480000,39.970001,39.009998,39.650002,33.410496,75285900
2002-01-18,38.830002,39.450001,38.220001,38.590000,32.517288,81985600
2002-01-22,39.000000,39.020000,37.330002,37.400002,31.514555,81773800
2002-01-23,37.650002,38.689999,37.349998,38.430000,32.382477,74968800
2002-01-24,38.939999,39.509998,38.770000,38.939999,32.812225,77251200
2002-01-25,38.470001,39.150002,38.360001,38.830002,32.719505,58832100
2002-01-28,39.150002,39.389999,38.419998,39.049999,32.904892,47795900
2002-01-29,39.130001,39.400002,37.509998,37.980000,32.003273,83339800
2002-01-30,38.000000,38.849998,36.849998,38.270000,32.247646,101385500
2002-01-31,38.570000,38.750000,38.020000,38.509998,32.449879,69655500
2002-02-01,38.400002,38.880001,37.700001,38.139999,32.138107,61207100
2002-02-04,37.959999,38.070000,36.610001,36.919998,31.110096,82763300
2002-02-05,36.590000,37.330002,36.189999,36.310001,30.596067,86853800
2002-02-06,36.840000,36.889999,35.700001,36.060001,30.385418,98507600
2002-02-07,35.990002,36.549999,35.000000,35.189999,29.652317,97725900
2002-02-08,35.459999,36.240002,34.970001,36.169998,30.478102,80483100
2002-02-11,36.139999,36.799999,35.980000,36.630001,30.865715,57641200
2002-02-12,36.310001,36.980000,36.040001,36.330002,30.612919,51477700
2002-02-13,36.720001,37.150002,36.610001,36.950001,31.135370,60984700
2002-02-14,37.150002,37.570000,36.000000,36.880001,31.076385,77482300
2002-02-15,36.830002,36.910000,35.639999,35.779999,30.149475,79719900
2002-02-19,35.369999,35.459999,34.320000,34.680000,29.222591,72437200
2002-02-20,34.900002,35.169998,33.930000,35.150002,29.618616,106552700
2002-02-21,34.790001,34.950001,33.480000,33.480000,28.211426,109307800
2002-02-22,33.610001,34.200001,33.090000,33.650002,28.354677,99824200
2002-02-25,34.000000,35.250000,33.950001,35.009998,29.500643,88994700
2002-02-26,35.230000,35.430000,34.369999,34.880001,29.391127,94683300
2002-02-27,35.389999,35.509998,34.060001,34.400002,28.986649,95159300
2002-02-28,34.509998,34.970001,33.750000,33.779999,28.464214,95711200
2002-03-01,34.150002,35.750000,34.090000,35.740002,30.115784,86081600
2002-03-04,35.700001,37.230000,35.400002,37.150002,31.303917,105734600
2002-03-05,36.930000,37.869999,36.810001,37.419998,31.531401,91452600
2002-03-06,37.080002,37.950001,36.599998,37.599998,31.683065,86943400
2002-03-07,38.119999,38.330002,37.009998,37.680000,31.750498,85496000
2002-03-08,38.230000,39.029999,38.130001,38.669998,32.584694,84443700
2002-03-11,38.349998,39.189999,38.060001,38.529999,32.466728,71035200
2002-03-12,37.570000,38.000000,37.320000,38.000000,32.020157,82652100
2002-03-13,37.410000,37.660000,36.869999,37.080002,31.244917,71376200
2002-03-14,37.060001,37.400002,36.730000,36.860001,31.059544,70700500
2002-03-15,36.889999,37.330002,36.590000,37.230000,31.371300,63966500
2002-03-18,37.630001,37.939999,37.049999,37.439999,31.548260,78938300
2002-03-19,37.599998,37.880001,37.220001,37.380001,31.497704,58947600
2002-03-20,36.869999,37.080002,36.040001,36.060001,30.385418,61816500
2002-03-21,36.150002,37.139999,35.900002,37.020000,31.194357,89198800
2002-03-22,36.939999,37.139999,36.470001,36.680000,30.907856,58930100
2002-03-25,36.689999,36.900002,35.520000,35.560001,29.964111,87421900
2002-03-26,35.419998,36.419998,35.400002,35.889999,30.242178,92457500
2002-03-27,35.630001,36.000000,35.400002,35.610001,30.006243,64531800
2002-03-28,36.020000,36.369999,35.900002,36.060001,30.385418,59539400
2002-04-01,35.799999,36.900002,35.299999,36.750000,30.966850,70730500
2002-04-02,35.980000,36.150002,35.000000,35.090000,29.568060,77759800
2002-04-03,35.299999,35.450001,34.299999,35.029999,29.517513,85766400
2002-04-04,34.500000,35.160000,34.279999,34.759998,29.290009,90521500
2002-04-05,35.009998,35.169998,34.180000,34.369999,28.961372,68426000
2002-04-08,33.470001,34.799999,33.419998,34.799999,29.323698,74950700
2002-04-09,34.779999,34.980000,33.490002,33.590000,28.304110,80910200
2002-04-10,33.759998,34.250000,33.130001,33.840000,28.514774,85748700
2002-04-11,33.660000,33.849998,32.880001,33.000000,27.806957,90665600
2002-04-12,33.320000,33.799999,32.950001,33.520000,28.245140,78360100
2002-04-15,33.799999,33.959999,33.200001,33.790001,28.472645,69306800
2002-04-16,34.430000,35.220001,34.410000,35.200001,29.660763,72064700
2002-04-17,35.400002,35.500000,34.650002,35.020000,29.509085,69130100
2002-04-18,34.779999,35.150002,34.000000,34.349998,28.944523,91086100
2002-04-19,35.049999,35.060001,34.380001,34.459999,29.037207,62286800
2002-04-22,34.009998,34.009998,33.250000,33.590000,28.304110,64625600
2002-04-23,33.590000,33.939999,32.700001,33.009998,27.815374,73070300
2002-04-24,33.209999,33.310001,32.200001,32.500000,27.385641,68953900
2002-04-25,32.299999,32.730000,32.000000,32.419998,27.318239,103073700
2002-04-26,32.660000,32.779999,31.010000,31.040001,26.155397,100193400
2002-04-29,31.240000,31.549999,30.559999,31.120001,26.222803,85326800
2002-04-30,31.030001,32.189999,30.940001,31.730000,26.736811,95357900
2002-05-01,31.670000,31.840000,30.580000,31.559999,26.593571,109975700
2002-05-02,31.389999,31.990000,30.459999,30.510000,25.708796,85852200
2002-05-03,30.469999,30.510000,29.480000,29.740000,25.059963,92103200
2002-05-06,29.629999,29.980000,28.850000,28.969999,24.411144,96491200
2002-05-07,29.270000,29.350000,28.420000,28.700001,24.183634,101954400
2002-05-08,30.129999,31.879999,30.000000,31.770000,26.770508,129741500
2002-05-09,31.570000,31.889999,30.799999,30.950001,26.079561,106477200
2002-05-10,31.010000,31.090000,29.500000,29.559999,24.908300,112282800
2002-05-13,29.870001,30.980000,29.670000,30.760000,25.919464,93971200
2002-05-14,32.049999,32.650002,31.870001,32.570000,27.444618,107284700
2002-05-15,32.080002,33.630001,31.850000,32.810001,27.646852,150522100
2002-05-16,32.540001,33.049999,32.220001,32.860001,27.688995,89916300
2002-05-17,33.290001,33.410000,32.470001,32.930000,27.747972,82695000
2002-05-20,32.599998,32.700001,31.940001,32.209999,27.141275,78144200
2002-05-21,32.360001,32.590000,31.000000,31.330000,26.399755,104180000
2002-05-22,30.969999,31.590000,30.410000,31.400000,26.458746,89543100
2002-05-23,31.629999,32.099998,30.799999,32.029999,26.989597,94445800
2002-05-24,31.590000,31.690001,31.010000,31.240000,26.323921,55874600
2002-05-28,31.469999,31.520000,30.490000,31.100000,26.205956,68829400
2002-05-29,30.660000,30.900000,30.240000,30.280001,25.514990,73470200
2002-05-30,30.010000,30.719999,29.900000,30.540001,25.734074,92080500
2002-05-31,30.760000,31.040001,30.000000,30.040001,25.312767,79907400
2002-06-03,30.000000,30.250000,28.790001,28.980000,24.419561,77043700
2002-06-04,28.750000,29.680000,28.610001,29.360001,24.739775,98366200
2002-06-05,29.420000,29.799999,28.969999,29.660000,24.992556,95347100
2002-06-06,29.510000,29.510000,27.900000,28.879999,24.335310,91129700
2002-06-07,27.629999,28.790001,27.520000,28.299999,23.846571,106049200
2002-06-10,28.360001,28.750000,28.139999,28.250000,23.804447,73142900
2002-06-11,28.600000,28.690001,27.360001,27.459999,23.138765,84609500
2002-06-12,27.240000,27.959999,26.830000,27.860001,23.475811,152974400
2002-06-13,27.760000,28.209999,27.350000,27.680000,23.324137,97556300
2002-06-14,26.860001,27.719999,26.200001,27.620001,23.273579,122106800
2002-06-17,28.000000,28.750000,27.910000,28.559999,24.065664,87618100
2002-06-18,28.309999,29.150000,28.280001,29.020000,24.453264,100513400
2002-06-19,28.100000,28.320000,27.250000,27.340000,23.037638,93507600
2002-06-20,27.270000,27.450001,25.670000,26.459999,22.296133,99913200
2002-06-21,26.360001,26.780001,25.650000,25.820000,21.756836,168755100
2002-06-24,25.450001,26.799999,25.209999,26.330000,22.186583,219672100
2002-06-25,26.580000,26.719999,25.299999,25.459999,21.453489,136336400
2002-06-26,24.430000,25.780001,24.389999,25.650000,21.613590,149080300
2002-06-27,26.000000,26.250000,25.020000,26.209999,22.085470,121371100
2002-06-28,26.049999,26.750000,25.850000,26.100000,21.992771,87842000
2002-07-01,25.969999,26.139999,24.780001,24.850000,20.939486,64753900
2002-07-02,24.600000,24.750000,23.090000,23.950001,20.181112,111629600
2002-07-03,23.850000,24.750000,23.620001,24.750000,20.855221,101067000
2002-07-05,25.260000,26.389999,25.049999,26.340000,22.195011,56768300
2002-07-08,26.200001,26.549999,25.080000,25.379999,21.386078,97288500
2002-07-09,25.250000,25.480000,24.590000,24.660000,20.779385,91039600
2002-07-10,24.990000,25.030001,23.830000,23.900000,20.138977,115365200
2002-07-11,23.760000,24.889999,23.530001,24.799999,20.897343,170271200
2002-07-12,25.250000,25.520000,24.549999,24.799999,20.897343,130027800
2002-07-15,24.680000,25.639999,23.750000,25.570000,21.546171,140207200
2002-07-16,25.250000,26.020000,24.900000,25.190001,21.225977,148281700
2002-07-17,26.070000,26.440001,24.889999,25.650000,21.613590,157954700
2002-07-18,25.379999,25.570000,24.520000,24.730000,20.838366,114052300
2002-07-19,24.330000,24.709999,23.799999,23.990000,20.214819,124116400
2002-07-22,23.850000,24.500000,23.090000,23.400000,19.717663,150034800
2002-07-23,23.450001,23.750000,22.280001,22.400000,18.875034,150786800
2002-07-24,21.809999,23.660000,21.639999,23.620001,19.903034,186493600
2002-07-25,23.250000,23.400000,21.799999,22.250000,18.748629,153915500
2002-07-26,22.559999,22.840000,22.010000,22.670000,19.102535,96034200
2002-07-29,23.270000,24.120001,23.080000,23.830000,20.080002,96735200
2002-07-30,23.730000,24.690001,23.590000,24.309999,20.484459,117394300
2002-07-31,24.000000,24.190001,23.360001,23.850000,20.096844,93831300
2002-08-01,23.740000,23.900000,22.660000,22.730000,19.153088,85149700
2002-08-02,22.780001,22.840000,21.820000,22.250000,18.748629,86706000
2002-08-05,22.110001,22.320000,21.299999,21.440001,18.066103,84897800
2002-08-06,21.799999,23.010000,21.790001,22.500000,18.959282,115364600
2002-08-07,23.200001,23.370001,21.959999,22.799999,19.212080,125677100
2002-08-08,22.750000,23.600000,22.299999,23.570000,19.860909,111697900
2002-08-09,23.200001,23.709999,22.879999,23.330000,19.658678,93576900
2002-08-12,23.049999,23.480000,22.900000,23.400000,19.717663,62870900
2002-08-13,23.230000,23.870001,22.549999,22.600000,19.043552,88434400
2002-08-14,22.670000,24.200001,22.469999,24.040001,20.256945,102613500
2002-08-15,24.240000,24.549999,23.719999,24.530001,20.669847,120307800
2002-08-16,24.129999,25.000000,23.730000,24.700001,20.813086,95853000
2002-08-19,24.770000,25.590000,24.680000,25.299999,21.318666,76015900
2002-08-20,25.180000,25.430000,24.850000,25.190001,21.225977,89981300
2002-08-21,25.389999,25.850000,25.000000,25.750000,21.697863,101365500
2002-08-22,25.740000,26.209999,25.420000,26.160000,22.043335,80345500
2002-08-23,25.799999,25.809999,24.950001,25.150000,21.192274,75211200
2002-08-26,25.299999,25.389999,24.610001,25.250000,21.276529,83335400
2002-08-27,25.430000,25.510000,24.150000,24.370001,20.535019,92340400
2002-08-28,24.020000,24.090000,23.389999,23.480000,19.785078,115562300
2002-08-29,23.200001,24.219999,23.020000,23.790001,20.046289,97028200
2002-08-30,23.620001,24.000000,23.379999,23.490000,19.793497,59474900
2002-09-03,23.059999,23.430000,22.340000,22.639999,19.077259,81828100
2002-09-04,22.500000,23.020000,22.240000,22.730000,19.153088,82717600
2002-09-05,22.400000,22.500000,21.930000,22.170000,18.681211,91576600
2002-09-06,22.660000,23.219999,22.600000,22.850000,19.254210,86008800
2002-09-09,22.670000,23.370001,22.389999,23.080000,19.448023,72679500
2002-09-10,23.230000,23.670000,23.030001,23.650000,19.928318,74615800
2002-09-11,24.120001,24.350000,23.420000,23.450001,19.759802,73902800
2002-09-12,23.230000,23.260000,22.709999,22.809999,19.220505,70763500
2002-09-13,22.600000,23.080000,22.520000,22.990000,19.372183,79716100
2002-09-16,22.860001,23.000000,22.370001,22.660000,19.094114,58853600
2002-09-17,23.049999,23.209999,22.180000,22.180000,18.689657,89139700
2002-09-18,22.010000,22.549999,21.780001,21.930000,18.478989,92358300
2002-09-19,21.700001,22.129999,21.549999,21.580000,18.184071,86247700
2002-09-20,21.830000,21.900000,21.480000,21.670000,18.259903,78116900
2002-09-23,21.450001,21.520000,20.809999,21.020000,17.712196,72757500
2002-09-24,20.680000,21.450001,20.650000,21.030001,17.720617,91507300
2002-09-25,21.350000,22.040001,21.100000,21.870001,18.428427,98051900
2002-09-26,22.160000,22.330000,21.370001,21.600000,18.200922,104453500
2002-09-27,21.549999,22.209999,21.309999,21.309999,17.956551,92249700
2002-09-30,21.070000,21.240000,20.490000,20.719999,17.459398,91502500
2002-10-01,20.910000,21.990000,20.469999,21.980000,18.521122,102096000
2002-10-02,21.510000,21.969999,20.969999,21.250000,17.905994,94829700
2002-10-03,21.059999,21.400000,20.680000,20.740000,17.476248,74354800
2002-10-04,20.940001,21.020000,20.110001,20.350000,17.147629,81837100
2002-10-07,20.260000,20.590000,19.850000,20.160000,16.987532,79861800
2002-10-08,20.280001,20.610001,19.760000,20.200001,17.021225,94103100
2002-10-09,19.940001,20.530001,19.840000,20.059999,16.903263,103301000
2002-10-10,20.100000,21.209999,19.910000,21.080000,17.762753,109610500
2002-10-11,21.549999,22.379999,21.420000,22.219999,18.723351,124777400
2002-10-14,21.870001,22.500000,21.780001,22.480000,18.942440,78890300
2002-10-15,23.440001,23.629999,23.180000,23.559999,19.852480,118176000
2002-10-16,22.709999,23.160000,22.070000,22.780001,19.195238,97441900
2002-10-17,23.600000,23.809999,22.580000,23.549999,19.844051,95754500
2002-10-18,23.280001,23.850000,22.930000,23.809999,20.063145,84941900
2002-10-21,23.520000,24.450001,23.299999,24.290001,20.467600,85311500
2002-10-22,23.730000,24.340000,23.650000,24.139999,20.341215,89947000
2002-10-23,23.850000,24.629999,23.670000,24.600000,20.728828,88093500
2002-10-24,24.680000,24.860001,23.920000,23.980000,20.206390,88674800
2002-10-25,23.990000,24.750000,23.990000,24.700001,20.813086,71557300
2002-10-28,25.000000,25.040001,24.170000,24.490000,20.636143,90272000
2002-10-29,24.309999,24.469999,23.370001,23.920000,20.155834,90293800
2002-10-30,24.059999,24.790001,23.850000,24.559999,20.695122,103531100
2002-10-31,24.660000,25.040001,24.360001,24.549999,20.686686,81493100
2002-11-01,24.370001,25.400000,24.139999,25.250000,21.276529,86658400
2002-11-04,26.049999,26.820000,25.799999,25.900000,21.824245,110562400
2002-11-05,25.709999,26.170000,25.559999,26.100000,21.992771,79603300
2002-11-06,26.290001,26.610001,25.639999,26.469999,22.304550,116251700
2002-11-07,25.990000,26.100000,25.309999,25.540001,21.520905,82711600
2002-11-08,25.490000,25.870001,24.959999,25.070000,21.124863,76937600
2002-11-11,24.950001,25.020000,24.150000,24.309999,20.484459,74384300
2002-11-12,24.400000,25.400000,24.400000,24.930000,21.006889,88748800
2002-11-13,24.700001,25.700001,24.490000,25.230000,21.259684,119341800
2002-11-14,25.580000,26.420000,25.520000,26.100000,21.992771,85720100
2002-11-15,25.900000,26.450001,25.750000,26.440001,22.279276,69291300
2002-11-18,26.709999,26.770000,25.990000,26.049999,21.950638,76238000
2002-11-19,25.799999,26.049999,25.299999,25.650000,21.613590,88139200
2002-11-20,25.559999,26.750000,25.540001,26.740000,22.532057,75104700
2002-11-21,26.930000,27.840000,26.750000,27.730000,23.366274,105472900
2002-11-22,27.370001,27.940001,27.320000,27.719999,23.357838,73808600
2002-11-25,27.760000,28.200001,27.540001,27.990000,23.585358,72666100
2002-11-26,27.780001,27.870001,26.900000,27.049999,22.793278,80017900
2002-11-27,27.530001,28.200001,27.480000,27.910000,23.517946,73643900
2002-11-29,28.209999,28.290001,27.219999,27.719999,23.357838,34652100
2002-12-02,28.420000,28.790001,27.570000,28.000000,23.593784,85136000
2002-12-03,27.549999,27.580000,26.930000,27.170000,22.894392,76595500
2002-12-04,26.559999,26.950001,26.209999,26.570000,22.388811,130115900
2002-12-05,26.950001,27.000000,26.129999,26.200001,22.077036,84933200
2002-12-06,25.809999,26.719999,25.740000,26.469999,22.304550,81727900
2002-12-09,26.219999,26.549999,25.200001,25.219999,21.251261,75855200
2002-12-10,25.420000,25.950001,25.350000,25.600000,21.571455,69578300
2002-12-11,25.440001,26.070000,25.320000,25.719999,21.672579,64237600
2002-12-12,26.000000,26.690001,25.559999,25.860001,21.790546,62296400
2002-12-13,25.520000,25.570000,25.010000,25.040001,21.099594,72647800
2002-12-16,25.219999,25.959999,25.070000,25.850000,21.782118,60278500
2002-12-17,25.809999,26.200001,25.660000,25.930000,21.849524,62562700
2002-12-18,25.549999,25.600000,25.049999,25.379999,21.386078,67130700
2002-12-19,25.170000,25.780001,24.809999,25.059999,21.116432,95969700
2002-12-20,25.330000,25.450001,25.070000,25.320000,21.335516,65578600
2002-12-23,25.180000,25.760000,25.129999,25.670000,21.630445,45941700
2002-12-24,25.500000,25.730000,25.320000,25.350000,21.360800,16772700
2002-12-26,25.530001,25.910000,25.170000,25.280001,21.301815,33795400
2002-12-27,25.180000,25.850000,24.750000,24.820000,20.914204,42490200
2002-12-30,24.840000,24.969999,24.360001,24.629999,20.754099,57396400
2002-12-31,24.540001,24.709999,24.280001,24.370001,20.535019,46015400
2003-01-02,24.719999,25.549999,24.450001,25.400000,21.402935,65903200
2003-01-03,25.459999,25.709999,25.280001,25.680000,21.638868,39059500
2003-01-06,25.709999,26.590000,25.200001,26.320000,22.178165,67223400
2003-01-07,26.410000,26.930000,26.250000,26.650000,22.456226,88726100
2003-01-08,26.389999,26.969999,25.840000,25.900000,21.824245,74989900
2003-01-09,26.240000,26.980000,26.219999,26.700001,22.498362,75391100
2003-01-10,26.350000,27.260000,26.219999,27.100000,22.835413,82594300
2003-01-13,27.330000,27.469999,26.730000,26.940001,22.700594,72870300
2003-01-14,26.910000,27.320000,26.850000,27.080000,22.818562,46993800
2003-01-15,27.240000,27.350000,26.580000,26.740000,22.532057,55131000
2003-01-16,26.790001,26.980000,26.250000,26.440001,22.279276,68740300
2003-01-17,25.900000,25.940001,25.270000,25.309999,21.327097,77289400
2003-01-21,25.410000,25.549999,25.020000,25.030001,21.091152,67729600
2003-01-22,24.959999,25.530001,24.870001,24.930000,21.006889,80020200
2003-01-23,25.400000,25.840000,25.110001,25.510000,21.495623,78471100
2003-01-24,25.530001,25.530001,24.639999,24.820000,20.914204,74519700
2003-01-27,24.450001,25.030001,24.370001,24.530001,20.669847,76561000
2003-01-28,24.770000,25.049999,24.420000,24.780001,20.880489,65217200
2003-01-29,24.760000,25.450001,24.340000,25.150000,21.192274,95717500
2003-01-30,25.320000,25.420000,24.490000,24.500000,20.644562,70333800
2003-01-31,24.059999,24.760000,24.010000,24.440001,20.594006,90505600
2003-02-03,24.520000,24.790001,24.379999,24.490000,20.636143,53158800
2003-02-04,24.180000,24.299999,23.820000,24.190001,20.383348,68235700
2003-02-05,24.330000,24.860001,24.010000,24.080000,20.290653,80107700
2003-02-06,24.040001,24.350000,23.860001,24.209999,20.400196,103552000
2003-02-07,24.360001,24.450001,23.650000,23.809999,20.063145,72312400
2003-02-10,23.889999,24.250000,23.620001,24.020000,20.240089,67572600
2003-02-11,24.250000,24.610001,23.920000,24.150000,20.349638,77823300
2003-02-12,24.070000,24.330000,23.780001,23.820000,20.071571,51753000
2003-02-13,23.850000,23.980000,23.320000,23.940001,20.172686,77387400
2003-02-14,23.830000,24.500000,23.620001,24.490000,20.636143,67510400
2003-02-18,24.700001,25.340000,24.680000,25.250000,21.276529,73976800
2003-02-19,25.200001,25.240000,24.709999,25.080000,21.133297,45541400
2003-02-20,25.150000,25.270000,24.840000,24.980000,21.049032,59759800
2003-02-21,24.930000,25.370001,24.510000,25.170000,21.209126,70228500
2003-02-24,25.129999,25.209999,24.709999,24.740000,20.846796,56646600
2003-02-25,24.450001,24.950001,24.080000,24.770000,20.872068,74440700
2003-02-26,24.680000,24.940001,24.200001,24.219999,20.408623,60005600
2003-02-27,24.420000,24.920000,24.270000,24.770000,20.872068,66424000
2003-02-28,24.809999,25.219999,24.719999,25.160000,21.200701,50185800
2003-03-03,25.270000,25.480000,24.559999,24.650000,20.770954,60414400
2003-03-04,24.660000,24.770000,24.420000,24.500000,20.644562,56043500
2003-03-05,24.400000,24.780001,24.320000,24.549999,20.686686,69096500
2003-03-06,24.430000,24.680000,24.230000,24.490000,20.636143,59108600
2003-03-07,24.080000,24.690001,23.959999,24.540001,20.678261,73291000
2003-03-10,24.330000,24.450001,23.910000,24.010000,20.231667,55948000
2003-03-11,24.059999,24.240000,23.780001,23.799999,20.054726,54934200
2003-03-12,23.760000,24.240000,23.540001,24.230000,20.417053,77859800
2003-03-13,24.639999,25.650000,24.400000,25.620001,21.588305,128537600
2003-03-14,25.730000,25.980000,25.360001,25.719999,21.672579,89794400
2003-03-17,25.430000,26.799999,25.350000,26.600000,22.414093,141040800
2003-03-18,26.799999,26.969999,26.420000,26.930000,22.692165,96548700
2003-03-19,26.850000,26.950001,26.330000,26.700001,22.498362,91315100
2003-03-20,26.540001,27.139999,26.170000,26.799999,22.582630,92789700
2003-03-21,27.209999,27.379999,26.200001,27.170000,22.894392,93304600
2003-03-24,26.469999,26.600000,25.969999,26.040001,21.942217,85244500
2003-03-25,26.150000,26.760000,26.010000,26.410000,22.254000,78731500
2003-03-26,26.500000,26.770000,26.360001,26.559999,22.380394,67880200
2003-03-27,26.270000,26.650000,26.100000,26.370001,22.220284,64113100
2003-03-28,26.139999,26.430000,25.950001,26.080000,21.975933,45374700
2003-03-31,25.600000,25.730000,25.209999,25.250000,21.276529,89345300
2003-04-01,25.440001,25.670000,25.250000,25.450001,21.445061,73159500
2003-04-02,26.059999,26.559999,26.030001,26.150000,22.034914,75843800
2003-04-03,26.639999,26.850000,26.309999,26.480000,22.312969,70138200
2003-04-04,26.570000,26.600000,25.969999,26.049999,21.950638,65665700
2003-04-07,27.110001,27.200001,26.070000,26.090000,21.984348,83842700
2003-04-08,26.150000,26.290001,25.879999,26.059999,21.959070,54250600
2003-04-09,26.100000,26.280001,25.410000,25.459999,21.453489,76457100
2003-04-10,25.459999,25.770000,25.299999,25.770000,21.714706,57017500
2003-04-11,26.020000,26.160000,25.360001,25.510000,21.495623,67974500
2003-04-14,25.600000,26.139999,25.490000,26.030001,21.933792,52476200
2003-04-15,25.969999,26.459999,25.850000,26.280001,22.144457,64655700
2003-04-16,26.650000,26.830000,26.120001,26.219999,22.093895,70711600
2003-04-17,26.160000,26.980000,26.150000,26.820000,22.599464,70179900
2003-04-21,26.940001,27.100000,26.620001,26.920000,22.683735,52729600
2003-04-22,26.730000,27.459999,26.650000,27.430000,23.113482,70757200
2003-04-23,27.500000,27.750000,27.260000,27.629999,23.282007,70327100
2003-04-24,27.360001,27.750000,27.270000,27.480000,23.155613,72383900
2003-04-25,27.320000,27.420000,26.860001,26.950001,22.709011,63277900
2003-04-28,27.049999,27.629999,26.950001,27.480000,23.155613,59666200
2003-04-29,27.639999,28.059999,27.410000,27.730000,23.366274,79903800
2003-04-30,27.650000,27.790001,27.430000,27.450001,23.130327,60202100
2003-05-01,27.440001,27.870001,27.190001,27.690001,23.332567,66022600
2003-05-02,27.610001,28.290001,27.570000,28.280001,23.829723,85004100
2003-05-05,28.330000,28.709999,28.170000,28.250000,23.804447,80520300
2003-05-06,28.219999,28.900000,28.209999,28.610001,24.107786,77338300
2003-05-07,28.410000,28.690001,28.120001,28.290001,23.838148,70353200
2003-05-08,27.850000,28.190001,27.760000,27.770000,23.399982,80249100
2003-05-09,28.040001,28.480000,28.000000,28.410000,23.939260,58528200
2003-05-12,28.360001,28.959999,28.170000,28.840000,24.301601,67487300
2003-05-13,28.629999,28.990000,28.540001,28.660000,24.149923,64934300
2003-05-14,28.870001,28.969999,28.360001,28.600000,24.099363,62181200
2003-05-15,28.750000,28.980000,28.559999,28.920000,24.369003,62232100
2003-05-16,28.730000,28.940001,28.480000,28.700001,24.183634,70590400
2003-05-19,28.520000,28.680000,27.610001,27.690001,23.332567,91334800
2003-05-20,27.760000,27.959999,27.410000,27.770000,23.399982,71817800
2003-05-21,27.650000,27.750000,27.440001,27.690001,23.332567,63648500
2003-05-22,27.760000,28.320000,27.620001,28.090000,23.669622,62401400
2003-05-23,28.040001,28.250000,27.950001,28.100000,23.678045,37922500
2003-05-27,27.930000,29.219999,27.900000,29.100000,24.520687,101422100
2003-05-28,29.160000,29.400000,28.959999,29.190001,24.596525,76290400
2003-05-29,29.230000,29.799999,29.160000,29.309999,24.697626,97336000
2003-05-30,29.530001,29.870001,29.450001,29.790001,25.102098,78093700
2003-06-02,30.080000,30.200001,29.309999,29.580000,24.925146,102937000
2003-06-03,29.440001,29.879999,29.330000,29.860001,25.161089,81672600
2003-06-04,29.809999,30.580000,29.719999,30.420000,25.632961,87046100
2003-06-05,30.129999,30.680000,29.969999,30.639999,25.818340,88747900
2003-06-06,31.209999,31.469999,30.040001,30.129999,25.388599,157178100
2003-06-09,30.000000,30.219999,29.530001,29.730000,25.051535,94941800
2003-06-10,29.860001,30.200001,29.680000,30.180000,25.430737,69660100
2003-06-11,30.070000,30.639999,29.799999,30.520000,25.717226,87338200
2003-06-12,30.639999,30.750000,30.260000,30.650000,25.826771,79450500
2003-06-13,30.660000,30.730000,29.860001,29.959999,25.245350,83353600
2003-06-16,30.170000,30.900000,30.000000,30.879999,26.020565,71211800
2003-06-17,31.020000,31.110001,30.559999,30.760000,25.919464,67571200
2003-06-18,30.660000,31.230000,30.450001,30.920000,26.054272,80215700
2003-06-19,30.980000,31.240000,30.379999,30.420000,25.632961,79467200
2003-06-20,30.690001,30.780001,30.250000,30.379999,25.599257,71512400
2003-06-23,30.330000,30.370001,29.559999,29.910000,25.203215,86509400
2003-06-24,29.730000,30.129999,29.530001,29.680000,25.009407,83004400
2003-06-25,29.670000,30.180000,29.469999,29.520000,24.874590,94255300
2003-06-26,29.709999,30.280001,29.610001,30.219999,25.464428,79187500
2003-06-27,30.250000,30.570000,29.770000,29.830000,25.135811,82451900
2003-06-30,30.160000,30.340000,29.799999,29.950001,25.236921,72043000
2003-07-01,29.700001,30.379999,29.260000,30.350000,25.573971,105852500
2003-07-02,30.410000,30.990000,30.379999,30.969999,26.096403,81972500
2003-07-03,30.700001,31.100000,30.469999,30.580000,25.767782,50050400
2003-07-07,30.969999,31.900000,30.959999,31.889999,26.871643,88554600
2003-07-08,31.780001,32.310001,31.620001,32.279999,27.200258,81874500
2003-07-09,32.180000,32.490002,31.930000,32.200001,27.132854,89588400
2003-07-10,31.850000,31.990000,31.330000,31.600000,26.627264,102928700
2003-07-11,31.650000,31.990000,31.610001,31.840000,26.829500,67728100
2003-07-14,32.340000,32.750000,32.070000,32.220001,27.149708,84524600
2003-07-15,32.529999,32.650002,31.940001,32.259998,27.183397,75059000
2003-07-16,32.459999,32.500000,31.730000,32.160000,27.099134,80138700
2003-07-17,31.680000,31.840000,31.040001,31.180000,26.273355,116260400
2003-07-18,31.400000,31.549999,30.920000,31.280001,26.357634,80519000
2003-07-21,31.240000,31.299999,30.610001,30.879999,26.020565,111325300
2003-07-22,31.110001,31.500000,30.860001,31.340000,26.408188,91471500
2003-07-23,31.389999,31.639999,30.990000,31.600000,26.627264,69050400
2003-07-24,31.850000,32.020000,31.080000,31.180000,26.273355,82999700
2003-07-25,31.129999,31.840000,30.770000,31.799999,26.795790,82709600
2003-07-28,31.860001,31.990000,31.600000,31.889999,26.871643,56180800
2003-07-29,31.930000,32.020000,31.240000,31.650000,26.669401,80560100
2003-07-30,31.709999,31.740000,31.330000,31.420000,26.475599,56617300
2003-07-31,31.790001,32.330002,31.520000,31.799999,26.795790,85544100
2003-08-01,31.690001,31.790001,31.299999,31.459999,26.509302,73545400
2003-08-04,31.420000,31.799999,30.840000,31.450001,26.500874,96344600
2003-08-05,31.410000,31.480000,30.100000,30.209999,25.456007,111041800
2003-08-06,30.360001,30.770000,30.100000,30.190001,25.439157,96816000
2003-08-07,30.219999,30.510000,30.020000,30.309999,25.540266,67326600
2003-08-08,30.430000,30.549999,29.930000,30.070000,25.338041,66677100
2003-08-11,30.080000,30.600000,30.030001,30.400000,25.616112,63712200
2003-08-12,30.510000,30.900000,30.330000,30.860001,26.003719,59676100
2003-08-13,30.980000,31.070000,30.650000,30.870001,26.012150,57969700
2003-08-14,30.879999,31.190001,30.670000,30.900000,26.037426,50271500
2003-08-15,31.000000,31.290001,30.930000,31.170000,26.264942,28116300
2003-08-18,31.309999,32.009998,31.230000,31.969999,26.939045,67224100
2003-08-19,32.110001,32.380001,31.850000,32.369999,27.276106,68205000
2003-08-20,32.099998,32.520000,32.020000,32.290001,27.208687,58233500
2003-08-21,32.590000,32.820000,32.270000,32.639999,27.503616,77161400
2003-08-22,33.259998,33.369999,32.380001,32.439999,27.335083,92989800
2003-08-25,32.360001,32.540001,32.209999,32.509998,27.394066,43044700
2003-08-26,32.279999,32.590000,31.809999,32.540001,27.419353,79838500
2003-08-27,32.490002,32.830002,32.369999,32.799999,27.638432,47532100
2003-08-28,32.939999,33.119999,32.520000,33.090000,27.882788,55311000
2003-08-29,33.040001,33.459999,32.980000,33.389999,28.135576,53148800
2003-09-02,33.490002,33.889999,33.130001,33.869999,28.540049,80303100
2003-09-03,34.099998,34.200001,33.650002,33.849998,28.523201,85234800
2003-09-04,33.830002,34.220001,33.700001,34.160000,28.784410,63736100
2003-09-05,33.970001,34.340000,33.669998,33.939999,28.599035,91024100
2003-09-08,34.000000,34.529999,33.950001,34.500000,29.070913,69296000
2003-09-09,34.320000,34.389999,33.919998,34.090000,28.725426,87817500
2003-09-10,33.750000,33.889999,33.110001,33.270000,28.034460,111624500
2003-09-11,33.279999,33.779999,33.009998,33.639999,28.346243,96914900
2003-09-12,33.340000,33.840000,33.049999,33.820000,28.497931,104963000
2003-09-15,33.840000,33.910000,33.439999,33.490002,28.219854,54594200
2003-09-16,33.520000,34.430000,33.520000,34.400002,28.986649,87463800
2003-09-17,34.330002,34.500000,34.029999,34.259998,28.868689,79794700
2003-09-18,34.169998,34.860001,34.000000,34.779999,29.306843,91469900
2003-09-19,34.790001,34.860001,34.360001,34.580002,29.138329,69796000
2003-09-22,34.130001,34.200001,33.770000,33.919998,28.582170,97477500
2003-09-23,33.970001,34.560001,33.910000,34.520000,29.087772,77826500
2003-09-24,34.509998,34.520000,33.169998,33.220001,27.992336,115057400
2003-09-25,33.380001,33.740002,32.759998,32.790001,27.630003,117604800
2003-09-26,32.889999,33.169998,32.520000,32.580002,27.453054,106581000
2003-09-29,32.759998,33.169998,32.450001,33.139999,27.924938,96862800
2003-09-30,32.919998,32.959999,32.360001,32.419998,27.318239,119122500
2003-10-01,32.610001,33.230000,32.419998,33.150002,27.933342,106653600
2003-10-02,33.099998,33.430000,32.930000,33.259998,28.026056,83911100
2003-10-03,33.849998,34.470001,33.820000,34.189999,28.809694,112862800
2003-10-06,34.279999,34.450001,34.060001,34.439999,29.020357,49162900
2003-10-07,34.160000,34.650002,34.009998,34.650002,29.197308,80104600
2003-10-08,34.810001,34.840000,34.220001,34.430000,29.011917,71387400
2003-10-09,34.910000,35.270000,34.430000,34.689999,29.231009,118216100
2003-10-10,34.770000,35.029999,34.639999,35.009998,29.500643,68356200
2003-10-13,35.139999,35.369999,34.919998,35.240002,29.694468,60919800
2003-10-14,35.099998,35.430000,34.959999,35.330002,29.770294,62274900
2003-10-15,35.799999,35.849998,35.029999,35.180000,29.643902,97045200
2003-10-16,35.099998,35.529999,35.060001,35.459999,29.879841,73955000
2003-10-17,35.410000,35.490002,34.599998,34.610001,29.163599,97794400
2003-10-20,34.650002,35.080002,34.500000,35.040001,29.525940,75544300
2003-10-21,35.139999,35.450001,34.939999,35.250000,29.702885,73455600
2003-10-22,34.889999,34.930000,34.439999,34.570000,29.129890,88141400
2003-10-23,34.150002,34.509998,34.049999,34.169998,28.792826,95409600
2003-10-24,33.790001,34.230000,33.490002,34.200001,28.818121,101778600
2003-10-27,34.279999,34.450001,34.040001,34.209999,28.826548,63604500
2003-10-28,34.430000,35.410000,34.369999,35.360001,29.795565,107375700
2003-10-29,35.200001,35.410000,35.070000,35.320000,29.761866,74075200
2003-10-30,35.810001,36.000000,35.139999,35.389999,29.820860,95062600
2003-10-31,35.439999,35.490002,35.060001,35.180000,29.643902,55473200
2003-11-03,35.430000,35.980000,35.360001,35.759998,30.132639,71141200
2003-11-04,35.689999,35.869999,35.450001,35.520000,29.930395,60033900
2003-11-05,35.520000,35.889999,35.150002,35.840000,30.200037,67412700
2003-11-06,35.790001,35.970001,35.340000,35.939999,30.284300,90567400
2003-11-07,36.080002,36.180000,35.599998,35.630001,30.023090,63505200
2003-11-10,35.700001,35.740002,35.090000,35.189999,29.652317,68896400
2003-11-11,35.150002,35.299999,34.849998,35.060001,29.542793,75607100
2003-11-12,35.169998,35.959999,35.139999,35.810001,30.174751,80364600
2003-11-13,35.709999,35.900002,35.549999,35.770000,30.141060,64243000
2003-11-14,35.810001,36.020000,34.950001,35.040001,29.525940,90932200
2003-11-17,34.840000,34.910000,34.259998,34.680000,29.222591,108063100
2003-11-18,34.869999,34.970001,33.820000,33.880001,28.548473,108588500
2003-11-19,34.009998,34.400002,33.880001,34.209999,28.826548,86320300
2003-11-20,33.919998,34.680000,33.810001,33.880001,28.548473,117324500
2003-11-21,34.080002,34.259998,33.730000,34.230000,28.843399,81787500
2003-11-24,34.520000,35.250000,34.470001,35.180000,29.643902,92057500
2003-11-25,35.290001,35.450001,35.090000,35.180000,29.643902,72519800
2003-11-26,35.400002,35.520000,34.810001,35.340000,29.778725,72842900
2003-11-28,35.259998,35.500000,35.209999,35.380001,29.812426,24802600
2003-12-01,35.709999,36.009998,35.470001,35.900002,30.250610,82767300
2003-12-02,35.820000,36.049999,35.580002,35.700001,30.082066,62504500
2003-12-03,35.840000,36.119999,35.250000,35.250000,29.702885,107568500
2003-12-04,35.380001,35.709999,35.080002,35.630001,30.023090,102334800
2003-12-05,35.270000,35.500000,34.959999,35.040001,29.525940,87490200
2003-12-08,35.020000,35.330002,34.779999,35.240002,29.694468,86961200
2003-12-09,35.439999,35.459999,34.349998,34.430000,29.011917,109949500
2003-12-10,34.500000,34.700001,34.130001,34.560001,29.121466,103504200
2003-12-11,34.500000,35.389999,34.490002,35.299999,29.745014,108374700
2003-12-12,35.310001,35.340000,34.900002,35.240002,29.694468,72189400
2003-12-15,35.930000,35.990002,34.650002,34.779999,29.306843,106091400
2003-12-16,34.790001,35.020000,34.419998,34.849998,29.365837,89854700
2003-12-17,34.810001,35.000000,34.570000,34.910000,29.416386,68539900
2003-12-18,34.950001,35.639999,34.950001,35.560001,29.964111,89978100
2003-12-19,35.610001,35.650002,35.200001,35.459999,29.879841,89762300
2003-12-22,35.349998,35.680000,35.290001,35.570000,29.972527,63580000
2003-12-23,35.599998,36.020000,35.529999,35.840000,30.200037,66999800
2003-12-24,35.840000,36.020000,35.799999,35.900002,30.262430,44840300
2003-12-26,35.959999,36.090000,35.820000,35.849998,30.220259,25497600
2003-12-29,36.029999,36.529999,36.020000,36.439999,30.717627,63296200
2003-12-30,36.529999,36.580002,36.299999,36.560001,30.818773,48249400
2003-12-31,36.619999,36.639999,36.250000,36.459999,30.734493,60494600
2004-01-02,36.660000,36.790001,36.220001,36.360001,30.650185,55234100
2004-01-05,36.580002,37.160000,36.560001,37.090000,31.265549,69717900
2004-01-06,37.080002,37.419998,36.950001,37.340000,31.476288,60033000
2004-01-07,37.279999,37.680000,37.070000,37.680000,31.762897,71830000
2004-01-08,37.849998,38.000000,37.599998,37.980000,32.015774,76800900
2004-01-09,37.709999,38.349998,37.590000,37.730000,31.805021,94296500
2004-01-12,37.849998,38.349998,37.680000,38.330002,32.310818,77668400
2004-01-13,38.270000,38.360001,37.599998,37.950001,31.990501,92973900
2004-01-14,38.080002,38.250000,37.750000,38.080002,32.100090,68122400
2004-01-15,37.930000,38.459999,37.630001,38.180000,32.184399,104427700
2004-01-16,38.380001,38.630001,38.169998,38.570000,32.513153,77324100
2004-01-20,38.730000,39.000000,38.310001,38.540001,32.487854,81998100
2004-01-21,38.389999,38.660000,38.000000,38.380001,32.352962,112180300
2004-01-22,38.549999,38.689999,38.060001,38.150002,32.159103,90061900
2004-01-23,38.209999,38.459999,37.779999,38.009998,32.041058,88751300
2004-01-26,37.980000,38.650002,37.840000,38.590000,32.530003,84538000
2004-01-27,38.509998,38.630001,37.689999,37.740002,31.813465,97191600
2004-01-28,37.939999,38.060001,37.000000,37.099998,31.273991,127959700
2004-01-29,37.240002,37.310001,36.660000,37.240002,31.391994,143925900
2004-01-30,37.200001,37.439999,36.970001,37.070000,31.248701,84264700
2004-02-02,37.200001,37.480000,36.820000,36.970001,31.164379,94507900
2004-02-03,36.910000,37.240002,36.840000,36.930000,31.130674,73488700
2004-02-04,36.619999,36.860001,36.330002,36.330002,30.624886,109933000
2004-02-05,36.509998,36.709999,36.330002,36.470001,30.742899,96784500
2004-02-06,36.599998,37.279999,36.529999,37.130001,31.299261,107174100
2004-02-09,37.340000,37.380001,37.049999,37.119999,31.290836,58817700
2004-02-10,37.060001,37.410000,37.029999,37.180000,31.341419,65042700
2004-02-11,37.240002,37.669998,37.070000,37.580002,31.678604,92503000
2004-02-12,37.520000,37.700001,37.240002,37.250000,31.400421,70556400
2004-02-13,37.389999,37.970001,36.759998,36.939999,31.139116,90570400
2004-02-17,37.279999,37.619999,37.220001,37.439999,31.560589,69678600
2004-02-18,37.509998,37.669998,37.320000,37.549999,31.653316,70972100
2004-02-19,37.869999,37.900002,36.820000,36.980000,31.172832,100843800
2004-02-20,37.000000,37.139999,36.549999,36.860001,31.071676,132347600
2004-02-23,37.000000,37.029999,36.110001,36.450001,30.726063,125199800
2004-02-24,36.299999,36.650002,36.099998,36.360001,30.650185,124521900
2004-02-25,36.430000,36.669998,36.330002,36.580002,30.835630,74457100
2004-02-26,36.470001,36.840000,36.310001,36.669998,30.911507,71327600
2004-02-27,36.759998,36.939999,36.270000,36.570000,30.827208,99383900
2004-03-01,36.680000,37.070000,36.470001,37.049999,31.231836,79700700
2004-03-02,36.980000,37.180000,36.610001,36.619999,30.869358,91536000
2004-03-03,36.509998,36.630001,36.209999,36.419998,30.700758,83938300
2004-03-04,36.439999,36.830002,36.389999,36.759998,30.987379,65905600
2004-03-05,36.419998,37.150002,36.360001,36.630001,30.877777,118107100
2004-03-08,36.689999,36.820000,35.730000,35.770000,30.152832,112599500
2004-03-09,35.810001,35.980000,35.520000,35.660000,30.060137,126140400
2004-03-10,35.750000,36.000000,35.130001,35.189999,29.663912,134226100
2004-03-11,35.070000,35.529999,34.799999,34.869999,29.394171,152132000
2004-03-12,35.180000,35.590000,35.150002,35.509998,29.933670,118369600
2004-03-15,35.360001,35.400002,34.810001,34.889999,29.411026,115813600
2004-03-16,35.110001,35.250000,34.630001,34.950001,29.461596,123265100
2004-03-17,35.209999,35.619999,35.180000,35.500000,29.925247,91684700
2004-03-18,35.369999,35.459999,34.970001,35.340000,29.790361,111249700
2004-03-19,35.279999,35.459999,34.720001,34.750000,29.293007,99976700
2004-03-22,34.529999,34.549999,34.029999,34.310001,28.922117,133870400
2004-03-23,34.590000,34.650002,34.009998,34.029999,28.686073,125945800
2004-03-24,34.150002,34.630001,34.009998,34.419998,29.014832,118876800
2004-03-25,34.650002,35.459999,34.619999,35.340000,29.790361,142122000
2004-03-26,35.299999,35.580002,35.200001,35.220001,29.689209,78430800
2004-03-29,35.509998,35.959999,35.490002,35.790001,30.169695,103864000
2004-03-30,35.669998,35.939999,35.520000,35.910000,30.270874,95716500
2004-03-31,35.919998,36.000000,35.610001,35.840000,30.211842,85993900
2004-04-01,35.810001,36.250000,35.779999,36.160000,30.481602,93048600
2004-04-02,36.889999,37.160000,36.520000,37.099998,31.273991,145964000
2004-04-05,37.009998,37.500000,36.970001,37.450001,31.569016,67351600
2004-04-06,37.160000,37.250000,36.919998,36.980000,31.172832,98611400
2004-04-07,36.990002,37.110001,36.660000,36.939999,31.139116,91004900
2004-04-08,37.349998,37.389999,36.740002,36.939999,31.139116,77176300
2004-04-12,37.020000,37.240002,36.980000,37.169998,31.332983,55285700
2004-04-13,37.340000,37.360001,36.459999,36.630001,30.877777,100624400
2004-04-14,36.410000,36.950001,36.360001,36.810001,31.029512,113663200
2004-04-15,36.750000,36.860001,36.020000,36.150002,30.473158,123565500
2004-04-16,36.200001,36.320000,35.790001,36.090000,30.422594,110736600
2004-04-19,36.009998,36.590000,35.980000,36.529999,30.793486,85838700
2004-04-20,36.610001,36.790001,35.639999,35.680000,30.076960,119545100
2004-04-21,35.900002,36.110001,35.650002,35.990002,30.338287,117850500
2004-04-22,36.000000,37.009998,35.980000,36.919998,31.122261,137623300
2004-04-23,37.080002,37.259998,36.900002,37.209999,31.366692,91855600
2004-04-26,37.180000,37.290001,36.650002,36.939999,31.139116,74392200
2004-04-27,36.950001,37.189999,36.689999,36.869999,31.080103,87548500
2004-04-28,36.709999,36.720001,36.020000,36.200001,30.515299,111740700
2004-04-29,36.090000,36.340000,35.299999,35.639999,30.043245,156917100
2004-04-30,35.660000,35.799999,34.720001,34.770000,29.309881,150829200
2004-05-03,35.000000,35.520000,34.889999,35.099998,29.588057,117007200
2004-05-04,35.209999,35.750000,35.029999,35.250000,29.714489,126176000
2004-05-05,35.419998,35.700001,35.200001,35.529999,29.950521,97528500
2004-05-06,35.230000,35.439999,34.849998,35.259998,29.722925,102733300
2004-05-07,35.090000,35.639999,34.910000,34.970001,29.478458,137686000
2004-05-10,34.669998,34.900002,34.419998,34.669998,29.225569,156951400
2004-05-11,34.970001,35.380001,34.919998,35.189999,29.663912,120493600
2004-05-12,35.119999,35.290001,34.270000,35.259998,29.722925,197765400
2004-05-13,35.060001,35.450001,34.919998,35.009998,29.512171,137841700
2004-05-14,35.200001,35.310001,34.639999,34.750000,29.293007,133689900
2004-05-17,34.380001,34.660000,34.110001,34.419998,29.014832,150652400
2004-05-18,34.660000,34.900002,34.599998,34.730000,29.276155,96686400
2004-05-19,35.160000,35.509998,34.630001,34.689999,29.242443,141646900
2004-05-20,34.779999,35.020000,34.560001,34.849998,29.377312,94938500
2004-05-21,35.009998,35.169998,34.740002,35.020000,29.520618,111329200
2004-05-24,35.299999,35.459999,35.000000,35.259998,29.722925,99861800
2004-05-25,35.150002,36.080002,34.950001,35.959999,30.313009,146321400
2004-05-26,35.860001,36.189999,35.810001,36.189999,30.506884,93789700
2004-05-27,36.290001,36.500000,36.060001,36.419998,30.700758,110183400
2004-05-28,36.380001,36.549999,36.209999,36.549999,30.810350,56379500
2004-06-01,36.270000,36.549999,36.110001,36.500000,30.768192,90592700
2004-06-02,36.560001,36.660000,36.169998,36.419998,30.700758,103519800
2004-06-03,36.299999,36.360001,35.820000,35.980000,30.329868,97301400
2004-06-04,36.340000,36.619999,36.169998,36.189999,30.506884,91233200
2004-06-07,36.439999,37.099998,36.340000,37.049999,31.231836,107532600
2004-06-08,36.900002,37.189999,36.849998,37.099998,31.273991,72530900
2004-06-09,36.980000,37.049999,36.500000,36.580002,30.835630,98215200
2004-06-10,36.689999,36.840000,36.549999,36.840000,31.054811,57101300
2004-06-14,36.610001,36.610001,36.099998,36.320000,30.616470,85129900
2004-06-15,36.560001,36.990002,36.560001,36.790001,31.012650,91937700
2004-06-16,36.770000,36.900002,36.650002,36.730000,30.962072,64743300
2004-06-17,36.650002,36.660000,36.250000,36.389999,30.675484,77844200
2004-06-18,36.299999,36.840000,36.259998,36.439999,30.717627,78641500
2004-06-21,36.520000,36.630001,36.060001,36.150002,30.473158,65373100
2004-06-22,36.160000,36.700001,36.020000,36.680000,30.919937,101524300
2004-06-23,36.570000,37.189999,36.509998,37.119999,31.290836,94393900
2004-06-24,37.020000,37.349998,36.919998,37.049999,31.231836,92343200
2004-06-25,37.000000,37.389999,36.980000,37.330002,31.467878,81005400
2004-06-28,37.490002,37.520000,36.900002,37.020000,31.206547,94033200
2004-06-29,37.099998,37.590000,37.080002,37.369999,31.501570,68265900
2004-06-30,37.450001,37.900002,37.349998,37.740002,31.813465,97809500
2004-07-01,37.660000,37.660000,36.770000,37.040001,31.223419,122141800
2004-07-02,37.040001,37.049999,36.630001,36.820000,31.037954,74056400
2004-07-06,36.599998,36.599998,35.830002,36.029999,30.372007,130232600
2004-07-07,35.959999,36.290001,35.919998,36.099998,30.431011,95623100
2004-07-08,35.810001,36.130001,35.549999,35.700001,30.093822,108755400
2004-07-09,35.840000,36.040001,35.630001,35.750000,30.135986,86014700
2004-07-12,35.570000,35.689999,35.240002,35.599998,30.009516,81844500
2004-07-13,35.680000,35.810001,35.410000,35.549999,29.967381,81222000
2004-07-14,35.200001,35.650002,35.049999,35.189999,29.663912,119489200
2004-07-15,35.320000,35.490002,35.060001,35.070000,29.562754,90405700
2004-07-16,35.430000,35.450001,34.619999,34.669998,29.225569,120387100
2004-07-19,34.779999,34.970001,34.470001,34.599998,29.166571,106387900
2004-07-20,34.740002,35.590000,34.709999,35.430000,29.866222,117453700
2004-07-21,35.570000,35.650002,34.340000,34.400002,28.997974,136086800
2004-07-22,34.480000,35.110001,34.250000,34.869999,29.394171,132135800
2004-07-23,34.619999,34.660000,34.029999,34.209999,28.837811,107107100
2004-07-26,34.240002,34.410000,33.700001,34.060001,28.711372,112962200
2004-07-27,34.189999,34.709999,34.040001,34.529999,29.107548,103474700
2004-07-28,34.410000,34.630001,33.810001,34.380001,28.981123,154299800
2004-07-29,34.709999,34.919998,34.500000,34.779999,29.318300,98959800
2004-07-30,34.759998,35.099998,34.650002,34.889999,29.411026,83007800
2004-08-02,34.610001,35.020000,34.459999,34.959999,29.470028,81249000
2004-08-03,34.840000,34.930000,34.189999,34.230000,28.854673,85746500
2004-08-04,34.150002,34.459999,34.009998,34.240002,28.863091,86721000
2004-08-05,34.349998,34.400002,33.599998,33.599998,28.323606,109722900
2004-08-06,33.400002,33.410000,32.660000,32.720001,27.581810,148808600
2004-08-09,32.810001,32.959999,32.650002,32.799999,27.649231,79281900
2004-08-10,32.959999,33.480000,32.919998,33.209999,27.994852,105819800
2004-08-11,32.849998,33.040001,32.549999,32.919998,27.750374,121217700
2004-08-12,32.689999,32.860001,32.369999,32.470001,27.371052,113691800
2004-08-13,32.650002,32.740002,32.349998,32.520000,27.413212,91416100
2004-08-16,32.610001,33.189999,32.590000,32.889999,27.725101,77851300
2004-08-17,33.119999,33.439999,32.990002,33.259998,28.037006,89573100
2004-08-18,33.060001,33.910000,33.009998,33.849998,28.534344,106608500
2004-08-19,33.730000,33.849998,33.410000,33.669998,28.382618,104690200
2004-08-20,33.570000,34.139999,33.509998,34.009998,28.669214,91962400
2004-08-23,34.049999,34.270000,33.910000,34.090000,28.736650,83390800
2004-08-24,34.250000,34.310001,33.810001,34.080002,28.728243,86610500
2004-08-25,34.070000,34.599998,33.900002,34.549999,29.124426,88394600
2004-08-26,34.459999,34.549999,34.310001,34.400002,28.997974,57663400
2004-08-27,34.470001,34.680000,34.439999,34.560001,29.132843,58597200
2004-08-30,34.410000,34.430000,33.939999,33.980000,28.643929,62355700
2004-08-31,34.020000,34.119999,33.650002,34.020000,28.677637,81262000
2004-09-01,33.930000,34.470001,33.799999,34.270000,28.888391,96630600
2004-09-02,34.180000,34.880001,34.160000,34.779999,29.318300,83054000
2004-09-03,34.439999,34.669998,34.049999,34.139999,28.778793,90213700
2004-09-07,34.400002,34.610001,34.119999,34.430000,29.023260,95556500
2004-09-08,34.310001,34.680000,34.180000,34.299999,28.913689,101466100
2004-09-09,34.450001,34.750000,34.139999,34.590000,29.158140,104397500
2004-09-10,34.610001,35.189999,34.470001,35.119999,29.604904,108591600
2004-09-13,35.250000,35.720001,35.139999,35.580002,29.992683,109350500
2004-09-14,35.450001,35.720001,35.360001,35.630001,30.034824,76466300
2004-09-15,35.419998,35.450001,35.119999,35.250000,29.714489,90128700
2004-09-16,35.259998,35.570000,35.130001,35.320000,29.773497,67121000
2004-09-17,35.230000,35.520000,35.160000,35.430000,29.866222,83903400
2004-09-20,35.290001,35.770000,35.180000,35.430000,29.866222,110678100
2004-09-21,35.540001,35.849998,35.419998,35.570000,29.984243,93688400
2004-09-22,35.439999,35.459999,34.869999,34.950001,29.461596,101393400
2004-09-23,34.980000,35.150002,34.880001,34.919998,29.436317,92503200
2004-09-24,34.990002,35.189999,34.750000,34.799999,29.335165,103247400
2004-09-27,34.619999,34.740002,34.380001,34.500000,29.082283,86017600
2004-09-28,34.549999,34.689999,34.230000,34.570000,29.141281,87070300
2004-09-29,34.540001,35.119999,34.529999,35.080002,29.571198,95096200
2004-09-30,35.020000,35.270000,34.889999,35.139999,29.621778,74514600
2004-10-01,35.450001,36.150002,35.360001,36.099998,30.431011,118252700
2004-10-04,36.360001,36.619999,36.250000,36.310001,30.608028,108032600
2004-10-05,36.230000,36.490002,36.160000,36.360001,30.650185,89754400
2004-10-06,36.310001,36.689999,36.110001,36.650002,30.894642,87815500
2004-10-07,36.540001,36.669998,36.169998,36.240002,30.549028,82374300
2004-10-08,36.080002,36.240002,35.500000,35.580002,29.992683,115073000
2004-10-11,35.720001,35.860001,35.599998,35.750000,30.135986,51181600
2004-10-12,35.430000,35.840000,35.200001,35.689999,30.085396,97884100
2004-10-13,36.049999,36.139999,35.430000,35.610001,30.017969,132442500
2004-10-14,35.689999,35.779999,35.330002,35.450001,29.883099,99383700
2004-10-15,35.490002,35.860001,35.279999,35.630001,30.034824,129183400
2004-10-18,35.509998,36.250000,35.400002,36.139999,30.464746,108933400
2004-10-19,36.380001,36.570000,35.790001,35.880001,30.245569,129973500
2004-10-20,35.830002,36.230000,35.650002,36.049999,30.388863,106524200
2004-10-21,36.240002,36.790001,36.099998,36.599998,30.852505,122627600
2004-10-22,36.610001,36.680000,35.740002,35.799999,30.178118,114321100
2004-10-25,35.730000,35.810001,35.490002,35.630001,30.034824,102863000
2004-10-26,35.650002,35.840000,35.410000,35.820000,30.194994,98164500
2004-10-27,35.840000,36.889999,35.709999,36.730000,30.962072,152423400
2004-10-28,36.680000,37.119999,36.570000,36.959999,31.155966,111113900
2004-10-29,36.910000,37.240002,36.669998,36.900002,31.105391,100779200
2004-11-01,36.980000,37.180000,36.799999,37.040001,31.223419,72356000
2004-11-02,37.090000,37.549999,37.020000,37.160000,31.324553,108930700
2004-11-03,37.759998,37.900002,37.150002,37.410000,31.535305,140980100
2004-11-04,37.259998,37.779999,37.110001,37.619999,31.712330,112513700
2004-11-05,38.020000,38.160000,37.610001,37.959999,31.998934,117017900
2004-11-08,37.950001,38.099998,37.849998,38.000000,32.032669,66486000
2004-11-09,37.930000,38.150002,37.810001,37.919998,31.965204,85038700
2004-11-10,37.930000,38.060001,37.650002,37.790001,31.855625,95122300
2004-11-11,37.910000,38.380001,37.860001,38.290001,32.277103,99338800
2004-11-12,38.340000,38.759998,38.169998,38.660000,32.589027,102418100
2004-11-15,38.639999,38.860001,38.500000,38.830002,32.732304,82696000
2004-11-16,38.660000,38.680000,38.320000,38.590000,32.530003,97197500
2004-11-17,38.830002,39.320000,38.830002,39.110001,32.968338,125242500
2004-11-18,38.980000,39.360001,38.889999,39.290001,33.120064,94901100
2004-11-19,39.240002,39.290001,38.590000,38.680000,32.605873,118448900
2004-11-22,38.610001,39.070000,38.480000,39.049999,32.917759,79882600
2004-11-23,39.009998,39.150002,38.610001,38.990002,32.867168,91925300
2004-11-24,39.090000,39.389999,39.070000,39.330002,33.153797,74051700
2004-11-26,39.369999,39.480000,39.169998,39.209999,33.052639,31248900
2004-11-29,39.459999,39.639999,38.970001,39.200001,33.044189,94765400
2004-11-30,39.299999,39.389999,39.060001,39.119999,32.976765,87663100
2004-12-01,39.270000,39.959999,39.270000,39.919998,33.651138,102375000
2004-12-02,39.820000,40.389999,39.759998,40.070000,33.777565,122005600
2004-12-03,40.349998,40.590000,40.080002,40.130001,33.828171,114227700
2004-12-06,40.119999,40.430000,39.910000,40.270000,33.946190,70415100
2004-12-07,40.349998,40.500000,39.529999,39.580002,33.364548,121439800
2004-12-08,39.599998,39.980000,39.500000,39.810001,33.558422,10121300
2004-12-09,39.490002,40.189999,39.240002,40.049999,33.760735,134346000
2004-12-10,39.840000,40.070000,39.740002,39.930000,33.659565,86177300
2004-12-13,40.230000,40.340000,39.980000,40.279999,33.954609,74296400
2004-12-14,40.279999,40.590000,40.250000,40.480000,34.123203,91985000
2004-12-15,40.490002,40.680000,40.150002,40.330002,33.996769,95179300
2004-12-16,40.340000,40.450001,39.820000,39.950001,33.676437,86101300
2004-12-17,39.639999,39.810001,39.430000,39.470001,33.590485,97947000
2004-12-20,39.570000,39.770000,39.090000,39.200001,33.360680,106397600
2004-12-21,39.389999,39.709999,39.279999,39.680000,33.769196,83184700
2004-12-22,39.540001,39.930000,39.490002,39.730000,33.811733,75298000
2004-12-23,39.610001,39.910000,39.540001,39.759998,33.837269,45782000
2004-12-27,39.980000,40.020000,39.400002,39.590000,33.692589,67157700
2004-12-28,39.669998,40.000000,39.610001,39.970001,34.015995,62563100
2004-12-29,39.919998,40.160000,39.900002,40.020000,34.058544,46594800
2004-12-30,40.070000,40.119999,39.930000,39.990002,34.033012,41717600
2004-12-31,40.029999,40.119999,39.779999,39.919998,33.973434,44112300
2005-01-03,40.090000,40.290001,39.369999,39.500000,33.616009,100970900
2005-01-04,39.669998,39.740002,38.549999,38.779999,33.003246,136623200
2005-01-05,38.680000,38.959999,38.470001,38.540001,32.799004,127925500
2005-01-06,38.630001,38.709999,38.340000,38.349998,32.637314,102934600
2005-01-07,38.560001,38.869999,38.209999,38.549999,32.807545,123104000
2005-01-10,38.439999,38.869999,38.389999,38.529999,32.790504,88764200
2005-01-11,38.369999,38.500000,38.070000,38.259998,32.560703,106398800
2005-01-12,38.430000,38.599998,38.009998,38.580002,32.833042,127754900
2005-01-13,38.580002,38.849998,38.009998,38.070000,32.399017,101982400
2005-01-14,38.200001,38.520000,38.189999,38.430000,32.705402,93460900
2005-01-18,38.279999,38.790001,38.220001,38.720001,32.952194,91760400
2005-01-19,38.730000,38.750000,38.060001,38.080002,32.407536,104981000
2005-01-20,37.650002,37.810001,37.320000,37.349998,31.786282,120963900
2005-01-21,37.480000,37.549999,36.990002,37.049999,31.530972,138569200
2005-01-24,37.119999,37.200001,36.459999,36.529999,31.088411,137499000
2005-01-25,36.770000,37.090000,36.660000,36.709999,31.241608,119171300
2005-01-26,36.959999,37.290001,36.820000,37.150002,31.616074,107465800
2005-01-27,37.090000,37.270000,36.869999,37.099998,31.573509,103654700
2005-01-28,37.220001,37.270000,36.619999,36.919998,31.420343,111648600
2005-01-31,37.360001,37.529999,37.259998,37.400002,31.828829,89139900
2005-02-01,37.490002,37.650002,37.369999,37.520000,31.930929,76610300
2005-02-02,37.639999,37.730000,37.310001,37.580002,31.982014,100160500
2005-02-03,37.380001,37.410000,37.000000,37.150002,31.616074,90157900
2005-02-04,37.150002,37.820000,37.150002,37.750000,32.126698,99302000
2005-02-07,37.799999,37.910000,37.520000,37.669998,32.058605,71551400
2005-02-08,37.660000,38.009998,37.619999,37.740002,32.118179,72821700
2005-02-09,37.770000,37.799999,37.060001,37.110001,31.582024,93276600
2005-02-10,37.259998,37.320000,36.880001,37.150002,31.616074,110373000
2005-02-11,37.029999,37.849998,36.930000,37.700001,32.084126,108684100
2005-02-14,37.700001,37.939999,37.689999,37.869999,32.228817,54908900
2005-02-15,37.900002,38.480000,37.820000,38.119999,32.441559,131406500
2005-02-16,38.029999,38.160000,37.830002,37.980000,32.322422,80273900
2005-02-17,38.049999,38.139999,37.430000,37.470001,31.888401,115628300
2005-02-18,37.480000,37.570000,37.259998,37.349998,31.786282,69158800
2005-02-22,37.029999,37.549999,36.790001,36.889999,31.394785,121232000
2005-02-23,37.040001,37.070000,36.700001,36.939999,31.437353,95010100
2005-02-24,36.849998,37.439999,36.759998,37.410000,31.837324,99334600
2005-02-25,37.380001,37.700001,37.290001,37.619999,32.016060,79988700
2005-02-28,37.459999,37.599998,36.919998,37.220001,31.675632,95731300
2005-03-01,37.369999,37.700001,37.330002,37.630001,32.024559,78460600
2005-03-02,37.410000,38.020000,37.360001,37.610001,32.007549,107270600
2005-03-03,37.709999,37.730000,37.020000,37.299999,31.743732,89793800
2005-03-04,37.599998,37.750000,37.400002,37.520000,31.930929,86622300
2005-03-07,37.599998,38.290001,37.560001,38.060001,32.390514,93563900
2005-03-08,38.009998,38.209999,37.650002,37.680000,32.067112,89595200
2005-03-09,37.669998,37.930000,37.470001,37.570000,31.973509,98063000
2005-03-10,37.610001,37.669998,37.080002,37.520000,31.930929,97043600
2005-03-11,37.689999,37.820000,37.020000,37.169998,31.633083,102857500
2005-03-14,37.240002,37.360001,37.029999,37.340000,31.777752,65576200
2005-03-15,37.419998,37.480000,36.990002,37.040001,31.522453,93856300
2005-03-16,36.910000,37.180000,36.529999,36.619999,31.165018,159578000
2005-03-17,36.610001,36.889999,36.540001,36.709999,31.241608,100429600
2005-03-18,36.750000,36.790001,36.349998,36.509998,31.071407,108899400
2005-03-21,36.599998,36.750000,36.250000,36.580002,31.130957,92752500
2005-03-22,36.610001,36.750000,36.110001,36.130001,30.747995,114016300
2005-03-23,36.090000,36.490002,36.070000,36.259998,30.858637,97444900
2005-03-24,36.389999,36.650002,36.270000,36.270000,30.867155,77566800
2005-03-28,36.410000,36.610001,36.310001,36.340000,30.926718,59739000
2005-03-29,36.270000,36.580002,35.939999,36.049999,30.679922,119554300
2005-03-30,36.230000,36.779999,36.220001,36.730000,31.258615,114711000
2005-03-31,36.730000,36.750000,36.439999,36.570000,31.122471,86578900
2005-04-01,36.820000,36.880001,36.130001,36.200001,30.807575,143814300
2005-04-04,36.250000,36.599998,36.029999,36.459999,31.028866,100090300
2005-04-05,36.490002,36.669998,36.419998,36.560001,31.113949,66266600
2005-04-06,36.660000,36.910000,36.419998,36.500000,31.062889,82168900
2005-04-07,36.529999,36.950001,36.509998,36.939999,31.437353,88618000
2005-04-08,37.000000,37.070000,36.599998,36.639999,31.182041,92332900
2005-04-11,36.750000,36.779999,36.400002,36.480000,31.045864,70976000
2005-04-12,36.439999,36.740002,35.910000,36.660000,31.199059,144848500
2005-04-13,36.560001,36.599998,35.980000,36.060001,30.688433,108995500
2005-04-14,36.060001,36.099998,35.500000,35.549999,30.254398,158057900
2005-04-15,35.240002,35.369999,34.680000,34.740002,29.565077,170013300
2005-04-18,34.709999,35.000000,34.639999,34.750000,29.573574,110084000
2005-04-19,35.020000,35.099998,34.750000,34.990002,29.777822,96922100
2005-04-20,35.209999,35.290001,34.590000,34.700001,29.531023,140457400
2005-04-21,35.119999,35.709999,34.959999,35.619999,30.313986,124505100
2005-04-22,35.459999,35.470001,34.820000,35.090000,29.862921,114996800
2005-04-25,35.299999,35.459999,35.150002,35.380001,30.109726,72170100
2005-04-26,35.290001,35.700001,35.040001,35.049999,29.828880,104958800
2005-04-27,34.869999,35.250000,34.730000,35.099998,29.871439,112539300
2005-04-28,34.919998,35.150002,34.720001,34.750000,29.573574,98181900
2005-04-29,35.000000,35.060001,34.349998,34.980000,29.769310,144435900
2005-05-02,35.099998,35.259998,34.889999,35.119999,29.888453,67648800
2005-05-03,35.049999,35.430000,35.029999,35.299999,30.041645,103428700
2005-05-04,35.290001,35.830002,35.240002,35.730000,30.407610,90480600
2005-05-05,35.750000,35.919998,35.529999,35.759998,30.433132,79341700
2005-05-06,35.970001,36.020000,35.720001,35.860001,30.518221,77310200
2005-05-09,35.869999,36.060001,35.660000,36.029999,30.662893,66298400
2005-05-10,35.860001,35.959999,35.619999,35.770000,30.441635,77194700
2005-05-11,35.820000,36.029999,35.299999,35.950001,30.594809,131952400
2005-05-12,36.029999,36.200001,35.660000,35.849998,30.509703,116602200
2005-05-13,35.990002,36.470001,35.889999,36.240002,30.841618,133273500
2005-05-16,36.240002,36.540001,36.130001,36.480000,31.045864,79093200
2005-05-17,36.349998,36.740002,36.209999,36.700001,31.233095,91665900
2005-05-18,36.799999,37.360001,36.709999,37.200001,31.658606,128105900
2005-05-19,37.290001,37.520000,37.200001,37.509998,31.922436,92619700
2005-05-20,37.450001,37.689999,37.349998,37.660000,32.050079,66530100
2005-05-23,37.660000,37.990002,37.599998,37.849998,32.211788,93068200
2005-05-24,37.759998,38.000000,37.700001,37.970001,32.313915,100830000
2005-05-25,37.840000,37.880001,37.590000,37.810001,32.177769,76470600
2005-05-26,37.980000,38.270000,37.980000,38.189999,32.501152,84066800
2005-05-27,38.139999,38.250000,38.020000,38.209999,32.518169,50076900
2005-05-31,38.189999,38.240002,37.919998,38.080002,32.407536,75281500
2005-06-01,38.029999,38.680000,38.020000,38.389999,32.671352,110875700
2005-06-02,38.330002,38.660000,38.299999,38.660000,32.901142,75926500
2005-06-03,38.630001,38.639999,38.020000,38.099998,32.424557,96998400
2005-06-06,38.119999,38.189999,37.959999,38.110001,32.433067,52681400
2005-06-07,38.150002,38.470001,37.740002,37.790001,32.160728,108953400
2005-06-08,37.880001,37.950001,37.560001,37.709999,32.092659,79211900
2005-06-09,37.660000,38.060001,37.500000,37.950001,32.296902,99383300
2005-06-10,37.900002,37.900002,37.380001,37.549999,31.956486,85971700
2005-06-13,37.480000,37.950001,37.459999,37.730000,32.109653,82331300
2005-06-14,37.689999,37.840000,37.500000,37.580002,31.982014,62593600
2005-06-15,37.830002,37.869999,37.250000,37.700001,32.084126,103952000
2005-06-16,37.740002,38.000000,37.660000,37.900002,32.254349,90450100
2005-06-17,38.110001,38.209999,37.750000,37.869999,32.258614,83915700
2005-06-20,37.720001,38.080002,37.580002,37.869999,32.258614,67580000
2005-06-21,37.840000,38.009998,37.700001,37.849998,32.241562,97845600
2005-06-22,38.000000,38.099998,37.630001,37.810001,32.207497,75221100
2005-06-23,37.869999,38.180000,37.330002,37.389999,31.849733,122163300
2005-06-24,37.380001,37.410000,36.959999,36.970001,31.491945,142144100
2005-06-27,36.950001,37.060001,36.700001,36.799999,31.347158,72780800
2005-06-28,36.950001,37.259998,36.900002,37.150002,31.645287,73330300
2005-06-29,37.250000,37.259998,36.970001,37.070000,31.577141,71513600
2005-06-30,37.139999,37.209999,36.750000,36.779999,31.330114,87803700
2005-07-01,36.860001,37.000000,36.680000,36.730000,31.287510,55254800
2005-07-05,36.599998,37.189999,36.599998,37.110001,31.611216,79288700
2005-07-06,37.029999,37.279999,36.860001,36.930000,31.457878,79101000
2005-07-07,36.580002,37.090000,36.549999,37.060001,31.568609,119466300
2005-07-08,37.080002,37.810001,36.990002,37.770000,32.173420,101320700
2005-07-11,37.869999,38.160000,37.799999,38.119999,32.471569,96283700
2005-07-12,38.119999,38.459999,38.009998,38.299999,32.624905,86059300
2005-07-13,38.320000,38.430000,38.169998,38.389999,32.701553,72135400
2005-07-14,38.669998,38.880001,38.520000,38.770000,33.025257,99135200
2005-07-15,38.830002,39.000000,38.650002,38.889999,33.127468,67239200
2005-07-18,38.790001,38.889999,38.689999,38.730000,32.991177,58644000
2005-07-19,38.910000,39.200001,38.840000,39.180000,33.374500,77860900
2005-07-20,38.939999,39.570000,38.900002,39.459999,33.613010,91433100
2005-07-21,39.560001,39.689999,39.209999,39.470001,33.621510,127286000
2005-07-22,39.480000,39.590000,39.220001,39.419998,33.578945,71666600
2005-07-25,39.459999,39.630001,39.200001,39.270000,33.451164,51872700
2005-07-26,39.389999,39.529999,39.189999,39.419998,33.578945,67324900
2005-07-27,39.450001,39.759998,39.230000,39.720001,33.834469,78351100
2005-07-28,39.750000,39.919998,39.639999,39.910000,33.996330,66163700
2005-07-29,39.869999,39.919998,39.520000,39.580002,33.715218,74725700
2005-08-01,39.639999,39.830002,39.520000,39.650002,33.774857,59748300
2005-08-02,39.700001,40.139999,39.650002,40.080002,34.141125,79284100
2005-08-03,39.910000,40.130001,39.880001,40.060001,34.124111,61916400
2005-08-04,39.880001,39.939999,39.570000,39.669998,33.791874,72035500
2005-08-05,39.610001,39.790001,39.430000,39.480000,33.630051,66029500
2005-08-08,39.520000,39.610001,39.139999,39.189999,33.383007,63415400
2005-08-09,39.369999,39.590000,39.310001,39.450001,33.604477,62143600
2005-08-10,39.549999,39.689999,38.970001,39.110001,33.314861,102317500
2005-08-11,39.130001,39.540001,39.099998,39.430000,33.587452,92446700
2005-08-12,39.119999,39.320000,38.970001,39.209999,33.400043,86367300
2005-08-15,39.139999,39.630001,39.080002,39.450001,33.604477,63061100
2005-08-16,39.299999,39.330002,38.740002,38.810001,33.059319,94596000
2005-08-17,38.919998,39.169998,38.790001,39.040001,33.255222,74470500
2005-08-18,38.869999,39.099998,38.770000,38.840000,33.084866,72559400
2005-08-19,38.889999,39.000000,38.790001,38.820000,33.067841,52024300
2005-08-22,38.880001,39.180000,38.599998,38.840000,33.084866,88056300
2005-08-23,38.840000,38.919998,38.610001,38.730000,32.991177,57482900
2005-08-24,38.650002,39.180000,38.459999,38.500000,32.795250,95025700
2005-08-25,38.570000,38.689999,38.490002,38.590000,32.871918,52328800
2005-08-26,38.529999,38.599998,38.270000,38.459999,32.761173,63840700
2005-08-29,38.259998,38.849998,38.259998,38.759998,33.016727,74940400
2005-08-30,38.560001,38.660000,38.320000,38.619999,32.897476,87373600
2005-08-31,38.639999,39.009998,38.480000,38.980000,33.204128,93426300
2005-09-01,39.000000,39.150002,38.779999,38.919998,33.153008,74884400
2005-09-02,39.000000,39.029999,38.740002,38.770000,33.025257,53244900
2005-09-06,38.950001,39.410000,38.900002,39.340000,33.510803,78106600
2005-09-07,39.299999,39.480000,39.209999,39.410000,33.570400,57440100
2005-09-08,39.290001,39.570000,39.270000,39.400002,33.561901,73529700
2005-09-09,39.410000,39.689999,39.310001,39.619999,33.749290,75342100
2005-09-12,39.630001,39.860001,39.580002,39.730000,33.842991,51689900
2005-09-13,39.680000,39.910000,39.540001,39.630001,33.757820,66145800
2005-09-14,39.650002,39.680000,39.150002,39.180000,33.374500,98644000
2005-09-15,39.259998,39.340000,39.049999,39.160000,33.357464,80421500
2005-09-16,39.250000,39.459999,39.110001,39.400002,33.561901,71034100
2005-09-19,39.320000,39.380001,38.910000,39.090000,33.297829,73387500
2005-09-20,39.160000,39.540001,38.810001,38.930000,33.161549,115202800
2005-09-21,38.820000,38.869999,38.470001,38.500000,32.795250,116404300
2005-09-22,38.439999,38.730000,38.240002,38.639999,32.914497,118686100
2005-09-23,38.500000,38.880001,38.410000,38.750000,33.008194,70154000
2005-09-26,38.970001,39.029999,38.549999,38.759998,33.016727,69327600
2005-09-27,38.790001,38.900002,38.509998,38.669998,32.940071,64089500
2005-09-28,38.759998,38.950001,38.560001,38.680000,32.948570,72044500
2005-09-29,38.630001,39.209999,38.450001,39.200001,33.391518,117634600
2005-09-30,39.169998,39.480000,39.130001,39.459999,33.613010,79248500
2005-10-03,39.540001,39.750000,39.509998,39.560001,33.698189,81685600
2005-10-04,39.619999,39.880001,39.290001,39.299999,33.476700,85348600
2005-10-05,39.310001,39.340000,38.730000,38.759998,33.016727,106152200
2005-10-06,38.730000,38.860001,37.919998,38.250000,32.582298,162213700
2005-10-07,38.400002,38.570000,38.180000,38.340000,32.658981,91119900
2005-10-10,38.270000,38.459999,38.060001,38.130001,32.480083,64012000
2005-10-11,38.240002,38.240002,37.799999,37.939999,32.318230,114736900
2005-10-12,37.720001,38.060001,37.430000,37.490002,31.934900,146109500
2005-10-13,37.470001,37.910000,37.330002,37.779999,32.181942,138569600
2005-10-14,37.880001,38.070000,37.639999,38.060001,32.420452,131463200
2005-10-17,38.070000,38.189999,37.820000,38.180000,32.522671,64080400
2005-10-18,38.139999,38.180000,37.910000,37.910000,32.292671,88070400
2005-10-19,37.720001,38.669998,37.610001,38.669998,32.940071,132879900
2005-10-20,38.709999,38.849998,38.099998,38.310001,32.633381,132576900
2005-10-21,38.669998,38.750000,38.330002,38.549999,32.837841,110032000
2005-10-24,38.730000,39.180000,38.470001,39.160000,33.357464,110820900
2005-10-25,39.090000,39.189999,38.770000,39.009998,33.229687,86665800
2005-10-26,38.980000,39.270000,38.759998,38.810001,33.059319,89878100
2005-10-27,38.779999,38.799999,38.029999,38.029999,32.394894,132231100
2005-10-28,38.160000,38.389999,37.919998,38.320000,32.641918,95243900
2005-10-31,38.450001,39.049999,38.419998,38.869999,33.110420,115279100
2005-11-01,38.779999,39.009998,38.709999,38.840000,33.084866,73502300
2005-11-02,38.730000,39.459999,38.709999,39.349998,33.519295,101409900
2005-11-03,39.740002,40.090000,39.680000,39.939999,34.021866,137054000
2005-11-04,40.000000,40.230000,39.840000,40.080002,34.141125,100944500
2005-11-07,40.209999,40.290001,39.950001,40.130001,34.183735,65324500
2005-11-08,40.080002,40.349998,39.990002,40.139999,34.192249,78859700
2005-11-09,40.119999,40.330002,40.029999,40.160000,34.209286,72458800
2005-11-10,40.180000,40.689999,39.919998,40.599998,34.584076,120763100
2005-11-11,40.770000,40.919998,40.680000,40.709999,34.677773,80057200
2005-11-14,40.770000,40.860001,40.599998,40.709999,34.677773,53652400
2005-11-15,40.730000,40.900002,40.380001,40.520000,34.515942,79543500
2005-11-16,40.630001,40.779999,40.459999,40.770000,34.728897,65895700
2005-11-17,40.910000,41.320000,40.849998,41.310001,35.188866,94425500
2005-11-18,41.520000,41.650002,41.270000,41.450001,35.308147,108820200
2005-11-21,41.400002,41.580002,41.240002,41.549999,35.393299,69731400
2005-11-22,41.470001,41.869999,41.360001,41.700001,35.521088,88814000
2005-11-23,41.730000,42.020000,41.709999,41.799999,35.606274,64101200
2005-11-25,41.840000,41.939999,41.730000,41.889999,35.682949,22930200
2005-11-28,42.000000,42.000000,41.500000,41.540001,35.384789,74716200
2005-11-29,41.770000,41.849998,41.340000,41.340000,35.214436,77443000
2005-11-30,41.279999,41.490002,41.189999,41.240002,35.129242,88044400
2005-12-01,41.509998,42.049999,41.500000,42.009998,35.785149,91914100
2005-12-02,41.939999,42.130001,41.869999,42.110001,35.870346,72929200
2005-12-05,42.060001,42.060001,41.630001,41.799999,35.606274,61519900
2005-12-06,42.029999,42.310001,41.900002,41.939999,35.725521,81509400
2005-12-07,42.000000,42.029999,41.630001,41.860001,35.657375,83885500
2005-12-08,41.959999,42.000000,41.270000,41.560001,35.401836,112043200
2005-12-09,41.560001,41.770000,41.380001,41.720001,35.538128,56526900
2005-12-12,41.869999,41.939999,41.680000,41.869999,35.665924,44863600
2005-12-13,41.820000,42.209999,41.759998,42.040001,35.810707,76611600
2005-12-14,41.950001,42.099998,41.709999,41.900002,35.691460,73581600
2005-12-15,42.000000,42.070000,41.610001,41.970001,35.751087,72607200
2005-12-16,41.860001,41.939999,41.549999,41.580002,35.504322,63743000
2005-12-19,41.669998,41.709999,40.900002,40.919998,34.940742,75341700
2005-12-20,40.950001,41.150002,40.750000,40.950001,34.966362,70257700
2005-12-21,41.020000,41.410000,40.950001,41.130001,35.120056,68935000
2005-12-22,41.110001,41.459999,41.099998,41.400002,35.350616,59149500
2005-12-23,41.509998,41.590000,41.299999,41.400002,35.350616,38000400
2005-12-27,41.520000,41.680000,40.970001,41.040001,35.043221,55656300
2005-12-28,41.060001,41.230000,40.869999,40.990002,35.000523,50302400
2005-12-29,41.029999,41.119999,40.650002,40.720001,34.769978,47301700
2005-12-30,40.540001,40.580002,40.360001,40.410000,34.505295,60026500
2006-01-03,40.650002,41.490002,40.160000,41.310001,35.273777,109350400
2006-01-04,41.410000,41.740002,41.320000,41.740002,35.640930,92769400
2006-01-05,41.750000,42.000000,41.709999,41.919998,35.794624,77656900
2006-01-06,42.259998,42.700001,42.060001,42.680000,36.443581,110053900
2006-01-09,42.680000,42.919998,42.520000,42.849998,36.588737,80768800
2006-01-10,42.660000,42.919998,42.549999,42.880001,36.614349,84369400
2006-01-11,43.000000,43.310001,42.869999,43.209999,36.896114,100761400
2006-01-12,43.160000,43.290001,42.849998,43.000000,36.716831,82429200
2006-01-13,42.939999,43.049999,42.730000,42.980000,36.699730,64572100
2006-01-17,42.650002,42.790001,42.500000,42.700001,36.460651,77962100
2006-01-18,42.029999,42.459999,42.020000,42.209999,36.042255,121021900
2006-01-19,42.419998,42.820000,42.290001,42.520000,36.306984,111094000
2006-01-20,42.459999,42.490002,41.150002,41.250000,35.222538,188569400
2006-01-23,41.360001,41.450001,41.080002,41.259998,35.231060,111381900
2006-01-24,41.360001,41.700001,41.310001,41.439999,35.384762,77956900
2006-01-25,41.639999,41.669998,41.080002,41.259998,35.231060,99826400
2006-01-26,41.500000,41.689999,41.230000,41.549999,35.478691,112600600
2006-01-27,41.799999,42.389999,41.740002,42.110001,35.956879,110830400
2006-01-30,42.180000,42.320000,42.070000,42.189999,36.025185,53942600
2006-01-31,42.169998,42.270000,41.810001,42.000000,35.862930,100988100
2006-02-01,41.740002,42.169998,41.700001,42.150002,35.991032,89168700
2006-02-02,42.009998,42.080002,41.410000,41.430000,35.376244,94047400
2006-02-03,41.119999,41.230000,40.779999,40.919998,34.940742,121094200
2006-02-06,40.720001,41.009998,40.590000,40.810001,34.846836,58162800
2006-02-07,40.740002,40.930000,40.439999,40.630001,34.693138,87327000
2006-02-08,40.919998,41.150002,40.689999,41.099998,35.094444,89907800
2006-02-09,41.209999,41.369999,40.630001,40.709999,34.761448,78213400
2006-02-10,40.680000,41.060001,40.259998,40.959999,34.974903,102575900
2006-02-13,40.700001,40.740002,40.299999,40.490002,34.573578,70643100
2006-02-14,40.570000,41.020000,40.410000,40.900002,34.923679,94340300
2006-02-15,40.790001,41.259998,40.730000,41.160000,35.145679,92254300
2006-02-16,41.310001,41.549999,41.150002,41.540001,35.470150,103859600
2006-02-17,41.459999,41.459999,41.200001,41.209999,35.188374,81770200
2006-02-21,41.209999,41.270000,40.610001,40.750000,34.795597,85101400
2006-02-22,40.779999,41.540001,40.680000,41.259998,35.231060,91983900
2006-02-23,41.189999,41.540001,41.080002,41.150002,35.137146,66517100
2006-02-24,41.189999,41.290001,41.009998,41.259998,35.231060,57085400
2006-02-27,41.360001,41.869999,41.330002,41.720001,35.623848,64945000
2006-02-28,41.610001,41.720001,40.970001,41.099998,35.094444,117564600
2006-03-01,41.230000,41.770000,41.150002,41.660000,35.572613,80962300
2006-03-02,41.549999,41.840000,41.410000,41.689999,35.598248,69856500
2006-03-03,41.450001,42.009998,41.389999,41.450001,35.393295,112066100
2006-03-06,41.540001,41.630001,40.959999,41.090000,35.085922,99581000
2006-03-07,41.020000,41.070000,40.650002,40.849998,34.880989,96441100
2006-03-08,40.759998,41.090000,40.500000,40.869999,34.898048,103961900
2006-03-09,41.000000,41.150002,40.470001,40.520000,34.599224,108556700
2006-03-10,40.480000,40.790001,40.189999,40.560001,34.633343,124474900
2006-03-13,40.740002,40.939999,40.619999,40.680000,34.735817,69169100
2006-03-14,40.639999,41.419998,40.639999,41.369999,35.324993,118201000
2006-03-15,41.529999,41.720001,41.320000,41.720001,35.623848,84375800
2006-03-16,41.849998,41.919998,41.330002,41.369999,35.324993,101371200
2006-03-17,41.340000,41.590000,41.230000,41.450001,35.418140,78219600
2006-03-20,41.570000,41.680000,41.400002,41.549999,35.503567,60240100
2006-03-21,41.110001,42.009998,41.080002,41.110001,35.127605,136566000
2006-03-22,40.880001,41.279999,40.860001,41.209999,35.213062,112282800
2006-03-23,41.090000,41.220001,40.820000,41.090000,35.110527,75158200
2006-03-24,41.230000,41.500000,41.020000,41.299999,35.289951,81795500
2006-03-27,41.279999,41.509998,41.240002,41.310001,35.298519,54400400
2006-03-28,41.389999,41.669998,40.990002,41.139999,35.153240,100522800
2006-03-29,41.200001,42.099998,41.169998,41.919998,35.819736,130669100
2006-03-30,42.009998,42.299999,41.790001,42.049999,35.930836,115915600
2006-03-31,42.130001,42.189999,41.840000,41.930000,35.828285,71074600
2006-04-03,42.150002,42.369999,41.900002,41.980000,35.871006,80730700
2006-04-04,42.049999,42.310001,41.930000,42.209999,36.067558,89952600
2006-04-05,42.299999,42.669998,42.209999,42.610001,36.409344,91628200
2006-04-06,42.590000,42.939999,42.439999,42.730000,36.511864,91712800
2006-04-07,42.880001,43.049999,42.299999,42.320000,36.161533,116604300
2006-04-10,42.400002,42.500000,42.090000,42.259998,36.110233,58981900
2006-04-11,42.389999,42.430000,41.709999,41.919998,35.819736,91481900
2006-04-12,41.939999,42.080002,41.799999,41.930000,35.828285,58751200
2006-04-13,41.900002,42.330002,41.790001,42.099998,35.973534,63476900
2006-04-17,42.040001,42.209999,41.389999,41.660000,35.597569,104072100
2006-04-18,41.770000,42.560001,41.770000,42.459999,36.281158,124291700
2006-04-19,42.540001,42.650002,42.299999,42.650002,36.443508,79050300
2006-04-20,42.639999,42.820000,42.380001,42.500000,36.315334,81408000
2006-04-21,42.660000,42.720001,41.820000,42.000000,35.888096,130181200
2006-04-24,41.950001,42.070000,41.720001,41.959999,35.853916,78556400
2006-04-25,42.070000,42.099998,41.650002,41.869999,35.777020,77660800
2006-04-26,41.860001,42.060001,41.700001,41.860001,35.768475,82537000
2006-04-27,41.669998,42.490002,41.500000,42.259998,36.110233,173950100
2006-04-28,42.000000,42.220001,41.779999,41.849998,35.759922,88876600
2006-05-01,41.919998,42.049999,41.310001,41.439999,35.409607,92875500
2006-05-02,41.619999,41.730000,41.400002,41.549999,35.503567,85148100
2006-05-03,41.570000,41.639999,41.279999,41.490002,35.452339,74971600
2006-05-04,41.529999,41.990002,41.529999,41.830002,35.742840,88696800
2006-05-05,42.099998,42.209999,41.939999,42.160000,36.024803,80392200
2006-05-08,42.080002,42.279999,42.070000,42.200001,36.058998,45079100
2006-05-09,42.099998,42.180000,41.970001,42.040001,35.922279,48528800
2006-05-10,41.930000,41.980000,41.549999,41.669998,35.606110,92424200
2006-05-11,41.630001,41.650002,40.630001,40.740002,34.811447,140989700
2006-05-12,40.560001,40.619999,40.180000,40.189999,34.341496,153920800
2006-05-15,40.020000,40.340000,39.790001,40.160000,34.315853,127896500
2006-05-16,40.169998,40.259998,39.770000,39.860001,34.059517,132397500
2006-05-17,39.680000,39.810001,39.230000,39.320000,33.598110,207897100
2006-05-18,39.490002,39.660000,39.000000,39.049999,33.367401,139690900
2006-05-19,39.200001,39.470001,38.750000,39.349998,33.623741,194306300
2006-05-22,39.009998,39.240002,38.619999,38.970001,33.299046,169591800
2006-05-23,39.259998,39.380001,38.570000,38.590000,32.974319,142243900
2006-05-24,38.529999,39.040001,38.230000,38.849998,33.196487,234981600
2006-05-25,39.110001,39.380001,38.820000,39.360001,33.632267,123510900
2006-05-26,39.450001,39.580002,39.230000,39.490002,33.743366,91319600
2006-05-30,39.299999,39.330002,38.610001,38.639999,33.017052,105606200
2006-05-31,38.709999,39.060001,38.540001,38.820000,33.170845,137066200
2006-06-01,38.930000,39.740002,38.840000,39.740002,33.956982,119357400
2006-06-02,39.959999,40.000000,39.310001,39.639999,33.871529,128864100
2006-06-05,39.560001,39.560001,38.779999,38.779999,33.136681,103190600
2006-06-06,38.849998,38.950001,38.349998,38.750000,33.111050,127271000
2006-06-07,38.799999,39.169998,38.450001,38.459999,32.863239,130754700
2006-06-08,38.270000,38.560001,37.490002,38.400002,32.811958,280562200
2006-06-09,38.560001,38.740002,38.110001,38.150002,32.598358,144146200
2006-06-12,38.200001,38.259998,37.389999,37.400002,31.957508,145607500
2006-06-13,37.490002,37.799999,37.160000,37.250000,31.829350,207099500
2006-06-14,37.360001,37.709999,37.200001,37.630001,32.154022,201876800
2006-06-15,37.849998,38.790001,37.799999,38.650002,33.025589,200700400
2006-06-16,38.549999,38.680000,38.200001,38.340000,32.782764,120006100
2006-06-19,38.500000,38.540001,37.910000,38.029999,32.517700,129450100
2006-06-20,38.090000,38.480000,37.939999,38.080002,32.560452,102871700
2006-06-21,38.139999,38.990002,38.130001,38.680000,33.073486,129548100
2006-06-22,38.590000,38.680000,37.990002,38.189999,32.654507,143100500
2006-06-23,38.160000,38.529999,37.930000,38.150002,32.620300,88050200
2006-06-26,38.169998,38.389999,38.070000,38.250000,32.705818,65157700
2006-06-27,38.270000,38.330002,37.490002,37.529999,32.090157,128227500
2006-06-28,37.619999,37.840000,37.380001,37.810001,32.329582,91576300
2006-06-29,37.980000,38.959999,37.900002,38.959999,33.312893,181997200
2006-06-30,39.119999,39.139999,38.680000,38.770000,33.150448,82719200
2006-07-03,38.889999,39.000000,38.810001,39.000000,33.347088,21598500
2006-07-05,38.639999,38.680000,38.090000,38.150002,32.620300,93724000
2006-07-06,38.270000,38.480000,38.009998,38.110001,32.586113,70615200
2006-07-07,37.900002,38.169998,37.570000,37.689999,32.226967,108063300
2006-07-10,37.790001,37.930000,37.169998,37.360001,31.944807,105109800
2006-07-11,37.279999,37.740002,37.080002,37.639999,32.184227,136114200
2006-07-12,37.560001,37.639999,36.840000,36.930000,31.577133,154458900
2006-07-13,36.639999,37.040001,36.310001,36.310001,31.046999,177745500
2006-07-14,36.299999,36.380001,35.790001,35.939999,30.730629,172448500
2006-07-17,35.950001,36.250000,35.869999,36.029999,30.807590,134311000
2006-07-18,36.220001,36.330002,35.540001,36.150002,30.910198,206964900
2006-07-19,36.119999,36.830002,36.090000,36.619999,31.312075,192517600
2006-07-20,36.750000,36.799999,36.040001,36.080002,30.850336,152292100
2006-07-21,35.880001,35.959999,35.619999,35.700001,30.525427,119343000
2006-07-24,35.840000,36.430000,35.799999,36.410000,31.132492,130269300
2006-07-25,36.490002,36.740002,36.240002,36.619999,31.312075,108869600
2006-07-26,36.509998,36.869999,36.230000,36.590000,31.286425,107170500
2006-07-27,36.740002,37.040001,36.250000,36.349998,31.081205,99698700
2006-07-28,36.529999,37.139999,36.500000,37.110001,31.731049,93556100
2006-07-31,37.080002,37.320000,36.889999,37.099998,31.722515,78015300
2006-08-01,36.770000,36.799999,36.259998,36.480000,31.192345,98552800
2006-08-02,36.610001,37.130001,36.610001,36.889999,31.542917,87370600
2006-08-03,36.520000,37.340000,36.480000,37.119999,31.739594,99205600
2006-08-04,37.450001,37.630001,36.619999,36.950001,31.594240,123493800
2006-08-07,36.910000,36.939999,36.529999,36.709999,31.389011,69634800
2006-08-08,36.810001,36.900002,36.259998,36.480000,31.192345,124139900
2006-08-09,36.990002,37.310001,36.430000,36.529999,31.235109,145342200
2006-08-10,36.430000,36.880001,36.310001,36.790001,31.457415,102481300
2006-08-11,36.650002,36.689999,36.369999,36.529999,31.235109,86903200
2006-08-14,36.840000,37.270000,36.700001,36.770000,31.440325,109281100
2006-08-15,37.200001,37.750000,37.090000,37.700001,32.235535,133712100
2006-08-16,37.980000,38.610001,37.840000,38.590000,32.996525,135452100
2006-08-17,38.459999,38.980000,38.439999,38.730000,33.116234,129492200
2006-08-18,38.630001,38.830002,38.279999,38.790001,33.167553,97754500
2006-08-21,38.500000,38.560001,38.259998,38.419998,32.851158,66668400
2006-08-22,38.360001,38.810001,38.200001,38.430000,32.859711,102058600
2006-08-23,38.459999,38.669998,37.919998,38.139999,32.611732,96056300
2006-08-24,38.250000,38.349998,37.919998,38.250000,32.705818,78985300
2006-08-25,38.169998,38.639999,38.060001,38.320000,32.765656,73572900
2006-08-28,38.290001,38.790001,38.240002,38.610001,33.013638,80035000
2006-08-29,38.580002,38.759998,38.180000,38.730000,33.116234,104842000
2006-08-30,38.720001,39.029999,38.599998,38.910000,33.270145,75687200
2006-08-31,38.959999,39.029999,38.759998,38.869999,33.235939,61207200
2006-09-01,39.080002,39.209999,38.900002,39.080002,33.415489,69388500
2006-09-05,39.099998,39.480000,38.849998,39.459999,33.740425,85582800
2006-09-06,39.099998,39.189999,38.610001,38.669998,33.064926,97888600
2006-09-07,38.549999,38.900002,38.360001,38.490002,32.911015,115877400
2006-09-08,38.540001,38.820000,38.459999,38.720001,33.107685,96627000
2006-09-11,38.410000,39.150002,38.320000,38.959999,33.312893,142377500
2006-09-12,38.950001,39.799999,38.950001,39.680000,33.928524,124102400
2006-09-13,39.709999,39.980000,39.630001,39.950001,34.159420,116054300
2006-09-14,39.849998,40.220001,39.759998,39.990002,34.193600,98116000
2006-09-15,40.299999,40.459999,40.000000,40.110001,34.315952,137825600
2006-09-18,40.119999,40.400002,39.939999,40.119999,34.324501,117806700
2006-09-19,40.220001,40.250000,39.520000,39.849998,34.093479,159060800
2006-09-20,40.200001,40.540001,40.189999,40.430000,34.589722,116635500
2006-09-21,40.529999,40.669998,40.080002,40.180000,34.375828,121886900
2006-09-22,40.150002,40.160000,39.700001,39.869999,34.110619,100996400
2006-09-25,40.040001,40.660000,39.680000,40.570000,34.709488,136473400
2006-09-26,40.520000,40.799999,40.400002,40.770000,34.880596,113375600
2006-09-27,40.669998,40.950001,40.500000,40.720001,34.837826,113003800
2006-09-28,40.770000,40.889999,40.430000,40.830002,34.931934,85943600
2006-09-29,40.900002,40.930000,40.619999,40.650002,34.777935,85438200
2006-10-02,40.599998,40.700001,40.080002,40.139999,34.341599,97068800
2006-10-03,40.020000,40.480000,39.880001,40.310001,34.487053,116261400
2006-10-04,40.240002,41.310001,40.139999,41.299999,35.334023,149209500
2006-10-05,41.299999,41.560001,41.180000,41.500000,35.505165,91799900
2006-10-06,41.360001,41.560001,41.240002,41.410000,35.428165,85450400
2006-10-09,41.360001,41.740002,41.320000,41.549999,35.547928,62786100
2006-10-10,41.599998,41.750000,41.310001,41.619999,35.607807,98181800
2006-10-11,41.430000,41.830002,41.169998,41.540001,35.539368,136561300
2006-10-12,41.759998,42.250000,41.700001,42.200001,36.104023,95260200
2006-10-13,42.230000,42.520000,42.139999,42.430000,36.300812,80470200
2006-10-16,42.430000,42.619999,42.400002,42.470001,36.335045,62017400
2006-10-17,42.169998,42.200001,41.759998,42.000000,35.932934,146149100
2006-10-18,42.220001,42.310001,41.650002,41.799999,35.761814,120366100
2006-10-19,41.689999,42.110001,41.590000,41.900002,35.847374,108198400
2006-10-20,42.040001,42.080002,41.639999,42.000000,35.932934,105454300
2006-10-23,41.919998,42.580002,41.820000,42.430000,36.300812,126960500
2006-10-24,42.279999,42.450001,41.919998,42.139999,36.052704,103541700
2006-10-25,42.160000,42.520000,42.049999,42.430000,36.300812,125399500
2006-10-26,42.580002,42.919998,42.220001,42.820000,36.634460,130260700
2006-10-27,42.720001,42.820000,42.080002,42.209999,36.112598,129375000
2006-10-30,42.160000,42.650002,42.060001,42.480000,36.343563,103899900
2006-10-31,42.560001,42.759998,42.310001,42.580002,36.429142,135811800
2006-11-01,42.730000,42.770000,41.820000,42.000000,35.932934,148960600
2006-11-02,41.810001,42.139999,41.740002,42.040001,35.967148,100216400
2006-11-03,42.099998,42.189999,41.610001,41.930000,35.873047,119263300
2006-11-06,42.070000,42.709999,42.060001,42.540001,36.394920,101283300
2006-11-07,42.540001,43.090000,42.470001,42.830002,36.643028,139706500
2006-11-08,42.590000,43.200001,42.470001,43.029999,36.814137,180245700
2006-11-09,43.259998,43.349998,42.669998,42.830002,36.643028,124278000
2006-11-10,42.840000,43.040001,42.669998,43.029999,36.814137,82419400
2006-11-13,43.049999,43.540001,43.000000,43.470001,37.190586,89146200
2006-11-14,43.500000,43.970001,43.240002,43.930000,37.584129,121962800
2006-11-15,43.990002,44.400002,43.919998,44.110001,37.738121,116565900
2006-11-16,44.259998,44.419998,44.020000,44.299999,37.900677,113513200
2006-11-17,44.060001,44.299999,43.950001,44.299999,37.900677,95162500
2006-11-20,44.160000,44.480000,44.009998,44.389999,37.977680,107184100
2006-11-21,44.419998,44.509998,44.250000,44.450001,38.029003,68092200
2006-11-22,44.580002,44.750000,44.259998,44.730000,38.268547,69852700
2006-11-24,44.400002,44.860001,44.380001,44.650002,38.200127,51762900
2006-11-27,44.509998,44.610001,43.639999,43.639999,37.336002,159506300
2006-11-28,43.509998,43.840000,43.340000,43.770000,37.447235,118268400
2006-11-29,44.000000,44.180000,43.660000,44.070000,37.703907,139515500
2006-11-30,44.049999,44.279999,43.790001,44.040001,37.678246,123457100
2006-12-01,44.000000,44.349998,43.259998,43.660000,37.353123,144559600
2006-12-04,43.790001,44.480000,43.790001,44.259998,37.866451,89782400
2006-12-05,44.389999,44.549999,44.189999,44.419998,38.003338,84697500
2006-12-06,44.279999,44.400002,44.070000,44.259998,37.866451,78207500
2006-12-07,44.340000,44.480000,43.700001,43.700001,37.387352,124936100
2006-12-08,43.560001,44.259998,43.470001,43.900002,37.558449,133798700
2006-12-11,43.830002,44.369999,43.750000,44.060001,37.695332,72931300
2006-12-12,44.049999,44.130001,43.560001,43.799999,37.472900,110985900
2006-12-13,44.099998,44.110001,43.619999,43.880001,37.541351,79035500
2006-12-14,43.970001,44.570000,43.939999,44.369999,37.960567,109104200
2006-12-15,44.680000,44.759998,44.349998,44.430000,38.058224,99942300
2006-12-18,44.580002,44.750000,43.799999,43.990002,37.681328,121588700
2006-12-19,43.650002,44.060001,43.380001,43.849998,37.561401,136535200
2006-12-20,43.900002,44.110001,43.669998,43.689999,37.424351,67213400
2006-12-21,43.740002,43.790001,43.209999,43.380001,37.158798,102952300
2006-12-22,43.400002,43.410000,42.930000,42.930000,36.773346,92858600
2006-12-26,42.930000,43.119999,42.880001,43.110001,36.927521,50848600
2006-12-27,43.209999,43.400002,43.099998,43.330002,37.115974,54129200
2006-12-28,43.200001,43.380001,43.049999,43.119999,36.936089,69016000
2006-12-29,43.189999,43.610001,43.119999,43.160000,36.970360,75152500
2007-01-03,43.459999,44.060001,42.520000,43.240002,37.038883,167689500
2007-01-04,43.299999,44.209999,43.150002,44.060001,37.741276,136853500
2007-01-05,43.950001,43.950001,43.480000,43.849998,37.561401,138958800
2007-01-08,43.889999,44.119999,43.639999,43.880001,37.587090,106401600
2007-01-09,44.009998,44.290001,43.630001,44.099998,37.775539,121577500
2007-01-10,43.959999,44.660000,43.820000,44.619999,38.220982,121070100
2007-01-11,44.709999,45.240002,44.650002,45.080002,38.615013,174029800
2007-01-12,45.020000,45.349998,44.970001,45.310001,38.812027,104217300
2007-01-16,45.349998,45.400002,45.130001,45.279999,38.786320,95690500
2007-01-17,45.090000,45.290001,44.830002,44.910000,38.469376,127142600
2007-01-18,44.790001,44.840000,43.950001,44.080002,37.758419,189029800
2007-01-19,43.970001,44.279999,43.910000,44.169998,37.835499,127544300
2007-01-22,44.209999,44.230000,43.509998,43.689999,37.424351,123441700
2007-01-23,43.660000,43.980000,43.500000,43.580002,37.330116,133103600
2007-01-24,43.860001,44.320000,43.770000,44.299999,37.946869,117615300
2007-01-25,44.360001,44.470001,43.580002,43.730000,37.458618,158337600
2007-01-26,43.810001,43.830002,43.290001,43.570000,37.321545,146284300
2007-01-29,43.459999,43.910000,43.400002,43.610001,37.355816,104191500
2007-01-30,43.680000,43.790001,43.520000,43.630001,37.372944,69605900
2007-01-31,43.580002,44.189999,43.330002,44.070000,37.749844,157772500
2007-02-01,44.270000,44.400002,43.849998,44.000000,37.689884,147365600
2007-02-02,44.119999,44.250000,43.939999,44.160000,37.826935,98189200
2007-02-05,44.139999,44.360001,43.959999,44.119999,37.792675,96347800
2007-02-06,44.200001,44.230000,43.639999,44.060001,37.741276,121110200
2007-02-07,44.279999,44.650002,44.119999,44.459999,38.083912,117823800
2007-02-08,44.400002,44.599998,44.230000,44.450001,38.075340,89521900
2007-02-09,44.570000,44.720001,43.730000,43.880001,37.587090,133472000
2007-02-12,43.869999,43.889999,43.590000,43.709999,37.441463,126940000
2007-02-13,43.779999,44.000000,43.700001,43.860001,37.569969,93648000
2007-02-14,44.040001,44.709999,44.040001,44.599998,38.203838,133370000
2007-02-15,44.630001,44.860001,44.549999,44.860001,38.426537,110452500
2007-02-16,44.660000,44.830002,44.570000,44.709999,38.298058,72342200
2007-02-20,44.639999,45.119999,44.430000,45.049999,38.589298,93629000
2007-02-21,44.919998,45.209999,44.830002,45.189999,38.709217,95864000
2007-02-22,45.360001,45.549999,45.070000,45.419998,38.906250,116344400
2007-02-23,45.419998,45.459999,45.060001,45.259998,38.769176,113467100
2007-02-26,45.480000,45.500000,44.759998,45.040001,38.580738,101623700
2007-02-27,44.369999,44.480000,43.060001,43.189999,36.996059,317813200
2007-02-28,43.150002,43.759998,42.930000,43.330002,37.115974,214978700
2007-03-01,42.549999,43.540001,42.240002,43.130001,36.944649,231806500
2007-03-02,42.779999,43.139999,42.470001,42.480000,36.387844,183359400
2007-03-05,42.150002,42.799999,42.060001,42.150002,36.105206,171885400
2007-03-06,42.529999,42.990002,42.500000,42.849998,36.704807,155551800
2007-03-07,42.860001,42.980000,42.650002,42.680000,36.559185,119979300
2007-03-08,43.130001,43.240002,42.840000,42.970001,36.807594,120900700
2007-03-09,43.330002,43.340000,42.650002,42.930000,36.773346,128597600
2007-03-12,42.869999,43.279999,42.830002,43.209999,37.013176,81310100
2007-03-13,43.000000,43.240002,42.360001,42.369999,36.293633,171231800
2007-03-14,42.430000,43.000000,42.099998,42.990002,36.824734,192586700
2007-03-15,42.900002,43.060001,42.720001,42.889999,36.739071,111627400
2007-03-16,42.939999,43.040001,42.610001,42.830002,36.710793,108328800
2007-03-19,43.060001,43.389999,42.950001,43.270000,37.087944,95913200
2007-03-20,43.259998,43.590000,43.209999,43.580002,37.353630,78755700
2007-03-21,43.639999,44.439999,43.349998,44.419998,38.073624,173333500
2007-03-22,44.439999,44.450001,44.090000,44.259998,37.936459,114856300
2007-03-23,44.259998,44.369999,44.070000,44.119999,37.816490,68530300
2007-03-26,44.139999,44.320000,43.630001,44.299999,37.970753,114237300
2007-03-27,44.230000,44.240002,43.950001,43.990002,37.705074,76419200
2007-03-28,43.799999,44.029999,43.509998,43.520000,37.302216,142795000
2007-03-29,43.820000,43.849998,43.099998,43.570000,37.345066,124407000
2007-03-30,43.560001,43.869999,43.220001,43.529999,37.310783,120418700
2007-04-02,43.669998,43.759998,43.299999,43.590000,37.362202,89617700
2007-04-03,43.820000,44.310001,43.790001,44.160000,37.850773,105814500
2007-04-04,44.189999,44.380001,44.130001,44.340000,38.005039,85147200
2007-04-05,44.290001,44.580002,44.230000,44.560001,38.193626,54220200
2007-04-09,44.709999,44.750000,44.380001,44.450001,38.099335,63050200
2007-04-10,44.439999,44.680000,44.410000,44.680000,38.296474,76364500
2007-04-11,44.639999,44.660000,44.070000,44.209999,37.893627,114012300
2007-04-12,44.139999,44.619999,43.950001,44.560001,38.193626,113801300
2007-04-13,44.570000,44.720001,44.290001,44.650002,38.270767,94572000
2007-04-16,44.830002,45.150002,44.830002,45.060001,38.622185,72803200
2007-04-17,45.150002,45.200001,44.959999,45.160000,38.707893,81852300
2007-04-18,44.930000,45.230000,44.830002,45.009998,38.579323,82002500
2007-04-19,44.810001,45.250000,44.720001,45.150002,38.699322,95413000
2007-04-20,45.520000,45.669998,45.200001,45.400002,38.913597,122377400
2007-04-23,45.459999,45.599998,45.340000,45.470001,38.973610,85303300
2007-04-24,45.630001,45.830002,45.330002,45.700001,39.170742,108143700
2007-04-25,45.849998,46.320000,45.700001,46.310001,39.693611,106818100
2007-04-26,46.419998,46.650002,46.330002,46.549999,39.899296,99308300
2007-04-27,46.369999,46.700001,46.290001,46.570000,39.916458,96536500
2007-04-30,46.490002,46.529999,45.919998,45.959999,39.393604,93290500
2007-05-01,45.970001,46.139999,45.660000,45.919998,39.359303,135044400
2007-05-02,46.090000,46.580002,46.049999,46.419998,39.787884,91971600
2007-05-03,46.509998,46.720001,46.430000,46.590000,39.933578,98003600
2007-05-04,46.770000,46.889999,46.419998,46.630001,39.967880,93591800
2007-05-07,46.660000,46.779999,46.570000,46.630001,39.967880,47487900
2007-05-08,46.470001,46.770000,46.299999,46.730000,40.053604,95138900
2007-05-09,46.490002,46.970001,46.459999,46.830002,40.139305,116021000
2007-05-10,46.669998,46.779999,46.070000,46.189999,39.590748,171196300
2007-05-11,46.240002,46.779999,46.180000,46.779999,40.096436,104767900
2007-05-14,46.770000,46.880001,46.189999,46.459999,39.822155,118899200
2007-05-15,46.419998,46.700001,45.990002,46.099998,39.513599,179438500
2007-05-16,46.200001,46.560001,45.910000,46.549999,39.899296,144420500
2007-05-17,46.490002,46.570000,46.290001,46.330002,39.710732,109869100
2007-05-18,46.480000,46.709999,46.380001,46.709999,40.036446,104961700
2007-05-21,46.740002,47.240002,46.669998,47.009998,40.293587,112831400
2007-05-22,47.040001,47.279999,46.869999,47.049999,40.327854,98029100
2007-05-23,47.189999,47.369999,46.799999,46.830002,40.139305,119220600
2007-05-24,46.860001,47.040001,45.970001,46.160000,39.565033,206268600
2007-05-25,46.259998,46.560001,46.180000,46.450001,39.813595,87143200
2007-05-29,46.500000,46.860001,46.410000,46.810001,40.122147,99702400
2007-05-30,46.480000,47.200001,46.349998,47.189999,40.447872,132036500
2007-05-31,47.320000,47.520000,47.209999,47.410000,40.636436,109457700
2007-06-01,47.580002,47.770000,47.369999,47.439999,40.662159,125089800
2007-06-04,47.270000,47.639999,47.240002,47.580002,40.782146,64782700
2007-06-05,47.450001,47.580002,47.000000,47.580002,40.782146,151160400
2007-06-06,47.369999,47.380001,46.959999,47.070000,40.345016,183166500
2007-06-07,46.910000,47.209999,46.320000,46.340000,39.719315,221373300
2007-06-08,46.320000,46.930000,46.160000,46.910000,40.207870,177587800
2007-06-11,46.880001,47.189999,46.759998,46.820000,40.130714,97100400
2007-06-12,46.570000,47.040001,46.450001,46.540001,39.890732,153967700
2007-06-13,46.740002,47.090000,46.540001,47.049999,40.327854,147985300
2007-06-14,47.099998,47.490002,47.090000,47.360001,40.593586,101531900
2007-06-15,47.759998,47.869999,47.650002,47.759998,40.968437,100378400
2007-06-18,47.849998,47.869999,47.669998,47.770000,40.977024,75713200
2007-06-19,47.630001,47.860001,47.509998,47.759998,40.968437,109621300
2007-06-20,47.830002,47.919998,47.240002,47.310001,40.582428,161889500
2007-06-21,47.290001,47.790001,47.080002,47.740002,40.951275,143181300
2007-06-22,47.639999,47.709999,47.139999,47.290001,40.565281,153328700
2007-06-25,47.299999,47.580002,46.820000,47.090000,40.393719,136602600
2007-06-26,47.310001,47.320000,46.740002,46.820000,40.162094,128211900
2007-06-27,46.770000,47.560001,46.700001,47.540001,40.779732,141196200
2007-06-28,47.520000,47.849998,47.470001,47.520000,40.762585,116546300
2007-06-29,47.779999,47.880001,47.209999,47.599998,40.831181,124794700
2007-07-02,47.709999,48.049999,47.680000,48.029999,41.200043,80863100
2007-07-03,48.090000,48.320000,48.040001,48.310001,41.440216,34803300
2007-07-05,48.340000,48.770000,48.290001,48.660000,41.740456,73588500
2007-07-06,48.709999,48.910000,48.500000,48.860001,41.912022,65804300
2007-07-09,48.900002,48.980000,48.720001,48.889999,41.937771,66768800
2007-07-10,48.619999,48.900002,48.430000,48.480000,41.586048,104383100
2007-07-11,48.369999,48.810001,48.320000,48.810001,41.869122,99637600
2007-07-12,48.970001,49.669998,48.919998,49.560001,42.512474,107667100
2007-07-13,49.630001,49.970001,49.570000,49.900002,42.804119,74232200
2007-07-16,49.889999,50.080002,49.759998,49.849998,42.761234,77799500
2007-07-17,49.959999,50.299999,49.919998,50.230000,43.087200,124833700
2007-07-18,49.950001,50.169998,49.639999,50.169998,43.035709,144915900
2007-07-19,50.410000,50.660000,50.310001,50.320000,43.164402,116563800
2007-07-20,50.290001,50.360001,49.740002,50.049999,42.932793,163721300
2007-07-23,50.220001,50.310001,49.919998,50.070000,42.949947,107464100
2007-07-24,49.700001,50.099998,49.049999,49.330002,42.315159,175496200
2007-07-25,49.580002,49.669998,49.060001,49.400002,42.375217,170258700
2007-07-26,49.060001,49.470001,48.049999,48.980000,42.014957,318522000
2007-07-27,48.889999,49.119999,47.990002,47.990002,41.165726,246387600
2007-07-30,48.220001,48.730000,47.950001,48.549999,41.646099,166517200
2007-07-31,48.970001,48.990002,47.430000,47.529999,40.771152,260224500
2007-08-01,47.389999,47.930000,46.980000,47.900002,41.088516,301153900
2007-08-02,47.930000,48.430000,47.790001,48.340000,41.465969,177369900
2007-08-03,48.250000,48.310001,47.150002,47.419998,40.676792,166048400
2007-08-06,47.470001,48.020000,47.029999,47.970001,41.148582,190869100
2007-08-07,47.880001,48.619999,47.480000,48.310001,41.440216,167109700
2007-08-08,48.509998,49.060001,48.400002,48.840000,41.894867,164831200
2007-08-09,48.189999,48.970001,47.689999,47.709999,40.925549,242418200
2007-08-10,47.200001,47.830002,46.630001,47.279999,40.556694,247006400
2007-08-13,47.680000,47.880001,47.480000,47.599998,40.831181,116935100
2007-08-14,47.700001,47.740002,46.730000,46.790001,40.136368,153529800
2007-08-15,46.680000,47.090000,45.810001,45.900002,39.372940,214854100
2007-08-16,45.529999,45.910000,44.389999,45.450001,38.986919,362468700
2007-08-17,46.310001,46.590000,45.590000,46.310001,39.724644,223246600
2007-08-20,46.490002,46.720001,46.080002,46.529999,39.913349,144715100
2007-08-21,46.480000,47.130001,46.389999,47.020000,40.333660,115027200
2007-08-22,47.380001,47.700001,47.270000,47.660000,40.882652,115814100
2007-08-23,47.790001,47.849998,47.230000,47.529999,40.771152,118663400
2007-08-24,47.380001,48.230000,47.320000,48.200001,41.345863,88189200
2007-08-27,48.060001,48.200001,47.840000,47.880001,41.071365,72490400
2007-08-28,47.599998,47.700001,46.709999,46.740002,40.093491,106024800
2007-08-29,47.049999,48.119999,47.049999,48.080002,41.242939,113201000
2007-08-30,47.830002,48.740002,47.750000,48.330002,41.457363,138930000
2007-08-31,48.860001,49.060001,48.610001,48.869999,41.920586,94687200
2007-09-04,48.930000,50.000000,48.910000,49.680000,42.615410,98480900
2007-09-05,49.560001,49.650002,48.869999,49.180000,42.186497,114049300
2007-09-06,49.230000,49.360001,48.810001,49.139999,42.152210,99222600
2007-09-07,48.529999,48.599998,47.950001,48.230000,41.371613,152438000
2007-09-10,48.619999,48.750000,47.810001,48.200001,41.345863,125199400
2007-09-11,48.509998,48.990002,48.430000,48.930000,41.972069,103064500
2007-09-12,48.840000,49.369999,48.779999,48.939999,41.980644,93993400
2007-09-13,49.290001,49.349998,48.939999,49.180000,42.186497,80807500
2007-09-14,48.799999,49.310001,48.730000,49.220001,42.220829,99801200
2007-09-17,49.000000,49.099998,48.590000,48.810001,41.869122,84882300
2007-09-18,49.090000,50.080002,48.830002,50.040001,42.924213,151452100
2007-09-19,50.290001,50.590000,49.980000,50.169998,43.035709,127025800
2007-09-20,50.060001,50.259998,49.919998,50.029999,42.915619,109970600
2007-09-21,50.279999,50.520000,50.009998,50.360001,43.221157,86829500
2007-09-24,50.490002,50.959999,50.330002,50.590000,43.418575,107226800
2007-09-25,50.419998,51.070000,50.360001,51.070000,43.830521,101102200
2007-09-26,51.360001,51.509998,51.119999,51.320000,44.045082,96124600
2007-09-27,51.619999,51.650002,51.360001,51.580002,44.268246,73423200
2007-09-28,51.540001,51.680000,51.180000,51.410000,44.122326,75546000
2007-10-01,51.450001,52.160000,51.380001,52.000000,44.628685,100404100
2007-10-02,52.040001,52.060001,51.720001,52.009998,44.637276,71046000
2007-10-03,51.840000,52.070000,51.500000,51.650002,44.328304,106785000
2007-10-04,51.750000,51.830002,51.340000,51.770000,44.431293,84129300
2007-10-05,52.169998,52.900002,52.060001,52.820000,45.332466,115674700
2007-10-08,52.799999,53.160000,52.709999,53.150002,45.615669,63022400
2007-10-09,53.270000,53.450001,53.029999,53.380001,45.813068,93965600
2007-10-10,53.389999,53.570000,53.209999,53.509998,45.924637,91777500
2007-10-11,53.790001,53.939999,52.279999,52.660000,45.195133,239786700
2007-10-12,52.900002,53.540001,52.799999,53.529999,45.941803,131676000
2007-10-15,53.610001,53.709999,52.700001,53.119999,45.589931,121578700
2007-10-16,52.790001,53.279999,52.680000,52.869999,45.375362,193676600
2007-10-17,53.619999,53.660000,52.680000,53.549999,45.958961,183985200
2007-10-18,53.330002,53.889999,53.119999,53.779999,46.156380,144491200
2007-10-19,53.770000,53.770000,52.389999,52.439999,45.006329,245111500
2007-10-22,52.160000,53.119999,52.020000,53.070000,45.547020,207052100
2007-10-23,53.610001,54.209999,53.340000,54.180000,46.499664,162360600
2007-10-24,53.740002,53.939999,52.599998,53.770000,46.147778,298293400
2007-10-25,53.889999,53.980000,52.750000,53.049999,45.529835,233833100
2007-10-26,54.080002,54.200001,53.439999,53.930000,46.285110,146690300
2007-10-29,54.189999,54.330002,53.840000,54.150002,46.473927,101896600
2007-10-30,53.939999,54.560001,53.900002,54.259998,46.568317,114616600
2007-10-31,54.470001,55.070000,54.040001,55.029999,47.229172,148431900
2007-11-01,54.680000,54.770000,53.970001,54.000000,46.345184,181974200
2007-11-02,54.419998,54.549999,53.599998,54.419998,46.705639,217882900
2007-11-05,53.860001,54.400002,53.590000,54.070000,46.405247,150588900
2007-11-06,54.330002,54.689999,53.779999,54.680000,46.928780,131884700
2007-11-07,54.220001,54.580002,53.310001,53.349998,45.787323,197908200
2007-11-08,53.139999,53.330002,50.799999,51.730000,44.396965,380626400
2007-11-09,50.730000,51.119999,50.000000,50.000000,42.912209,309414900
2007-11-12,49.919998,50.240002,48.650002,48.730000,41.822231,283216000
2007-11-13,49.389999,50.790001,49.349998,50.740002,43.547298,255625900
2007-11-14,51.389999,51.439999,49.900002,50.090000,42.989441,263284100
2007-11-15,50.000000,50.540001,49.369999,49.820000,42.757721,251548800
2007-11-16,50.160000,50.490002,49.340000,50.279999,43.152504,263623700
2007-11-19,50.160000,50.450001,49.410000,49.700001,42.654728,198651100
2007-11-20,49.959999,50.779999,48.930000,49.900002,42.826378,300763600
2007-11-21,49.450001,50.169998,48.849998,49.310001,42.320015,212225400
2007-11-23,49.630001,49.970001,49.369999,49.840000,42.774879,46463300
2007-11-26,49.970001,50.369999,48.900002,48.980000,42.036781,150352100
2007-11-27,49.400002,50.049999,49.099998,49.959999,42.877880,211369300
2007-11-28,50.630001,51.700001,50.599998,51.480000,44.182392,216868100
2007-11-29,51.279999,51.889999,51.200001,51.700001,44.371223,172087300
2007-11-30,52.209999,52.250000,50.950001,51.310001,44.036495,171417400
2007-12-03,51.090000,51.529999,50.820000,50.880001,43.667465,108625700
2007-12-04,50.490002,50.939999,50.380001,50.669998,43.487225,113374100
2007-12-05,51.200001,52.000000,51.160000,51.580002,44.268246,137614200
2007-12-06,51.630001,52.369999,51.610001,52.320000,44.903343,99724500
2007-12-07,52.290001,52.540001,52.080002,52.330002,44.911919,88992300
2007-12-10,52.459999,52.689999,52.320000,52.540001,45.092140,75657900
2007-12-11,52.619999,52.840000,51.209999,51.320000,44.045082,167064300
2007-12-12,52.250000,52.430000,50.889999,51.779999,44.439892,162975200
2007-12-13,51.330002,51.630001,50.980000,51.500000,44.199581,153476200
2007-12-14,51.090000,51.599998,50.919998,50.970001,43.744705,128396700
2007-12-17,50.779999,50.990002,49.709999,49.730000,42.680485,134377000
2007-12-18,50.240002,50.270000,49.180000,49.889999,42.817787,154251700
2007-12-19,49.889999,50.200001,49.610001,49.880001,42.809216,137970900
2007-12-20,50.619999,50.959999,50.200001,50.900002,43.684620,167341700
2007-12-21,51.680000,51.900002,51.480000,51.849998,44.546326,107573500
2007-12-24,52.009998,52.400002,51.950001,52.240002,44.881401,34499800
2007-12-26,52.130001,52.630001,52.000000,52.500000,45.104774,58492100
2007-12-27,52.330002,52.500000,51.709999,51.869999,44.563515,65778900
2007-12-28,52.040001,52.160000,51.430000,51.820000,44.520561,67545400
2007-12-31,51.570000,51.680000,51.209999,51.220001,44.005081,70135600
2008-01-02,51.270000,51.470001,50.130001,50.410000,43.309189,152344100
2008-01-03,50.410000,50.759998,50.150002,50.619999,43.489605,114103700
2008-01-04,49.810001,49.830002,48.209999,48.400002,41.582310,212617600
2008-01-07,48.400002,48.599998,47.430000,48.169998,41.384712,235083600
2008-01-08,48.270000,48.759998,46.919998,46.919998,40.310795,261669800
2008-01-09,47.110001,47.959999,46.459999,47.919998,41.169918,254011800
2008-01-10,47.430000,48.410000,47.290001,47.990002,41.230061,249958500
2008-01-11,47.730000,47.770000,46.700001,47.049999,40.422451,211685200
2008-01-14,47.689999,48.009998,47.310001,47.869999,41.126961,168048500
2008-01-15,47.369999,47.520000,46.349998,46.549999,39.992901,241094900
2008-01-16,46.189999,46.910000,45.459999,46.049999,39.563320,265625900
2008-01-17,46.240002,46.580002,45.200001,45.410000,39.013489,254098800
2008-01-18,45.639999,46.139999,44.980000,45.349998,38.961945,273063300
2008-01-22,42.830002,44.770000,42.730000,44.180000,37.956738,325732000
2008-01-23,42.540001,44.150002,41.610001,44.009998,37.810688,390129000
2008-01-24,44.189999,44.930000,44.060001,44.910000,38.583912,250249100
2008-01-25,45.869999,45.869999,43.939999,43.990002,37.793522,199299100
2008-01-28,44.020000,44.439999,43.570000,44.330002,38.085621,163711200
2008-01-29,44.560001,44.680000,44.040001,44.410000,38.154354,138520000
2008-01-30,44.250000,45.320000,44.180000,44.369999,38.119980,220824400
2008-01-31,43.869999,45.590000,43.820000,45.130001,38.772907,246824100
2008-02-01,45.500000,45.880001,44.880001,45.590000,39.168118,161920300
2008-02-04,45.580002,45.610001,44.939999,44.950001,38.618282,100209900
2008-02-05,44.169998,44.599998,43.639999,43.669998,37.518593,188990400
2008-02-06,43.919998,44.169998,42.770000,42.810001,36.779720,178285000
2008-02-07,42.330002,43.790001,42.150002,43.110001,37.037464,286254800
2008-02-08,43.200001,43.770000,42.939999,43.599998,37.458435,173781300
2008-02-11,43.770000,44.220001,43.540001,44.070000,37.862247,119562300
2008-02-12,44.340000,44.680000,43.509998,43.820000,37.647446,145412400
2008-02-13,44.389999,44.880001,44.160000,44.779999,38.472237,148685900
2008-02-14,44.849998,44.849998,43.889999,43.970001,37.776325,170868900
2008-02-15,43.730000,43.980000,43.450001,43.820000,37.647446,100053300
2008-02-19,44.400002,44.500000,43.270000,43.740002,37.578716,110507600
2008-02-20,43.259998,44.090000,43.240002,43.939999,37.750553,137338800
2008-02-21,44.360001,44.470001,43.340000,43.520000,37.389740,127857000
2008-02-22,43.669998,43.689999,42.599998,43.680000,37.527184,157364700
2008-02-25,43.630001,44.070000,43.340000,43.900002,37.716187,121444300
2008-02-26,43.650002,44.480000,43.369999,44.070000,37.862247,148375900
2008-02-27,43.770000,44.459999,43.669998,44.290001,38.051266,125682600
2008-02-28,44.119999,44.529999,43.950001,44.119999,37.905190,129196700
2008-02-29,43.650002,43.770000,42.849998,42.950001,36.900002,188724500
2008-03-03,42.919998,42.990002,42.240002,42.669998,36.659447,132963800
2008-03-04,42.400002,43.040001,42.020000,42.910000,36.865646,183851000
2008-03-05,42.990002,43.540001,42.750000,43.119999,37.046051,183208300
2008-03-06,43.090000,43.270000,42.099998,42.169998,36.229889,152752200
2008-03-07,41.919998,42.639999,41.380001,42.070000,36.143967,242552400
2008-03-10,42.009998,42.139999,41.169998,41.259998,35.448067,146801900
2008-03-11,41.860001,42.849998,41.509998,42.830002,36.796928,196755300
2008-03-12,43.000000,43.439999,42.599998,42.709999,36.693810,155566100
2008-03-13,42.230000,43.330002,41.810001,43.040001,36.977318,208967900
2008-03-14,43.330002,43.380001,41.740002,42.250000,36.298607,309589800
2008-03-17,41.290001,42.009998,41.049999,41.480000,35.637066,193130600
2008-03-18,42.240002,43.340000,42.110001,43.330002,37.226486,216300400
2008-03-19,43.509998,43.599998,42.230000,42.259998,36.307194,216157200
2008-03-20,42.349998,43.099998,42.099998,43.090000,37.049194,128397000
2008-03-24,43.279999,44.759998,43.279999,44.580002,38.330334,125018000
2008-03-25,44.700001,45.070000,44.279999,44.830002,38.545292,118107500
2008-03-26,44.669998,44.849998,44.279999,44.700001,38.433517,124824600
2008-03-27,44.439999,44.509998,43.709999,43.709999,37.582287,143868600
2008-03-28,44.020000,44.340000,43.330002,43.490002,37.393139,111822300
2008-03-31,43.650002,44.020000,43.450001,43.720001,37.590889,113644800
2008-04-01,44.419998,45.610001,44.410000,45.590000,39.198730,137494400
2008-04-02,45.700001,46.020000,45.169998,45.490002,39.112762,132486800
2008-04-03,45.290001,45.910000,45.139999,45.590000,39.198730,140033800
2008-04-04,45.770000,46.349998,45.400002,45.860001,39.430889,139261000
2008-04-07,46.139999,46.410000,45.650002,45.759998,39.344913,102297100
2008-04-08,45.410000,45.720001,45.180000,45.410000,39.043976,97435200
2008-04-09,45.470001,45.490002,44.630001,44.900002,38.605469,127182300
2008-04-10,44.930000,45.840000,44.930000,45.540001,39.155746,112773800
2008-04-11,45.020000,45.099998,44.119999,44.279999,38.072395,120135400
2008-04-14,44.209999,44.480000,43.950001,44.080002,37.900440,89274600
2008-04-15,44.240002,44.349998,43.680000,44.139999,37.952007,124232300
2008-04-16,44.689999,45.480000,44.650002,45.369999,39.009575,134027900
2008-04-17,45.419998,45.470001,44.980000,45.270000,38.923599,124953100
2008-04-18,46.470001,46.930000,46.220001,46.709999,40.161732,133022500
2008-04-21,46.619999,47.080002,46.490002,47.040001,40.445457,83303200
2008-04-22,46.750000,46.770000,45.930000,46.340000,39.843594,104689600
2008-04-23,46.680000,47.060001,46.270000,46.849998,40.282101,131086200
2008-04-24,46.869999,47.790001,46.389999,47.270000,40.643238,166509000
2008-04-25,47.320000,47.349998,46.570000,47.150002,40.540047,121945400
2008-04-28,47.259998,47.619999,47.130001,47.240002,40.617424,71244000
2008-04-29,47.150002,47.759998,47.060001,47.599998,40.926949,91270600
2008-04-30,47.700001,48.060001,47.029999,47.209999,40.591633,132152700
2008-05-01,47.230000,48.720001,47.220001,48.700001,41.872749,143596900
2008-05-02,49.160000,49.189999,48.340000,48.770000,41.932938,124990000
2008-05-05,48.770000,49.029999,48.400002,48.630001,41.812580,75624700
2008-05-06,48.490002,49.130001,48.139999,48.930000,42.070515,139582600
2008-05-07,48.939999,49.230000,47.869999,48.040001,41.305279,140008300
2008-05-08,48.240002,48.700001,48.060001,48.400002,41.614807,128058700
2008-05-09,48.040001,48.459999,47.900002,48.209999,41.451431,97062000
2008-05-12,48.279999,49.189999,48.200001,49.090000,42.208065,89606500
2008-05-13,49.110001,49.330002,48.759998,49.220001,42.319847,85448100
2008-05-14,49.410000,49.930000,49.040001,49.110001,42.225277,143598200
2008-05-15,49.119999,50.020000,48.980000,49.970001,42.964699,157248900
2008-05-16,50.070000,50.110001,49.450001,50.009998,42.999107,146563200
2008-05-19,50.049999,50.470001,49.340000,49.650002,42.689556,140048700
2008-05-20,49.470001,49.470001,48.889999,49.270000,42.362846,137163700
2008-05-21,49.330002,49.599998,48.020000,48.180000,41.425652,192806700
2008-05-22,48.299999,48.689999,48.110001,48.349998,41.571823,153198200
2008-05-23,48.180000,48.349998,47.820000,48.200001,41.442833,121698400
2008-05-27,48.299999,49.110001,48.290001,49.049999,42.173660,106984300
2008-05-28,49.279999,49.360001,48.750000,49.250000,42.345646,121363000
2008-05-29,49.279999,49.970001,49.250000,49.689999,42.723969,143993000
2008-05-30,49.880001,50.240002,49.750000,50.009998,42.999107,94153600
2008-06-02,49.919998,49.919998,48.959999,49.400002,42.474621,144359900
2008-06-03,49.590000,49.900002,48.669998,49.130001,42.242470,167606900
2008-06-04,48.980000,50.099998,48.939999,49.759998,42.784145,174870800
2008-06-05,49.889999,50.610001,49.700001,50.549999,43.463394,126653700
2008-06-06,50.110001,50.209999,49.020000,49.029999,42.156487,189136000
2008-06-09,49.130001,49.189999,47.950001,48.770000,41.932938,208897300
2008-06-10,48.270000,48.939999,48.160000,48.540001,41.735168,162798500
2008-06-11,48.439999,48.520000,47.349998,47.369999,40.729191,170366900
2008-06-12,47.709999,48.110001,47.000000,47.419998,40.772205,189913200
2008-06-13,47.709999,48.470001,47.459999,48.369999,41.589001,167855000
2008-06-16,48.119999,49.020000,48.070000,48.799999,41.958744,136343900
2008-06-17,48.950001,49.060001,48.470001,48.540001,41.735168,122932000
2008-06-18,48.259998,48.450001,47.830002,48.020000,41.288071,169338100
2008-06-19,47.930000,49.009998,47.610001,48.770000,41.932938,221304200
2008-06-20,48.330002,48.349998,47.209999,47.419998,40.800640,197434200
2008-06-23,47.610001,47.740002,46.980000,47.049999,40.482273,131488800
2008-06-24,46.830002,47.369999,46.410000,46.810001,40.275791,178293800
2008-06-25,47.009998,48.000000,46.939999,47.570000,40.929691,179023400
2008-06-26,46.689999,46.700001,45.639999,45.650002,39.277718,190028300
2008-06-27,45.599998,45.900002,44.970001,45.650002,39.277718,181351800
2008-06-30,45.509998,45.830002,45.150002,45.169998,38.864700,132912400
2008-07-01,44.810001,45.860001,44.680000,45.810001,39.415375,245494300
2008-07-02,45.950001,46.130001,44.639999,44.709999,38.468922,199576400
2008-07-03,44.980000,45.080002,44.279999,44.630001,38.400082,123118300
2008-07-07,45.040001,45.459999,44.240002,44.900002,38.632401,181011300
2008-07-08,44.950001,46.009998,44.770000,45.970001,39.553047,206151200
2008-07-09,45.959999,46.029999,44.730000,44.750000,38.503349,168500300
2008-07-10,44.820000,45.419998,44.380001,45.279999,38.959377,238811500
2008-07-11,44.810001,45.270000,43.849998,44.560001,38.339867,265514700
2008-07-14,45.139999,45.180000,44.070000,44.230000,38.055931,177389800
2008-07-15,44.009998,44.930000,43.299999,44.240002,38.064518,283891100
2008-07-16,44.360001,45.380001,43.919998,45.340000,39.010986,186047800
2008-07-17,45.610001,45.820000,44.980000,45.639999,39.269100,197555100
2008-07-18,45.139999,45.169998,44.590000,44.590000,38.365685,160661000
2008-07-21,45.000000,45.189999,44.490002,44.779999,38.529160,128107800
2008-07-22,44.029999,44.810001,43.860001,44.779999,38.529160,152524500
2008-07-23,44.849998,45.889999,44.720001,45.369999,39.036781,169259100
2008-07-24,45.580002,45.610001,44.650002,44.689999,38.451725,145561000
2008-07-25,44.980000,45.480000,44.759998,45.270000,38.950752,111616700
2008-07-28,45.259998,45.520000,44.209999,44.419998,38.219414,124028500
2008-07-29,44.610001,45.540001,44.570000,45.340000,39.010986,142290900
2008-07-30,45.470001,45.820000,44.880001,45.570000,39.208862,165679900
2008-07-31,45.119999,46.150002,45.020000,45.459999,39.114223,180473100
2008-08-01,45.509998,45.549999,44.400002,44.880001,38.615189,180350400
2008-08-04,44.869999,44.919998,44.299999,44.430000,38.228008,116298000
2008-08-05,44.889999,45.970001,44.840000,45.930000,39.518616,151657400
2008-08-06,45.950001,46.810001,45.580002,46.630001,40.120907,133463700
2008-08-07,46.349998,46.849998,46.080002,46.270000,39.811165,152805800
2008-08-08,46.240002,47.439999,46.150002,47.320000,40.714577,143121500
2008-08-11,47.299999,48.279999,47.139999,47.750000,41.084576,157290100
2008-08-12,47.740002,48.160000,47.509998,47.799999,41.127594,140549300
2008-08-13,47.720001,48.119999,47.250000,47.700001,41.041550,169652100
2008-08-14,47.540001,48.459999,47.490002,48.250000,41.514786,158069200
2008-08-15,48.330002,48.570000,47.959999,48.160000,41.437332,123115900
2008-08-18,48.299999,48.310001,47.259998,47.599998,40.955490,151399100
2008-08-19,47.360001,47.590000,46.750000,47.009998,40.447876,155410600
2008-08-20,47.340000,47.560001,46.740002,47.090000,40.516716,155466700
2008-08-21,46.740002,47.080002,46.380001,46.869999,40.327435,118916200
2008-08-22,47.119999,47.680000,47.080002,47.490002,40.860870,96515500
2008-08-25,47.160000,47.209999,46.369999,46.490002,40.000473,128076500
2008-08-26,46.520000,46.770000,46.119999,46.430000,39.948833,107225500
2008-08-27,46.450001,47.090000,46.290001,46.730000,40.206947,108489900
2008-08-28,46.919998,47.279999,46.830002,47.110001,40.533920,112808600
2008-08-29,46.610001,47.119999,45.919998,46.119999,39.682106,133184300
2008-09-02,46.869999,47.080002,45.340000,45.549999,39.191673,162277500
2008-09-03,45.450001,45.639999,44.790001,45.119999,38.821697,161682900
2008-09-04,44.860001,44.910000,43.660000,43.660000,37.565495,219004700
2008-09-05,43.279999,43.779999,42.810001,43.450001,37.384804,247977500
2008-09-08,44.020000,44.220001,42.680000,43.369999,37.315964,311065100
2008-09-09,43.349998,43.790001,42.349998,42.450001,36.524395,214180600
2008-09-10,42.860001,43.180000,42.450001,42.799999,36.825554,160658100
2008-09-11,42.200001,43.689999,42.169998,43.599998,37.513870,203398200
2008-09-12,43.230000,43.709999,42.900002,43.430000,37.367611,172094300
2008-09-15,42.400002,43.290001,42.029999,42.080002,36.206055,616772300
2008-09-16,41.480000,42.840000,41.430000,42.410000,36.489971,349506500
2008-09-17,41.869999,42.419998,40.189999,40.209999,34.597069,340088000
2008-09-18,41.099998,41.970001,39.500000,41.570000,35.767231,423934000
2008-09-19,43.770000,43.830002,42.099998,42.900002,36.936478,263394000
2008-09-22,42.740002,42.840000,40.799999,40.880001,35.197266,164698200
2008-09-23,41.200001,41.750000,40.439999,40.570000,34.930355,184011200
2008-09-24,40.810001,41.259998,40.520000,40.849998,35.171429,159270800
2008-09-25,41.230000,42.020000,41.029999,41.500000,35.731087,148586800
2008-09-26,40.310001,41.490002,40.220001,41.080002,35.369465,182678600
2008-09-29,40.259998,40.380001,37.180000,37.820000,32.562637,307954400
2008-09-30,37.720001,39.299999,37.599998,38.910000,33.501118,195436700
2008-10-01,38.840000,38.970001,38.029999,38.500000,33.148102,174033300
2008-10-02,38.250000,38.250000,36.639999,36.750000,31.641376,192124000
2008-10-03,37.259998,38.180000,36.099998,36.180000,31.150621,272116100
2008-10-06,35.259998,35.529999,32.910000,34.860001,30.014101,394046600
2008-10-07,35.139999,35.200001,32.270000,32.650002,28.111317,329365700
2008-10-08,31.950001,34.119999,31.840000,32.389999,27.887459,452066500
2008-10-09,33.150002,33.680000,30.969999,31.520000,27.138397,352433900
2008-10-10,30.520000,32.480000,29.379999,31.320000,26.966196,472339100
2008-10-13,32.860001,35.250000,32.400002,35.130001,30.246563,276998700
2008-10-14,36.150002,36.150002,33.189999,33.610001,28.937864,341595900
2008-10-15,33.230000,33.349998,30.540001,30.600000,26.346289,312088500
2008-10-16,30.809999,32.270000,29.250000,32.259998,27.775528,494783500
2008-10-17,31.670000,33.650002,31.410000,32.299999,27.809958,326571300
2008-10-20,32.759998,33.259998,31.700001,33.200001,28.584860,232783400
2008-10-21,32.660000,33.259998,31.480000,31.480000,27.103958,239932400
2008-10-22,31.370001,31.600000,29.709999,30.610001,26.354908,289993600
2008-10-23,30.490000,31.090000,28.900000,30.490000,26.251587,377966900
2008-10-24,28.230000,30.250000,28.090000,29.510000,25.407808,322129500
2008-10-27,29.170000,30.200001,28.660000,28.690001,24.701797,239302300
2008-10-28,29.680000,31.879999,28.850000,31.860001,27.431133,327239500
2008-10-29,31.910000,33.080002,31.250000,31.780001,27.362255,341316000
2008-10-30,32.669998,33.060001,31.980000,32.840000,28.274906,255292100
2008-10-31,32.369999,33.430000,32.090000,32.889999,28.317955,224261000
2008-11-03,32.810001,33.290001,32.509998,32.820000,28.257689,128455500
2008-11-04,33.459999,34.009998,32.980000,33.750000,29.058399,182487600
2008-11-05,33.529999,33.599998,31.920000,31.990000,27.543070,183893900
2008-11-06,31.490000,31.870001,30.400000,30.559999,26.311853,220677200
2008-11-07,30.920000,31.480000,30.590000,31.190001,26.854277,176946200
2008-11-10,31.969999,31.969999,30.400000,30.770000,26.492659,142584500
2008-11-11,30.480000,30.760000,29.719999,30.100000,25.915792,162869800
2008-11-12,29.650000,29.799999,28.650000,28.709999,24.719013,184946400
2008-11-13,28.610001,30.530001,27.280001,30.459999,26.225748,317943900
2008-11-14,29.780001,30.420000,28.870001,28.980000,24.951481,259407000
2008-11-17,28.490000,29.230000,28.260000,28.370001,24.426285,202835200
2008-11-18,28.559999,28.750000,27.389999,28.340000,24.400455,252661800
2008-11-19,28.400000,28.780001,26.790001,26.860001,23.126186,244180600
2008-11-20,26.530001,27.450001,25.469999,25.559999,22.006907,342472400
2008-11-21,26.010000,26.680000,25.049999,26.670000,22.962597,282746800
2008-11-24,27.219999,28.639999,26.980000,28.299999,24.366018,225058200
2008-11-25,28.610001,28.639999,27.520000,28.170000,24.254078,202968700
2008-11-26,27.879999,29.360001,27.809999,29.350000,25.270048,164912000
2008-11-28,29.020000,29.190001,28.830000,29.120001,25.072033,41238200
2008-12-01,28.500000,28.510000,26.889999,26.930000,23.186453,149161500
2008-12-02,27.299999,27.889999,26.840000,27.830000,23.961346,181743000
2008-12-03,27.129999,28.709999,27.070000,28.620001,24.641521,230944900
2008-12-04,28.170000,28.780001,27.320000,27.809999,23.944122,188868700
2008-12-05,27.500000,29.070000,26.950001,28.940001,24.917049,212283700
2008-12-08,29.590000,30.459999,29.440001,30.080000,25.898571,185782500
2008-12-09,29.680000,30.830000,29.570000,30.010000,25.838299,178148300
2008-12-10,30.100000,30.459999,29.620001,29.910000,25.752201,162335100
2008-12-11,29.809999,30.270000,28.940001,29.090000,25.046200,167161400
2008-12-12,28.690001,29.860001,28.469999,29.680000,25.554186,158600100
2008-12-15,29.730000,29.760000,28.740000,29.160000,25.106464,107887000
2008-12-16,29.420000,30.660000,29.100000,30.559999,26.311853,169300100
2008-12-17,30.250000,30.600000,29.820000,30.190001,25.993286,159813500
2008-12-18,30.190001,30.400000,29.360001,29.660000,25.536953,142656400
2008-12-19,29.930000,30.370001,29.660000,29.860001,25.746481,118308900
2008-12-22,29.860001,29.920000,28.740000,29.209999,25.186031,95379600
2008-12-23,29.330000,29.620001,28.889999,29.059999,25.056696,68764800
2008-12-24,29.200001,29.209999,28.980000,29.139999,25.125671,27194700
2008-12-26,29.200001,29.230000,28.969999,29.129999,25.117046,20937000
2008-12-29,29.209999,29.240000,28.459999,28.889999,24.910107,52688300
2008-12-30,28.969999,29.590000,28.940001,29.490000,25.427452,77089500
2008-12-31,29.459999,30.080000,29.450001,29.740000,25.643009,89189700
2009-01-02,29.750000,31.129999,29.690001,31.030001,26.755299,107891500
2009-01-05,30.830000,31.330000,30.590000,31.020000,26.746687,91751900
2009-01-06,31.250000,31.629999,31.110001,31.330000,27.013977,136791700
2009-01-07,30.730000,30.900000,30.190001,30.440001,26.246586,133879800
2009-01-08,30.379999,30.799999,30.080000,30.760000,26.522495,131926600
2009-01-09,30.770000,30.790001,29.920000,30.070000,25.927557,117137900
2009-01-12,30.110001,30.150000,29.200001,29.520000,25.453316,102726200
2009-01-13,29.510000,29.980000,29.180000,29.530001,25.461946,186266700
2009-01-14,29.190001,29.280001,28.469999,28.629999,24.685930,136294000
2009-01-15,28.570000,29.340000,28.070000,29.100000,25.091179,192567200
2009-01-16,29.500000,29.600000,28.700001,29.420000,25.367102,175478100
2009-01-20,29.299999,29.430000,27.959999,27.959999,24.108227,135105800
2009-01-21,28.430000,29.190001,28.100000,29.150000,25.134287,149179600
2009-01-22,28.520000,29.230000,28.260000,28.760000,24.798021,200602700
2009-01-23,28.290001,29.350000,28.139999,28.900000,24.918732,170164100
2009-01-26,28.940001,29.590000,28.750000,29.110001,25.099804,140398700
2009-01-27,29.120001,29.570000,29.120001,29.320000,25.280872,110591300
2009-01-28,29.809999,30.650000,29.809999,30.350000,26.168978,139722800
2009-01-29,29.980000,30.400000,29.480000,29.580000,25.505054,130731800
2009-01-30,29.799999,29.930000,28.940001,29.059999,25.056696,140334200
2009-02-02,28.780001,29.610001,28.740000,29.410000,25.358471,126796100
2009-02-03,29.469999,30.430000,29.030001,29.870001,25.755106,120541100
2009-02-04,29.940001,30.870001,29.790001,29.910000,25.789593,175780900
2009-02-05,29.480000,30.770000,29.459999,30.570000,26.358673,217578900
2009-02-06,30.680000,31.510000,30.580000,31.370001,27.048470,164513200
2009-02-09,31.389999,31.670000,31.190001,31.500000,27.160557,98856900
2009-02-10,31.299999,31.680000,30.100000,30.340000,26.160353,232795200
2009-02-11,30.379999,30.530001,29.730000,30.200001,26.039656,169117200
2009-02-12,29.850000,30.610001,29.639999,30.570000,26.358673,201151400
2009-02-13,30.480000,30.780001,30.290001,30.430000,26.237961,145066700
2009-02-17,29.490000,29.670000,29.059999,29.219999,25.194649,157783300
2009-02-18,29.410000,29.670000,28.870001,29.240000,25.211899,161271900
2009-02-19,29.420000,29.610001,28.719999,28.790001,24.823887,155322400
2009-02-20,28.469999,29.150000,28.389999,28.870001,24.892868,210752400
2009-02-23,29.030001,29.049999,27.730000,27.860001,24.021997,169473500
2009-02-24,28.010000,28.980000,27.959999,28.780001,24.815271,181337300
2009-02-25,28.610001,29.170000,28.139999,28.590000,24.651432,220224700
2009-02-26,28.780001,28.950001,27.700001,27.790001,23.961647,211218500
2009-02-27,27.500000,27.980000,27.389999,27.530001,23.737463,204492600
2009-03-02,27.120001,27.510000,26.469999,26.639999,22.970066,188180400
2009-03-03,26.860001,27.160000,26.420000,26.620001,22.952826,158758800
2009-03-04,27.010000,27.709999,26.920000,27.330000,23.565012,164911000
2009-03-05,27.030001,27.240000,26.420000,26.510000,22.857975,199626900
2009-03-06,26.650000,26.809999,25.709999,26.299999,22.676897,218421600
2009-03-09,26.090000,26.809999,25.629999,25.740000,22.194063,181098800
2009-03-10,26.250000,27.389999,26.160000,27.330000,23.565012,175068200
2009-03-11,27.610001,27.990000,27.260000,27.750000,23.927155,173094900
2009-03-12,27.730000,28.760000,27.440001,28.670000,24.720423,184395100
2009-03-13,28.660000,28.840000,28.320000,28.740000,24.780773,156783500
2009-03-16,28.930000,28.980000,28.190001,28.260000,24.366899,190269800
2009-03-17,28.400000,29.330000,28.299999,29.330000,25.289495,169773800
2009-03-18,29.209999,30.200001,29.080000,29.700001,25.608524,208033900
2009-03-19,30.110001,30.129999,29.459999,29.680000,25.591286,146753400
2009-03-20,29.690001,30.030001,28.980000,29.180000,25.201757,149410800
2009-03-23,29.900000,30.940001,29.200001,30.900000,26.687265,179499000
2009-03-24,30.639999,30.879999,30.309999,30.330000,26.194981,118757600
2009-03-25,30.590000,31.049999,29.660000,30.469999,26.315899,190555200
2009-03-26,30.799999,31.459999,30.420000,31.410000,27.127752,182459500
2009-03-27,31.000000,31.180000,30.709999,30.820000,26.618179,156108100
2009-03-30,30.299999,30.320000,29.620001,30.059999,25.961794,162919700
2009-03-31,30.290001,30.950001,30.270000,30.320000,26.186338,150243800
2009-04-01,29.940001,30.879999,29.790001,30.770000,26.574987,137950000
2009-04-02,31.320000,32.270000,31.230000,31.760000,27.430023,212272400
2009-04-03,32.090000,32.400002,31.830000,32.349998,27.939583,134577300
2009-04-06,31.990000,32.330002,31.650000,32.270000,27.870491,160413700
2009-04-07,31.920000,31.920000,31.209999,31.420000,27.136377,147531200
2009-04-08,31.730000,32.150002,31.490000,31.950001,27.594122,126126000
2009-04-09,32.549999,33.009998,32.430000,32.939999,28.449148,131871500
2009-04-13,32.840000,33.070000,32.529999,32.889999,28.405958,119310500
2009-04-14,32.689999,32.880001,32.270000,32.490002,28.060497,124069000
2009-04-15,32.259998,32.430000,31.850000,32.400002,27.982780,124808200
2009-04-16,32.849998,33.430000,32.509998,33.240002,28.708252,171168000
2009-04-17,33.169998,33.500000,32.930000,33.310001,28.768711,129835400
2009-04-20,32.709999,32.820000,32.060001,32.240002,27.844585,123080500
2009-04-21,32.119999,32.740002,32.080002,32.689999,28.233221,145490200
2009-04-22,32.500000,33.529999,32.389999,32.790001,28.319593,165040500
2009-04-23,33.000000,33.139999,32.490002,33.110001,28.595970,181666600
2009-04-24,33.340000,33.930000,33.070000,33.689999,29.096895,141170000
2009-04-27,33.419998,34.060001,33.349998,33.730000,29.131441,120749100
2009-04-28,33.520000,33.910000,33.360001,33.480000,28.915531,108968000
2009-04-29,33.750000,34.400002,33.700001,33.939999,29.312811,141413600
2009-04-30,34.389999,34.900002,34.040001,34.279999,29.606462,144120400
2009-05-01,34.270000,34.540001,34.009998,34.369999,29.684193,100112000
2009-05-04,34.680000,35.090000,34.520000,35.049999,30.271482,119317400
2009-05-05,34.990002,35.060001,34.630001,35.020000,30.245577,113569500
2009-05-06,35.290001,35.340000,34.459999,35.029999,30.254206,178840500
2009-05-07,35.270000,35.270000,33.880001,34.209999,29.546001,216484700
2009-05-08,34.470001,34.740002,33.880001,34.230000,29.563267,183507300
2009-05-11,33.790001,34.720001,33.680000,34.349998,29.666912,142775900
2009-05-12,34.419998,34.480000,33.520000,33.930000,29.304182,147842200
2009-05-13,33.630001,33.650002,32.959999,33.020000,28.518250,175548300
2009-05-14,33.099998,33.700001,33.080002,33.389999,28.837799,140021700
2009-05-15,33.340000,33.820000,33.230000,33.369999,28.820524,121326400
2009-05-18,33.599998,34.279999,33.389999,34.240002,29.571907,114333400
2009-05-19,34.160000,34.740002,33.950001,34.400002,29.710094,129086400
2009-05-20,34.529999,35.040001,34.180000,34.279999,29.606462,131873700
2009-05-21,34.020000,34.259998,33.310001,33.650002,29.062351,139253200
2009-05-22,33.779999,33.970001,33.320000,33.540001,28.967348,83510600
2009-05-26,33.250000,34.830002,33.180000,34.790001,30.046925,144857200
2009-05-27,34.689999,35.189999,34.430000,34.549999,29.839653,121348800
2009-05-28,34.759998,35.070000,34.209999,34.950001,30.185118,118931300
2009-05-29,34.970001,35.500000,34.759998,35.380001,30.556501,111535700
2009-06-01,35.759998,36.500000,35.610001,36.389999,31.428808,119126200
2009-06-02,36.189999,36.790001,36.110001,36.439999,31.471981,126858600
2009-06-03,36.330002,36.369999,35.930000,36.330002,31.376974,93329800
2009-06-04,36.410000,36.790001,36.340000,36.740002,31.731081,89280600
2009-06-05,36.959999,37.080002,36.419998,36.779999,31.765625,121958800
2009-06-08,36.549999,36.950001,36.119999,36.669998,31.670626,89194100
2009-06-09,36.840000,37.169998,36.669998,36.950001,31.912445,109187800
2009-06-10,37.160000,37.169998,36.290001,36.820000,31.800182,133404700
2009-06-11,36.770000,37.230000,36.750000,36.820000,31.800182,147909800
2009-06-12,36.669998,36.720001,36.200001,36.650002,31.653336,109452500
2009-06-15,36.299999,36.330002,35.580002,35.900002,31.005596,112152900
2009-06-16,36.040001,36.189999,35.520000,35.549999,30.703323,110550300
2009-06-17,35.700001,36.209999,35.450001,35.889999,30.996958,153421800
2009-06-18,35.830002,36.060001,35.570000,35.820000,30.936504,126266700
2009-06-19,36.049999,36.360001,35.910000,36.160000,31.268570,122044700
2009-06-22,35.830002,35.889999,35.020000,35.080002,30.334667,137714900
2009-06-23,35.180000,35.259998,34.770000,35.000000,30.265480,114903100
2009-06-24,35.299999,35.869999,35.279999,35.590000,30.775648,103314600
2009-06-25,35.360001,36.360001,35.279999,36.290001,31.380987,112538200
2009-06-26,36.119999,36.500000,36.049999,36.369999,31.450151,87677300
2009-06-29,36.470001,36.750000,36.119999,36.450001,31.519346,93817600
2009-06-30,36.549999,36.730000,36.110001,36.380001,31.458794,97843000
2009-07-01,36.560001,36.840000,36.389999,36.400002,31.476110,85976000
2009-07-02,36.090000,36.099998,35.500000,35.599998,30.784313,113309800
2009-07-06,35.380001,35.540001,35.040001,35.410000,30.620014,107632500
2009-07-07,35.419998,35.490002,34.509998,34.529999,29.859039,149773000
2009-07-08,34.740002,34.869999,34.299999,34.709999,30.014719,152776400
2009-07-09,34.840000,35.009998,34.650002,34.770000,30.066587,97851500
2009-07-10,34.669998,35.139999,34.560001,34.919998,30.196304,108482000
2009-07-13,34.950001,35.599998,34.480000,35.590000,30.775648,127140300
2009-07-14,35.549999,35.790001,35.400002,35.720001,30.888088,115631700
2009-07-15,36.320000,36.930000,36.139999,36.919998,31.925764,160869700
2009-07-16,36.750000,37.439999,36.720001,37.360001,32.306240,120142500
2009-07-17,37.349998,37.570000,37.169998,37.560001,32.479172,104906500
2009-07-20,37.759998,38.000000,37.610001,37.919998,32.790474,97168800
2009-07-21,38.070000,38.180000,37.639999,38.180000,33.015316,130587600
2009-07-22,38.209999,38.689999,38.130001,38.500000,33.292030,113808600
2009-07-23,38.459999,39.490002,38.389999,39.349998,34.027035,160239300
2009-07-24,38.930000,39.369999,38.779999,39.049999,33.767624,109312300
2009-07-27,39.330002,39.410000,38.869999,39.349998,34.027035,94718600
2009-07-28,39.180000,39.590000,38.930000,39.080002,33.793571,111564300
2009-07-29,39.320000,39.430000,39.000000,39.340000,34.018394,126538200
2009-07-30,39.750000,40.180000,39.509998,39.570000,34.217289,108969900
2009-07-31,39.570000,39.849998,39.410000,39.450001,34.113514,78208300
2009-08-03,39.869999,40.060001,39.639999,40.040001,34.623718,111722800
2009-08-04,39.849998,40.189999,39.770000,40.040001,34.623718,100690800
2009-08-05,40.130001,40.139999,39.459999,39.730000,34.355659,118093000
2009-08-06,39.820000,39.930000,39.240002,39.380001,34.053001,116937500
2009-08-07,39.919998,40.070000,39.590000,39.880001,34.485348,107442100
2009-08-10,39.740002,39.849998,39.340000,39.599998,34.243210,87163200
2009-08-11,39.470001,39.500000,39.049999,39.259998,33.949203,91922700
2009-08-12,39.230000,40.220001,39.200001,39.869999,34.476696,147240000
2009-08-13,40.110001,40.160000,39.639999,40.090000,34.666943,110107000
2009-08-14,39.869999,39.959999,39.279999,39.630001,34.269154,124480200
2009-08-17,38.959999,39.009998,38.459999,38.480000,33.274738,131797200
2009-08-18,38.720001,39.110001,38.610001,39.029999,33.750336,84496200
2009-08-19,38.570000,39.400002,38.540001,39.299999,33.983807,88036300
2009-08-20,39.279999,39.840000,39.200001,39.759998,34.381584,81473500
2009-08-21,39.990002,40.360001,39.740002,40.290001,34.839890,114660200
2009-08-24,40.360001,40.570000,40.099998,40.250000,34.805294,109904900
2009-08-25,40.340000,40.759998,40.250000,40.369999,34.909065,92900400
2009-08-26,40.279999,40.599998,40.080002,40.299999,34.848537,96407500
2009-08-27,40.290001,40.470001,39.669998,40.400002,34.934998,121957800
2009-08-28,40.900002,41.080002,40.160000,40.439999,34.969593,114300900
2009-08-31,40.139999,40.200001,39.790001,40.029999,34.615067,96415300
2009-09-01,39.889999,40.590000,39.160000,39.279999,33.966503,162958900
2009-09-02,39.070000,39.470001,39.040001,39.250000,33.940586,92757200
2009-09-03,39.439999,39.570000,39.020000,39.509998,34.165401,76783100
2009-09-04,39.580002,40.380001,39.520000,40.360001,34.900425,74866600
2009-09-08,40.680000,40.779999,40.459999,40.740002,35.229004,71024400
2009-09-09,40.770000,41.290001,40.590000,41.090000,35.531670,99280800
2009-09-10,41.110001,41.529999,41.000000,41.480000,35.868908,99289100
2009-09-11,41.509998,41.619999,41.220001,41.520000,35.903515,93868400
2009-09-14,41.250000,41.709999,41.209999,41.680000,36.041862,90435600
2009-09-15,41.650002,41.950001,41.570000,41.810001,36.154270,91594600
2009-09-16,42.000000,42.480000,41.840000,42.419998,36.681755,96888500
2009-09-17,42.310001,42.660000,42.209999,42.410000,36.673103,102169600
2009-09-18,42.540001,42.619999,42.209999,42.439999,36.734562,87444200
2009-09-21,42.200001,42.700001,42.160000,42.570000,36.847084,71351400
2009-09-22,42.810001,42.830002,42.439999,42.650002,36.916344,75638400
2009-09-23,42.830002,43.169998,42.380001,42.450001,36.743217,143924100
2009-09-24,42.619999,42.689999,41.770000,42.070000,36.414299,111016400
2009-09-25,41.759998,42.090000,41.580002,41.700001,36.094051,109216000
2009-09-28,41.930000,42.660000,41.889999,42.410000,36.708584,84478500
2009-09-29,42.410000,42.619999,42.029999,42.220001,36.544151,106686400
2009-09-30,42.389999,42.599998,41.599998,42.250000,36.570107,173102700
2009-10-01,42.099998,42.130001,41.000000,41.000000,35.488167,140119100
2009-10-02,40.720001,41.250000,40.720001,40.880001,35.384277,145286400
2009-10-05,41.090000,41.400002,40.830002,41.209999,35.669926,97054200
2009-10-06,41.439999,42.139999,41.419998,41.939999,36.301785,124628000
2009-10-07,41.889999,42.080002,41.770000,42.060001,36.405663,93787600
2009-10-08,42.310001,42.619999,42.139999,42.240002,36.561451,107850400
2009-10-09,42.150002,42.549999,42.060001,42.480000,36.769180,62828000
2009-10-12,42.650002,42.869999,42.279999,42.570000,36.847084,53221900
2009-10-13,42.529999,42.750000,42.369999,42.580002,36.855740,70939300
2009-10-14,43.110001,43.209999,42.849998,43.160000,37.357780,91004900
2009-10-15,42.930000,43.119999,42.869999,43.060001,37.271225,85772800
2009-10-16,42.900002,42.990002,42.480000,42.779999,37.028854,111859300
2009-10-19,42.810001,43.270000,42.590000,43.209999,37.401047,83512000
2009-10-20,43.459999,43.459999,42.939999,43.220001,37.409695,89847900
2009-10-21,43.209999,43.820000,43.060001,43.139999,37.340458,110397400
2009-10-22,43.060001,43.490002,42.790001,43.310001,37.487621,85871800
2009-10-23,43.730000,43.730000,43.020000,43.130001,37.331799,117020400
2009-10-26,43.200001,43.759998,42.790001,42.990002,37.210617,107068600
2009-10-27,42.930000,43.110001,42.180000,42.340000,36.648014,121438200
2009-10-28,42.189999,42.320000,41.299999,41.389999,35.825733,143553600
2009-10-29,41.630001,42.189999,41.540001,42.090000,36.431618,85207600
2009-10-30,42.060001,42.150002,40.919998,40.959999,35.453533,162796500
2009-11-02,41.000000,41.570000,40.639999,41.130001,35.600681,142456600
2009-11-03,40.910000,41.320000,40.840000,41.259998,35.713219,95107000
2009-11-04,41.529999,41.869999,41.279999,41.330002,35.773804,107970600
2009-11-05,41.810001,42.400002,41.779999,42.349998,36.656658,135204800
2009-11-06,42.119999,42.650002,42.080002,42.599998,36.873047,96312300
2009-11-09,42.930000,43.520000,42.880001,43.509998,37.660728,101620800
2009-11-10,43.459999,43.770000,43.400002,43.619999,37.755939,72846500
2009-11-11,43.950001,44.139999,43.610001,43.900002,37.998291,84676200
2009-11-12,43.930000,44.160000,43.549999,43.650002,37.781891,92426100
2009-11-13,43.779999,44.139999,43.630001,44.009998,38.093506,87959500
2009-11-16,44.200001,44.650002,44.119999,44.459999,38.483009,87776100
2009-11-17,44.340000,44.599998,44.250000,44.599998,38.604202,81884000
2009-11-18,44.459999,44.490002,44.049999,44.349998,38.387798,100240800
2009-11-19,44.049999,44.080002,43.349998,43.660000,37.790558,114558000
2009-11-20,43.430000,43.549999,43.279999,43.439999,37.600124,70912100
2009-11-23,43.889999,44.400002,43.860001,44.139999,38.206017,91621500
2009-11-24,44.119999,44.150002,43.730000,43.990002,38.076202,60670000
2009-11-25,44.139999,44.220001,44.009998,44.180000,38.240635,37630100
2009-11-27,42.970001,43.830002,42.900002,43.509998,37.660728,61230000
2009-11-30,43.410000,43.619999,43.110001,43.560001,37.704002,84819400
2009-12-01,43.889999,44.299999,43.880001,44.009998,38.093506,81817800
2009-12-02,44.160000,44.490002,43.980000,44.070000,38.145439,81653600
2009-12-03,44.230000,44.500000,43.880001,43.889999,37.989647,72460400
2009-12-04,44.450001,44.730000,43.660000,44.119999,38.188721,125062600
2009-12-07,44.090000,44.290001,43.820000,43.910000,38.006939,67471900
2009-12-08,43.660000,44.000000,43.360001,43.639999,37.773228,86621400
2009-12-09,43.599998,44.119999,43.320000,44.080002,38.154099,78820500
2009-12-10,44.270000,44.540001,44.240002,44.299999,38.344528,76722400
2009-12-11,44.540001,44.590000,43.950001,44.130001,38.197372,66643700
2009-12-14,44.430000,44.599998,44.189999,44.549999,38.560902,47965500
2009-12-15,44.410000,44.669998,44.169998,44.299999,38.344528,61171100
2009-12-16,44.470001,44.700001,44.290001,44.360001,38.396458,61629700
2009-12-17,44.160000,44.209999,43.759998,43.820000,37.929047,90440900
2009-12-18,44.160000,44.480000,44.000000,44.459999,38.547218,96442600
2009-12-21,44.689999,45.130001,44.669998,44.959999,38.980721,82357400
2009-12-22,45.110001,45.290001,45.029999,45.230000,39.214806,51569100
2009-12-23,45.320000,45.570000,45.209999,45.560001,39.500938,73932200
2009-12-24,45.610001,45.980000,45.599998,45.980000,39.865089,31770400
2009-12-28,46.090000,46.299999,45.939999,46.220001,40.073158,49381400
2009-12-29,46.230000,46.250000,45.990002,46.029999,39.908413,32410200
2009-12-30,45.980000,46.259998,45.959999,46.169998,40.029793,57612700
2009-12-31,46.259998,46.279999,45.750000,45.750000,39.665680,50079200
2010-01-04,46.330002,46.490002,46.270000,46.419998,40.246559,62822800
2010-01-05,46.389999,46.500000,46.160000,46.419998,40.246559,62935600
2010-01-06,46.400002,46.549999,46.070000,46.139999,40.003792,96033000
2010-01-07,46.209999,46.270000,45.919998,46.169998,40.029793,77094100
2010-01-08,46.070000,46.549999,45.930000,46.549999,40.359276,88886600
2010-01-11,46.610001,46.639999,46.119999,46.360001,40.194538,104673400
2010-01-12,46.080002,46.139999,45.529999,45.779999,39.691669,90673900
2010-01-13,45.919998,46.490002,45.610001,46.349998,40.185863,100661000
2010-01-14,46.259998,46.520000,46.220001,46.389999,40.220539,75209000
2010-01-15,46.470001,46.549999,45.650002,45.849998,39.752361,126849300
2010-01-19,45.959999,46.639999,45.950001,46.590000,40.393948,84388200
2010-01-20,46.259998,46.599998,45.430000,45.919998,39.813053,145680000
2010-01-21,46.049999,46.349998,45.299999,45.490002,39.440231,204939600
2010-01-22,45.340000,45.480000,44.040001,44.160000,38.287125,171098700
2010-01-25,44.430000,44.599998,44.119999,44.310001,38.417164,154218700
2010-01-26,44.259998,44.889999,44.049999,44.349998,38.451866,140816500
2010-01-27,44.270000,44.849998,44.009998,44.700001,38.755306,161632700
2010-01-28,44.400002,44.430000,43.320000,43.549999,37.758244,221439800
2010-01-29,43.910000,44.020000,42.630001,42.790001,37.099323,212099600
2010-02-01,42.900002,43.279999,42.880001,43.259998,37.506798,136827100
2010-02-02,43.330002,43.779999,43.029999,43.650002,37.844952,110727700
2010-02-03,43.439999,43.970001,43.419998,43.889999,38.053032,93581600
2010-02-04,43.570000,43.660000,42.619999,42.619999,36.951916,151652500
2010-02-05,42.730000,43.020000,42.119999,42.980000,37.264046,213618600
2010-02-08,42.910000,43.180000,42.639999,42.669998,36.995281,94354400
2010-02-09,43.180000,43.509998,42.759998,43.110001,37.376762,118956000
2010-02-10,43.110001,43.310001,42.750000,43.020000,37.298740,94102900
2010-02-11,43.029999,43.790001,42.759998,43.669998,37.862282,93050800
2010-02-12,43.279999,43.880001,43.160000,43.759998,37.940311,93938500
2010-02-16,44.080002,44.349998,43.849998,44.320000,38.425838,83861400
2010-02-17,44.520000,44.570000,44.259998,44.570000,38.642590,82691700
2010-02-18,44.540001,44.930000,44.450001,44.849998,38.885365,65752600
2010-02-19,44.730000,45.049999,44.619999,44.830002,38.868015,80416500
2010-02-22,45.009998,45.029999,44.560001,44.740002,38.789982,72055000
2010-02-23,44.709999,44.740002,43.950001,44.160000,38.287125,95814400
2010-02-24,44.389999,44.790001,44.320000,44.610001,38.677273,86591000
2010-02-25,44.139999,44.700001,43.830002,44.599998,38.668606,97961300
2010-02-26,44.590000,44.860001,44.400002,44.759998,38.807323,66222400
2010-03-01,44.959999,45.490002,44.950001,45.410000,39.370884,77290100
2010-03-02,45.570000,45.849998,45.450001,45.549999,39.492268,76368500
2010-03-03,45.660000,45.820000,45.430000,45.599998,39.535622,65735500
2010-03-04,45.630001,45.810001,45.400002,45.750000,39.665680,54470900
2010-03-05,46.090000,46.540001,45.990002,46.439999,40.263889,68136300
2010-03-08,46.459999,46.639999,46.439999,46.529999,40.341927,58712400
2010-03-09,46.430000,47.049999,46.400002,46.790001,40.567348,98002800
2010-03-10,46.820000,47.279999,46.799999,47.169998,40.896820,102578900
2010-03-11,47.060001,47.349998,46.980000,47.349998,41.052883,67510300
2010-03-12,47.500000,47.529999,47.099998,47.360001,41.061546,64068300
2010-03-15,47.259998,47.380001,46.910000,47.240002,40.957512,60150500
2010-03-16,47.389999,47.610001,47.230000,47.540001,41.217606,74950600
2010-03-17,47.610001,47.900002,47.529999,47.669998,41.330318,75643500
2010-03-18,47.709999,47.880001,47.599998,47.830002,41.469051,77829400
2010-03-19,47.919998,47.950001,47.320000,47.490002,41.218204,86337100
2010-03-22,47.299999,48.110001,47.250000,47.919998,41.591404,71902800
2010-03-23,47.990002,48.299999,47.770000,48.250000,41.877846,59182600
2010-03-24,48.169998,48.169998,47.910000,48.020000,41.678204,62995700
2010-03-25,48.419998,48.599998,47.900002,47.950001,41.617458,76294800
2010-03-26,48.150002,48.330002,47.740002,48.000000,41.660862,78067900
2010-03-29,48.240002,48.400002,48.099998,48.230000,41.860474,57993300
2010-03-30,48.380001,48.549999,48.060001,48.389999,41.999355,49437300
2010-03-31,48.240002,48.450001,48.070000,48.160000,41.799732,59947400
2010-04-01,48.360001,48.700001,47.790001,48.160000,41.799732,83728600
2010-04-05,48.270000,48.720001,48.139999,48.610001,42.190296,56220300
2010-04-06,48.500000,48.900002,48.389999,48.750000,42.311802,54097100
2010-04-07,48.680000,48.869999,48.369999,48.630001,42.207676,77211500
2010-04-08,48.490002,48.820000,48.240002,48.740002,42.303131,68314300
2010-04-09,48.750000,49.049999,48.630001,49.029999,42.554825,54227300
2010-04-12,49.049999,49.200001,48.939999,49.070000,42.589554,44280600
2010-04-13,49.020000,49.349998,48.860001,49.320000,42.806538,59376000
2010-04-14,49.580002,49.919998,49.500000,49.910000,43.318619,69004800
2010-04-15,49.869999,50.189999,49.869999,50.130001,43.509563,72254200
2010-04-16,49.950001,50.119999,49.200001,49.529999,42.988808,127388000
2010-04-19,49.349998,49.660000,48.900002,49.500000,42.962749,98251700
2010-04-20,49.770000,49.880001,49.430000,49.750000,43.179752,69543700
2010-04-21,50.090000,50.189999,49.720001,50.029999,43.422771,74748700
2010-04-22,49.549999,50.360001,49.259998,50.310001,43.665791,110477200
2010-04-23,50.299999,50.570000,50.090000,50.520000,43.848064,77205200
2010-04-26,50.570000,50.650002,50.299999,50.410000,43.752583,67361000
2010-04-27,50.209999,50.430000,49.209999,49.340000,42.823887,112608000
2010-04-28,49.599998,49.630001,48.980000,49.369999,42.849941,130082100
2010-04-29,49.650002,50.330002,49.610001,50.230000,43.596340,84180200
2010-04-30,50.209999,50.290001,49.200001,49.240002,42.737103,110897000
2010-05-03,49.450001,50.169998,49.430000,49.930000,43.335968,74169700
2010-05-04,49.320000,49.320000,48.080002,48.430000,42.034088,141136500
2010-05-05,47.919998,48.500000,47.639999,48.180000,41.817078,128560200
2010-05-06,47.849998,48.320000,42.639999,46.570000,40.419708,274356800
2010-05-07,46.220001,46.799999,44.279999,45.410000,39.412918,288200400
2010-05-10,47.430000,47.799999,47.310001,47.770000,41.461239,136041600
2010-05-11,47.290001,48.389999,47.200001,47.720001,41.417854,113016100
2010-05-12,47.980000,48.660000,47.900002,48.619999,42.198982,85462400
2010-05-13,48.410000,48.790001,47.730000,47.849998,41.530666,102844300
2010-05-14,47.490002,47.520000,46.380001,46.930000,40.732174,147386100
2010-05-17,47.020000,47.270000,46.070000,47.080002,40.862370,120969600
2010-05-18,47.480000,47.580002,46.220001,46.430000,40.298206,153072100
2010-05-19,46.259998,46.630001,45.549999,46.060001,39.977055,159000300
2010-05-20,45.160000,45.279999,44.250000,44.349998,38.492905,189289800
2010-05-21,43.660000,45.639999,43.490002,44.840000,38.918186,190631100
2010-05-24,44.820000,45.330002,44.639999,44.660000,38.761959,113038000
2010-05-25,43.680000,44.759998,43.230000,44.700001,38.796669,155643000
2010-05-26,45.009998,45.570000,44.119999,44.200001,38.362709,140203200
2010-05-27,45.200001,45.889999,45.090000,45.869999,39.812153,110671600
2010-05-28,45.950001,45.990002,45.200001,45.599998,39.577816,128535300
2010-06-01,45.430000,46.250000,45.130001,45.180000,39.213291,104242700
2010-06-02,45.439999,46.279999,45.130001,46.250000,40.141968,97249300
2010-06-03,46.380001,46.770000,46.080002,46.689999,40.523853,98928400
2010-06-04,45.700001,46.290001,44.939999,45.090000,39.135159,112849900
2010-06-07,45.320000,45.459999,44.220001,44.270000,38.423466,88436600
2010-06-08,44.349998,44.480000,43.590000,44.189999,38.354012,133030100
2010-06-09,44.500000,44.910000,43.689999,43.820000,38.032883,101949200
2010-06-10,44.360001,45.119999,44.240002,45.070000,39.117802,76892300
2010-06-11,44.610001,45.540001,44.610001,45.500000,39.491009,74346800
2010-06-14,45.919998,46.240002,45.410000,45.490002,39.482338,68085000
2010-06-15,45.730000,46.770000,45.450001,46.709999,40.541222,76332600
2010-06-16,46.580002,47.139999,46.500000,46.900002,40.706127,78399700
2010-06-17,47.160000,47.180000,46.639999,47.049999,40.836319,77111900
2010-06-18,47.049999,47.340000,46.860001,47.000000,40.870243,75921400
2010-06-21,47.599998,47.680000,46.330002,46.599998,40.522385,95488100
2010-06-22,46.799999,47.139999,46.150002,46.240002,40.209347,94493400
2010-06-23,46.290001,46.470001,45.689999,46.049999,40.044117,92397600
2010-06-24,45.849998,45.990002,45.200001,45.349998,39.435421,114145900
2010-06-25,45.509998,45.660000,44.950001,45.270000,39.443283,88740300
2010-06-28,45.270000,45.549999,44.810001,45.110001,39.303871,71350000
2010-06-29,44.419998,44.459999,43.070000,43.369999,37.787827,136384200
2010-06-30,43.230000,43.669998,42.639999,42.709999,37.212776,101313200
2010-07-01,42.840000,42.959999,41.770000,42.590000,37.108215,158695000
2010-07-02,42.660000,42.820000,42.090000,42.470001,37.003662,78565300
2010-07-06,43.099998,43.369999,42.250000,42.599998,37.116920,88591900
2010-07-07,42.740002,44.009998,42.700001,43.959999,38.301865,72448400
2010-07-08,44.310001,44.380001,43.680000,44.200001,38.510994,78264600
2010-07-09,44.180000,44.630001,44.080002,44.619999,38.876930,47851200
2010-07-12,44.580002,45.029999,44.459999,44.750000,38.990204,60927500
2010-07-13,45.139999,45.500000,44.799999,45.330002,39.495548,93310500
2010-07-14,45.419998,45.810001,45.240002,45.560001,39.695946,87687100
2010-07-15,45.470001,45.740002,44.990002,45.599998,39.730812,95992500
2010-07-16,45.439999,45.630001,44.299999,44.340000,38.632977,98831900
2010-07-19,44.470001,44.810001,44.099998,44.720001,38.964073,81800800
2010-07-20,44.000000,45.259998,43.860001,45.259998,39.434547,89061200
2010-07-21,45.740002,45.759998,44.560001,44.639999,38.894344,83577000
2010-07-22,45.270000,45.980000,45.240002,45.770000,39.878922,82890300
2010-07-23,45.459999,46.099998,45.380001,46.060001,40.131573,81056100
2010-07-26,46.119999,46.459999,45.910000,46.439999,40.462681,64850900
2010-07-27,46.639999,46.720001,46.209999,46.419998,40.445263,67655600
2010-07-28,46.369999,46.580002,45.880001,46.049999,40.122856,51988200
2010-07-29,46.320000,46.410000,45.250000,45.709999,39.826637,85669500
2010-07-30,45.330002,46.090000,45.070000,45.810001,39.913757,98958100
2010-08-02,46.389999,46.790001,46.209999,46.669998,40.663086,68706800
2010-08-03,46.639999,46.700001,46.250000,46.470001,40.488804,60856600
2010-08-04,46.680000,46.990002,46.500000,46.939999,40.898331,43820600
2010-08-05,46.709999,46.919998,46.520000,46.830002,40.802475,39150200
2010-08-06,46.320000,46.849998,46.049999,46.759998,40.741493,71339200
2010-08-09,47.000000,47.189999,46.790001,47.080002,41.020313,26927600
2010-08-10,46.700001,46.950001,46.279999,46.669998,40.663086,86694500
2010-08-11,45.900002,45.919998,45.209999,45.400002,39.556530,92219700
2010-08-12,44.529999,45.240002,44.450001,45.040001,39.242882,66000200
2010-08-13,44.869999,45.060001,44.709999,44.720001,38.964073,46387300
2010-08-16,44.500000,45.110001,44.299999,44.799999,39.033760,55472900
2010-08-17,45.119999,45.779999,45.029999,45.369999,39.530399,56927100
2010-08-18,45.279999,45.820000,45.110001,45.549999,39.687225,61835400
2010-08-19,45.279999,45.459999,44.560001,44.860001,39.086052,82969500
2010-08-20,44.790001,45.029999,44.540001,44.919998,39.138321,65806700
2010-08-23,45.200001,45.340000,44.459999,44.480000,38.754951,69612200
2010-08-24,43.970001,44.119999,43.470001,43.650002,38.031776,79095800
2010-08-25,43.340000,44.259998,43.270000,44.070000,38.397732,87247900
2010-08-26,44.220001,44.320000,43.500000,43.540001,37.935944,91199000
2010-08-27,43.860001,44.160000,42.970001,44.070000,38.397732,109568800
2010-08-30,43.860001,44.250000,43.599998,43.610001,37.996933,49373200
2010-08-31,43.380001,43.849998,43.180000,43.459999,37.866226,72066900
2010-09-01,44.099998,44.910000,44.070000,44.759998,38.998917,83523100
2010-09-02,44.840000,45.279999,44.730000,45.259998,39.434547,41816800
2010-09-03,45.759998,46.020000,45.549999,46.009998,40.088024,64041100
2010-09-07,45.820000,46.029999,45.630001,45.700001,39.817924,51195200
2010-09-08,45.830002,46.450001,45.820000,46.250000,40.297134,66879800
2010-09-09,46.660000,46.700001,46.320000,46.430000,40.453960,61476400
2010-09-10,46.480000,46.669998,46.250000,46.599998,40.602089,66995700
2010-09-13,46.959999,47.369999,46.939999,47.250000,41.168415,64523400
2010-09-14,47.189999,47.700001,47.080002,47.450001,41.342690,91405800
2010-09-15,47.330002,47.799999,47.189999,47.750000,41.604073,67108200
2010-09-16,47.660000,47.980000,47.540001,47.939999,41.769619,66885800
2010-09-17,48.139999,48.139999,47.750000,47.990002,41.911098,76372600
2010-09-20,48.169998,48.930000,48.110001,48.830002,42.644672,84475000
2010-09-21,48.860001,49.169998,48.610001,48.820000,42.635952,82272000
2010-09-22,48.619999,49.020000,48.419998,48.689999,42.522423,88315900
2010-09-23,48.369999,49.160000,48.320000,48.669998,42.504963,85040000
2010-09-24,49.220001,49.689999,49.150002,49.660000,43.369549,79495900
2010-09-27,49.630001,49.750000,49.349998,49.389999,43.133747,43859800
2010-09-28,49.509998,49.540001,48.590000,49.369999,43.116287,104922900
2010-09-29,49.299999,49.529999,49.110001,49.290001,43.046425,81679200
2010-09-30,49.540001,49.840000,48.750000,49.070000,42.854286,122458600
2010-10-01,49.480000,49.529999,48.779999,49.009998,42.801891,77675400
2010-10-04,48.869999,49.049999,48.200001,48.480000,42.339024,71359900
2010-10-05,49.029999,49.759998,49.000000,49.660000,43.369549,99301300
2010-10-06,49.599998,49.709999,48.910000,49.230000,42.994011,81831200
2010-10-07,49.509998,49.540001,49.000000,49.410000,43.151218,75693300
2010-10-08,49.430000,49.869999,49.080002,49.750000,43.448158,83223900
2010-10-11,49.779999,50.020000,49.619999,49.770000,43.465626,46880000
2010-10-12,49.689999,50.209999,49.259998,50.110001,43.762562,88571700
2010-10-13,50.430000,50.750000,50.279999,50.520000,44.120617,71122900
2010-10-14,50.549999,50.639999,50.169998,50.419998,44.033272,68464000
2010-10-15,51.040001,51.500000,50.630001,51.490002,44.967747,104654000
2010-10-18,51.500000,51.720001,51.299999,51.299999,44.801815,72399400
2010-10-19,50.820000,51.299999,50.419998,50.820000,44.382610,105739800
2010-10-20,50.959999,51.570000,50.869999,51.189999,44.705742,80861400
2010-10-21,51.509998,51.709999,50.790001,51.290001,44.793079,85885400
2010-10-22,51.299999,51.689999,51.209999,51.639999,45.098740,47406900
2010-10-25,51.849998,52.230000,51.849998,51.889999,45.317070,51413900
2010-10-26,51.630001,52.150002,51.419998,52.029999,45.439350,60498300
2010-10-27,51.759998,52.230000,51.660000,52.189999,45.579063,57483400
2010-10-28,52.410000,52.450001,51.840000,52.299999,45.675148,61220000
2010-10-29,52.299999,52.490002,52.169998,52.180000,45.570351,46668700
2010-11-01,52.369999,52.750000,51.980000,52.220001,45.605270,60555600
2010-11-02,52.650002,52.930000,52.580002,52.779999,46.094337,48137500
2010-11-03,52.830002,53.040001,52.360001,53.020000,46.303951,126225800
2010-11-04,53.599998,53.860001,53.500000,53.669998,46.871613,84201000
2010-11-05,53.700001,53.810001,53.509998,53.669998,46.871613,77937100
2010-11-08,53.580002,53.830002,53.450001,53.740002,46.932747,39623500
2010-11-09,53.950001,54.040001,53.209999,53.450001,46.679489,66828700
2010-11-10,53.520000,53.770000,53.099998,53.720001,46.915268,83553700
2010-11-11,52.910000,53.480000,52.660000,53.380001,46.618359,85163600
2010-11-12,53.099998,53.369999,52.110001,52.509998,45.858536,99164300
2010-11-15,52.779999,52.880001,52.290001,52.310001,45.683868,56723400
2010-11-16,51.939999,52.250000,50.849998,51.450001,44.932816,101097000
2010-11-17,51.480000,51.869999,51.349998,51.599998,45.063820,77836200
2010-11-18,52.160000,52.790001,52.130001,52.430000,45.788681,71488300
2010-11-19,52.360001,52.590000,52.139999,52.470001,45.823605,54506100
2010-11-22,52.259998,52.910000,52.169998,52.910000,46.207867,69918900
2010-11-23,52.369999,52.450001,51.770000,52.070000,45.474270,76818300
2010-11-24,52.580002,53.250000,52.560001,53.119999,46.391281,53444200
2010-11-26,52.779999,53.130001,52.669998,52.770000,46.085606,23640300
2010-11-29,52.700001,52.900002,52.099998,52.730000,46.050686,89269100
2010-11-30,52.180000,52.740002,51.880001,52.090000,45.491749,118862100
2010-12-01,52.860001,53.459999,52.840000,53.189999,46.452404,81758800
2010-12-02,53.270000,53.810001,53.209999,53.730000,46.924015,56844600
2010-12-03,53.500000,53.939999,53.500000,53.869999,47.046257,38014200
2010-12-06,53.880001,53.950001,53.680000,53.849998,47.028805,39312000
2010-12-07,54.500000,54.520000,53.820000,53.880001,47.055004,59067300
2010-12-08,54.020000,54.150002,53.689999,54.080002,47.229679,48066900
2010-12-09,54.410000,54.439999,53.950001,54.130001,47.273350,51679800
2010-12-10,54.290001,54.549999,54.090000,54.490002,47.587746,44696200
2010-12-13,54.700001,54.740002,54.270000,54.299999,47.421799,53110200
2010-12-14,54.439999,54.619999,54.230000,54.400002,47.509132,69884800
2010-12-15,54.369999,54.700001,54.029999,54.160000,47.299530,76951900
2010-12-16,54.209999,54.660000,54.060001,54.580002,47.666321,65519400
2010-12-17,54.540001,54.680000,54.410000,54.520000,47.708328,36844200
2010-12-20,54.619999,54.759998,54.160000,54.560001,47.743343,48159600
2010-12-21,54.770000,54.889999,54.619999,54.889999,48.032108,35775400
2010-12-22,54.869999,54.959999,54.790001,54.880001,48.023361,35766500
2010-12-23,54.779999,54.869999,54.610001,54.740002,47.900845,21664800
2010-12-27,54.580002,54.860001,54.209999,54.770000,47.927109,29263700
2010-12-28,54.880001,54.919998,54.549999,54.669998,47.839596,24160500
2010-12-29,54.820000,54.900002,54.730000,54.790001,47.944614,24132700
2010-12-30,54.790001,54.799999,54.549999,54.660000,47.830845,27553300
2010-12-31,54.590000,54.619999,54.209999,54.459999,47.655842,38540100
2011-01-03,54.970001,55.689999,54.950001,55.310001,48.399647,90994300
2011-01-04,55.509998,55.549999,54.919998,55.270000,48.364635,43851500
2011-01-05,55.099998,55.759998,55.070000,55.740002,48.775909,43787400
2011-01-06,55.799999,55.959999,55.680000,55.919998,48.933418,46139600
2011-01-07,56.020000,56.049999,55.320000,55.869999,48.889683,72261700
2011-01-10,55.750000,56.180000,55.580002,56.080002,49.073437,55551800
2011-01-11,56.310001,56.360001,55.950001,56.160000,49.143436,56663800
2011-01-12,56.430000,56.560001,56.200001,56.560001,49.493446,51979300
2011-01-13,56.599998,56.730000,56.410000,56.580002,49.510971,47364500
2011-01-14,56.599998,57.020000,56.459999,57.000000,49.878494,43867400
2011-01-18,56.570000,57.230000,56.490002,57.160000,50.018497,65805600
2011-01-19,57.259998,57.259998,56.320000,56.509998,49.449722,67767200
2011-01-20,56.270000,56.349998,55.680000,56.110001,49.099697,92357800
2011-01-21,56.389999,56.490002,55.650002,55.680000,48.723412,59673300
2011-01-24,55.790001,56.459999,55.680000,56.450001,49.397213,64103300
2011-01-25,56.169998,56.549999,56.049999,56.529999,49.467228,55305100
2011-01-26,56.610001,56.980000,56.450001,56.830002,49.729729,60547700
2011-01-27,57.009998,57.349998,56.919998,57.180000,50.036011,53656100
2011-01-28,57.169998,57.220001,55.470001,55.730000,48.767143,123359900
2011-01-31,55.810001,56.160000,55.389999,56.000000,49.003437,70571300
2011-02-01,56.419998,57.180000,56.360001,57.049999,49.922253,76952900
2011-02-02,56.930000,57.169998,56.840000,56.959999,49.843472,48661000
2011-02-03,56.849998,57.139999,56.400002,57.060001,49.931000,45341900
2011-02-04,57.049999,57.419998,56.900002,57.380001,50.211025,47647800
2011-02-07,57.490002,57.970001,57.400002,57.650002,50.447277,45627100
2011-02-08,57.669998,58.070000,57.560001,58.029999,50.779778,38099900
2011-02-09,57.939999,58.119999,57.750000,57.930000,50.692299,62540800
2011-02-10,57.549999,58.099998,57.490002,58.020000,50.771049,70194700
2011-02-11,57.849998,58.480000,57.770000,58.439999,51.138592,47853500
2011-02-14,58.439999,58.660000,58.380001,58.580002,51.261112,48506100
2011-02-15,58.439999,58.570000,58.230000,58.500000,51.191063,39723800
2011-02-16,58.650002,59.040001,58.630001,58.880001,51.523605,53061700
2011-02-17,58.590000,58.970001,58.549999,58.860001,51.506115,38361900
2011-02-18,58.860001,58.970001,58.509998,58.730000,51.392330,44334300
2011-02-22,57.930000,58.130001,56.939999,57.029999,49.904755,92598100
2011-02-23,57.029999,57.230000,56.130001,56.560001,49.493446,97842900
2011-02-24,56.680000,57.029999,56.139999,56.860001,49.755993,98716100
2011-02-25,57.180000,57.720001,57.119999,57.650002,50.447277,54094600
2011-02-28,57.880001,58.049999,57.430000,57.770000,50.552284,51402800
2011-03-01,58.020000,58.020000,56.700001,56.840000,49.738483,91993900
2011-03-02,56.810001,57.509998,56.790001,57.139999,50.000988,61552900
2011-03-03,57.669998,58.369999,57.669998,58.270000,50.989819,64146600
2011-03-04,58.250000,58.259998,57.590000,57.970001,50.727295,62328400
2011-03-07,58.209999,58.259998,56.669998,57.189999,50.044758,98470000
2011-03-08,57.119999,57.680000,56.770000,57.419998,50.245995,62399100
2011-03-09,57.209999,57.270000,56.720001,57.029999,49.904755,84764200
2011-03-10,56.389999,56.520000,55.910000,56.139999,49.125942,102894400
2011-03-11,55.820000,56.660000,55.820000,56.490002,49.432217,81679400
2011-03-14,56.180000,56.590000,55.860001,56.290001,49.257187,73565800
2011-03-15,54.639999,55.820000,54.470001,55.490002,48.557140,101276500
2011-03-16,55.029999,55.340000,53.770000,54.150002,47.384579,176507700
2011-03-17,55.009998,55.240002,54.130001,54.650002,47.822105,94434500
2011-03-18,55.220001,55.220001,54.410000,54.450001,47.714321,94887200
2011-03-21,55.279999,55.779999,54.500000,55.500000,48.634426,57423000
2011-03-22,55.580002,55.610001,55.279999,55.400002,48.546799,36162100
2011-03-23,55.200001,55.869999,54.820000,55.709999,48.818428,60365100
2011-03-24,56.130001,56.820000,55.820000,56.700001,49.685978,69502400
2011-03-25,56.880001,57.220001,56.730000,56.840000,49.808666,74131100
2011-03-28,57.090000,57.099998,56.500000,56.529999,49.537025,37824000
2011-03-29,56.400002,57.080002,56.230000,57.080002,50.018970,47994800
2011-03-30,57.360001,57.430000,57.080002,57.349998,50.255569,44935900
2011-03-31,57.250000,57.480000,57.150002,57.430000,50.325676,50004300
2011-04-01,57.720001,57.900002,57.290001,57.459999,50.351955,68031800
2011-04-04,57.619999,57.680000,57.020000,57.270000,50.185478,48659100
2011-04-05,57.160000,57.490002,57.000000,57.119999,50.054005,55349400
2011-04-06,57.560001,57.730000,56.930000,57.259998,50.176697,49532100
2011-04-07,57.240002,57.599998,56.810001,57.220001,50.141647,60697000
2011-04-08,57.480000,57.570000,56.650002,56.950001,49.905064,42782200
2011-04-11,57.169998,57.290001,56.560001,56.759998,49.738560,42451700
2011-04-12,56.500000,56.639999,56.150002,56.369999,49.396801,50422800
2011-04-13,56.790001,57.000000,56.400002,56.849998,49.817429,49979800
2011-04-14,56.459999,56.830002,56.230000,56.750000,49.729797,53544100
2011-04-15,56.529999,56.869999,56.279999,56.650002,49.642166,68530000
2011-04-18,56.080002,56.270000,55.320000,56.250000,49.291630,69065000
2011-04-19,56.400002,56.599998,56.099998,56.599998,49.598343,38608400
2011-04-20,57.599998,57.939999,57.529999,57.880001,50.720020,67397500
2011-04-21,58.439999,58.470001,58.160000,58.340000,51.123096,43666800
2011-04-25,58.389999,58.520000,58.279999,58.490002,51.254543,25376800
2011-04-26,58.639999,59.029999,58.509998,58.820000,51.543732,49400000
2011-04-27,58.930000,59.290001,58.660000,59.220001,51.894234,56465500
2011-04-28,59.040001,59.230000,58.880001,59.130001,51.815388,48100000
2011-04-29,59.020000,59.290001,58.980000,59.080002,51.771564,44831200
2011-05-02,59.169998,59.340000,58.820000,58.970001,51.675171,48149400
2011-05-03,58.939999,59.000000,58.330002,58.689999,51.429813,38100000
2011-05-04,58.720001,58.869999,58.110001,58.599998,51.350941,53097200
2011-05-05,58.310001,58.970001,58.080002,58.279999,51.070511,72200000
2011-05-06,58.860001,59.200001,58.310001,58.470001,51.237022,72507000
2011-05-09,58.570000,58.919998,58.340000,58.689999,51.429813,40022000
2011-05-10,58.860001,59.279999,58.779999,59.189999,51.867958,38053600
2011-05-11,59.099998,59.310001,58.360001,58.759998,51.491161,61900000
2011-05-12,58.580002,59.189999,58.240002,59.110001,51.797863,66100000
2011-05-13,58.970001,59.070000,58.389999,58.410000,51.184437,63506600
2011-05-16,58.139999,58.320000,57.270000,57.400002,50.299400,73115300
2011-05-17,57.099998,57.570000,56.980000,57.560001,50.439590,63136000
2011-05-18,57.480000,58.139999,57.410000,58.040001,50.860222,42351100
2011-05-19,58.220001,58.340000,57.849998,58.209999,51.009190,35015800
2011-05-20,58.150002,58.209999,57.689999,57.770000,50.623611,44703300
2011-05-23,56.980000,57.150002,56.650002,56.919998,49.878757,43700000
2011-05-24,57.060001,57.070000,56.560001,56.570000,49.572079,39314800
2011-05-25,56.500000,57.060001,56.470001,56.790001,49.764839,41369000
2011-05-26,56.619999,57.299999,56.610001,57.139999,50.071541,40564100
2011-05-27,57.240002,57.490002,57.189999,57.430000,50.325676,30127200
2011-05-31,57.970001,58.360001,57.669998,58.360001,51.140633,47590100
2011-06-01,58.220001,58.360001,57.040001,57.090000,50.027725,51795000
2011-06-02,57.200001,57.410000,56.889999,57.209999,50.132896,50198100
2011-06-03,56.549999,56.990002,56.270000,56.349998,49.379265,57773700
2011-06-06,56.220001,56.529999,55.860001,55.889999,48.976177,50175600
2011-06-07,56.040001,56.259998,55.750000,55.790001,48.888557,46311100
2011-06-08,55.669998,55.770000,55.230000,55.389999,48.538036,46426400
2011-06-09,55.410000,55.759998,55.230000,55.490002,48.625652,45307500
2011-06-10,55.230000,55.340000,54.590000,54.639999,47.880810,53740600
2011-06-13,54.669998,54.930000,54.450001,54.639999,47.880810,37736800
2011-06-14,55.060001,55.470001,55.029999,55.340000,48.494217,40565300
2011-06-15,54.810001,55.150002,54.180000,54.290001,47.574093,59022400
2011-06-16,54.320000,54.500000,53.619999,54.080002,47.390083,66316200
2011-06-17,54.400002,54.599998,53.630001,53.790001,47.241657,70337000
2011-06-20,53.639999,54.230000,53.639999,54.070000,47.487564,37402900
2011-06-21,54.259998,55.290001,54.029999,55.230000,48.506351,55892800
2011-06-22,55.000000,55.320000,54.820000,54.830002,48.155048,36833300
2011-06-23,54.240002,55.369999,54.060001,55.340000,48.602974,80743300
2011-06-24,55.080002,55.130001,54.270000,54.380001,47.759846,56298300
2011-06-27,54.439999,55.529999,54.320000,55.250000,48.523922,49968900
2011-06-28,55.369999,56.080002,55.290001,56.070000,49.244095,47028800
2011-06-29,56.200001,56.410000,55.900002,56.299999,49.446098,65407300
2011-06-30,56.500000,57.090000,56.470001,57.049999,50.104794,50347200
2011-07-01,57.080002,57.990002,56.919998,57.910000,50.860092,53203900
2011-07-05,57.970001,58.259998,57.830002,58.200001,51.114792,43128800
2011-07-06,58.130001,58.490002,57.939999,58.389999,51.281662,49282700
2011-07-07,58.830002,59.360001,58.740002,59.189999,51.984257,54799800
2011-07-08,58.680000,59.040001,58.369999,59.029999,51.843731,69519500
2011-07-11,58.410000,58.709999,57.759998,57.959999,50.903996,52080800
2011-07-12,57.950001,58.070000,57.459999,57.520000,50.517578,84000700
2011-07-13,57.939999,58.340000,57.549999,57.759998,50.728352,82378100
2011-07-14,57.910000,58.180000,56.869999,57.090000,50.139904,98774200
2011-07-15,57.730000,57.849998,57.310001,57.849998,50.807404,68281500
2011-07-18,57.529999,57.790001,56.980000,57.540001,50.535137,59512200
2011-07-19,58.090000,58.900002,58.090000,58.849998,51.685665,73904600
2011-07-20,59.180000,59.189999,58.500000,58.599998,51.466095,57085500
2011-07-21,58.660000,59.320000,58.340000,58.990002,51.808620,70148800
2011-07-22,58.959999,59.700001,58.919998,59.599998,52.344345,43620400
2011-07-25,59.130001,59.810001,59.020000,59.480000,52.238956,48916100
2011-07-26,59.439999,59.830002,59.320000,59.630001,52.370701,40918900
2011-07-27,59.240002,59.290001,57.939999,58.090000,51.018173,83969500
2011-07-28,58.119999,58.930000,57.889999,58.189999,51.106010,61031900
2011-07-29,57.720001,58.610001,57.439999,58.000000,50.939148,82860500
2011-08-01,58.700001,58.820000,57.029999,57.730000,50.702003,85421100
2011-08-02,57.459999,57.720001,56.209999,56.270000,49.419754,90853300
2011-08-03,56.340000,56.880001,55.349998,56.810001,49.894005,103612300
2011-08-04,56.000000,56.090000,54.169998,54.169998,47.575390,132830000
2011-08-05,54.720001,55.029999,52.320000,53.830002,47.276794,214111800
2011-08-08,52.180000,53.119999,50.590000,50.590000,44.431225,204804500
2011-08-09,51.349998,53.080002,49.930000,53.029999,46.574173,193707100
2011-08-10,51.830002,53.040001,50.799999,50.860001,44.668346,205917900
2011-08-11,51.590000,53.689999,51.340000,53.099998,46.635662,143825300
2011-08-12,53.430000,53.900002,52.880001,53.570000,47.048447,90483300
2011-08-15,53.790001,54.360001,53.529999,54.360001,47.742252,73554300
2011-08-16,53.830002,54.349998,53.180000,53.900002,47.338264,89219200
2011-08-17,53.970001,54.419998,53.020000,53.580002,47.057228,84416600
2011-08-18,52.130001,52.139999,50.480000,50.950001,44.747387,130019400
2011-08-19,50.419998,51.669998,49.990002,50.029999,43.939400,96674600
2011-08-22,51.230000,51.240002,50.060001,50.209999,44.097485,77107700
2011-08-23,50.549999,52.279999,50.340000,52.279999,45.915478,75688400
2011-08-24,52.130001,52.790001,51.709999,52.689999,46.275570,80197700
2011-08-25,52.660000,52.900002,51.650002,51.830002,45.520267,93623700
2011-08-26,51.660000,53.310001,51.150002,53.130001,46.662010,91573300
2011-08-29,53.660000,54.669998,53.639999,54.610001,47.961838,45985800
2011-08-30,54.410000,55.299999,54.110001,54.970001,48.278008,61617900
2011-08-31,55.299999,55.740002,54.599998,55.060001,48.357063,60900400
2011-09-01,55.200001,55.639999,54.459999,54.560001,47.917919,57158400
2011-09-02,53.580002,54.610001,52.990002,53.279999,46.793758,58185700
2011-09-06,52.040001,53.369999,51.910000,53.290001,46.802521,52992200
2011-09-07,54.049999,54.650002,53.900002,54.639999,47.988190,48952200
2011-09-08,54.360001,55.169998,54.209999,54.389999,47.768623,61422800
2011-09-09,54.009998,54.240002,52.849998,53.180000,46.705910,63663500
2011-09-12,52.590000,53.900002,52.570000,53.860001,47.303131,65973000
2011-09-13,54.060001,54.689999,53.799999,54.580002,47.935486,59020000
2011-09-14,54.860001,55.980000,54.320000,55.360001,48.620525,90757300
2011-09-15,55.959999,56.279999,55.389999,56.180000,49.340687,83536100
2011-09-16,56.200001,56.650002,56.090000,56.590000,49.792973,91902100
2011-09-19,55.889999,56.910000,55.430000,56.610001,49.810551,73042900
2011-09-20,56.900002,57.349998,56.230000,56.360001,49.590591,66570100
2011-09-21,56.650002,56.930000,55.369999,55.380001,48.728317,79938000
2011-09-22,53.970001,54.459999,52.750000,53.580002,47.144501,151885500
2011-09-23,53.130001,54.380001,53.090000,54.150002,47.646053,85940600
2011-09-26,54.419998,54.880001,53.209999,54.779999,48.200378,96261400
2011-09-27,55.709999,56.200001,54.980000,55.349998,48.701897,81148600
2011-09-28,55.590000,55.970001,54.400002,54.529999,47.980392,76757100
2011-09-29,55.360001,55.430000,52.970001,53.880001,47.408459,116900200
2011-09-30,53.160000,53.610001,52.459999,52.490002,46.185413,104870100
2011-10-03,52.020000,52.849998,51.110001,51.139999,44.997559,99149500
2011-10-04,50.619999,52.290001,50.099998,52.189999,45.921448,137013700
2011-10-05,52.060001,53.680000,51.660000,53.529999,47.100506,108825700
2011-10-06,53.459999,54.439999,53.209999,54.430000,47.892391,71939200
2011-10-07,54.400002,54.660000,53.720001,54.070000,47.575645,72525200
2011-10-10,54.990002,55.939999,54.889999,55.939999,49.221024,48230200
2011-10-11,55.790001,56.459999,55.700001,56.320000,49.555389,66449100
2011-10-12,56.860001,57.230000,56.560001,56.599998,49.801758,85627600
2011-10-13,56.490002,57.189999,56.430000,57.119999,50.259296,63443700
2011-10-14,57.820000,58.189999,57.509998,58.180000,51.191998,65643600
2011-10-17,57.910000,58.090000,56.970001,57.279999,50.400108,65161300
2011-10-18,57.189999,58.290001,56.660000,57.990002,51.024811,91434600
2011-10-19,57.669998,57.849998,56.680000,56.869999,50.039322,67639400
2011-10-20,56.860001,56.919998,55.790001,56.590000,49.792973,80378300
2011-10-21,57.189999,57.660000,56.779999,57.299999,50.417679,60455800
2011-10-24,57.509998,58.650002,57.310001,58.490002,51.464741,61449500
2011-10-25,58.299999,58.320000,57.220001,57.340000,50.452877,65299200
2011-10-26,57.660000,57.779999,56.209999,57.270000,50.391296,98193800
2011-10-27,58.639999,59.200001,58.029999,58.849998,51.781528,104455500
2011-10-28,58.520000,59.009998,58.500000,58.939999,51.860691,42950000
2011-10-31,58.430000,58.639999,57.910000,57.950001,50.989609,60520200
2011-11-01,56.520000,57.910000,56.119999,56.439999,49.660988,99933000
2011-11-02,57.029999,57.160000,56.380001,56.919998,50.083332,65003800
2011-11-03,57.369999,58.180000,56.709999,58.099998,51.121605,78994200
2011-11-04,57.820000,58.049999,57.220001,57.799999,50.857628,61527800
2011-11-07,57.759998,58.250000,57.169998,58.209999,51.218403,65559000
2011-11-08,58.630001,58.980000,57.970001,58.880001,51.807907,62906900
2011-11-09,57.740002,57.830002,56.630001,56.810001,49.986542,69539000
2011-11-10,57.369999,57.419998,56.230000,56.779999,49.960148,66052400
2011-11-11,57.270000,58.020000,57.200001,57.849998,50.901630,54471000
2011-11-14,57.689999,58.009998,57.279999,57.490002,50.584850,44617600
2011-11-15,57.320000,58.360001,57.259998,58.130001,51.148003,52203900
2011-11-16,57.709999,58.160000,57.060001,57.169998,50.303303,68342800
2011-11-17,57.020000,57.040001,55.480000,55.830002,49.124256,101706900
2011-11-18,55.840000,55.900002,55.299999,55.400002,48.745888,60417000
2011-11-21,54.650002,54.730000,53.779999,54.340000,47.813217,52283700
2011-11-22,54.200001,54.680000,53.869999,54.520000,47.971600,51940100
2011-11-23,54.110001,54.169998,53.259998,53.290001,46.889320,48437300
2011-11-25,53.060001,53.669998,52.869999,52.880001,46.528580,25448100
2011-11-28,54.169998,54.790001,54.139999,54.720001,48.147564,46710700
2011-11-29,54.689999,55.099998,54.220001,54.380001,47.848423,52056700
2011-11-30,55.860001,56.439999,55.669998,56.389999,49.616978,66918600
2011-12-01,56.380001,56.930000,56.349998,56.779999,49.960148,45362200
2011-12-02,57.340000,57.340000,56.570000,56.619999,49.819351,36938900
2011-12-05,57.470001,57.619999,56.919998,57.240002,50.364895,40492200
2011-12-06,57.290001,57.450001,56.889999,57.080002,50.224117,38670000
2011-12-07,56.919998,57.340000,56.349998,57.080002,50.224117,44576200
2011-12-08,56.709999,57.150002,56.009998,56.119999,49.379417,51692600
2011-12-09,56.259998,57.189999,56.240002,57.020000,50.171337,55757900
2011-12-12,56.419998,57.009998,55.900002,56.380001,49.608181,55411700
2011-12-13,56.750000,56.980000,55.529999,55.759998,49.062660,68557700
2011-12-14,55.549999,55.590000,54.580002,54.889999,48.297153,63682800
2011-12-15,55.360001,55.419998,54.660000,54.740002,48.165157,58732900
2011-12-16,54.869999,55.610001,54.770000,54.860001,48.413147,60978900
2011-12-19,55.070000,55.200001,54.169998,54.320000,47.936604,46733900
2011-12-20,55.200001,56.000000,55.169998,55.930000,49.357395,81758800
2011-12-21,55.599998,55.639999,54.490002,55.130001,48.651417,78552300
2011-12-22,55.250000,55.630001,55.169998,55.599998,49.066185,40334100
2011-12-23,55.709999,56.080002,55.580002,56.080002,49.489784,26594600
2011-12-27,55.990002,56.419998,55.930000,56.240002,49.674381,21443500
2011-12-28,56.169998,56.259998,55.439999,55.590000,49.100266,38180100
2011-12-29,55.680000,56.029999,55.500000,55.990002,49.453560,28077900
2011-12-30,55.869999,56.119999,55.820000,55.830002,49.312252,21832400
2012-01-03,56.910000,57.189999,56.750000,56.900002,50.257328,39514100
2012-01-04,56.810001,57.220001,56.560001,57.139999,50.469311,29403400
2012-01-05,57.020000,57.660000,56.799999,57.610001,50.884434,41260600
2012-01-06,57.619999,57.939999,57.400002,57.810001,51.061092,46325200
2012-01-09,57.959999,57.980000,57.430000,57.619999,50.893269,39195500
2012-01-10,58.230000,58.400002,57.639999,58.040001,51.264244,35949900
2012-01-11,58.029999,58.290001,57.810001,58.160000,51.370224,37144100
2012-01-12,58.290001,58.470001,57.860001,58.389999,51.573380,26188300
2012-01-13,58.080002,58.200001,57.680000,58.180000,51.387905,35980400
2012-01-17,58.689999,58.959999,58.490002,58.709999,51.856022,41790800
2012-01-18,58.820000,59.490002,58.680000,59.490002,52.544968,48692700
2012-01-19,59.759998,59.970001,59.650002,59.860001,52.871780,47774500
2012-01-20,59.599998,59.799999,59.560001,59.770000,52.792282,41041700
2012-01-23,59.779999,60.209999,59.439999,59.790001,52.809948,40958300
2012-01-24,59.520000,59.840000,59.410000,59.680000,52.712772,38440200
2012-01-25,60.259998,60.580002,59.830002,60.430000,53.375240,61591800
2012-01-26,60.689999,60.799999,59.930000,60.220001,53.189747,37852700
2012-01-27,60.090000,60.509998,60.060001,60.400002,53.348728,45532300
2012-01-30,59.889999,60.540001,59.660000,60.450001,53.392891,42797800
2012-01-31,60.750000,60.860001,60.139999,60.529999,53.463554,51449600
2012-02-01,60.880001,61.240002,60.660000,61.020000,53.896351,46146700
2012-02-02,61.220001,61.410000,60.970001,61.209999,54.064167,46373600
2012-02-03,61.779999,62.119999,61.680000,62.049999,54.806118,36453800
2012-02-06,61.820000,62.020000,61.660000,62.000000,54.761951,28541300
2012-02-07,61.950001,62.250000,61.669998,62.130001,54.876759,37935700
2012-02-08,62.139999,62.459999,61.910000,62.459999,55.168247,41171100
2012-02-09,62.700001,62.980000,62.320000,62.910000,55.565704,46856400
2012-02-10,62.459999,62.639999,62.250000,62.470001,55.177078,58090500
2012-02-13,62.939999,63.130001,62.650002,63.049999,55.689362,36810200
2012-02-14,62.910000,63.220001,62.689999,63.209999,55.830681,51648200
2012-02-15,63.509998,63.860001,62.669998,62.770000,55.442059,105709100
2012-02-16,62.790001,63.700001,62.630001,63.630001,56.201645,83642300
2012-02-17,63.639999,63.689999,63.150002,63.430000,56.025002,76112300
2012-02-21,63.500000,63.889999,63.209999,63.610001,56.183998,38141300
2012-02-22,63.490002,63.680000,63.230000,63.320000,55.927841,43174700
2012-02-23,63.400002,63.810001,63.090000,63.740002,56.298798,54250000
2012-02-24,63.919998,64.070000,63.799999,63.959999,56.493122,41364900
2012-02-27,63.610001,64.260002,63.330002,64.050003,56.572617,42678500
2012-02-28,64.110001,64.699997,64.029999,64.699997,57.146744,43717500
2012-02-29,64.750000,64.959999,64.199997,64.410004,56.890587,59784400
2012-03-01,64.650002,64.980003,64.459999,64.919998,57.341061,67558900
2012-03-02,64.830002,65.080002,64.660004,64.870003,57.296894,33358200
2012-03-05,64.830002,64.910004,63.990002,64.199997,56.705116,45788800
2012-03-06,63.570000,63.720001,63.230000,63.570000,56.148659,54638600
2012-03-07,63.869999,64.209999,63.770000,64.059998,56.581440,42741800
2012-03-08,64.440002,64.940002,64.300003,64.750000,57.190884,43711100
2012-03-09,64.860001,65.139999,64.820000,65.019997,57.429363,43117200
2012-03-12,65.000000,65.110001,64.720001,65.050003,57.455887,32687300
2012-03-13,65.400002,66.260002,65.269997,66.260002,58.524605,61559100
2012-03-14,66.330002,66.739998,66.080002,66.489998,58.727749,59926900
2012-03-15,66.690002,66.820000,66.349998,66.680000,58.895584,65531200
2012-03-16,66.669998,66.669998,66.360001,66.519997,58.853985,53023100
2012-03-19,66.629997,67.150002,66.449997,66.989998,59.269836,60966200
2012-03-20,66.639999,67.180000,66.459999,67.110001,59.376011,47290600
2012-03-21,67.120003,67.489998,67.029999,67.120003,59.384853,39648100
2012-03-22,66.720001,67.139999,66.680000,66.980003,59.260979,56953900
2012-03-23,67.059998,67.080002,66.559998,66.940002,59.225613,45541700
2012-03-26,67.389999,68.110001,67.330002,68.110001,60.260746,40855300
2012-03-27,68.160004,68.489998,68.129997,68.209999,60.349228,37278200
2012-03-28,68.250000,68.510002,67.540001,67.940002,60.110344,44421900
2012-03-29,67.599998,67.930000,67.199997,67.680000,59.880302,53975300
2012-03-30,67.980003,68.019997,67.279999,67.550003,59.765320,39480900
2012-04-02,67.480003,68.339996,67.360001,68.250000,60.384640,40031600
2012-04-03,68.309998,68.550003,67.849998,68.230003,60.366943,45539900
2012-04-04,67.720001,67.760002,66.910004,67.300003,59.544128,54088100
2012-04-05,67.180000,67.779999,67.129997,67.720001,59.915695,42979900
2012-04-09,66.879997,67.480003,66.760002,67.209999,59.464497,36908200
2012-04-10,67.180000,67.440002,65.919998,66.129997,58.508938,69254200
2012-04-11,66.709999,66.889999,66.279999,66.449997,58.792095,62950000
2012-04-12,66.580002,67.279999,66.480003,67.209999,59.464497,57407400
2012-04-13,66.980003,67.199997,66.160004,66.190002,58.562035,55227500
2012-04-16,66.519997,66.559998,65.239998,65.449997,57.907310,57588000
2012-04-17,65.730003,66.989998,65.629997,66.779999,59.084030,47362400
2012-04-18,66.589996,67.000000,66.410004,66.610001,58.933636,42536100
2012-04-19,66.370003,67.169998,65.620003,65.860001,58.270046,81110900
2012-04-20,66.220001,66.510002,65.580002,65.680000,58.110813,59906900
2012-04-23,65.059998,65.180000,64.489998,65.080002,57.579937,70514400
2012-04-24,64.959999,65.230003,64.449997,64.730003,57.270306,49661500
2012-04-25,66.070000,66.489998,65.970001,66.449997,58.792095,57526900
2012-04-26,66.440002,66.989998,66.349998,66.839996,59.137112,41799500
2012-04-27,67.120003,67.449997,66.769997,67.239998,59.491020,46003800
2012-04-30,67.040001,67.169998,66.709999,66.760002,59.066345,37787700
2012-05-01,66.690002,67.629997,66.589996,66.870003,59.163670,37643800
2012-05-02,66.540001,67.110001,66.379997,67.059998,59.331779,38299300
2012-05-03,67.099998,67.150002,66.180000,66.349998,58.703587,51297600
2012-05-04,65.739998,66.349998,64.690002,64.699997,57.243752,107554000
2012-05-07,64.309998,65.070000,64.290001,64.760002,57.296841,50267800
2012-05-08,64.349998,64.739998,63.480000,64.519997,57.084480,72659700
2012-05-09,63.770000,64.680000,63.509998,64.320000,56.907543,85715300
2012-05-10,64.610001,64.629997,63.950001,64.190002,56.792530,49448900
2012-05-11,63.970001,64.860001,63.910000,64.180000,56.783676,47099900
2012-05-14,63.630001,64.080002,63.480000,63.580002,56.252823,46360000
2012-05-15,63.750000,64.269997,63.259998,63.369999,56.067028,66908600
2012-05-16,63.590000,63.779999,62.810001,62.939999,55.686577,52825900
2012-05-17,62.959999,63.060001,61.599998,61.610001,54.509850,62253900
2012-05-18,61.799999,61.959999,60.759998,60.810001,53.802040,79496500
2012-05-21,60.930000,62.570000,60.849998,62.509998,55.306137,61473000
2012-05-22,62.689999,62.950001,61.990002,62.439999,55.244205,62954800
2012-05-23,61.910000,62.709999,61.369999,62.560001,55.350361,56951100
2012-05-24,62.650002,62.709999,61.689999,62.150002,54.987629,83131200
2012-05-25,62.209999,62.320000,61.889999,62.070000,54.916843,32078900
2012-05-29,62.650002,63.150002,62.279999,62.860001,55.615803,44216700
2012-05-30,62.290001,62.549999,61.680000,62.330002,55.146877,56431800
2012-05-31,62.250000,62.410000,61.590000,62.060001,54.907990,55260100
2012-06-01,60.939999,61.320000,60.389999,60.410000,53.448132,71430800
2012-06-04,60.580002,60.959999,60.040001,60.869999,53.855110,74119500
2012-06-05,60.660000,61.240002,60.630001,61.119999,54.076324,47916900
2012-06-06,61.580002,62.570000,61.520000,62.520000,55.314983,58781800
2012-06-07,63.180000,63.180000,62.220001,62.270000,55.093781,38414800
2012-06-08,62.169998,62.950001,61.959999,62.869999,55.624638,39730800
2012-06-11,63.349998,63.380001,61.770000,61.810001,54.686806,51008900
2012-06-12,62.099998,62.590000,61.680000,62.560001,55.350361,48802600
2012-06-13,62.380001,62.849998,61.919998,62.130001,54.969921,50840100
2012-06-14,62.119999,62.610001,61.799999,62.360001,55.173420,65170600
2012-06-15,62.389999,63.080002,62.360001,62.990002,55.858917,41536100
2012-06-18,62.730000,63.740002,62.630001,63.580002,56.382114,32191200
2012-06-19,63.900002,64.510002,63.849998,64.239998,56.967400,36476500
2012-06-20,64.379997,64.570000,63.810001,64.290001,57.011730,51389700
2012-06-21,64.239998,64.309998,62.619999,62.689999,55.592865,42492700
2012-06-22,62.900002,63.430000,62.730000,63.349998,56.178150,29504200
2012-06-25,62.830002,62.849998,61.950001,62.130001,55.096264,33136400
2012-06-26,62.340000,62.700001,62.060001,62.520000,55.442116,30611100
2012-06-27,62.759998,63.180000,62.689999,62.900002,55.779076,35705800
2012-06-28,62.430000,62.470001,61.540001,62.200001,55.158333,49793400
2012-06-29,63.400002,64.160004,63.209999,64.160004,56.896458,44761300
2012-07-02,64.250000,64.379997,63.869999,64.349998,57.064930,33425600
2012-07-03,64.389999,64.889999,64.290001,64.889999,57.543808,15895100
2012-07-05,64.830002,65.250000,64.480003,64.930000,57.579281,37016200
2012-07-06,64.629997,64.690002,63.650002,64.120003,56.860977,40684100
2012-07-09,64.050003,64.260002,63.680000,64.000000,56.754562,35628300
2012-07-10,64.349998,64.510002,63.119999,63.369999,56.195892,47365700
2012-07-11,63.290001,63.459999,62.500000,63.020000,55.885513,43432000
2012-07-12,62.520000,62.689999,61.860001,62.430000,55.362309,57680400
2012-07-13,62.599998,63.520000,62.560001,63.380001,56.204750,32357200
2012-07-16,63.240002,63.520000,62.950001,63.200001,56.045128,27621400
2012-07-17,63.599998,63.740002,62.630001,63.529999,56.337761,42467800
2012-07-18,63.410000,64.580002,63.389999,64.389999,57.100399,44489700
2012-07-19,64.839996,65.309998,64.720001,65.099998,57.730038,53017800
2012-07-20,65.080002,65.099998,64.209999,64.239998,56.967400,40573100
2012-07-23,62.990002,63.680000,62.509998,63.459999,56.275692,48657800
2012-07-24,63.570000,63.660000,62.549999,62.959999,55.832306,57269700
2012-07-25,62.470001,62.950001,62.150002,62.540001,55.459846,46264400
2012-07-26,63.439999,63.730000,62.970001,63.369999,56.195892,41928200
2012-07-27,63.830002,64.989998,63.639999,64.870003,57.526066,42621000
2012-07-30,65.029999,65.309998,64.599998,64.820000,57.481724,37821300
2012-07-31,64.919998,65.180000,64.739998,64.800003,57.463993,34588300
2012-08-01,65.260002,65.279999,64.349998,64.610001,57.295498,30920200
2012-08-02,64.120003,65.019997,63.910000,64.379997,57.091545,40534900
2012-08-03,65.419998,65.879997,65.190002,65.599998,58.173454,42117400
2012-08-06,65.940002,66.389999,65.800003,66.099998,58.616821,23523600
2012-08-07,66.379997,66.919998,66.279999,66.650002,59.104572,28223300
2012-08-08,66.480003,66.760002,66.370003,66.620003,59.077957,20723500
2012-08-09,66.610001,66.910004,66.489998,66.820000,59.255322,20726200
2012-08-10,66.580002,66.879997,66.410004,66.860001,59.290783,20312000
2012-08-13,66.839996,67.029999,66.500000,67.019997,59.432682,19890300
2012-08-14,67.269997,67.410004,66.860001,67.050003,59.459274,24218700
2012-08-15,67.000000,67.320000,66.989998,67.220001,59.610004,29100400
2012-08-16,67.470001,68.169998,67.389999,68.019997,60.319439,35699900
2012-08-17,68.169998,68.330002,68.010002,68.320000,60.585487,22584800
2012-08-20,68.269997,68.430000,68.000000,68.419998,60.674168,26924000
2012-08-21,68.599998,68.879997,67.879997,68.150002,60.434738,41391000
2012-08-22,68.000000,68.559998,67.809998,68.430000,60.683037,44555700
2012-08-23,68.120003,68.339996,67.690002,67.870003,60.186443,28800400
2012-08-24,67.709999,68.449997,67.599998,68.290001,60.558880,38384800
2012-08-27,68.580002,68.669998,68.250000,68.400002,60.656425,20671400
2012-08-28,68.339996,68.589996,68.110001,68.400002,60.656425,27337900
2012-08-29,68.400002,68.570000,68.110001,68.400002,60.656425,26672400
2012-08-30,68.099998,68.129997,67.599998,67.709999,60.044544,24425400
2012-08-31,68.199997,68.449997,67.470001,68.160004,60.443615,42128000
2012-09-04,68.029999,68.349998,67.419998,68.089996,60.381527,32017200
2012-09-05,68.059998,68.349998,67.839996,68.019997,60.319439,26129300
2012-09-06,68.440002,69.550003,68.419998,69.529999,61.658501,43100000
2012-09-07,69.370003,69.550003,69.230003,69.430000,61.569809,32958600
2012-09-10,69.250000,69.400002,68.489998,68.540001,60.780582,25490000
2012-09-11,68.550003,68.820000,68.320000,68.430000,60.683037,29810100
2012-09-12,68.680000,68.809998,68.209999,68.629997,60.860405,42203400
2012-09-13,68.690002,69.860001,68.620003,69.559998,61.685123,45417800
2012-09-14,69.809998,70.430000,69.790001,70.180000,62.234924,38880300
2012-09-17,70.220001,70.239998,69.959999,70.209999,62.261520,31798400
2012-09-18,70.029999,70.300003,70.019997,70.269997,62.314728,27169800
2012-09-19,70.260002,70.580002,70.059998,70.400002,62.430016,36484600
2012-09-20,70.059998,70.400002,69.870003,70.330002,62.367947,42520200
2012-09-21,70.480003,70.540001,70.080002,70.150002,62.385731,23678500
2012-09-24,69.570000,69.860001,69.419998,69.739998,62.021099,32341600
2012-09-25,69.919998,70.080002,68.730003,68.760002,61.149563,41299600
2012-09-26,68.669998,68.709999,67.849998,68.199997,60.651535,32770400
2012-09-27,68.370003,69.300003,68.250000,69.139999,61.487511,25339500
2012-09-28,68.910004,69.120003,68.510002,68.570000,60.980602,30112600
2012-10-01,68.900002,69.330002,68.250000,68.470001,60.891693,37715300
2012-10-02,68.769997,68.980003,68.129997,68.669998,61.069550,33254300
2012-10-03,68.860001,69.239998,68.589996,69.110001,61.460838,38236000
2012-10-04,69.220001,69.540001,69.000000,69.349998,61.674286,26128600
2012-10-05,69.699997,69.800003,68.800003,68.980003,61.345226,25207900
2012-10-08,68.580002,68.720001,68.190002,68.349998,60.784969,30911500
2012-10-09,68.169998,68.339996,67.099998,67.260002,59.815613,67974000
2012-10-10,67.239998,67.430000,66.800003,66.919998,59.513237,45134300
2012-10-11,67.419998,67.470001,66.669998,66.709999,59.326466,30469400
2012-10-12,66.699997,67.059998,66.550003,66.680000,59.299789,24891200
2012-10-15,66.930000,67.260002,66.529999,67.169998,59.735569,22220100
2012-10-16,67.269997,68.199997,67.250000,68.120003,60.580406,33960600
2012-10-17,67.769997,68.300003,67.680000,68.080002,60.544823,33439400
2012-10-18,67.860001,68.080002,67.040001,67.290001,59.842258,61707600
2012-10-19,67.209999,67.269997,65.599998,65.680000,58.410454,75362600
2012-10-22,65.650002,66.190002,65.500000,66.019997,58.712830,38621500
2012-10-23,65.480003,65.949997,65.190002,65.389999,58.152554,52591200
2012-10-24,65.760002,65.870003,65.059998,65.160004,57.948040,39872400
2012-10-25,65.610001,65.720001,64.970001,65.160004,57.948040,52688700
2012-10-26,65.160004,65.620003,64.650002,65.349998,58.116993,54213100
2012-10-31,65.269997,65.389999,64.730003,64.949997,57.761261,38524500
2012-11-01,65.360001,66.000000,65.169998,65.870003,58.579445,26945000
2012-11-02,66.169998,66.209999,65.110001,65.169998,57.956917,44083000
2012-11-05,65.180000,65.730003,65.040001,65.599998,58.339352,28094700
2012-11-06,65.709999,66.169998,65.459999,65.720001,58.446045,29608400
2012-11-07,65.019997,65.099998,63.900002,64.169998,57.067600,70737800
2012-11-08,64.349998,64.500000,63.160000,63.160000,56.169384,58585800
2012-11-09,63.200001,64.110001,63.160000,63.430000,56.409504,51542100
2012-11-12,63.799999,63.869999,63.250000,63.419998,56.400616,32663700
2012-11-13,62.930000,63.580002,62.779999,62.980000,56.009319,43288300
2012-11-14,63.290001,63.360001,62.139999,62.240002,55.351215,82655300
2012-11-15,62.279999,62.490002,61.799999,62.029999,55.164459,55124200
2012-11-16,62.080002,62.480000,61.310001,62.299999,55.404572,70873100
2012-11-19,62.980000,63.830002,62.959999,63.779999,56.720768,55306400
2012-11-20,63.759998,63.889999,63.189999,63.799999,56.738548,52012700
2012-11-21,63.869999,64.019997,63.599998,63.930000,56.854168,19611700
2012-11-23,64.290001,64.919998,64.250000,64.900002,57.716782,16462900
2012-11-26,64.739998,65.220001,64.540001,65.180000,57.965820,26430900
2012-11-27,65.169998,65.400002,64.849998,64.959999,57.770157,25828600
2012-11-28,64.650002,65.570000,64.250000,65.519997,58.268181,37295800
2012-11-29,65.870003,66.139999,65.580002,65.910004,58.615032,41136100
2012-11-30,65.919998,65.970001,65.610001,65.800003,58.517178,33497400
2012-12-03,66.309998,66.370003,65.639999,65.669998,58.401577,28240000
2012-12-04,65.699997,65.769997,65.199997,65.629997,58.366005,49584500
2012-12-05,65.529999,65.540001,64.550003,64.900002,57.716782,54076200
2012-12-06,64.699997,65.480003,64.529999,65.320000,58.090328,47512300
2012-12-07,65.639999,65.709999,64.709999,64.930000,57.743484,30089400
2012-12-10,64.750000,65.459999,64.750000,65.120003,57.912449,33219600
2012-12-11,65.570000,66.339996,65.519997,65.970001,58.668377,40750800
2012-12-12,66.320000,66.320000,65.650002,65.830002,58.543858,45917700
2012-12-13,65.699997,66.160004,65.029999,65.309998,58.081421,45467700
2012-12-14,64.870003,65.080002,64.470001,64.690002,57.530045,39630300
2012-12-17,64.750000,65.570000,64.660004,65.550003,58.294853,42302900
2012-12-18,65.879997,66.650002,65.699997,66.550003,59.184185,55596000
2012-12-19,66.739998,66.760002,66.220001,66.260002,58.926262,34832500
2012-12-20,66.379997,66.410004,65.930000,66.260002,58.926262,40754300
2012-12-21,64.879997,65.279999,64.599998,65.199997,58.306549,51152900
2012-12-24,65.029999,65.139999,64.919998,65.070000,58.190277,11418300
2012-12-26,65.120003,65.180000,64.290001,64.500000,57.680573,21751300
2012-12-27,64.559998,64.639999,63.599998,64.400002,57.591122,52933200
2012-12-28,63.910000,64.430000,63.750000,63.779999,57.036678,33082100
2012-12-31,63.709999,65.250000,63.580002,65.129997,58.243954,57544000
2013-01-02,66.730003,67.230003,66.480003,67.199997,60.095100,70695900
2013-01-03,67.199997,67.339996,66.650002,66.849998,59.782085,47366500
2013-01-04,66.879997,66.879997,66.470001,66.629997,59.585342,33972500
2013-01-07,66.459999,66.760002,66.250000,66.650002,59.603271,26766200
2013-01-08,66.639999,66.820000,66.169998,66.519997,59.486980,28734900
2013-01-09,66.620003,66.949997,66.550003,66.769997,59.710533,25600300
2013-01-10,67.230003,67.269997,66.550003,67.169998,60.068268,37528000
2013-01-11,67.139999,67.290001,67.000000,67.260002,60.148762,21158600
2013-01-14,66.919998,67.150002,66.669998,66.959999,59.880447,36768500
2013-01-15,66.629997,66.730003,66.330002,66.629997,59.585342,31675300
2013-01-16,66.720001,67.129997,66.599998,66.900002,59.826820,33822300
2013-01-17,67.169998,67.480003,67.059998,67.220001,60.112968,32024200
2013-01-18,67.019997,67.139999,66.769997,67.070000,59.978825,31992000
2013-01-22,67.139999,67.230003,66.730003,67.180000,60.077202,32123100
2013-01-23,67.559998,67.790001,67.459999,67.589996,60.443867,31975700
2013-01-24,66.660004,67.279999,66.559998,66.660004,59.612202,42596300
2013-01-25,66.870003,67.190002,66.739998,67.000000,59.916237,39240100
2013-01-28,67.010002,67.379997,66.930000,67.150002,60.050392,32926100
2013-01-29,67.070000,67.309998,66.629997,67.160004,60.059334,35554700
2013-01-30,67.279999,67.480003,66.870003,67.019997,59.934116,34445000
2013-01-31,66.989998,67.349998,66.809998,66.870003,59.799946,34870500
2013-02-01,67.339996,67.779999,67.070000,67.660004,60.506466,53120800
2013-02-04,67.269997,67.459999,66.459999,66.480003,59.451229,48483700
2013-02-05,66.769997,67.669998,66.610001,67.459999,60.327583,35120300
2013-02-06,67.239998,67.550003,67.040001,67.239998,60.130848,43593200
2013-02-07,67.320000,67.370003,66.559998,67.300003,60.184521,46017900
2013-02-08,67.639999,68.129997,67.629997,67.989998,60.801575,39837200
2013-02-11,68.029999,68.059998,67.779999,68.010002,60.819431,17650400
2013-02-12,67.919998,68.050003,67.660004,67.730003,60.569050,22057900
2013-02-13,67.930000,68.230003,67.769997,67.970001,60.783665,23494700
2013-02-14,67.660004,68.050003,67.620003,67.949997,60.765781,24478800
2013-02-15,67.940002,68.110001,67.559998,67.750000,60.586956,25333600
2013-02-19,67.879997,68.260002,67.860001,68.239998,61.025146,23436500
2013-02-20,68.220001,68.250000,67.180000,67.190002,60.086155,38200300
2013-02-21,66.940002,67.010002,66.230003,66.470001,59.442249,45855600
2013-02-22,66.849998,67.150002,66.589996,67.139999,60.041435,21968000
2013-02-25,67.570000,67.809998,66.250000,66.309998,59.299160,40927600
2013-02-26,66.400002,66.680000,65.959999,66.559998,59.522743,42088800
2013-02-27,66.559998,67.650002,66.470001,67.239998,60.130848,36339500
2013-02-28,67.250000,67.739998,67.089996,67.099998,60.005650,28557300
2013-03-01,66.870003,67.500000,66.540001,67.379997,60.256042,31617200
2013-03-04,67.160004,67.690002,67.070000,67.680000,60.524338,19380500
2013-03-05,68.080002,68.769997,68.080002,68.680000,61.418610,35581900
2013-03-06,68.889999,68.910004,68.419998,68.510002,61.266602,29071100
2013-03-07,68.589996,68.800003,68.449997,68.690002,61.427559,21775900
2013-03-08,68.919998,69.019997,68.500000,68.769997,61.499088,26159900
2013-03-11,68.680000,68.989998,68.470001,68.970001,61.677940,23187900
2013-03-12,68.769997,68.930000,68.389999,68.720001,61.454395,27575400
2013-03-13,68.809998,68.889999,68.389999,68.629997,61.373894,34297300
2013-03-14,68.870003,69.010002,68.709999,68.860001,61.579605,31530800
2013-03-15,68.750000,68.790001,68.339996,68.510002,61.408398,30752600
2013-03-18,67.879997,68.639999,67.730003,68.360001,61.273926,36163000
2013-03-19,68.570000,68.699997,67.620003,68.230003,61.157417,33125100
2013-03-20,68.709999,68.860001,68.389999,68.709999,61.587627,28035400
2013-03-21,68.080002,68.250000,67.769997,67.930000,60.888489,30050800
2013-03-22,68.209999,68.639999,68.129997,68.589996,61.480083,28837200
2013-03-25,68.809998,68.959999,68.010002,68.339996,61.255981,24909800
2013-03-26,68.599998,68.730003,68.449997,68.709999,61.587627,19725200
2013-03-27,68.239998,68.849998,68.139999,68.800003,61.668331,22539500
2013-03-28,68.800003,69.059998,68.639999,68.970001,61.820690,23662800
2013-04-01,69.019997,69.089996,68.309998,68.500000,61.399422,28112800
2013-04-02,68.830002,69.269997,68.769997,69.040001,61.883453,29431900
2013-04-03,69.080002,69.180000,68.239998,68.410004,61.318733,35131200
2013-04-04,68.379997,68.599998,68.059998,68.430000,61.336670,32287400
2013-04-05,67.349998,67.959999,67.190002,67.860001,60.825756,55610800
2013-04-08,67.889999,68.239998,67.690002,68.220001,61.148438,17891600
2013-04-09,68.400002,68.959999,68.089996,68.680000,61.560749,30931400
2013-04-10,68.919998,70.169998,68.879997,70.019997,62.761833,55271300
2013-04-11,69.849998,70.150002,69.769997,69.989998,62.734947,37233600
2013-04-12,69.820000,69.989998,69.410004,69.940002,62.690140,32783700
2013-04-15,69.680000,69.790001,68.480003,68.559998,61.453186,48795800
2013-04-16,68.949997,69.550003,68.809998,69.470001,62.268879,27682600
2013-04-17,68.870003,68.889999,67.709999,68.110001,61.049850,60204800
2013-04-18,68.290001,68.330002,66.879997,67.169998,60.207279,56798200
2013-04-19,67.300003,68.230003,67.199997,68.089996,61.031902,43062800
2013-04-22,68.330002,69.040001,68.080002,68.790001,61.659348,34412100
2013-04-23,69.180000,69.699997,68.820000,69.449997,62.250935,53078300
2013-04-24,69.279999,69.669998,69.120003,69.419998,62.224064,44500700
2013-04-25,69.599998,70.050003,69.589996,69.790001,62.555710,26437100
2013-04-26,69.620003,69.769997,69.269997,69.570000,62.358498,24079800
2013-04-29,69.790001,70.480003,69.760002,70.209999,62.932148,31664000
2013-04-30,70.300003,70.730003,70.040001,70.720001,63.389282,30135800
2013-05-01,70.739998,70.849998,70.250000,70.389999,63.093517,28537200
2013-05-02,70.510002,71.430000,70.449997,71.279999,63.891247,31744200
2013-05-03,71.970001,72.339996,71.910004,72.120003,64.644173,34061700
2013-05-06,72.250000,72.510002,72.190002,72.400002,64.895149,19244300
2013-05-07,72.519997,72.570000,72.089996,72.360001,64.859283,25838100
2013-05-08,72.320000,72.769997,72.199997,72.709999,65.172989,24252100
2013-05-09,72.570000,73.099998,72.470001,72.610001,65.083382,29337200
2013-05-10,72.760002,73.080002,72.629997,73.050003,65.477806,20663700
2013-05-13,72.930000,73.320000,72.860001,73.139999,65.558441,29730100
2013-05-14,73.160004,73.739998,73.129997,73.519997,65.899055,36009800
2013-05-15,73.379997,73.739998,73.199997,73.669998,66.033508,27214400
2013-05-16,73.730003,74.099998,73.550003,73.589996,65.961777,27253400
2013-05-17,73.970001,74.330002,73.730003,74.300003,66.598198,31114500
2013-05-20,74.160004,74.430000,73.889999,74.190002,66.499611,25132400
2013-05-21,74.150002,74.540001,73.889999,74.269997,66.571297,25900000
2013-05-22,74.360001,74.949997,73.239998,73.620003,65.988686,59843200
2013-05-23,72.970001,73.699997,72.830002,73.449997,65.836281,48222100
2013-05-24,72.959999,73.430000,72.760002,73.410004,65.800461,26430300
2013-05-28,74.269997,74.540001,73.660004,73.889999,66.230728,27057100
2013-05-29,73.599998,73.800003,73.120003,73.540001,65.916969,32090300
2013-05-30,73.570000,74.279999,73.550003,73.930000,66.266548,32390500
2013-05-31,73.650002,74.209999,73.169998,73.250000,65.657036,38347600
2013-06-03,73.260002,73.400002,72.430000,73.379997,65.773567,47613100
2013-06-04,73.529999,73.820000,72.699997,73.000000,65.432953,35251900
2013-06-05,72.760002,73.040001,71.989998,72.050003,64.581429,48654200
2013-06-06,72.150002,72.410004,71.470001,72.400002,64.895149,62524100
2013-06-07,72.699997,73.470001,72.519997,73.389999,65.782547,31969800
2013-06-10,73.529999,73.760002,73.260002,73.419998,65.809395,25390000
2013-06-11,72.690002,73.339996,72.440002,72.690002,65.155075,40278900
2013-06-12,73.110001,73.139999,71.739998,71.849998,64.402168,42081900
2013-06-13,71.750000,72.919998,71.550003,72.760002,65.217834,28221500
2013-06-14,72.760002,72.839996,72.169998,72.279999,64.787590,27690700
2013-06-17,72.849998,73.400002,72.599998,72.980003,65.415031,32441900
2013-06-18,73.080002,73.720001,73.059998,73.580002,65.952850,24853100
2013-06-19,73.599998,73.680000,72.680000,72.760002,65.217834,43145100
2013-06-20,71.919998,72.160004,70.790001,71.029999,63.667191,60908400
2013-06-21,70.779999,70.970001,69.839996,70.430000,63.329060,51558900
2013-06-24,69.849998,70.269997,69.150002,69.730003,62.699646,41492300
2013-06-25,70.400002,70.519997,69.809998,70.239998,63.158226,28897400
2013-06-26,70.839996,71.000000,70.589996,70.870003,63.724724,23742300
2013-06-27,71.239998,71.620003,71.129997,71.169998,63.994473,23545000
2013-06-28,70.949997,71.690002,70.790001,71.269997,64.084358,28301100
2013-07-01,71.750000,72.300003,71.639999,71.709999,64.480019,24942800
2013-07-02,71.680000,72.180000,71.349998,71.739998,64.506958,23067900
2013-07-03,71.480003,72.370003,71.419998,72.029999,64.767769,18847500
2013-07-05,72.440002,72.610001,71.860001,72.580002,65.262306,28795900
2013-07-08,72.959999,72.989998,72.379997,72.650002,65.325256,20558500
2013-07-09,72.989998,73.250000,72.650002,73.089996,65.720894,26108600
2013-07-10,73.019997,73.620003,72.980003,73.510002,66.098534,25598900
2013-07-11,74.300003,75.029999,74.250000,74.970001,67.411346,47768900
2013-07-12,75.019997,75.349998,74.820000,75.300003,67.708069,31412600
2013-07-15,75.379997,75.519997,75.169998,75.470001,67.860916,19783600
2013-07-16,75.529999,75.589996,75.180000,75.370003,67.771011,31747100
2013-07-17,75.599998,75.739998,75.349998,75.559998,67.941818,24631500
2013-07-18,75.550003,75.739998,75.250000,75.370003,67.771011,36278800
2013-07-19,74.720001,74.739998,74.370003,74.589996,67.069618,37732400
2013-07-22,74.870003,74.980003,74.580002,74.809998,67.267479,21135900
2013-07-23,74.949997,74.959999,74.199997,74.260002,66.772934,24739500
2013-07-24,74.989998,75.019997,74.330002,74.500000,66.988731,24426900
2013-07-25,74.849998,75.059998,74.459999,74.970001,67.411346,23162200
2013-07-26,74.669998,75.379997,74.550003,75.370003,67.771011,20885600
2013-07-29,75.220001,75.540001,75.029999,75.230003,67.645096,20958400
2013-07-30,75.500000,75.949997,75.349998,75.629997,68.004799,24104600
2013-07-31,75.779999,76.209999,75.629997,75.769997,68.130669,25007600
2013-08-01,76.290001,76.650002,76.209999,76.540001,68.823044,16880000
2013-08-02,76.550003,76.989998,76.379997,76.970001,69.209694,18105300
2013-08-05,76.930000,77.080002,76.779999,77.019997,69.254669,15462800
2013-08-06,76.919998,76.989998,76.250000,76.559998,68.841026,23675400
2013-08-07,76.339996,76.570000,75.870003,76.419998,68.715157,20281200
2013-08-08,76.839996,76.980003,76.300003,76.800003,69.056824,19994000
2013-08-09,76.669998,76.940002,76.269997,76.489998,68.778091,18558500
2013-08-12,76.199997,76.809998,76.190002,76.669998,68.939934,20515900
2013-08-13,76.769997,77.269997,76.220001,77.099998,69.326591,23917000
2013-08-14,77.070000,77.180000,76.699997,76.809998,69.065834,29921000
2013-08-15,75.949997,75.989998,75.290001,75.510002,67.896904,39406600
2013-08-16,75.519997,75.870003,75.349998,75.480003,67.869881,23825000
2013-08-19,75.489998,76.129997,75.330002,75.349998,67.753029,29586900
2013-08-20,75.489998,76.029999,75.430000,75.680000,68.049759,18842800
2013-08-21,75.440002,76.089996,75.139999,75.419998,67.815971,30705100
2013-08-22,75.750000,76.209999,75.709999,76.160004,68.481361,17269500
2013-08-23,76.699997,76.769997,76.400002,76.669998,68.939934,20697300
2013-08-26,76.730003,77.279999,76.550003,76.709999,68.975914,27525500
2013-08-27,75.800003,76.180000,74.959999,75.139999,67.564201,40068900
2013-08-28,75.050003,75.750000,75.050003,75.430000,67.824974,20490400
2013-08-29,75.410004,76.339996,75.300003,75.959999,68.301521,27287900
2013-08-30,76.040001,76.040001,75.199997,75.470001,67.860916,26228500
2013-09-03,76.089996,76.440002,75.540001,75.900002,68.247581,27241500
2013-09-04,76.160004,76.839996,75.930000,76.709999,68.975914,27142900
2013-09-05,76.760002,77.059998,76.730003,76.839996,69.092796,17809700
2013-09-06,77.099998,77.339996,76.050003,76.930000,69.173737,27715100
2013-09-09,77.260002,77.959999,77.230003,77.830002,69.982979,25161900
2013-09-10,78.279999,78.320000,77.919998,78.209999,70.324677,27619400
2013-09-11,77.690002,78.110001,77.589996,78.059998,70.189796,28132900
2013-09-12,78.080002,78.250000,77.849998,78.010002,70.144829,18332700
2013-09-13,78.089996,78.139999,77.639999,78.059998,70.189796,16932500
2013-09-16,78.720001,78.720001,77.669998,77.849998,70.000984,25704300
2013-09-17,78.019997,78.470001,77.980003,78.370003,70.468567,27174300
2013-09-18,78.489998,79.470001,78.330002,79.309998,71.313751,31714700
2013-09-19,79.559998,79.690002,79.360001,79.500000,71.484596,26435700
2013-09-20,79.449997,79.540001,78.949997,78.989998,71.239311,26328900
2013-09-23,79.320000,79.410004,78.459999,78.830002,71.094963,30319400
2013-09-24,79.000000,79.250000,78.570000,78.830002,71.094963,21871300
2013-09-25,78.889999,79.000000,78.400002,78.559998,70.851509,22746400
2013-09-26,78.879997,79.360001,78.849998,79.169998,71.401634,22421700
2013-09-27,78.709999,79.209999,78.589996,79.070000,71.311447,25151600
2013-09-30,78.250000,79.089996,78.000000,78.879997,71.140091,28031900
2013-10-01,78.889999,79.720001,78.849998,79.680000,71.861595,33129700
2013-10-02,79.139999,79.760002,79.059998,79.650002,71.834534,25503800
2013-10-03,79.550003,79.720001,78.300003,78.720001,70.995796,42998200
2013-10-04,78.720001,79.510002,78.650002,79.400002,71.609062,22852700
2013-10-07,78.699997,79.349998,78.669998,78.739998,71.013809,20227100
2013-10-08,78.739998,78.809998,77.190002,77.220001,69.643005,43660700
2013-10-09,77.400002,77.440002,76.349998,76.980003,69.426521,64526700
2013-10-10,77.809998,78.790001,77.790001,78.610001,70.896599,48062700
2013-10-11,78.410004,79.290001,78.400002,79.230003,71.455734,25214100
2013-10-14,78.739998,79.790001,78.680000,79.790001,71.960793,31471900
2013-10-15,79.730003,80.110001,79.379997,79.480003,71.681229,38684000
2013-10-16,79.849998,80.419998,79.790001,80.379997,72.492905,46735900
2013-10-17,80.019997,80.870003,79.949997,80.839996,72.907784,32193500
2013-10-18,81.580002,82.180000,81.349998,82.150002,74.089211,39628200
2013-10-21,82.339996,82.540001,82.070000,82.330002,74.251572,31176900
2013-10-22,82.650002,82.900002,81.930000,82.449997,74.359787,43944800
2013-10-23,82.050003,82.199997,81.550003,81.949997,73.908882,38021300
2013-10-24,82.000000,82.480003,81.879997,82.309998,74.233551,23155100
2013-10-25,83.080002,83.279999,82.500000,82.900002,74.765648,35824500
2013-10-28,82.910004,83.050003,82.550003,82.919998,74.783676,28618400
2013-10-29,83.199997,83.260002,82.699997,83.059998,74.909935,36878100
2013-10-30,83.349998,83.489998,82.580002,82.980003,74.837784,33535500
2013-10-31,82.769997,83.300003,82.480003,82.790001,74.666428,31309900
2013-11-01,83.070000,83.169998,82.400002,82.809998,74.684456,30867800
2013-11-04,83.059998,83.070000,82.639999,82.930000,74.792709,16834000
2013-11-05,82.610001,83.220001,82.370003,83.019997,74.873840,27975600
2013-11-06,83.370003,83.400002,82.730003,83.000000,74.855843,25576800
2013-11-07,83.010002,83.129997,81.370003,81.440002,73.448891,52173200
2013-11-08,81.739998,82.559998,81.510002,82.540001,74.440964,31470500
2013-11-11,82.419998,82.639999,82.139999,82.410004,74.323730,24822900
2013-11-12,82.160004,82.660004,82.120003,82.540001,74.440964,20108500
2013-11-13,82.000000,83.550003,82.000000,83.540001,75.342873,31345900
2013-11-14,83.320000,83.860001,83.139999,83.800003,75.577332,31101200
2013-11-15,83.820000,83.959999,83.610001,83.959999,75.721634,20511300
2013-11-18,83.940002,84.110001,82.980003,83.139999,74.982101,31679600
2013-11-19,83.089996,83.489998,82.760002,82.900002,74.765648,25545300
2013-11-20,83.120003,83.430000,82.459999,82.699997,74.585274,32177400
2013-11-21,83.050003,83.610001,82.980003,83.540001,75.342873,28125000
2013-11-22,83.680000,84.019997,83.620003,83.989998,75.748695,25361300
2013-11-25,84.290001,84.379997,83.980003,84.190002,75.929062,21695100
2013-11-26,84.209999,84.839996,84.029999,84.629997,76.325867,26621000
2013-11-27,84.800003,85.239998,84.730003,85.220001,76.858002,21638100
2013-11-29,85.559998,85.839996,85.470001,85.730003,77.317963,16708900
2013-12-02,85.830002,85.959999,85.349998,85.480003,77.092484,26354600
2013-12-03,85.419998,85.639999,85.080002,85.410004,77.029366,37147000
2013-12-04,85.050003,85.769997,84.779999,85.489998,77.101501,37193200
2013-12-05,85.559998,85.660004,85.169998,85.379997,77.002281,39829300
2013-12-06,86.099998,86.180000,85.589996,86.000000,77.561455,36842900
2013-12-09,86.349998,86.529999,86.199997,86.349998,77.877090,22590000
2013-12-10,86.209999,86.449997,86.120003,86.290001,77.822990,26965900
2013-12-11,86.279999,86.400002,85.059998,85.180000,76.821877,36830600
2013-12-12,85.209999,85.419998,84.900002,84.959999,76.623505,33662600
2013-12-13,85.360001,85.400002,84.709999,84.849998,76.524284,34072000
2013-12-16,85.269997,85.809998,85.209999,85.320000,76.948196,24902500
2013-12-17,85.320000,85.529999,84.989998,85.150002,76.794891,24454900
2013-12-18,85.250000,86.220001,84.050003,86.139999,77.687714,68387200
2013-12-19,86.000000,86.010002,85.519997,85.900002,77.471260,44964100
2013-12-20,85.790001,86.680000,85.730003,86.500000,78.260201,40475400
2013-12-23,87.209999,87.410004,86.949997,87.410004,79.083519,28181800
2013-12-24,87.430000,87.510002,87.269997,87.449997,79.119698,13852500
2013-12-26,87.610001,87.809998,87.440002,87.739998,79.382095,15241100
2013-12-27,87.849998,87.900002,87.410004,87.519997,79.183052,15827400
2013-12-30,87.389999,87.510002,87.139999,87.389999,79.065422,18983700
2013-12-31,87.550003,87.959999,87.519997,87.959999,79.581139,24890500
2014-01-02,87.550003,87.580002,87.019997,87.269997,78.956886,29177500
2014-01-03,87.269997,87.349998,86.620003,86.639999,78.386894,35723700
2014-01-06,86.660004,86.760002,86.000000,86.320000,78.097374,32073100
2014-01-07,86.720001,87.250000,86.559998,87.120003,78.821152,25860600
2014-01-08,87.139999,87.550003,86.949997,87.309998,78.993065,27197400
2014-01-09,87.629997,87.639999,86.720001,87.019997,78.730675,23674700
2014-01-10,87.230003,87.400002,86.580002,87.300003,78.983994,38008900
2014-01-13,87.180000,87.480003,85.680000,86.010002,77.816879,48842300
2014-01-14,86.300003,87.720001,86.300003,87.650002,79.300667,37178900
2014-01-15,88.029999,88.540001,87.940002,88.370003,79.952103,39835600
2014-01-16,88.300003,88.510002,88.160004,88.379997,79.961128,31630100
2014-01-17,88.110001,88.370003,87.669998,87.879997,79.508766,36895800
2014-01-21,88.440002,88.589996,87.809998,88.550003,80.114944,26412700
2014-01-22,88.779999,89.000000,88.519997,88.779999,80.323006,29376900
2014-01-23,88.510002,88.519997,87.860001,88.480003,80.051636,35011900
2014-01-24,88.050003,88.180000,86.709999,86.739998,78.477333,63974600
2014-01-27,86.739998,86.889999,85.250000,85.900002,77.717339,63519300
2014-01-28,85.500000,85.940002,85.309998,85.849998,77.672119,44378800
2014-01-29,85.110001,85.739998,84.760002,84.930000,76.839767,51939300
2014-01-30,85.970001,86.800003,85.879997,86.500000,78.260201,65833600
2014-01-31,85.540001,86.680000,85.449997,86.269997,78.052124,45187000
2014-02-03,86.110001,86.500000,84.070000,84.290001,76.260719,65596900
2014-02-04,84.720001,85.250000,84.459999,84.910004,76.821663,37675500
2014-02-05,84.629997,84.989998,83.739998,84.690002,76.622620,41721800
2014-02-06,84.940002,85.879997,84.919998,85.769997,77.599754,32308600
2014-02-07,86.250000,87.360001,86.000000,87.300003,78.983994,38359400
2014-02-10,87.269997,87.839996,87.209999,87.800003,79.436340,30205400
2014-02-11,87.989998,88.970001,87.889999,88.800003,80.341095,38635500
2014-02-12,88.980003,89.169998,88.699997,88.970001,80.494919,32507200
2014-02-13,88.320000,89.699997,88.300003,89.629997,81.092033,40454500
2014-02-14,89.599998,90.010002,89.330002,89.809998,81.254898,33212400
2014-02-18,89.959999,90.419998,89.739998,90.250000,81.653000,29546600
2014-02-19,90.080002,90.290001,89.449997,89.629997,81.092033,41749900
2014-02-20,89.690002,90.220001,89.309998,90.050003,81.472054,41814800
2014-02-21,90.339996,90.470001,89.820000,89.930000,81.363480,31192200
2014-02-24,90.139999,90.820000,90.040001,90.410004,81.797768,31500400
2014-02-25,90.540001,90.720001,90.019997,90.309998,81.707275,26771700
2014-02-26,90.550003,90.839996,89.870003,90.230003,81.634880,42953700
2014-02-27,89.870003,90.529999,89.730003,90.440002,82.164566,28742400
2014-02-28,90.419998,90.959999,89.540001,90.339996,82.073692,48609800
2014-03-03,89.489998,89.910004,88.870003,89.669998,81.465027,38885700
2014-03-04,90.650002,90.980003,90.559998,90.809998,82.500687,33189000
2014-03-05,90.959999,91.220001,90.769997,91.059998,82.727798,27203300
2014-03-06,91.269997,91.339996,90.650002,90.980003,82.655128,24063900
2014-03-07,91.269997,91.360001,90.070000,90.529999,82.246330,31167800
2014-03-10,90.480003,90.660004,90.029999,90.610001,82.319000,18131700
2014-03-11,90.830002,91.059998,89.949997,90.220001,81.964684,27484300
2014-03-12,89.809998,90.610001,89.480003,90.559998,82.273560,27977200
2014-03-13,90.900002,90.930000,88.870003,89.279999,81.110703,48542000
2014-03-14,88.989998,89.379997,88.629997,88.669998,80.556511,38732300
2014-03-17,89.239998,89.910004,89.190002,89.449997,81.265129,28467200
2014-03-18,89.559998,90.639999,89.529999,90.529999,82.246330,31250200
2014-03-19,90.559998,90.660004,89.449997,90.040001,81.801186,40869400
2014-03-20,89.760002,90.559998,89.580002,90.290001,82.028282,31634500
2014-03-21,90.599998,90.650002,88.830002,89.000000,81.041183,62754000
2014-03-24,89.320000,89.389999,87.410004,88.220001,80.330963,77735300
2014-03-25,88.680000,89.250000,87.769997,88.510002,80.595039,41723300
2014-03-26,88.949997,89.150002,87.360001,87.370003,79.556984,40930400
2014-03-27,87.250000,87.639999,86.400002,86.879997,79.110779,64784500
2014-03-28,87.160004,88.010002,86.809998,87.050003,79.265617,39895100
2014-03-31,87.730003,88.260002,87.620003,87.669998,79.830116,33924300
2014-04-01,88.099998,89.269997,87.709999,89.209999,81.232430,38683800
2014-04-02,89.589996,89.680000,89.040001,89.440002,81.441864,34631600
2014-04-03,89.529999,89.680000,88.220001,88.730003,80.795357,30319100
2014-04-04,89.320000,89.410004,86.139999,86.370003,78.646378,131213200
2014-04-07,85.830002,86.629997,84.949997,85.550003,77.899719,83995800
2014-04-08,85.650002,86.459999,85.349998,86.339996,78.619087,51495700
2014-04-09,86.660004,87.870003,86.430000,87.820000,79.966743,45685200
2014-04-10,87.879997,87.879997,84.860001,85.099998,77.489952,73659600
2014-04-11,84.339996,85.440002,83.910004,84.110001,76.588501,93657400
2014-04-14,84.849998,85.220001,83.989998,84.769997,77.189476,46500700
2014-04-15,85.080002,85.540001,83.279999,85.050003,77.444450,84631500
2014-04-16,85.790001,86.180000,85.089996,86.180000,78.473396,46970900
2014-04-17,85.849998,86.629997,85.629997,86.199997,78.491577,53719500
2014-04-21,86.400002,86.839996,86.000000,86.839996,79.074371,25947900
2014-04-22,87.139999,87.750000,86.989998,87.529999,79.702652,38593400
2014-04-23,87.529999,87.559998,86.709999,86.760002,79.001534,34376700
2014-04-24,88.190002,88.209999,86.650002,87.589996,79.757317,48926300
2014-04-25,87.070000,87.169998,85.980003,86.190002,78.482483,44334000
2014-04-28,86.599998,87.110001,85.110001,86.470001,78.737434,58623800
2014-04-29,86.730003,87.320000,86.309998,87.160004,79.365753,36742700
2014-04-30,86.760002,87.480003,86.540001,87.389999,79.575180,38689400
2014-05-01,87.529999,88.150002,87.309998,87.650002,79.811928,37127200
2014-05-02,87.949997,88.110001,87.279999,87.489998,79.666245,40074200
2014-05-05,86.970001,87.970001,86.760002,87.949997,80.085106,27924400
2014-05-06,87.809998,87.860001,86.769997,86.809998,79.047073,33698500
2014-05-07,86.989998,87.080002,85.529999,86.559998,78.819420,67489100
2014-05-08,86.250000,87.529999,86.050003,86.480003,78.746567,46556900
2014-05-09,86.430000,86.860001,85.849998,86.800003,79.037964,35081500
2014-05-12,87.320000,88.260002,87.239998,88.230003,80.340080,38951100
2014-05-13,88.309998,88.610001,88.120003,88.290001,80.394707,30311900
2014-05-14,88.019997,88.349998,87.620003,87.830002,79.975868,26483600
2014-05-15,87.809998,87.959999,86.580002,87.139999,79.347549,59680300
2014-05-16,87.239998,87.760002,86.639999,87.709999,79.866585,66804100
2014-05-19,87.449997,88.459999,87.300003,88.320000,80.422005,32017000
2014-05-20,88.279999,88.599998,87.639999,88.000000,80.130653,33716000
2014-05-21,88.160004,88.889999,88.110001,88.839996,80.895523,36837700
2014-05-22,88.940002,89.480003,88.800003,89.230003,81.250641,30617100
2014-05-23,89.320000,89.900002,89.120003,89.879997,81.842514,22687300
2014-05-27,90.279999,91.019997,90.199997,91.000000,82.862366,29725200
2014-05-28,90.970001,91.099998,90.650002,90.720001,82.607399,30468100
2014-05-29,91.040001,91.309998,90.860001,91.300003,83.135529,33036100
2014-05-30,91.320000,91.449997,90.830002,91.309998,83.144638,29906400
2014-06-02,91.419998,91.440002,90.639999,91.220001,83.062691,30409900
2014-06-03,90.919998,91.330002,90.800003,91.180000,83.026276,21774500
2014-06-04,90.949997,91.669998,90.809998,91.519997,83.335869,20118300
2014-06-05,91.599998,92.459999,91.290001,92.290001,84.037010,35583100
2014-06-06,92.629997,92.820000,92.449997,92.820000,84.519623,22680600
2014-06-09,92.839996,92.980003,92.500000,92.750000,84.455879,23399500
2014-06-10,92.669998,92.959999,92.559998,92.910004,84.601578,20626000
2014-06-11,92.589996,93.019997,92.500000,92.889999,84.583351,22878200
2014-06-12,92.690002,92.790001,91.730003,92.050003,83.818481,35275900
2014-06-13,92.449997,92.550003,91.919998,92.320000,84.064346,39447100
2014-06-16,92.160004,92.669998,91.959999,92.400002,84.137192,25212300
2014-06-17,92.330002,92.699997,92.180000,92.449997,84.182709,19977900
2014-06-18,92.540001,93.099998,91.980003,92.970001,84.656189,34514000
2014-06-19,93.110001,93.169998,92.489998,92.910004,84.601578,38422200
2014-06-20,92.699997,92.870003,92.529999,92.769997,84.701103,25897500
2014-06-23,92.760002,92.820000,92.510002,92.790001,84.719360,20837900
2014-06-24,92.779999,93.570000,92.430000,92.699997,84.637138,31945800
2014-06-25,92.489998,93.449997,92.480003,93.290001,85.175888,32818600
2014-06-26,93.349998,93.360001,92.620003,93.339996,85.221497,22563900
2014-06-27,93.220001,93.769997,93.190002,93.750000,85.595856,22877800
2014-06-30,93.730003,94.139999,93.669998,93.910004,85.741951,19751900
2014-07-01,94.239998,95.190002,94.199997,94.940002,86.682350,31862500
2014-07-02,95.000000,95.239998,94.910004,95.099998,86.828407,18777300
2014-07-03,95.410004,95.699997,95.150002,95.699997,87.376228,15291700
2014-07-07,95.589996,95.709999,95.230003,95.410004,87.111481,23266400
2014-07-08,95.230003,95.300003,93.870003,94.260002,86.061462,40612400
2014-07-09,94.510002,95.070000,94.239998,94.959999,86.700600,29919000
2014-07-10,93.739998,95.050003,93.629997,94.660004,86.426720,44245300
2014-07-11,94.900002,95.269997,94.610001,95.269997,86.983635,19566300
2014-07-14,95.699997,96.059998,95.540001,95.839996,87.504066,19579000
2014-07-15,95.989998,96.129997,94.830002,95.510002,87.202774,39467500
2014-07-16,96.199997,96.300003,95.790001,95.889999,87.549721,22052600
2014-07-17,95.629997,95.970001,94.320000,94.620003,86.390182,43111500
2014-07-18,95.110001,96.169998,95.000000,96.120003,87.759712,36682200
2014-07-21,95.919998,96.160004,95.550003,96.000000,87.650131,29750700
2014-07-22,96.449997,96.760002,96.349998,96.610001,88.207092,25770400
2014-07-23,96.949997,97.339996,96.769997,97.230003,88.773178,28947500
2014-07-24,97.400002,97.510002,96.980003,97.120003,88.672722,24707200
2014-07-25,96.620003,96.870003,96.230003,96.739998,88.325768,29898900
2014-07-28,96.839996,97.019997,96.019997,96.769997,88.353165,25603400
2014-07-29,96.980003,97.199997,96.519997,96.599998,88.197952,27022200
2014-07-30,97.139999,97.320000,96.599998,96.980003,88.544907,35348500
2014-07-31,96.180000,96.339996,94.879997,95.019997,86.755379,50047900
2014-08-01,94.820000,95.339996,94.040001,94.669998,86.435822,60708000
2014-08-04,94.870003,95.690002,94.519997,95.320000,87.029282,33230500
2014-08-05,94.940002,95.209999,94.150002,94.589996,86.362808,50331100
2014-08-06,94.000000,95.110001,93.919998,94.519997,86.298882,34431900
2014-08-07,94.959999,95.139999,93.889999,94.220001,86.024979,33274700
2014-08-08,94.370003,95.010002,93.970001,94.900002,86.645828,40236900
2014-08-11,95.269997,95.760002,95.199997,95.459999,87.157112,28277500
2014-08-12,95.360001,95.669998,94.930000,95.419998,87.120598,28152300
2014-08-13,95.809998,96.470001,95.760002,96.430000,88.042732,27996500
2014-08-14,96.559998,96.949997,96.430000,96.930000,88.499260,25006600
2014-08-15,97.489998,97.629997,96.480003,97.400002,88.928360,55205500
2014-08-18,97.910004,98.239998,97.769997,98.150002,89.613136,38938300
2014-08-19,98.379997,98.760002,98.320000,98.699997,90.115303,21363400
2014-08-20,98.620003,98.900002,98.529999,98.699997,90.115303,23435600
2014-08-21,98.750000,98.949997,98.599998,98.900002,90.297897,19339500
2014-08-22,98.940002,99.250000,98.720001,99.050003,90.434860,24692000
2014-08-25,99.519997,99.680000,99.160004,99.400002,90.754417,24124700
2014-08-26,99.550003,99.610001,99.269997,99.500000,90.845764,20100400
2014-08-27,99.529999,99.639999,99.309998,99.519997,90.864021,15589100
2014-08-28,99.180000,99.529999,99.080002,99.410004,90.763550,23563900
2014-08-29,99.629997,99.910004,99.269997,99.779999,91.101372,17906300
2014-09-02,100.019997,100.099998,99.660004,100.070000,91.366150,18326800
2014-09-03,100.339996,100.339996,99.300003,99.480003,90.827477,25950700
2014-09-04,99.709999,100.220001,99.139999,99.389999,90.745293,24663500
2014-09-05,99.540001,99.949997,99.029999,99.889999,91.201797,30798200
2014-09-08,99.919998,100.330002,99.620003,100.080002,91.375282,25571300
2014-09-09,100.089996,100.459999,99.059998,99.250000,90.617470,36449200
2014-09-10,99.379997,100.110001,99.099998,100.070000,91.366150,31080100
2014-09-11,99.639999,100.040001,99.239998,99.989998,91.293098,28691900
2014-09-12,99.900002,99.930000,99.169998,99.480003,90.827477,30444400
2014-09-15,99.589996,99.599998,98.220001,98.519997,89.950989,32972200
2014-09-16,98.150002,99.570000,98.050003,99.379997,90.736145,38166900
2014-09-17,99.360001,100.000000,98.930000,99.529999,90.873100,37196500
2014-09-18,99.839996,100.290001,99.730003,100.279999,91.557869,30196700
2014-09-19,100.459999,100.559998,99.580002,99.980003,91.501160,46918000
2014-09-22,99.739998,99.750000,98.620003,99.050003,90.650009,48658000
2014-09-23,98.650002,99.220001,98.580002,98.779999,90.402924,33989600
2014-09-24,98.879997,99.889999,98.540001,99.839996,91.373024,35959000
2014-09-25,99.519997,99.650002,97.699997,97.739998,89.451080,68642500
2014-09-26,98.059998,98.959999,97.889999,98.779999,90.402924,56106200
2014-09-29,97.800003,98.919998,97.750000,98.650002,90.283920,33342700
2014-09-30,98.919998,99.300003,98.320000,98.790001,90.412056,41834300
2014-10-01,98.510002,98.610001,96.900002,97.209999,88.966057,58164900
2014-10-02,97.169998,97.510002,95.970001,97.209999,88.966057,54501300
2014-10-03,97.779999,98.570000,97.440002,98.169998,89.844635,41627800
2014-10-06,98.480003,98.720001,97.660004,97.959999,89.652443,36038700
2014-10-07,97.500000,97.779999,96.559998,96.570000,88.380302,45154000
2014-10-08,96.620003,98.760002,96.059998,98.449997,90.100906,64931600
2014-10-09,98.320000,98.570000,96.709999,96.860001,88.645775,62497100
2014-10-10,96.290001,96.830002,94.419998,94.440002,86.430962,77579400
2014-10-13,94.269997,94.989998,92.879997,92.959999,85.076469,80835900
2014-10-14,93.540001,94.169998,92.709999,92.970001,85.085617,71814500
2014-10-15,91.570000,92.760002,90.239998,92.370003,84.536507,108847800
2014-10-16,90.419998,92.580002,90.389999,91.790001,84.005707,93165800
2014-10-17,93.000000,93.889999,92.459999,93.000000,85.113091,69546700
2014-10-20,92.989998,94.470001,92.800003,94.389999,86.385201,41479300
2014-10-21,95.559998,96.870003,95.320000,96.870003,88.654900,53609800
2014-10-22,97.169998,97.300003,96.309998,96.370003,88.197304,39178000
2014-10-23,97.339996,98.360001,97.169998,97.820000,89.524330,48123800
2014-10-24,98.029999,98.690002,97.639999,98.620003,90.256447,43157600
2014-10-27,98.430000,98.870003,98.019997,98.690002,90.320549,29545700
2014-10-28,99.150002,100.199997,99.080002,100.180000,91.684196,34495100
2014-10-29,99.849998,100.120003,99.099998,99.809998,91.345566,40552800
2014-10-30,99.360001,100.260002,99.139999,100.019997,91.537743,35935800
2014-10-31,101.680000,101.750000,101.070000,101.400002,92.800713,54254100
2014-11-03,101.580002,101.970001,101.430000,101.699997,93.075249,33481000
2014-11-04,101.379997,101.620003,100.669998,101.360001,92.764114,22773300
2014-11-05,102.029999,102.029999,101.019997,101.370003,92.773270,25818600
2014-11-06,101.360001,101.720001,100.919998,101.690002,93.066101,24671900
2014-11-07,101.870003,101.910004,101.070000,101.599998,92.983757,20931700
2014-11-10,101.650002,102.089996,101.379997,101.959999,93.313202,20360000
2014-11-11,101.980003,102.279999,101.699997,102.279999,93.606110,15454000
2014-11-12,101.870003,102.570000,101.870003,102.459999,93.770828,22050300
2014-11-13,102.650002,103.279999,102.419998,102.900002,94.173515,28027800
2014-11-14,102.870003,103.220001,102.529999,103.220001,94.466362,19251300
2014-11-17,102.980003,103.209999,102.419998,102.910004,94.182655,23361600
2014-11-18,103.000000,103.820000,102.989998,103.680000,94.887375,26336800
2014-11-19,103.570000,103.570000,102.730003,103.209999,94.457214,23760200
2014-11-20,102.769997,103.760002,102.690002,103.669998,94.878204,22874000
2014-11-21,104.589996,104.690002,103.540001,103.870003,95.061249,34049100
2014-11-24,104.150002,104.730003,104.059998,104.680000,95.802544,17928300
2014-11-25,104.839996,105.150002,104.570000,104.839996,95.948990,17526000
2014-11-26,104.940002,105.580002,104.830002,105.519997,96.571297,18973800
2014-11-28,105.800003,106.250000,105.730003,106.010002,97.019737,17360400
2014-12-01,105.720001,105.919998,104.419998,104.809998,95.921532,35969500
2014-12-02,104.919998,105.419998,104.699997,105.230003,96.305908,26031300
2014-12-03,105.389999,105.570000,104.760002,105.419998,96.479820,32974300
2014-12-04,105.320000,105.779999,104.930000,105.370003,96.434044,31008800
2014-12-05,105.540001,105.699997,105.150002,105.379997,96.443199,25622200
2014-12-08,105.110001,105.570000,104.080002,104.629997,95.756783,32685800
2014-12-09,103.410004,105.040001,103.040001,104.959999,96.058807,46035100
2014-12-10,104.769997,105.029999,103.120003,103.309998,94.548752,39330100
2014-12-11,103.610001,105.040001,103.589996,103.800003,94.997192,47576000
2014-12-12,102.809998,103.989998,102.660004,102.669998,93.963013,46889400
2014-12-15,103.199997,103.580002,101.320000,101.610001,92.992920,52968400
2014-12-16,100.970001,102.470001,99.959999,99.980003,91.501160,65348600
2014-12-17,100.050003,102.089996,99.919998,101.800003,93.166779,79715300
2014-12-18,103.260002,104.260002,102.980003,104.250000,95.409027,49840900
2014-12-19,103.970001,104.739998,103.709999,104.320000,95.828827,51419900
2014-12-22,104.150002,104.610001,104.099998,104.580002,96.067665,33869200
2014-12-23,104.959999,104.970001,104.089996,104.209999,95.727760,30156900
2014-12-24,104.339996,104.699997,104.269997,104.300003,95.810463,14291300
2014-12-26,104.599998,105.260002,104.570000,105.040001,96.490219,13924300
2014-12-29,104.940002,105.250000,104.879997,105.019997,96.471817,17073800
2014-12-30,104.720001,104.959999,104.180000,104.320000,95.828827,18604000
2014-12-31,104.500000,104.910004,103.099998,103.250000,94.845917,24367100
2015-01-02,103.760002,104.199997,102.440002,102.940002,94.561150,31314600
2015-01-05,102.489998,102.610001,101.139999,101.430000,93.174065,36521300
2015-01-06,101.580002,101.750000,99.620003,100.070000,91.924736,66205500
2015-01-07,100.730003,101.599998,100.489998,101.360001,93.109772,37577400
2015-01-08,102.220001,103.500000,102.110001,103.300003,94.891853,40212600
2015-01-09,103.620003,103.650002,102.019997,102.620003,94.267220,41410100
2015-01-12,102.820000,102.930000,101.290001,101.550003,93.284271,34129800
2015-01-13,102.540001,103.620003,100.699997,101.519997,93.256729,56162300
2015-01-14,100.500000,101.480003,100.070000,100.959999,92.742294,51354200
2015-01-15,101.430000,101.589996,99.529999,99.650002,91.538948,51005400
2015-01-16,99.519997,100.949997,99.360001,100.820000,92.613708,35362200
2015-01-20,101.430000,101.879997,100.290001,101.620003,93.348587,30964100
2015-01-21,101.320000,102.620003,100.959999,102.139999,93.826279,40128800
2015-01-22,102.540001,104.139999,101.639999,104.029999,95.562416,40887200
2015-01-23,104.019997,104.580002,103.720001,104.260002,95.773697,34783000
2015-01-26,104.139999,104.330002,103.610001,104.139999,95.663452,19960900
2015-01-27,102.500000,102.559998,101.099998,101.440002,93.183266,45253200
2015-01-28,103.070000,103.180000,100.900002,100.919998,92.705544,43591700
2015-01-29,100.839996,102.080002,99.959999,101.889999,93.596611,46539700
2015-01-30,101.800003,102.580002,100.959999,101.099998,92.870888,42927600
2015-02-02,101.330002,102.070000,99.750000,101.980003,93.679314,43624700
2015-02-03,102.349998,103.029999,101.680000,102.959999,94.579506,30750400
2015-02-04,102.540001,103.550003,102.309998,102.870003,94.496826,34073200
2015-02-05,103.129997,103.830002,102.870003,103.760002,95.314384,23605500
2015-02-06,103.919998,104.169998,102.760002,103.129997,94.735695,34169300
2015-02-09,102.730003,103.290001,102.550003,102.800003,94.432533,22604700
2015-02-10,103.370003,104.540001,103.209999,104.400002,95.902290,23686500
2015-02-11,104.519997,105.019997,104.320000,104.779999,96.251396,20303600
2015-02-12,105.459999,106.040001,105.300003,106.000000,97.372078,22520300
2015-02-13,106.300003,106.930000,106.099998,106.910004,98.208000,29030200
2015-02-17,106.910004,107.080002,106.639999,107.010002,98.299889,17675300
2015-02-18,106.879997,107.220001,106.739998,107.160004,98.437660,15149600
2015-02-19,107.089996,107.760002,107.059998,107.690002,98.924515,19828100
2015-02-20,107.620003,108.470001,107.279999,108.410004,99.585922,28336700
2015-02-23,108.349998,108.550003,108.110001,108.519997,99.686958,17868000
2015-02-24,108.379997,108.730003,108.050003,108.599998,99.760452,19745000
2015-02-25,108.440002,108.860001,108.089996,108.330002,99.512428,19472300
2015-02-26,108.440002,108.940002,108.139999,108.879997,100.017639,22255500
2015-02-27,108.839996,108.910004,108.230003,108.400002,99.576714,27757600
2015-03-02,108.610001,109.419998,108.589996,109.379997,100.476952,22988600
2015-03-03,109.050003,109.160004,108.180000,108.870003,100.008514,20788900
2015-03-04,108.510002,108.669998,107.860001,108.449997,99.622658,21007400
2015-03-05,108.730003,108.970001,108.190002,108.639999,99.797195,15381000
2015-03-06,108.500000,108.709999,107.139999,107.410004,98.667336,30990400
2015-03-09,107.629997,107.989998,107.190002,107.720001,98.952080,26237100
2015-03-10,106.949997,106.980003,105.720001,105.720001,97.114853,34234500
2015-03-11,105.879997,106.010002,105.070000,105.110001,96.554527,25459700
2015-03-12,105.029999,105.919998,104.959999,105.800003,97.188354,21473200
2015-03-13,105.699997,106.120003,104.680000,105.339996,96.765793,42021100
2015-03-16,105.730003,106.739998,105.620003,106.699997,98.015083,25674100
2015-03-17,106.410004,107.040001,106.160004,106.870003,98.171272,19603800
2015-03-18,106.580002,108.410004,106.029999,107.919998,99.135803,40622200
2015-03-19,108.029999,108.379997,107.870003,108.080002,99.282784,31314000
2015-03-20,108.720001,109.070000,108.510002,108.529999,99.925423,31761400
2015-03-23,108.470001,108.769997,108.279999,108.320000,99.732079,17268500
2015-03-24,108.309998,108.809998,107.910004,107.930000,99.372993,22445300
2015-03-25,108.099998,108.199997,105.419998,105.459999,97.098839,41581400
2015-03-26,104.589996,105.699997,104.239998,105.099998,96.767372,47846300
2015-03-27,105.080002,105.769997,104.919998,105.519997,97.154068,33878400
2015-03-30,106.160004,106.820000,106.160004,106.730003,98.268150,30570200
2015-03-31,106.430000,106.650002,105.570000,105.599998,97.227730,30488100
2015-04-01,105.599998,105.620003,104.370003,105.050003,96.721367,32970500
2015-04-02,105.150002,105.459999,104.779999,105.120003,96.785797,19164200
2015-04-06,104.500000,106.269997,104.339996,105.980003,97.577614,24451100
2015-04-07,105.919998,106.699997,105.800003,105.800003,97.411880,19379400
2015-04-08,105.839996,106.790001,105.830002,106.639999,98.185303,25866900
2015-04-09,106.589996,107.349998,106.230003,107.309998,98.802162,23114700
2015-04-10,107.269997,107.760002,107.029999,107.750000,99.207291,17164300
2015-04-13,107.830002,108.379997,107.360001,107.480003,98.958687,17783500
2015-04-14,107.370003,107.680000,106.559998,107.169998,98.673256,23755700
2015-04-15,107.449997,108.070000,107.320000,107.839996,99.290138,21128600
2015-04-16,107.550003,107.879997,107.400002,107.690002,99.152031,16195300
2015-04-17,106.660004,106.949997,105.550003,106.010002,97.605217,46514000
2015-04-20,106.540001,107.790001,106.500000,107.599998,99.069160,28945900
2015-04-21,108.220001,108.410004,107.930000,108.059998,99.492706,22759800
2015-04-22,108.339996,108.830002,107.639999,108.650002,100.035904,21429200
2015-04-23,108.279999,109.550003,108.260002,109.059998,100.413429,29473200
2015-04-24,110.209999,110.690002,110.029999,110.540001,101.776070,32508100
2015-04-27,110.949997,111.160004,110.019997,110.260002,101.518288,31121300
2015-04-28,110.339996,110.550003,109.110001,110.040001,101.315704,36849200
2015-04-29,109.430000,110.070000,108.750000,109.349998,100.680420,34043900
2015-04-30,108.730003,109.169998,107.059998,107.629997,99.096779,44080500
2015-05-01,108.050003,109.120003,108.029999,109.050003,100.404190,32874300
2015-05-04,109.400002,109.910004,109.169998,109.230003,100.569939,23507300
2015-05-05,108.800003,109.000000,107.400002,107.449997,98.931061,47843300
2015-05-06,107.639999,107.949997,106.000000,106.709999,98.249710,42687200
2015-05-07,106.680000,107.650002,106.599998,107.349998,98.838982,29335800
2015-05-08,108.459999,108.919998,108.300003,108.690002,100.072739,33023300
2015-05-11,108.760002,108.980003,108.190002,108.269997,99.686035,19679300
2015-05-12,107.629997,108.330002,106.800003,107.779999,99.234901,33665000
2015-05-13,108.250000,108.809998,107.839996,108.000000,99.437447,20738400
2015-05-14,108.879997,109.669998,108.480003,109.580002,100.892197,23904200
2015-05-15,109.860001,110.010002,109.309998,109.580002,100.892197,23937400
2015-05-18,109.400002,110.279999,109.320000,110.059998,101.334129,17631100
2015-05-19,110.180000,110.349998,109.760002,109.940002,101.223640,14212900
2015-05-20,110.019997,110.669998,109.430000,110.010002,101.288124,21131900
2015-05-21,109.820000,110.730003,109.660004,110.580002,101.812912,16771800
2015-05-22,110.449997,110.870003,110.379997,110.470001,101.711609,13543800
2015-05-26,110.230003,110.379997,108.760002,109.199997,100.542290,25488400
2015-05-27,109.529999,111.080002,109.290001,110.959999,102.162796,30572700
2015-05-28,110.750000,111.010002,110.370003,110.709999,101.932594,17302400
2015-05-29,110.639999,110.790001,109.790001,110.050003,101.324921,30383000
2015-06-01,110.639999,110.720001,109.519997,110.419998,101.665581,24570200
2015-06-02,110.010002,110.610001,109.470001,110.070000,101.343315,19449600
2015-06-03,110.570000,110.809998,110.129997,110.400002,101.647194,20507200
2015-06-04,109.779999,110.480003,109.209999,109.559998,100.873772,31374600
2015-06-05,109.430000,109.690002,108.629997,109.300003,100.634407,22641700
2015-06-08,109.250000,109.330002,107.970001,108.190002,99.612381,24549200
2015-06-09,107.930000,108.400002,107.199997,108.010002,99.446671,27554600
2015-06-10,108.379997,109.809998,108.260002,109.489998,100.809349,30297900
2015-06-11,109.860001,110.150002,109.459999,109.650002,100.956612,17593500
2015-06-12,109.070000,109.300003,108.599998,108.750000,100.127991,27201800
2015-06-15,107.940002,108.379997,107.309998,108.209999,99.630783,31238800
2015-06-16,108.099998,108.980003,108.050003,108.800003,100.174019,16456900
2015-06-17,108.980003,109.449997,108.430000,109.099998,100.450233,23296700
2015-06-18,109.500000,110.879997,109.440002,110.690002,101.914177,43032400
2015-06-19,110.489998,110.580002,109.809998,109.889999,101.410332,27877600
2015-06-22,110.699997,111.029999,110.449997,110.699997,102.157806,19120900
2015-06-23,110.820000,110.889999,110.330002,110.790001,102.240860,18127900
2015-06-24,110.660004,111.129997,110.190002,110.220001,101.714851,15815900
2015-06-25,110.650002,110.760002,109.820000,110.000000,101.511833,18326700
2015-06-26,109.980003,110.230003,108.860001,109.269997,100.838158,32311700
2015-06-29,108.059998,108.660004,106.639999,106.690002,98.457253,50874900
2015-06-30,107.489998,107.720001,106.739998,107.070000,98.807915,34809900
2015-07-01,108.129997,108.349998,107.419998,107.919998,99.592346,21293000
2015-07-02,108.230003,108.320000,107.620003,107.949997,99.620003,20499400
2015-07-06,107.269997,108.320000,107.040001,107.699997,99.389320,24311000
2015-07-07,107.820000,108.070000,105.830002,107.970001,99.638474,44230800
2015-07-08,107.199997,107.330002,105.889999,106.089996,97.903534,39691500
2015-07-09,107.500000,107.599998,106.019997,106.029999,97.848175,28381000
2015-07-10,107.440002,108.050003,107.050003,107.650002,99.343163,26415800
2015-07-13,108.580002,109.629997,108.570000,109.540001,101.087334,25780700
2015-07-14,109.690002,110.559998,109.629997,110.260002,101.751770,21977200
2015-07-15,110.470001,110.809998,110.070000,110.379997,101.862518,28631500
2015-07-16,111.290001,111.959999,111.070000,111.940002,103.302109,29838900
2015-07-17,112.839996,113.589996,112.650002,113.589996,104.824814,35926800
2015-07-20,113.830002,114.389999,113.480003,113.980003,105.184723,26539000
2015-07-21,114.019997,114.199997,113.580002,113.910004,105.120125,35468900
2015-07-22,112.169998,113.169998,112.169998,112.620003,103.929672,35575000
2015-07-23,112.730003,113.099998,111.910004,112.199997,103.542068,25698300
2015-07-24,112.800003,113.000000,110.930000,111.099998,102.526939,30844700
2015-07-27,110.470001,110.949997,109.940002,110.180000,101.677940,35994800
2015-07-28,110.669998,111.349998,109.790001,111.129997,102.554649,33553500
2015-07-29,111.370003,111.790001,110.940002,111.550003,102.942245,26714100
2015-07-30,111.290001,112.269997,110.620003,112.080002,103.431335,25438100
2015-07-31,112.430000,112.489998,111.720001,111.949997,103.311333,22081700
2015-08-03,111.970001,112.279999,110.860001,111.599998,102.988342,25001800
2015-08-04,111.550003,111.750000,110.930000,111.389999,102.794563,22132300
2015-08-05,112.010002,113.000000,111.879997,112.250000,103.588211,28989900
2015-08-06,112.349998,112.500000,109.949997,110.449997,101.927101,42125400
2015-08-07,110.180000,110.570000,109.400002,110.309998,101.797905,30006800
2015-08-10,111.010002,111.809998,111.000000,111.570000,102.960678,21500800
2015-08-11,110.980003,111.410004,109.529999,110.139999,101.641045,36123300
2015-08-12,109.379997,110.739998,108.220001,110.519997,101.991676,41889000
2015-08-13,110.629997,111.160004,110.099998,110.339996,101.825584,22510500
2015-08-14,110.080002,110.669998,109.860001,110.510002,101.982498,17924900
2015-08-17,110.239998,111.459999,109.959999,111.430000,102.831497,21224900
2015-08-18,111.279999,111.370003,110.709999,110.860001,102.305443,13984400
2015-08-19,110.519997,111.110001,109.489998,110.129997,101.631813,42511400
2015-08-20,109.110001,109.459999,107.070000,107.080002,98.817146,57747300
2015-08-21,105.570000,106.470001,102.400002,102.400002,94.498283,97763400
2015-08-24,94.230003,102.529999,84.739998,98.459999,90.862312,150829900
2015-08-25,102.070000,102.739998,98.010002,98.089996,90.520874,75088300
2015-08-26,100.959999,103.230003,98.930000,103.029999,95.079659,104103800
2015-08-27,104.519997,105.709999,103.279999,105.639999,97.488258,69377700
2015-08-28,105.080002,106.000000,104.849998,105.620003,97.469810,49919600
2015-08-31,105.029999,105.610001,104.050003,104.309998,96.260918,39549400
2015-09-01,101.709999,103.290001,100.629997,101.050003,93.252449,73155500
2015-09-02,102.879997,103.919998,101.699997,103.900002,95.882523,43963600
2015-09-03,104.309998,105.019997,103.099998,103.389999,95.411888,45131800
2015-09-04,101.970001,102.849998,101.589996,102.160004,94.276802,49379600
2015-09-08,104.120003,105.169998,103.690002,105.040001,96.934570,37343500
2015-09-09,106.279999,106.309998,103.589996,103.860001,95.845627,47146700
2015-09-10,103.739998,105.680000,103.620003,104.989998,96.888435,47686700
2015-09-11,104.510002,105.570000,104.209999,105.570000,97.423668,29106100
2015-09-14,105.959999,105.980003,104.849998,105.250000,97.128349,19718800
2015-09-15,105.500000,106.820000,105.110001,106.489998,98.272667,30020200
2015-09-16,106.510002,107.190002,106.139999,107.089996,98.826355,31329100
2015-09-17,106.980003,108.730003,106.639999,107.129997,98.863289,56139800
2015-09-18,105.230003,106.599998,105.169998,105.349998,97.457184,48384000
2015-09-21,105.930000,106.550003,104.730003,105.680000,97.762436,35772600
2015-09-22,104.059998,104.419998,103.129997,104.099998,96.300827,47359700
2015-09-23,104.379997,104.660004,103.639999,104.180000,96.374802,21775100
2015-09-24,103.169998,104.190002,102.269997,103.800003,96.023308,38284300
2015-09-25,104.910004,105.010002,102.279999,102.919998,95.209236,44700000
2015-09-28,102.480003,102.550003,99.690002,99.989998,92.498779,44077500
2015-09-29,100.239998,101.260002,98.750000,99.470001,92.017708,49315500
2015-09-30,100.889999,101.870003,100.500000,101.760002,94.136131,41411400
2015-10-01,101.940002,102.230003,100.589996,102.220001,94.561676,39339100
2015-10-02,100.800003,104.010002,100.480003,104.010002,96.217567,59370900
2015-10-05,104.779999,105.779999,104.550003,105.500000,97.595917,32853500
2015-10-06,105.250000,105.599998,104.180000,105.000000,97.133392,33051500
2015-10-07,105.660004,105.860001,104.290001,105.629997,97.716164,37389300
2015-10-08,105.230003,106.230003,104.209999,106.050003,98.104752,50188900
2015-10-09,106.099998,106.730003,105.809998,106.529999,98.548767,23916200
2015-10-12,106.730003,106.989998,106.349998,106.790001,98.789299,16162000
2015-10-13,106.180000,107.260002,106.000000,106.099998,98.150970,26999600
2015-10-14,106.099998,106.629997,105.489998,105.930000,97.993729,30902600
2015-10-15,106.320000,107.680000,106.180000,107.669998,99.603363,38393800
2015-10-16,107.900002,108.180000,107.379997,108.120003,100.019653,27091100
2015-10-19,107.980003,108.809998,107.739998,108.739998,100.593216,23776300
2015-10-20,108.550003,108.779999,107.809998,108.180000,100.075172,23404700
2015-10-21,108.730003,108.839996,107.480003,107.519997,99.464600,30195200
2015-10-22,108.480003,109.800003,108.169998,109.709999,101.490524,42778700
2015-10-23,112.660004,113.239998,112.070000,112.779999,104.330521,53170900
2015-10-26,112.699997,113.070000,112.269997,112.849998,104.395279,25918000
2015-10-27,112.550003,113.239998,112.519997,113.080002,104.608047,31390500
2015-10-28,113.250000,114.019997,112.339996,114.019997,105.477592,42221900
2015-10-29,113.500000,114.029999,113.379997,113.839996,105.311104,24913300
2015-10-30,113.889999,114.080002,113.300003,113.330002,104.839317,27199200
2015-11-02,113.629997,114.750000,113.389999,114.610001,106.023399,22176900
2015-11-03,114.379997,115.419998,114.209999,115.010002,106.393448,20418400
2015-11-04,115.389999,115.470001,114.540001,115.019997,106.402710,28633000
2015-11-05,115.120003,115.400002,114.110001,114.709999,106.115936,25004100
2015-11-06,114.489998,114.919998,113.760002,114.790001,106.189911,29924900
2015-11-09,114.360001,114.510002,112.870003,113.570000,105.061340,33479800
2015-11-10,112.970001,113.389999,112.629997,113.279999,104.793053,35452100
2015-11-11,113.589996,114.139999,112.949997,113.139999,104.663567,22748800
2015-11-12,112.680000,113.230003,111.959999,112.040001,103.645981,31196900
2015-11-13,111.570000,111.690002,109.779999,109.839996,101.610786,52836000
2015-11-16,109.730003,111.440002,109.480003,111.419998,103.072418,33980600
2015-11-17,111.610001,112.290001,111.209999,111.489998,103.137184,30579500
2015-11-18,111.940002,113.739998,111.830002,113.629997,105.116837,32966500
2015-11-19,113.690002,114.230003,113.489998,113.709999,105.190842,26188100
2015-11-20,114.250000,114.570000,114.139999,114.480003,105.903152,22727600
2015-11-23,114.519997,114.940002,113.660004,114.150002,105.597862,20696200
2015-11-24,113.410004,114.320000,112.839996,114.050003,105.505402,26374400
2015-11-25,114.220001,114.360001,113.910004,114.150002,105.597862,14159900
2015-11-27,114.400002,114.540001,113.919998,114.309998,105.745918,8828000
2015-11-30,114.650002,114.650002,113.650002,114.019997,105.477592,25041600
2015-12-01,114.480003,115.160004,114.339996,115.160004,106.532219,28639400
2015-12-02,115.250000,115.750000,114.279999,114.449997,105.875389,22395500
2015-12-03,114.760002,114.959999,111.839996,112.510002,104.080734,42754300
2015-12-04,112.849998,115.330002,112.620003,115.139999,106.513710,40037300
2015-12-07,115.220001,115.290001,114.070000,114.620003,106.032654,25892100
2015-12-08,113.419998,115.000000,113.379997,114.629997,106.041916,30792600
2015-12-09,114.129997,114.760002,112.199997,112.889999,104.432289,48509200
2015-12-10,113.150002,114.160004,112.809998,113.400002,104.904053,30154600
2015-12-11,112.089996,112.389999,110.720001,110.790001,102.489609,56022200
2015-12-14,110.940002,111.680000,109.379997,111.629997,103.266701,53098500
2015-12-15,112.660004,113.279999,112.169998,112.309998,103.895737,48428000
2015-12-16,113.070000,114.169998,111.889999,113.980003,105.440598,44944100
2015-12-17,114.480003,114.480003,112.300003,112.320000,103.904991,45668800
2015-12-18,111.629997,111.879997,109.830002,109.830002,101.911827,53746100
2015-12-21,110.870003,111.070000,110.050003,111.050003,103.043884,26432800
2015-12-22,111.639999,111.940002,111.050003,111.779999,103.721230,26540300
2015-12-23,112.360001,112.690002,112.160004,112.610001,104.491417,25656900
2015-12-24,112.610001,112.900002,112.540001,112.589996,104.472870,11468600
2015-12-28,112.320000,112.550003,111.510002,112.529999,104.417183,19183600
2015-12-29,113.199997,114.550003,113.129997,114.300003,106.059586,27725700
2015-12-30,114.199997,114.239998,113.250000,113.269997,105.103828,19520100
2015-12-31,112.870003,113.080002,111.839996,111.860001,103.795486,29886800
2016-01-04,109.449997,109.599998,108.120003,109.500000,101.605621,50807600
2016-01-05,110.040001,110.180000,108.800003,109.309998,101.429314,38795200
2016-01-06,107.410004,108.889999,107.410004,108.260002,100.455055,41891100
2016-01-07,105.949997,107.290001,104.809998,104.870003,97.309418,61386300
2016-01-08,105.629997,106.290001,103.900002,104.010002,96.511444,69344000
2016-01-11,104.750000,105.059998,102.730003,104.330002,96.808357,50024100
2016-01-12,105.330002,106.080002,104.080002,105.540001,97.931114,46734200
2016-01-13,105.970001,106.230003,101.739998,101.900002,94.553581,69870700
2016-01-14,102.300003,104.980003,100.669998,104.070000,96.567101,78445700
2016-01-15,100.620003,101.940002,99.510002,100.839996,93.569969,91443900
2016-01-19,102.209999,102.370003,99.879997,101.059998,93.774086,56563800
2016-01-20,99.470001,101.830002,97.250000,100.750000,93.486435,86675000
2016-01-21,101.180000,102.349998,99.820000,100.849998,93.579254,61660100
2016-01-22,102.879997,103.809998,102.529999,103.769997,96.288719,42229800
2016-01-25,103.400002,103.989998,102.139999,102.230003,94.859764,38881500
2016-01-26,102.660004,103.589996,101.760002,103.150002,95.713417,36143900
2016-01-27,102.550003,102.989998,100.150002,100.580002,93.328705,54524700
2016-01-28,102.250000,102.290001,100.260002,102.000000,94.646339,47641500
2016-01-29,101.970001,104.169998,101.940002,104.129997,96.622787,54245100
2016-02-01,103.629997,104.800003,103.230003,104.410004,96.882599,32750300
2016-02-02,103.930000,103.970001,101.839996,102.150002,94.785530,44928100
2016-02-03,102.830002,102.830002,99.879997,101.660004,94.330872,61572900
2016-02-04,101.389999,102.459999,100.440002,101.650002,94.321594,49321600
2016-02-05,101.290001,101.330002,97.720001,98.120003,91.046089,70749900
2016-02-08,96.290001,97.050003,94.839996,96.620003,89.654213,91673100
2016-02-09,95.330002,97.779999,95.180000,96.320000,89.375847,73778400
2016-02-10,97.430000,98.690002,96.620003,96.690002,89.719170,59421700
2016-02-11,95.459999,97.320000,95.190002,96.550003,89.589249,76839200
2016-02-12,97.639999,98.120003,96.730003,98.019997,90.953270,49186500
2016-02-16,99.470001,100.230003,98.849998,100.230003,93.003952,40565900
2016-02-17,100.959999,102.639999,100.699997,102.500000,95.110291,41766500
2016-02-18,102.820000,102.839996,101.199997,101.330002,94.024643,38991500
2016-02-19,100.839996,101.940002,100.620003,101.629997,94.303024,28257900
2016-02-22,102.580002,103.379997,102.480003,103.279999,95.834084,23979100
2016-02-23,102.680000,102.959999,101.510002,101.580002,94.256607,29869700
2016-02-24,100.389999,102.680000,99.769997,102.550003,95.156715,40739100
2016-02-25,102.760002,103.559998,101.839996,103.559998,96.093887,29389300
2016-02-26,104.349998,104.370003,103.180000,103.430000,95.973228,30925000
2016-02-29,103.330002,104.099998,102.500000,102.500000,95.110291,27553900
2016-03-01,103.480003,105.790001,103.160004,105.790001,98.163124,37699800
2016-03-02,105.660004,105.849998,105.010002,105.830002,98.200233,29209800
2016-03-03,105.720001,105.750000,104.870003,105.629997,98.014633,25474600
2016-03-04,105.750000,106.349998,104.970001,105.669998,98.051758,31655400
2016-03-07,105.129997,105.739998,104.269997,105.019997,97.448608,25861200
2016-03-08,104.300003,105.209999,103.970001,104.150002,96.641342,28898500
2016-03-09,104.540001,104.839996,103.959999,104.820000,97.263046,31047400
2016-03-10,105.260002,105.860001,103.309998,104.660004,97.114563,44236100
2016-03-11,105.790001,106.489998,105.459999,106.489998,98.812645,31454000
2016-03-14,106.089996,106.919998,106.059998,106.669998,98.979637,25374900
2016-03-15,106.290001,106.750000,105.949997,106.629997,98.942558,26524600
2016-03-16,106.370003,107.860001,106.339996,107.580002,99.824043,31693100
2016-03-17,107.269997,107.769997,106.870003,107.519997,99.768387,29623700
2016-03-18,107.459999,107.639999,106.800003,107.370003,99.924744,37682300
2016-03-21,107.180000,107.889999,107.120003,107.790001,100.315590,17288600
2016-03-22,107.180000,108.370003,107.160004,108.120003,100.622726,18840300
2016-03-23,107.910004,107.989998,106.989998,107.230003,99.794418,20912900
2016-03-24,106.709999,107.290001,106.529999,107.260002,99.822372,19017300
2016-03-28,107.559998,107.580002,106.919998,107.110001,99.682747,13892300
2016-03-29,106.910004,108.900002,106.730003,108.830002,101.283501,29963900
2016-03-30,109.480003,110.040001,109.129997,109.360001,101.776718,23807200
2016-03-31,109.279999,109.690002,109.029999,109.199997,101.627838,21447200
2016-04-01,108.540001,110.400002,108.389999,110.360001,102.707367,26389000
2016-04-04,110.360001,110.440002,109.680000,109.940002,102.316521,17163000
2016-04-05,109.089996,109.500000,108.739998,108.879997,101.329994,20107900
2016-04-06,108.989998,110.709999,108.989998,110.669998,102.995911,25056000
2016-04-07,110.029999,110.230003,108.610001,109.080002,101.516159,28567200
2016-04-08,109.760002,110.019997,108.620003,109.000000,101.441681,22898000
2016-04-11,109.470001,110.019997,108.589996,108.599998,101.069427,25772100
2016-04-12,108.680000,109.720001,108.019997,109.510002,101.916344,28564100
2016-04-13,110.349998,111.080002,110.209999,110.910004,103.219261,25356700
2016-04-14,110.930000,111.330002,110.000000,110.919998,103.228569,17199700
2016-04-15,110.830002,111.059998,110.360001,110.639999,102.967995,21353300
2016-04-18,110.320000,111.269997,110.250000,111.230003,103.517067,17126100
2016-04-19,111.440002,111.440002,109.879997,110.550003,102.884224,42481400
2016-04-20,110.550003,111.150002,110.169998,110.639999,102.967995,18078300
2016-04-21,110.580002,111.050003,110.150002,110.650002,102.977280,20216000
2016-04-22,109.209999,109.720001,108.120003,108.980003,101.423088,39074000
2016-04-25,108.650002,108.989998,108.449997,108.980003,101.423088,14351900
2016-04-26,109.209999,109.389999,108.120003,108.449997,100.929832,19118300
2016-04-27,107.339996,107.830002,106.690002,107.580002,100.120178,33059800
2016-04-28,107.699997,108.330002,106.070000,106.279999,98.910332,29818200
2016-04-29,106.279999,106.500000,104.879997,105.720001,98.389153,67502800
2016-05-02,105.989998,106.870003,105.550003,106.720001,99.319809,24813800
2016-05-03,105.959999,106.440002,105.449997,105.730003,98.398445,38569400
2016-05-04,105.089996,105.480003,104.790001,105.050003,97.765633,27474500
2016-05-05,105.430000,105.660004,104.809998,105.019997,97.737679,20788100
2016-05-06,104.500000,105.599998,104.400002,105.580002,98.258842,30758500
2016-05-09,105.589996,106.370003,105.540001,105.879997,98.538048,19289600
2016-05-10,106.260002,107.379997,106.070000,107.330002,99.887512,21178900
2016-05-11,107.169998,107.489998,106.330002,106.360001,98.984756,20966300
2016-05-12,106.610001,106.739998,105.139999,105.889999,98.547310,29196300
2016-05-13,105.800003,106.449997,105.290001,105.500000,98.184402,21059300
2016-05-16,105.660004,107.209999,105.559998,106.820000,99.412880,18311900
2016-05-17,106.730003,107.040001,105.199997,105.480003,98.165771,29932700
2016-05-18,105.239998,106.430000,105.040001,105.860001,98.519432,27524400
2016-05-19,105.449997,105.709999,104.540001,105.309998,98.007576,27334600
2016-05-20,105.730003,106.900002,105.669998,106.470001,99.087120,29549600
2016-05-23,106.589996,106.970001,106.230003,106.330002,98.956848,15729800
2016-05-24,106.919998,108.589996,106.889999,108.459999,100.939125,29931300
2016-05-25,108.870003,109.570000,108.680000,109.239998,101.665031,37951700
2016-05-26,109.349998,109.699997,109.089996,109.559998,101.962837,21885900
2016-05-27,109.629997,110.139999,109.610001,110.129997,102.493340,19870000
2016-05-31,110.279999,110.510002,109.779999,110.339996,102.688782,24366100
2016-06-01,110.000000,110.599998,109.910004,110.349998,102.698067,19571500
2016-06-02,110.129997,110.589996,109.529999,110.580002,102.912140,15696600
2016-06-03,110.370003,110.419998,109.339996,110.059998,102.428207,20269900
2016-06-06,110.260002,110.750000,110.070000,110.459999,102.800453,12502400
2016-06-07,110.519997,110.629997,110.129997,110.180000,102.539879,12184300
2016-06-08,110.370003,110.599998,109.959999,110.370003,102.716721,14568700
2016-06-09,109.919998,110.309998,109.709999,110.190002,102.549171,17571600
2016-06-10,109.190002,109.400002,108.559998,108.940002,101.385872,32965000
2016-06-13,108.320000,108.930000,107.889999,108.029999,100.538963,25154700
2016-06-14,107.739998,108.419998,107.239998,108.029999,100.538963,24588500
2016-06-15,108.290001,108.440002,107.540001,107.720001,100.250450,24605700
2016-06-16,107.190002,108.139999,106.500000,108.040001,100.548264,32079900
2016-06-17,107.529999,107.680000,106.239998,106.489998,99.369720,29208800
2016-06-20,107.730003,108.239998,107.080002,107.160004,99.994926,20562800
2016-06-21,107.300003,107.720001,107.099998,107.500000,100.312164,22804100
2016-06-22,107.559998,108.190002,107.150002,107.239998,100.069595,22724200
2016-06-23,108.070000,108.790001,107.620003,108.769997,101.497238,18714200
2016-06-24,104.900002,106.500000,104.059998,104.290001,97.316811,68012700
2016-06-27,103.599998,103.599998,101.750000,102.220001,95.385216,48222600
2016-06-28,103.349998,104.510002,103.300003,104.459999,97.475426,28260600
2016-06-29,105.279999,106.529999,105.230003,106.309998,99.201752,31356700
2016-06-30,106.489998,107.610001,106.129997,107.540001,100.349510,36300800
2016-07-01,107.489998,108.480003,107.449997,108.080002,100.853401,19902800
2016-07-05,107.510002,107.660004,106.839996,107.419998,100.237541,21167900
2016-07-06,106.910004,108.349998,106.570000,108.300003,101.058701,24579300
2016-07-07,108.400002,108.860001,108.110001,108.620003,101.357292,19161700
2016-07-08,109.199997,110.360001,109.019997,110.300003,102.924965,29457900
2016-07-11,110.669998,111.339996,110.660004,110.930000,103.512856,20218500
2016-07-12,111.610001,111.790001,111.339996,111.489998,104.035385,21906100
2016-07-13,111.750000,111.820000,111.209999,111.220001,103.783470,21107800
2016-07-14,111.959999,112.190002,111.699997,111.980003,104.492645,20871000
2016-07-15,112.239998,112.300003,111.550003,111.800003,104.324661,17999300
2016-07-18,111.870003,112.739998,111.849998,112.540001,105.015198,20713900
2016-07-19,112.150002,112.480003,111.930000,112.129997,104.632599,18936700
2016-07-20,112.739998,113.650002,112.599998,113.440002,105.855034,24997900
2016-07-21,113.519997,113.739998,112.870003,113.180000,105.612404,18885400
2016-07-22,113.260002,113.779999,112.910004,113.650002,106.050972,20003400
2016-07-25,113.559998,113.690002,113.279999,113.660004,106.060310,12968100
2016-07-26,113.620003,114.199997,113.220001,113.790001,106.181580,21223800
2016-07-27,114.750000,114.879997,114.099998,114.580002,106.918785,27646100
2016-07-28,114.760002,115.110001,114.400002,114.980003,107.292030,16939700
2016-07-29,115.239998,115.540001,114.870003,115.230003,107.525337,22385300
2016-08-01,115.309998,116.129997,115.169998,115.839996,108.094551,13990100
2016-08-02,115.669998,115.769997,114.220001,114.959999,107.273384,21278400
2016-08-03,114.870003,115.349998,114.800003,115.339996,107.627960,15011300
2016-08-04,115.300003,115.779999,115.029999,115.669998,107.935905,12835300
2016-08-05,116.260002,117.040001,116.129997,116.779999,108.971710,23196600
2016-08-08,116.839996,116.870003,116.279999,116.650002,108.850388,12358200
2016-08-09,116.739998,117.290001,116.669998,116.919998,109.102325,13276500
2016-08-10,116.989998,117.019997,116.309998,116.620003,108.822388,14688400
2016-08-11,117.019997,117.370003,116.779999,117.120003,109.288979,12969800
2016-08-12,116.919998,117.209999,116.790001,117.199997,109.363579,19379000
2016-08-15,117.349998,117.970001,117.309998,117.699997,109.830185,11777800
2016-08-16,117.480003,117.489998,117.029999,117.050003,109.223625,14161400
2016-08-17,117.080002,117.300003,116.430000,117.260002,109.419624,15980300
2016-08-18,117.150002,117.459999,116.949997,117.290001,109.447617,10036300
2016-08-19,117.080002,117.519997,116.760002,117.260002,109.419624,18743000
2016-08-22,117.089996,117.550003,116.870003,117.349998,109.503593,14500600
2016-08-23,117.809998,118.010002,117.510002,117.559998,109.699532,11997900
2016-08-24,117.480003,117.639999,116.410004,116.800003,108.990372,17728700
2016-08-25,116.500000,116.970001,116.360001,116.610001,108.813065,24266300
2016-08-26,116.650002,117.540001,116.080002,116.779999,108.971710,23896000
2016-08-29,116.809998,117.250000,116.790001,116.940002,109.121002,11184900
2016-08-30,116.750000,117.089996,116.160004,116.559998,108.766396,19843300
2016-08-31,116.379997,116.559998,115.949997,116.440002,108.654434,16169800
2016-09-01,116.480003,116.879997,115.910004,116.739998,108.934357,20944700
2016-09-02,117.320000,117.559998,116.680000,117.120003,109.288979,18088200
2016-09-06,117.320000,117.849998,117.059998,117.849998,109.970146,18525200
2016-09-07,117.959999,118.120003,117.470001,117.919998,110.035469,17546900
2016-09-08,117.570000,117.599998,116.919998,117.230003,109.391602,20125300
2016-09-09,116.250000,116.510002,114.260002,114.279999,106.638840,50813300
2016-09-12,113.639999,116.489998,113.629997,116.330002,108.551796,39646000
2016-09-13,115.750000,116.089996,114.730003,115.290001,107.581306,45863900
2016-09-14,115.410004,116.470001,115.379997,115.839996,108.094551,28221800
2016-09-15,115.870003,117.820000,115.860001,117.639999,109.774185,38521400
2016-09-16,117.220001,117.410004,116.709999,117.290001,109.721809,27596500
2016-09-19,117.589996,117.949997,116.550003,116.779999,109.244705,16222900
2016-09-20,117.199997,117.480003,116.800003,117.000000,109.450493,18078600
2016-09-21,117.500000,118.320000,116.809998,118.150002,110.526329,31546800
2016-09-22,118.839996,119.220001,118.720001,119.089996,111.405655,22614400
2016-09-23,119.000000,119.000000,118.160004,118.330002,110.694717,22213400
2016-09-26,117.660004,117.800003,117.169998,117.339996,109.768578,16403900
2016-09-27,117.260002,118.559998,117.150002,118.500000,110.853714,20238400
2016-09-28,118.650002,118.769997,118.089996,118.699997,111.040802,14794300
2016-09-29,118.500000,118.720001,117.330002,117.839996,110.236305,27207500
2016-09-30,118.150002,119.070000,118.029999,118.720001,111.059517,25543200
2016-10-03,118.570000,118.699997,118.089996,118.550003,110.900543,19216400
2016-10-04,118.900002,119.160004,117.919998,118.370003,110.732147,21239700
2016-10-05,118.720001,119.169998,118.669998,118.790001,111.125023,14481300
2016-10-06,118.639999,118.980003,118.150002,118.730003,111.068916,11987100
2016-10-07,118.839996,119.010002,117.889999,118.470001,110.825630,19984200
2016-10-10,119.080002,119.480003,119.029999,119.220001,111.527290,19687300
2016-10-11,119.120003,119.139999,117.000000,117.519997,109.936958,27774400
2016-10-12,117.629997,117.820000,117.059998,117.419998,109.843414,14267800
2016-10-13,116.620003,117.320000,115.940002,117.000000,109.450493,22821000
2016-10-14,117.580002,118.050003,117.070000,117.139999,109.581490,21313300
2016-10-17,117.040001,117.300003,116.669998,116.820000,109.282127,14182700
2016-10-18,118.209999,118.410004,117.800003,117.860001,110.255028,19276700
2016-10-19,117.769997,118.019997,117.639999,117.849998,110.245682,13702900
2016-10-20,117.730003,117.970001,117.029999,117.709999,110.114731,18132200
2016-10-21,117.800003,118.220001,117.410004,118.150002,110.526329,15707800
2016-10-24,118.910004,119.650002,118.889999,119.570000,111.854675,19143000
2016-10-25,119.639999,119.660004,119.010002,119.190002,111.499176,20341800
2016-10-26,118.419998,119.029999,118.029999,118.379997,110.741478,20463700
2016-10-27,118.889999,118.989998,117.669998,117.839996,110.236305,19099800
2016-10-28,117.500000,118.110001,116.739998,117.099998,109.544067,35369300
2016-10-31,117.529999,117.529999,116.930000,116.989998,109.441154,18749400
2016-11-01,117.190002,117.209999,115.099998,116.110001,108.617966,23498700
2016-11-02,116.029999,116.300003,114.889999,115.180000,107.747963,26960100
2016-11-03,114.989998,115.370003,113.919998,114.050003,106.690857,36205200
2016-11-04,113.769997,114.540001,113.449997,113.650002,106.316673,26997500
2016-11-07,115.489998,116.470001,115.300003,116.349998,108.842468,26591200
2016-11-08,116.230003,117.639999,115.959999,117.110001,109.553398,20777900
2016-11-09,115.739998,117.839996,115.599998,117.650002,110.058594,70234400
2016-11-10,118.220001,118.379997,114.199997,115.750000,108.281158,72825400
2016-11-11,115.250000,116.050003,114.839996,115.800003,108.327942,41115200
2016-11-14,115.830002,115.940002,114.029999,114.629997,107.233459,35906000
2016-11-15,115.500000,116.620003,115.330002,116.220001,108.720848,31796600
2016-11-16,115.669998,116.989998,115.669998,116.910004,109.366310,16538100
2016-11-17,116.849998,117.779999,116.610001,117.760002,110.161484,20598600
2016-11-18,117.900002,118.099998,117.209999,117.320000,109.749863,16428700
2016-11-21,117.610001,118.650002,117.570000,118.540001,110.891136,20268500
2016-11-22,119.010002,119.190002,118.610001,118.900002,111.227898,18850600
2016-11-23,118.510002,118.639999,117.900002,118.419998,110.778885,22926000
2016-11-25,118.559998,118.849998,118.419998,118.800003,111.134377,7162800
2016-11-28,118.650002,119.080002,118.410004,118.529999,110.881783,13479000
2016-11-29,118.639999,119.510002,118.300003,118.940002,111.265350,18553000
2016-11-30,119.089996,119.129997,117.459999,117.500000,109.918243,30405300
2016-12-01,117.459999,117.470001,115.290001,115.470001,108.019226,39796600
2016-12-02,115.540001,116.160004,115.220001,115.699997,108.234367,32876800
2016-12-05,116.300003,117.059998,115.769997,116.599998,109.076340,21419700
2016-12-06,116.930000,117.080002,116.389999,116.879997,109.338264,27293300
2016-12-07,116.639999,118.510002,116.290001,118.360001,110.722755,26622400
2016-12-08,118.410004,118.870003,118.180000,118.570000,110.919228,18578400
2016-12-09,119.010002,119.540001,119.000000,119.500000,111.789215,21863100
2016-12-12,118.970001,119.209999,118.470001,118.959999,111.284042,23259300
2016-12-13,119.320000,121.110001,119.320000,120.459999,112.687256,54477900
2016-12-14,120.610001,121.000000,119.860001,120.209999,112.453415,28746000
2016-12-15,120.370003,121.110001,120.080002,120.400002,112.631142,22762300
2016-12-16,120.339996,120.580002,119.360001,119.599998,112.213623,26283900
2016-12-19,119.720001,120.830002,119.550003,120.089996,112.673340,21138700
2016-12-20,120.470001,120.769997,120.330002,120.550003,113.104919,11461800
2016-12-21,120.599998,120.680000,120.190002,120.459999,113.020500,7079300
2016-12-22,120.470001,120.500000,119.650002,120.120003,112.701500,16645000
2016-12-23,119.919998,120.250000,119.809998,120.199997,112.776543,9007500
2016-12-27,120.459999,121.519997,120.410004,120.820000,113.358276,16110600
2016-12-28,121.080002,121.190002,119.800003,119.879997,112.476311,17975200
2016-12-29,119.849998,120.129997,119.330002,119.709999,112.316818,13267500
2016-12-30,119.940002,119.949997,118.139999,118.480003,111.162766,41749000
2017-01-03,119.269997,119.989998,118.889999,119.540001,112.157326,22307600
2017-01-04,119.669998,120.410004,119.660004,120.190002,112.767174,19749100
2017-01-05,120.099998,120.949997,120.099998,120.870003,113.405159,20644300
2017-01-06,121.000000,122.250000,120.690002,121.930000,114.399719,24074300
2017-01-09,122.029999,122.550003,121.949997,122.330002,114.775009,18909200
2017-01-10,122.379997,122.970001,122.099998,122.599998,115.028328,16176600
2017-01-11,122.650002,122.930000,122.019997,122.930000,115.337944,20686000
2017-01-12,122.489998,122.820000,121.599998,122.739998,115.159691,19622500
2017-01-13,122.800003,123.370003,122.800003,123.160004,115.553772,16930800
2017-01-17,122.839996,123.029999,122.430000,122.790001,115.206573,14538500
2017-01-18,122.970001,123.160004,122.660004,123.040001,115.441154,12499700
2017-01-19,123.220001,123.650002,122.720001,122.980003,115.384865,12710700
2017-01-20,123.519997,123.830002,122.919998,123.250000,115.638184,22091000
2017-01-23,123.169998,123.529999,122.570000,123.349998,115.732002,17434200
2017-01-24,123.589996,124.370003,123.379997,124.180000,116.510742,17640900
2017-01-25,124.959999,125.459999,124.849998,125.430000,117.683586,15036200
2017-01-26,125.599998,125.820000,125.339996,125.559998,117.805519,16052200
2017-01-27,125.830002,125.919998,125.389999,125.800003,118.030693,15053000
2017-01-30,125.379997,125.379997,124.129997,124.820000,117.111244,25006700
2017-01-31,124.379997,124.599998,123.849998,124.570000,116.876663,19091100
2017-02-01,125.449997,125.680000,124.860001,125.430000,117.683586,22861900
2017-02-02,125.209999,125.699997,124.860001,125.320000,117.580338,15101400
2017-02-03,125.449997,125.809998,125.330002,125.680000,117.918091,16957200
2017-02-06,125.470001,125.849998,125.349998,125.830002,118.058884,11630100
2017-02-07,126.089996,126.550003,125.970001,126.290001,118.490440,17541100
2017-02-08,126.120003,126.680000,125.879997,126.500000,118.687500,12569100
2017-02-09,126.629997,127.239998,126.559998,126.959999,119.119057,17542700
2017-02-10,127.239998,127.559998,127.019997,127.379997,119.513138,13915700
2017-02-13,127.769997,128.259995,127.720001,128.100006,120.188667,19120200
2017-02-14,128.149994,128.539993,127.739998,128.529999,120.592110,16333500
2017-02-15,128.440002,129.350006,128.369995,129.289993,121.305138,17891400
2017-02-16,129.369995,129.630005,128.919998,129.250000,121.267670,15098300
2017-02-17,129.059998,129.820007,129.039993,129.809998,121.793045,15563700
2017-02-21,130.059998,130.529999,129.990005,130.449997,122.393555,18479600
2017-02-22,130.330002,130.589996,130.110001,130.500000,122.440430,12110900
2017-02-23,130.699997,130.699997,129.490005,130.009995,121.980667,17489000
2017-02-24,129.419998,130.259995,129.380005,130.259995,122.215240,18624500
2017-02-27,130.020004,130.429993,129.800003,130.419998,122.365387,12008700
2017-02-28,130.389999,130.449997,129.660004,130.020004,121.990067,16598600
2017-03-01,130.850006,131.679993,130.600006,131.440002,123.322388,25813800
2017-03-02,131.410004,131.429993,130.619995,130.779999,122.703133,19951400
2017-03-03,130.690002,131.059998,130.339996,131.020004,122.928291,13722700
2017-03-06,130.589996,130.949997,130.210007,130.729996,122.656235,12026200
2017-03-07,130.470001,131.080002,130.279999,130.509995,122.449829,15500900
2017-03-08,130.589996,131.149994,130.460007,130.740005,122.665588,15776000
2017-03-09,130.710007,131.020004,130.139999,130.839996,122.759422,20855300
2017-03-10,131.440002,131.600006,130.820007,131.389999,123.275475,21922600
2017-03-13,131.339996,131.639999,131.270004,131.610001,123.481880,10731600
2017-03-14,131.309998,131.360001,130.759995,131.289993,123.181664,14019700
2017-03-15,131.559998,132.410004,131.139999,132.100006,123.941643,22709100
2017-03-16,132.350006,132.350006,131.710007,132.009995,123.857140,18457300
2017-03-17,131.899994,132.039993,131.619995,131.690002,123.813950,21234500
2017-03-20,131.649994,132.110001,131.460007,131.809998,123.926750,10105200
2017-03-21,132.309998,132.429993,129.729996,129.809998,122.046371,35841900
2017-03-22,129.850006,130.820007,129.679993,130.690002,122.873772,29177900
2017-03-23,130.520004,130.880005,130.139999,130.360001,122.563461,20311700
2017-03-24,130.779999,131.289993,130.130005,130.630005,122.817337,22967600
2017-03-27,129.699997,131.070007,129.399994,130.839996,123.014748,18472400
2017-03-28,130.839996,132.029999,130.550003,131.639999,123.766914,23721900
2017-03-29,131.729996,132.300003,131.589996,132.250000,124.340424,13710000
2017-03-30,132.199997,132.610001,132.080002,132.470001,124.547333,16092400
2017-03-31,132.279999,132.740005,132.130005,132.380005,124.462677,19841400
2017-04-03,132.490005,132.809998,131.559998,132.300003,124.387482,23700300
2017-04-04,131.919998,132.529999,131.869995,132.509995,124.584892,13400000
2017-04-05,132.699997,133.479996,131.720001,131.970001,124.077179,32011200
2017-04-06,132.100006,132.389999,131.699997,132.039993,124.143005,18832200
2017-04-07,132.000000,132.369995,131.500000,131.970001,124.077179,16743100
2017-04-10,132.100006,132.570007,131.660004,132.020004,124.124184,15619300
2017-04-11,131.899994,132.100006,130.500000,131.449997,123.588310,33778400
2017-04-12,131.429993,131.539993,130.779999,130.919998,123.089981,15955200
2017-04-13,130.740005,131.509995,130.380005,130.399994,122.601082,23683000
2017-04-17,130.770004,131.500000,130.720001,131.479996,123.616501,13325500
2017-04-18,131.039993,131.660004,130.949997,131.279999,123.428452,12841100
2017-04-19,131.850006,132.289993,131.309998,131.490005,123.625900,17764800
2017-04-20,132.020004,132.880005,131.820007,132.589996,124.660103,21977900
2017-04-21,132.710007,132.759995,132.220001,132.559998,124.631912,22454900
2017-04-24,134.029999,134.289993,133.800003,134.160004,126.136238,22469900
2017-04-25,134.600006,135.369995,134.479996,135.130005,127.048256,19384400
2017-04-26,135.179993,135.509995,134.860001,134.940002,126.869583,25398500
2017-04-27,135.270004,135.750000,135.190002,135.750000,127.631134,16136500
2017-04-28,136.289993,136.339996,135.770004,135.990005,127.856819,22771900
2017-05-01,136.440002,137.380005,136.380005,137.199997,128.994446,24815500
2017-05-02,137.369995,137.490005,137.020004,137.429993,129.210587,18345100
2017-05-03,137.119995,137.169998,136.619995,136.990005,128.796951,23827600
2017-05-04,136.970001,137.429993,136.559998,137.039993,128.843979,14630100
2017-05-05,137.389999,137.539993,136.880005,137.539993,129.314041,19330700
2017-05-08,137.610001,137.839996,137.330002,137.839996,129.596115,13279900
2017-05-09,138.050003,138.630005,137.929993,138.320007,130.047440,28426100
2017-05-10,138.399994,138.449997,137.910004,138.399994,130.122650,20499400
2017-05-11,138.020004,138.330002,137.380005,138.289993,130.019211,27232100
2017-05-12,138.350006,138.630005,138.229996,138.600006,130.310699,19738600
2017-05-15,138.660004,139.119995,138.529999,139.039993,130.724380,20481300
2017-05-16,139.399994,139.639999,138.990005,139.619995,131.269638,21786000
2017-05-17,138.509995,138.770004,136.050003,136.070007,127.931938,55642200
2017-05-18,136.020004,137.720001,135.869995,137.259995,129.050781,41319900
2017-05-19,137.750000,138.419998,137.660004,137.839996,129.596115,36730100
2017-05-22,138.149994,139.070007,138.100006,139.000000,130.686737,19509700
2017-05-23,139.410004,139.419998,138.779999,139.139999,130.818359,19687500
2017-05-24,139.559998,139.850006,139.169998,139.779999,131.420135,15891900
2017-05-25,140.309998,141.330002,140.009995,140.970001,132.538925,23928600
2017-05-26,141.000000,141.279999,140.809998,141.220001,132.774002,13851600
2017-05-30,141.149994,141.509995,141.059998,141.339996,132.886749,20306400
2017-05-31,141.839996,141.839996,140.570007,141.289993,132.839752,33229400
2017-06-01,141.580002,141.899994,140.979996,141.839996,133.356888,20120700
2017-06-02,142.339996,143.490005,142.110001,143.460007,134.879990,37222900
2017-06-05,143.449997,143.679993,143.229996,143.429993,134.851776,15727500
2017-06-06,143.259995,143.729996,142.649994,142.860001,134.315887,22393000
2017-06-07,143.259995,143.539993,142.600006,143.419998,134.842392,18842400
2017-06-08,143.740005,143.800003,142.789993,143.570007,134.983459,25417400
2017-06-09,143.740005,143.899994,138.110001,139.979996,131.608139,109783700
2017-06-12,138.800003,139.479996,137.470001,139.229996,130.902985,104454000
2017-06-13,140.009995,140.559998,139.279999,140.360001,131.965393,51193000
2017-06-14,140.929993,140.929993,138.619995,139.750000,131.391876,60093800
2017-06-15,138.339996,139.279999,137.490005,139.130005,130.808975,55145200
2017-06-16,138.679993,138.779999,137.639999,138.149994,130.241394,48087400
2017-06-19,139.490005,140.589996,139.279999,140.460007,132.419189,39626500
2017-06-20,140.320007,140.500000,139.309998,139.360001,131.382172,40935100
2017-06-21,139.679993,140.809998,139.589996,140.740005,132.683182,35743400
2017-06-22,140.960007,141.220001,140.339996,140.699997,132.645477,24099100
2017-06-23,140.539993,141.419998,140.149994,141.240005,133.154526,21654300
2017-06-26,142.050003,142.289993,140.270004,140.580002,132.532303,34411100
2017-06-27,140.050003,140.220001,138.020004,138.029999,130.128281,65957800
2017-06-28,138.539993,140.139999,137.740005,140.020004,132.004425,57427200
2017-06-29,139.440002,139.440002,136.250000,137.589996,129.713486,88769400
2017-06-30,137.979996,138.669998,137.190002,137.639999,129.760681,68898300
2017-07-03,138.270004,138.429993,136.100006,136.190002,128.393631,32797000
2017-07-05,136.619995,137.899994,136.160004,137.529999,129.656891,42116600
2017-07-06,136.479996,137.059998,135.800003,136.289993,128.487915,48430500
2017-07-07,136.750000,138.130005,136.740005,137.759995,129.873734,36970400
2017-07-10,137.850006,138.990005,137.500000,138.660004,130.722260,24853500
2017-07-11,138.460007,139.220001,137.940002,139.050003,131.089920,31517700
2017-07-12,140.240005,140.860001,139.960007,140.699997,132.645477,36045800
2017-07-13,140.869995,141.350006,140.600006,141.009995,132.937714,31073600
2017-07-14,141.639999,142.300003,141.190002,142.119995,133.984177,34544800
2017-07-17,142.270004,142.690002,141.919998,142.190002,134.050125,25343200
2017-07-18,142.089996,143.169998,141.639999,143.139999,134.945801,25748500
2017-07-19,143.559998,144.190002,143.500000,143.979996,135.737686,33752300
2017-07-20,144.350006,144.440002,143.520004,144.169998,135.916809,36139400
2017-07-21,143.639999,144.110001,143.350006,144.110001,135.860245,39697100
2017-07-24,144.089996,144.869995,143.919998,144.770004,136.482498,26712700
2017-07-25,144.289993,144.740005,144.009995,144.399994,136.133667,28120900
2017-07-26,144.759995,144.949997,144.529999,144.869995,136.576706,18610600
2017-07-27,145.820007,145.960007,142.300003,143.960007,135.718887,80665900
2017-07-28,143.100006,144.080002,142.869995,143.839996,135.605713,38013200
2017-07-31,144.250000,144.429993,142.919998,143.229996,135.030594,33848600
2017-08-01,143.720001,143.759995,143.119995,143.559998,135.341721,20149400
2017-08-02,144.490005,144.520004,142.610001,143.949997,135.709427,41769700
2017-08-03,144.089996,144.169998,143.130005,143.389999,135.181442,27112800
2017-08-04,143.710007,143.970001,143.059998,143.649994,135.426575,29472900
2017-08-07,143.910004,144.559998,143.710007,144.559998,136.284470,17933900
2017-08-08,144.279999,145.470001,143.899994,144.309998,136.048752,30810400
2017-08-09,143.119995,144.190002,142.789993,144.119995,135.869659,36169500
2017-08-10,143.300003,143.399994,140.889999,141.029999,132.956558,63331700
2017-08-11,141.220001,142.410004,140.899994,142.100006,133.965286,45862500
2017-08-14,143.229996,144.149994,143.190002,143.929993,135.690552,34161000
2017-08-15,144.289993,144.300003,143.639999,144.029999,135.784866,25509200
2017-08-16,144.389999,144.960007,143.800003,144.279999,136.020554,31913000
2017-08-17,143.720001,143.940002,141.330002,141.330002,133.239410,70191000
2017-08-18,141.410004,142.199997,140.649994,141.229996,133.145096,60751900
2017-08-21,141.220001,141.529999,140.179993,141.050003,132.975418,37111500
2017-08-22,141.809998,143.350006,141.759995,143.199997,135.002304,36294200
2017-08-23,142.479996,143.009995,142.380005,142.690002,134.521500,25702300
2017-08-24,143.009995,143.169998,141.470001,142.270004,134.125549,38160800
2017-08-25,142.820007,143.179993,141.779999,141.970001,133.842728,26380400
2017-08-28,142.399994,142.740005,141.949997,142.410004,134.257568,15362100
2017-08-29,141.190002,143.210007,141.059998,142.970001,134.785492,24498300
2017-08-30,143.089996,144.889999,143.000000,144.649994,136.369308,33642700
2017-08-31,145.059998,146.210007,144.979996,146.199997,137.830597,38480700
2017-09-01,146.389999,146.589996,145.610001,146.000000,137.641983,22293600
2017-09-05,145.570007,145.880005,143.600006,144.690002,136.407089,44794300
2017-09-06,145.059998,145.460007,144.080002,145.130005,136.821854,30722700
2017-09-07,145.399994,145.839996,144.940002,145.470001,137.142365,22721100
2017-09-08,145.279999,145.350006,144.059998,144.210007,135.954498,27890100
2017-09-11,145.339996,146.119995,145.300003,145.869995,137.519470,27126300
2017-09-12,146.279999,146.410004,145.529999,146.220001,137.849472,30256700
2017-09-13,145.970001,146.440002,145.729996,146.419998,138.037979,28450900
2017-09-14,145.850006,146.289993,145.470001,145.559998,137.227219,35296400
2017-09-15,145.529999,146.589996,145.289993,146.059998,137.698608,46422400
2017-09-18,145.910004,146.369995,145.110001,145.550003,137.518143,24858200
2017-09-19,145.809998,146.009995,145.309998,145.800003,137.754333,20871200
2017-09-20,145.750000,145.910004,144.229996,145.350006,137.329208,34236200
2017-09-21,145.250000,145.259995,143.949997,144.460007,136.488297,28841800
2017-09-22,144.000000,144.529999,143.850006,144.320007,136.356094,21702400
2017-09-25,143.750000,143.830002,142.100006,142.800003,134.919876,54947700
2017-09-26,143.529999,143.800003,142.669998,143.169998,135.269501,29628800
2017-09-27,143.929993,145.000000,143.570007,144.460007,136.488297,33249400
2017-09-28,144.110001,144.559998,143.779999,144.410004,136.441071,24149400
2017-09-29,144.699997,145.559998,144.320007,145.449997,137.423676,43102400
2017-10-02,145.669998,146.169998,144.929993,145.580002,137.546509,27351300
2017-10-03,145.770004,146.059998,145.449997,145.889999,137.839386,19715200
2017-10-04,145.610001,146.339996,145.470001,146.029999,137.971649,26381100
2017-10-05,146.559998,147.539993,146.410004,147.460007,139.322769,31562400
2017-10-06,146.960007,147.660004,146.960007,147.660004,139.511765,23561100
2017-10-09,147.850006,148.009995,147.300003,147.490005,139.351135,13704800
2017-10-10,147.990005,148.139999,146.949997,147.600006,139.455032,19223100
2017-10-11,147.529999,148.070007,147.339996,148.039993,139.870743,12439100
2017-10-12,147.820007,148.350006,147.619995,147.770004,139.615677,14513500
2017-10-13,148.369995,148.509995,147.779999,148.339996,140.154221,18409900
2017-10-16,148.710007,148.889999,148.389999,148.850006,140.636017,21809400
2017-10-17,148.800003,149.059998,148.570007,149.039993,140.815552,13138200
2017-10-18,149.190002,149.210007,148.639999,148.860001,140.645493,17218200
2017-10-19,147.990005,148.330002,147.270004,148.309998,140.125824,27680300
2017-10-20,148.910004,149.039993,148.529999,148.710007,140.503815,30173300
2017-10-23,149.020004,149.029999,147.529999,147.740005,139.587326,29297100
2017-10-24,148.029999,148.300003,147.440002,147.990005,139.823563,20289500
2017-10-25,147.699997,148.179993,146.330002,147.429993,139.294418,36179100
2017-10-26,147.339996,147.710007,146.919998,146.960007,138.850342,28230200
2017-10-27,149.429993,151.520004,149.199997,151.240005,142.894150,60165100
2017-10-30,151.130005,152.190002,150.990005,151.580002,143.215378,31733400
2017-10-31,152.070007,152.369995,151.630005,152.149994,143.753922,26319300
2017-11-01,152.759995,152.830002,151.500000,152.100006,143.706726,29481600
2017-11-02,151.929993,151.990005,150.770004,151.809998,143.432648,31017400
2017-11-03,152.360001,153.289993,151.839996,153.270004,144.812164,26199200
2017-11-06,153.149994,153.850006,153.100006,153.789993,145.303482,28693900
2017-11-07,153.669998,154.080002,153.339996,153.880005,145.388489,21333100
2017-11-08,153.800003,154.539993,153.619995,154.500000,145.974243,17373500
2017-11-09,153.229996,153.770004,152.110001,153.690002,145.208939,40594500
2017-11-10,153.330002,153.800003,153.059998,153.679993,145.199509,20150800
2017-11-13,153.100006,154.070007,153.100006,153.869995,145.379028,12522400
2017-11-14,153.330002,153.500000,152.570007,153.309998,144.849945,25173800
2017-11-15,152.649994,153.000000,151.779999,152.589996,144.169647,24808000
2017-11-16,153.360001,154.889999,153.330002,154.539993,146.012085,34790600
2017-11-17,154.580002,154.690002,153.800003,153.949997,145.454620,28725800
2017-11-20,154.059998,154.199997,153.610001,153.830002,145.341248,21143900
2017-11-21,154.559998,155.570007,154.490005,155.500000,146.919083,20147800
2017-11-22,155.639999,155.839996,155.339996,155.690002,147.098633,17299000
2017-11-24,155.850006,156.309998,155.759995,156.259995,147.637131,8280600
2017-11-27,156.210007,156.559998,155.830002,156.190002,147.570969,22653400
2017-11-28,156.539993,156.690002,155.699997,156.589996,147.948883,25227300
2017-11-29,156.410004,156.449997,153.119995,153.860001,145.369553,71986300
2017-11-30,154.509995,155.449997,154.149994,155.149994,146.588379,56595500
2017-12-01,154.199997,155.240005,152.259995,154.490005,145.964828,59015800
2017-12-04,155.460007,155.630005,152.559998,152.710007,144.283020,51319100
2017-12-05,152.679993,154.550003,152.100006,152.809998,144.377487,40604200
2017-12-06,152.240005,153.740005,152.059998,153.500000,145.029465,28647800
2017-12-07,153.490005,154.460007,153.330002,154.020004,145.520767,32666200
2017-12-08,155.149994,155.529999,154.460007,154.699997,146.163208,28081700
2017-12-11,154.770004,155.949997,154.759995,155.899994,147.297012,20821500
2017-12-12,155.830002,156.149994,155.360001,155.690002,147.098633,20310300
2017-12-13,156.320007,156.490005,155.759995,155.990005,147.382080,24418500
2017-12-14,156.259995,156.660004,155.710007,155.880005,147.278137,24594700
2017-12-15,156.490005,157.820007,156.229996,157.649994,148.950439,49816200
2017-12-18,158.360001,158.770004,158.070007,158.639999,150.199234,26844500
2017-12-19,158.339996,158.500000,157.259995,157.699997,149.309219,31415000
2017-12-20,158.250000,158.279999,156.910004,157.529999,149.148285,38972600
2017-12-21,157.750000,158.250000,157.369995,157.550003,149.167282,18638700
2017-12-22,157.309998,157.429993,156.949997,157.369995,148.996841,23330400
2017-12-26,156.490005,156.720001,155.949997,156.520004,148.192062,21918700
2017-12-27,156.529999,156.960007,156.389999,156.539993,148.210968,22388200
2017-12-28,157.039993,157.070007,156.539993,156.729996,148.390854,25393800
2017-12-29,156.869995,156.899994,155.699997,155.759995,147.472519,33186000
2018-01-02,156.559998,158.529999,156.169998,158.490005,150.057251,32573300
2018-01-03,158.639999,160.169998,158.610001,160.029999,151.515305,29383600
2018-01-04,160.580002,160.789993,160.080002,160.309998,151.780426,24776100
2018-01-05,161.070007,162.029999,160.770004,161.919998,153.304779,26992300
2018-01-08,161.919998,162.630005,161.860001,162.550003,153.901199,23159100
2018-01-09,162.869995,163.039993,162.070007,162.559998,153.910721,24782400
2018-01-10,161.839996,162.210007,161.119995,162.179993,153.550934,34004000
2018-01-11,162.460007,163.300003,162.210007,163.289993,154.601822,20473500
2018-01-12,163.149994,164.660004,162.940002,164.490005,155.738022,37762700
2018-01-16,165.580002,166.419998,163.529999,164.020004,155.292999,41231800
2018-01-17,164.800003,166.039993,164.000000,165.789993,156.968811,33849900
2018-01-18,165.529999,166.199997,165.139999,165.820007,156.997238,26432200
2018-01-19,166.309998,166.610001,165.539993,166.339996,157.489609,38937600
2018-01-22,166.279999,168.119995,166.089996,168.119995,159.174850,26081400
2018-01-23,168.639999,169.660004,168.559998,169.509995,160.490906,37989700
2018-01-24,169.869995,170.240005,167.440002,168.410004,159.449448,54287400
2018-01-25,169.570007,169.630005,167.809998,168.350006,159.392639,28925000
2018-01-26,169.289993,170.949997,168.960007,170.929993,161.835327,32038200
2018-01-29,170.570007,170.910004,169.740005,170.100006,161.049530,37277800
2018-01-30,168.550003,169.419998,167.820007,168.699997,159.723999,44987700
2018-01-31,169.649994,169.990005,168.339996,169.399994,160.386703,42449200
2018-02-01,168.100006,169.729996,167.419998,167.960007,159.023361,38037900
2018-02-02,167.300003,167.699997,164.470001,164.610001,155.851593,68478100
2018-02-05,163.070007,165.750000,158.000000,158.119995,149.706924,105372200
2018-02-06,155.809998,162.509995,155.100006,162.309998,153.673996,118537900
2018-02-07,161.789993,163.550003,160.199997,160.210007,151.685745,91028300
2018-02-08,160.619995,160.800003,153.449997,153.449997,145.285446,94184800
2018-02-09,155.619995,157.240005,150.130005,156.100006,147.794418,113836600
2018-02-12,157.699997,159.949997,156.460007,158.869995,150.417023,63050600
2018-02-13,157.960007,160.009995,157.720001,159.690002,151.193375,31785600
2018-02-14,158.750000,162.929993,158.000000,162.679993,154.024292,52107400
2018-02-15,164.139999,165.699997,162.440002,165.699997,156.883652,51633900
2018-02-16,165.160004,166.759995,164.679993,164.960007,156.182999,62256300
2018-02-20,164.380005,166.679993,164.309998,165.289993,156.495438,36785600
2018-02-21,166.100006,167.720001,164.720001,164.820007,156.050430,41161800
2018-02-22,165.539993,166.419998,164.380005,164.800003,156.031525,37074400
2018-02-23,166.130005,168.169998,165.449997,168.169998,159.222198,50096900
2018-02-26,168.960007,170.399994,168.820007,170.399994,161.333557,39266700
2018-02-27,170.449997,170.729996,168.210007,168.289993,159.335800,42209900
2018-02-28,169.250000,169.800003,167.100006,167.210007,158.313293,42936300
2018-03-01,167.300003,168.070007,163.000000,164.479996,155.728531,76809900
2018-03-02,162.500000,166.279999,161.960007,165.990005,157.158188,57445100
2018-03-05,165.210007,168.259995,164.589996,167.830002,158.900314,38540200
2018-03-06,168.649994,169.110001,167.479996,168.539993,159.572495,29480900
2018-03-07,167.250000,169.070007,166.960007,168.929993,159.941727,34609400
2018-03-08,169.630005,169.979996,168.949997,169.860001,160.822296,25828400
2018-03-09,171.070007,173.160004,170.820007,173.160004,163.946671,38310500
2018-03-12,173.669998,174.479996,173.279999,174.080002,164.817780,37635000
2018-03-13,174.479996,175.210007,171.270004,171.710007,162.573898,55638900
2018-03-14,172.610001,172.740005,170.929993,171.679993,162.545441,40536400
2018-03-15,171.800003,172.529999,170.899994,171.529999,162.403458,28810400
2018-03-16,171.820007,172.199997,170.940002,171.020004,161.920578,31176700
2018-03-19,169.100006,169.220001,165.639999,167.100006,158.465820,71395100
2018-03-20,167.169998,168.039993,166.610001,167.649994,158.987335,34075700
2018-03-21,167.210007,168.759995,166.190002,166.919998,158.295074,43863500
2018-03-22,164.610001,165.770004,162.589996,162.800003,154.388016,66607300
2018-03-23,162.610001,163.300003,158.429993,158.509995,150.319672,80110400
2018-03-26,161.720001,164.600006,159.160004,164.399994,155.905243,57481500
2018-03-27,165.619995,165.619995,157.679993,159.080002,150.860229,78889100
2018-03-28,158.169998,159.779999,156.039993,157.250000,149.124725,89369700
2018-03-29,158.100006,161.710007,156.630005,160.130005,151.855942,68692600
2018-04-02,158.990005,159.740005,153.880005,155.509995,147.474655,85549400
2018-04-03,156.869995,157.919998,154.440002,157.259995,149.134262,64090000
2018-04-04,154.220001,160.229996,154.039993,159.740005,151.486099,65768700
2018-04-05,161.330002,161.580002,159.479996,160.649994,152.349014,43054900
2018-04-06,158.880005,160.460007,155.880005,156.630005,148.536774,59870900
2018-04-09,157.979996,160.880005,157.460007,157.729996,149.579971,41810400
2018-04-10,160.210007,161.729996,159.070007,161.210007,152.880157,48296800
2018-04-11,160.199997,162.000000,160.100006,160.279999,151.998184,41622100
2018-04-12,161.250000,162.770004,161.160004,162.210007,153.828445,30467900
2018-04-13,163.020004,163.259995,160.669998,161.369995,153.031876,44604900
2018-04-16,162.500000,163.190002,161.479996,162.600006,154.198303,28180800
2018-04-17,164.240005,166.460007,163.910004,166.100006,157.517456,35536100
2018-04-18,166.100006,167.000000,165.309998,166.440002,157.839905,29573900
2018-04-19,165.600006,165.990005,164.339996,164.910004,156.388901,34705700
2018-04-20,164.490005,164.610001,161.729996,162.300003,153.913788,49197100
2018-04-23,163.089996,163.729996,161.020004,161.889999,153.525040,33040600
2018-04-24,162.660004,162.910004,157.389999,158.460007,150.272171,70256800
2018-04-25,158.740005,159.309998,156.470001,158.649994,150.452423,52089300
2018-04-26,160.699997,162.529999,160.179993,161.990005,153.619858,43005500
2018-04-27,164.369995,164.410004,161.169998,162.089996,153.714676,51043400
2018-04-30,162.470001,163.479996,160.539993,160.940002,152.624115,35615300
2018-05-01,160.520004,162.800003,160.139999,162.779999,154.368988,36513500
2018-05-02,163.059998,163.570007,161.630005,161.820007,153.458649,38646800
2018-05-03,161.000000,162.399994,159.220001,161.800003,153.439682,60337100
2018-05-04,161.100006,165.250000,160.979996,164.869995,156.350998,41543200
2018-05-07,165.639999,166.779999,165.509995,166.240005,157.650238,32500200
2018-05-08,165.889999,166.429993,164.860001,166.070007,157.489059,26040200
2018-05-09,166.369995,168.000000,165.779999,167.880005,159.205521,29122700
2018-05-10,168.419998,169.740005,168.289993,169.619995,160.855560,27067600
2018-05-11,169.419998,169.860001,168.720001,169.460007,160.703888,24688800
2018-05-14,169.850006,170.820007,169.470001,169.750000,160.978851,21821700
2018-05-15,168.410004,168.500000,166.979996,167.869995,159.196030,49361600
2018-05-16,168.089996,169.369995,168.009995,168.979996,160.248627,22941200
2018-05-17,168.389999,169.610001,167.509995,168.330002,159.632248,27480200
2018-05-18,167.679993,168.259995,167.210007,167.460007,158.807220,26217900
2018-05-21,168.759995,169.500000,167.679993,168.399994,159.698563,22954600
2018-05-22,169.169998,169.449997,167.880005,168.179993,159.489975,19477700
2018-05-23,166.899994,169.619995,166.880005,169.600006,160.836609,26557800
2018-05-24,169.550003,169.850006,167.839996,169.550003,160.789215,27696500
2018-05-25,169.529999,170.330002,169.210007,169.720001,160.950394,27460500
2018-05-29,168.949997,169.919998,167.960007,168.970001,160.239166,41220500
2018-05-30,169.580002,170.479996,169.220001,170.179993,161.386642,22665800
2018-05-31,170.179993,171.199997,169.630005,170.070007,161.282349,35670900
2018-06-01,170.919998,172.839996,170.869995,172.740005,163.814377,45543300
2018-06-04,173.179993,174.339996,173.070007,174.300003,165.293732,20459600
2018-06-05,174.710007,175.130005,174.070007,174.839996,165.805862,24779300
2018-06-06,175.020004,175.889999,174.139999,175.860001,166.773163,25036600
2018-06-07,175.889999,175.929993,173.550003,174.429993,165.417038,39600300
2018-06-08,173.610001,174.880005,173.179993,174.440002,165.426529,31780300
2018-06-11,174.309998,175.339996,174.279999,174.910004,165.872238,22319700
2018-06-12,175.149994,176.000000,174.960007,175.830002,166.744690,22511800
2018-06-13,176.100006,177.139999,175.429993,175.820007,166.735214,37858600
2018-06-14,176.630005,177.889999,176.500000,177.600006,168.423264,35916000
2018-06-15,176.929993,177.330002,176.110001,176.979996,167.835266,49615700
2018-06-18,175.490005,176.649994,174.940002,176.500000,167.738342,31633200
2018-06-19,174.270004,176.039993,173.710007,176.000000,167.263153,38236000
2018-06-20,176.809998,177.979996,176.649994,177.250000,168.451141,33038000
2018-06-21,177.699997,177.880005,175.369995,175.710007,166.987595,43469400
2018-06-22,176.300003,176.369995,174.690002,175.320007,166.616943,30073200
2018-06-25,173.729996,173.990005,169.809998,171.369995,162.863007,77799700
2018-06-26,172.000000,173.059998,171.369995,172.070007,163.528244,39008100
2018-06-27,172.800003,173.580002,169.610001,169.729996,161.304428,52843500
2018-06-28,169.520004,171.770004,169.169998,171.190002,162.691986,46407700
2018-06-29,172.009995,172.919998,171.399994,171.649994,163.129074,36408500
2018-07-02,170.039993,172.850006,169.669998,172.800003,164.222015,31770000
2018-07-03,173.449997,173.449997,170.630005,170.800003,162.321289,25512700
2018-07-05,171.910004,173.059998,171.029999,172.919998,164.336029,31626200
2018-07-06,173.320007,175.740005,173.000000,175.610001,166.892502,37005600
2018-07-09,176.520004,177.229996,175.820007,177.190002,168.394104,27362100
2018-07-10,177.520004,177.720001,176.710007,177.320007,168.517685,23902500
2018-07-11,175.929993,177.070007,175.800003,176.419998,167.662308,30280600
2018-07-12,177.199997,179.460007,177.080002,179.460007,170.551407,27930100
2018-07-13,179.449997,179.899994,178.949997,179.610001,170.693954,28049800
2018-07-16,179.649994,179.949997,178.880005,179.179993,170.285324,21405300
2018-07-17,177.279999,180.649994,177.279999,180.270004,171.321198,31034100
2018-07-18,180.289993,180.440002,179.380005,179.929993,170.998032,23220800
2018-07-19,179.279999,179.880005,178.820007,179.029999,170.142776,31094100
2018-07-20,179.570007,180.169998,178.789993,178.990005,170.104782,35897300
2018-07-23,178.460007,179.639999,177.740005,179.559998,170.646454,22184700
2018-07-24,181.410004,182.050003,179.559998,180.300003,171.349716,36900300
2018-07-25,180.380005,182.929993,180.289993,182.820007,173.744644,35026600
2018-07-26,180.339996,180.919998,179.809998,180.050003,171.112076,40873500
2018-07-27,181.190002,181.309998,176.600006,177.619995,168.802719,59456100
2018-07-30,177.630005,177.729996,174.270004,175.110001,166.417389,60193000
2018-07-31,175.800003,177.130005,174.820007,176.449997,167.690811,47285100
2018-08-01,176.860001,177.649994,176.100006,177.119995,168.327591,37101900
2018-08-02,175.869995,179.740005,175.789993,179.529999,170.617950,47178200
2018-08-03,179.869995,180.089996,179.080002,180.080002,171.140656,28934400
2018-08-06,179.960007,181.190002,179.740005,181.139999,172.147995,24808800
2018-08-07,181.649994,182.139999,181.259995,181.800003,172.775253,29895700
2018-08-08,181.550003,182.350006,181.059998,182.020004,172.984360,22680700
2018-08-09,181.910004,182.630005,181.639999,181.910004,172.879776,18852900
2018-08-10,180.679993,181.220001,179.839996,180.520004,171.558792,33818500
2018-08-13,180.850006,182.009995,180.240005,180.320007,171.368729,26089200
2018-08-14,181.009995,181.660004,180.039993,181.449997,172.442627,20913000
2018-08-15,180.009995,180.580002,178.119995,179.229996,170.332825,58528000
2018-08-16,180.610001,180.990005,179.470001,179.820007,170.893509,27711800
2018-08-17,179.350006,180.309998,178.270004,179.860001,170.931549,36092600
2018-08-20,180.259995,180.330002,179.000000,179.699997,170.779480,24939000
2018-08-21,180.240005,181.440002,180.130005,180.360001,171.406738,26258700
2018-08-22,179.979996,181.270004,179.750000,181.059998,172.072021,18042400
2018-08-23,180.740005,182.050003,180.500000,180.800003,171.824890,25776200
2018-08-24,181.399994,182.630005,181.360001,182.479996,173.421494,23136100
2018-08-27,183.399994,184.339996,183.110001,184.339996,175.189133,29343600
2018-08-28,184.830002,185.020004,184.220001,184.610001,175.445770,20277000
2018-08-29,184.929993,186.839996,184.860001,186.740005,177.470093,29175600
2018-08-30,186.380005,187.520004,185.789993,186.410004,177.156387,29315500
2018-08-31,186.179993,187.179993,185.979996,186.649994,177.384491,28653200
2018-09-04,186.080002,186.399994,184.850006,185.850006,176.624237,29063500
2018-09-05,185.520004,185.550003,182.820007,183.449997,174.343353,42623300
2018-09-06,183.529999,183.750000,180.580002,181.809998,172.784775,46091400
2018-09-07,180.500000,182.669998,180.440002,181.110001,172.119507,46629500
2018-09-10,182.149994,182.250000,180.729996,181.720001,172.699234,26132000
2018-09-11,180.990005,183.419998,180.520004,183.119995,174.029709,30116500
2018-09-12,182.850006,182.979996,181.009995,182.580002,173.516525,36204000
2018-09-13,183.720001,184.880005,183.639999,184.529999,175.369720,31133200
2018-09-14,184.660004,184.949997,183.259995,183.990005,174.856537,31224100
2018-09-17,183.679993,183.809998,181.169998,181.339996,172.338104,33071200
2018-09-18,181.490005,183.729996,181.399994,182.839996,173.763641,31877300
2018-09-19,182.869995,183.300003,181.509995,182.699997,173.630554,31843400
2018-09-20,183.960007,184.970001,183.520004,184.720001,175.550293,33295800
2018-09-21,185.220001,185.479996,183.479996,183.710007,174.590439,38605400
2018-09-24,182.050003,183.960007,181.300003,183.889999,175.075989,34945600
2018-09-25,183.809998,184.279999,183.179993,184.139999,175.313995,25277500
2018-09-26,184.300003,185.990005,183.910004,184.270004,175.437759,36210600
2018-09-27,185.020004,186.490005,184.919998,185.830002,176.922989,33113300
2018-09-28,185.309998,186.279999,184.970001,185.789993,176.884949,28076800
2018-10-01,186.869995,187.529999,185.699997,186.169998,177.246735,27371300
2018-10-02,186.009995,187.179993,185.320007,185.750000,176.846832,25618600
2018-10-03,186.529999,186.970001,185.660004,185.949997,177.037262,29128700
2018-10-04,185.199997,185.320007,181.059998,182.380005,173.638351,80557300
2018-10-05,182.360001,182.970001,178.429993,180.149994,171.515228,83325600
2018-10-08,179.520004,180.639999,176.929993,179.050003,170.467972,66864500
2018-10-09,179.179993,181.020004,178.750000,179.630005,171.020172,49097900
2018-10-10,178.509995,178.619995,171.500000,171.729996,163.498840,114471100
2018-10-11,171.020004,173.399994,167.809998,169.600006,161.470901,143084500
2018-10-12,174.169998,174.860001,170.929993,174.320007,165.964722,102078400
2018-10-15,173.710007,174.039993,171.559998,172.210007,163.955856,64885300
2018-10-16,174.020004,177.649994,173.699997,177.220001,168.725677,71979700
2018-10-17,178.080002,178.259995,175.470001,177.289993,168.792328,66987600
2018-10-18,176.619995,176.679993,172.440002,173.179993,164.879364,82486200
2018-10-19,174.580002,176.070007,172.389999,173.020004,164.727005,82923700
2018-10-22,174.059998,175.250000,172.589996,173.910004,165.574341,52909300
2018-10-23,170.639999,174.130005,168.820007,173.270004,164.965042,77567000
2018-10-24,173.070007,173.360001,165.039993,165.339996,157.415085,102997400
2018-10-25,167.910004,172.080002,167.160004,171.059998,162.860931,83481100
2018-10-26,165.199997,169.960007,164.229996,166.660004,158.671844,130970900
2018-10-29,169.210007,169.860001,160.089996,163.229996,155.406219,111871900
2018-10-30,162.750000,166.039993,162.009995,165.919998,157.967316,92584000
2018-10-31,168.619995,171.250000,168.539993,169.820007,161.680389,73828600
2018-11-01,170.070007,172.240005,168.779999,172.059998,163.813004,52706800
2018-11-02,171.529999,172.550003,168.220001,169.380005,161.261444,75966800
2018-11-05,169.600006,169.660004,167.080002,168.960007,160.861618,39573500
2018-11-06,168.970001,171.190002,168.720001,170.240005,162.080261,34410400
2018-11-07,172.279999,175.580002,171.869995,175.580002,167.164291,51169600
2018-11-08,174.759995,175.300003,173.630005,174.460007,166.097961,40296500
2018-11-09,172.830002,173.250000,170.160004,171.520004,163.298920,50602700
2018-11-12,170.320007,170.639999,166.179993,166.330002,158.357666,62578400
2018-11-13,167.110001,169.479996,166.000000,166.470001,158.490921,64128100
2018-11-14,168.119995,168.699997,164.250000,165.199997,157.281799,75270700
2018-11-15,164.899994,168.539993,163.460007,168.089996,160.033264,73254300
2018-11-16,166.449997,168.309998,165.779999,167.500000,159.471558,65390700
2018-11-19,166.699997,166.899994,161.539993,162.059998,154.292358,67280500
2018-11-20,158.369995,161.380005,157.130005,159.160004,151.531311,102652800
2018-11-21,161.350006,161.970001,159.229996,160.369995,152.683319,42965800
2018-11-23,159.089996,160.839996,159.089996,159.210007,151.578964,23503700
2018-11-26,161.440002,162.970001,160.759995,162.889999,155.082535,42012600
2018-11-27,162.000000,163.850006,161.179993,163.440002,155.606186,36608100
2018-11-28,164.619995,168.699997,163.470001,168.699997,160.614090,70141000
2018-11-29,167.990005,169.259995,166.820007,168.149994,160.090439,44885700
2018-11-30,168.380005,169.470001,167.539993,169.369995,161.251923,36722800
2018-12-03,173.110001,173.309998,169.509995,172.330002,164.070053,50771700
2018-12-04,171.429993,171.910004,165.520004,165.720001,157.776871,70594700
2018-12-06,162.380005,166.910004,161.770004,166.889999,158.890808,71715500
2018-12-07,166.160004,167.119995,160.860001,161.380005,153.644913,80432200
2018-12-10,161.080002,163.779999,159.410004,163.070007,155.253937,73960800
2018-12-11,165.729996,165.770004,162.229996,163.610001,155.768051,59058300
2018-12-12,166.000000,167.600006,164.960007,165.050003,157.138977,53780000
2018-12-13,166.130005,166.820007,164.029999,165.100006,157.186615,46378500
2018-12-14,163.210007,163.809998,160.699997,161.080002,153.359299,56547400
2018-12-17,160.389999,161.669998,156.169998,157.429993,149.884232,74834100
2018-12-18,158.649994,159.949997,157.039993,158.419998,150.826843,63642100
2018-12-19,158.179993,160.720001,153.339996,154.529999,147.123245,81856500
2018-12-20,154.149994,155.869995,150.389999,152.289993,144.990646,99002100
2018-12-21,153.050003,154.089996,146.720001,147.570007,140.496841,141129400
2018-12-24,146.080002,147.979996,143.460007,143.500000,137.012833,56163300
2018-12-26,145.080002,152.539993,144.089996,152.460007,145.567764,98982100
2018-12-27,150.369995,153.179993,147.080002,153.050003,146.131073,85824300
2018-12-28,154.149994,155.589996,151.720001,152.970001,146.054718,77856600
2018-12-31,154.470001,154.979996,152.710007,154.259995,147.286362,53015300
2019-01-02,150.990005,155.750000,150.880005,154.880005,147.878342,58576700
2019-01-03,152.600006,153.259995,149.490005,149.820007,143.047073,74820200
2019-01-04,152.339996,157.000000,151.740005,156.229996,149.167328,74709300
2019-01-07,156.619995,158.860001,156.110001,158.089996,150.943237,52059300
2019-01-08,159.539993,160.110001,157.199997,159.520004,152.308578,49388700
2019-01-09,160.139999,161.520004,159.470001,160.820007,153.549835,46491700
2019-01-10,159.600006,161.369995,158.699997,161.279999,153.989044,38943400
2019-01-11,160.330002,160.860001,159.789993,160.690002,153.425705,30176600
2019-01-14,159.330002,159.960007,158.589996,159.270004,152.069870,30710200
2019-01-15,160.000000,162.600006,159.910004,162.380005,155.039307,40874200
2019-01-16,162.649994,163.779999,162.289993,162.350006,155.010651,33812200
2019-01-17,161.830002,164.360001,161.570007,163.630005,156.232788,39329000
2019-01-18,164.779999,166.020004,163.820007,165.250000,157.779556,57183200
2019-01-22,164.059998,164.139999,160.759995,161.940002,154.619186,56711700
2019-01-23,162.770004,163.509995,160.320007,162.149994,154.819702,38106100
2019-01-24,162.679993,163.440002,162.059998,163.199997,155.822205,32417800
2019-01-25,164.509995,165.649994,163.949997,165.149994,157.684021,36515900
2019-01-28,163.020004,163.119995,161.750000,163.110001,155.736313,33491200
2019-01-29,163.199997,163.240005,160.990005,161.570007,154.265900,30784200
2019-01-30,163.399994,166.279999,162.889999,165.679993,158.190094,41346500
2019-01-31,166.699997,168.990005,166.470001,168.160004,160.558029,37258400
2019-02-01,167.330002,168.600006,166.990005,167.449997,159.880096,32143700
2019-02-04,167.479996,169.529999,167.330002,169.529999,161.866043,26718800
2019-02-05,169.759995,171.229996,169.690002,171.029999,163.298248,28156400
2019-02-06,171.070007,171.369995,169.750000,170.520004,162.811310,27970000
2019-02-07,169.029999,169.449997,166.949997,168.229996,160.624817,42036200
2019-02-08,166.759995,168.589996,166.570007,168.559998,160.939926,29020700
2019-02-11,169.169998,169.580002,167.979996,168.399994,160.787109,21434100
2019-02-12,169.630005,171.139999,169.330002,170.889999,163.164566,29722100
2019-02-13,171.649994,172.160004,170.820007,171.009995,163.279160,26094100
2019-02-14,170.399994,171.830002,169.830002,171.220001,163.479675,30326800
2019-02-15,172.520004,172.559998,171.139999,171.940002,164.167114,32521700
2019-02-19,171.410004,172.800003,171.380005,172.279999,164.491714,19487700
2019-02-20,172.399994,173.080002,171.320007,172.250000,164.463074,32593000
2019-02-21,171.789993,172.259995,170.710007,171.619995,163.861557,25207400
2019-02-22,171.990005,173.009995,171.899994,172.889999,165.074081,27735400
2019-02-25,174.210007,174.660004,173.399994,173.520004,165.675720,32608800
2019-02-26,173.100006,174.250000,172.809998,173.699997,165.847580,21939700
2019-02-27,172.899994,173.800003,171.759995,173.589996,165.742523,25162000
2019-02-28,173.050003,173.809998,172.699997,173.190002,165.360596,25085500
2019-03-01,174.440002,174.649994,173.179993,174.389999,166.506378,31431200
2019-03-04,175.539993,175.789993,172.470001,174.419998,166.534958,38063500
2019-03-05,174.550003,175.089996,173.690002,174.550003,166.659103,22319900
2019-03-06,174.720001,174.750000,173.279999,173.559998,165.713898,27194600
2019-03-07,173.119995,173.179993,170.789993,171.429993,163.680176,39407400
2019-03-08,169.509995,171.259995,169.339996,171.169998,163.431885,39303200
2019-03-11,171.880005,174.850006,171.850006,174.729996,166.830978,30518400
2019-03-12,175.190002,176.139999,174.770004,175.690002,167.747559,33953500
2019-03-13,176.600006,177.929993,176.350006,177.009995,169.007919,42426100
2019-03-14,177.130005,177.339996,176.660004,176.710007,168.721466,23751500
2019-03-15,177.399994,178.880005,177.279999,178.350006,170.287369,38192000
2019-03-18,177.949997,178.990005,177.589996,178.449997,170.692871,32935100
2019-03-19,179.179993,180.000000,178.289993,179.050003,171.266800,36893300
2019-03-20,179.059998,180.860001,178.240005,179.759995,171.945923,50105000
2019-03-21,179.220001,182.830002,179.199997,182.570007,174.633835,42428500
2019-03-22,181.779999,182.270004,178.369995,178.559998,170.798065,70794500
2019-03-25,177.910004,178.839996,176.929993,178.220001,170.472900,46336500
2019-03-26,179.600006,180.690002,178.139999,179.050003,171.266800,33248100
2019-03-27,179.320007,179.720001,176.600006,177.899994,170.166794,37096700
2019-03-28,178.360001,178.979996,177.240005,178.309998,170.558990,30368200
2019-03-29,179.690002,179.830002,178.589996,179.660004,171.850281,35205500
2019-04-01,181.509995,182.259995,180.770004,182.039993,174.126877,30969500
2019-04-02,182.240005,182.910004,181.779999,182.729996,174.786850,22645200
2019-04-03,183.759995,184.919998,183.210007,183.779999,175.791260,31633500
2019-04-04,183.830002,184.500000,182.649994,183.710007,175.724243,28530800
2019-04-05,184.240005,184.770004,184.020004,184.660004,176.632980,25674700
2019-04-08,184.360001,185.279999,183.630005,185.130005,177.082504,22697500
2019-04-09,184.500000,185.110001,184.089996,184.479996,176.460739,25631900
2019-04-10,184.720001,185.529999,184.520004,185.470001,177.407715,24563000
2019-04-11,185.779999,185.779999,184.690002,185.029999,176.986893,20654100
2019-04-12,185.850006,185.949997,185.059998,185.830002,177.752106,24989100
2019-04-15,185.839996,186.070007,184.619995,185.860001,177.780807,21073000
2019-04-16,186.539993,186.910004,185.929993,186.500000,178.392975,27195700
2019-04-17,187.750000,187.929993,186.600006,187.149994,179.014694,29651600
2019-04-18,187.460007,187.789993,186.289993,187.389999,179.244293,28580900
2019-04-22,186.570007,187.990005,186.429993,187.919998,179.751251,17936000
2019-04-23,188.399994,190.539993,188.130005,190.309998,182.037369,33665600
2019-04-24,190.470001,190.710007,189.649994,189.710007,181.463440,24977100
2019-04-25,191.130005,191.220001,189.449997,190.479996,182.199966,29517500
2019-04-26,190.179993,190.690002,188.589996,190.649994,182.362595,26359500
2019-04-29,190.649994,191.320007,190.339996,191.020004,182.716522,21716200
2019-04-30,189.479996,189.850006,188.210007,189.539993,181.300827,31495300
2019-05-01,190.779999,191.320007,188.800003,188.929993,180.717361,34797100
2019-05-02,188.869995,189.850006,186.869995,188.110001,179.933029,44110100
2019-05-03,189.669998,191.250000,189.330002,191.110001,182.802551,30386200
2019-05-06,187.050003,190.199997,186.759995,189.940002,181.683426,38371800
2019-05-07,187.869995,188.669998,184.509995,186.240005,178.144287,58818100
2019-05-08,185.630005,187.169998,184.960007,185.770004,177.694702,37165300
2019-05-09,183.699997,185.410004,182.089996,184.770004,176.738190,55351700
2019-05-10,184.110001,185.889999,181.029999,185.000000,176.958176,58526400
2019-05-13,180.289993,181.259995,178.059998,178.580002,170.817230,67185800
2019-05-14,179.520004,181.630005,178.860001,180.539993,172.691986,43360600
2019-05-15,179.350006,183.550003,179.309998,183.089996,175.131241,40944500
2019-05-16,183.169998,186.070007,182.949997,184.929993,176.891220,39281200
2019-05-17,183.100006,185.580002,182.880005,183.039993,175.083374,44702300
2019-05-20,180.490005,181.179993,179.339996,179.949997,172.127670,38608300
2019-05-21,181.500000,182.330002,180.919998,181.830002,173.925980,31613800
2019-05-22,180.820007,182.070007,180.750000,181.020004,173.151215,24332600
2019-05-23,178.940002,179.020004,177.139999,178.250000,170.501587,45351300
2019-05-24,179.210007,179.850006,177.940002,178.160004,170.415512,25903300
2019-05-28,178.660004,179.660004,177.470001,177.490005,169.774643,24763800
2019-05-29,176.389999,177.000000,175.089996,176.029999,168.378082,42178800
2019-05-30,176.500000,177.270004,175.770004,176.770004,169.085922,30354800
2019-05-31,174.690002,175.289993,173.869995,173.949997,166.388504,45446200
2019-06-03,173.479996,173.949997,169.270004,170.119995,162.724991,75842300
2019-06-04,172.029999,174.970001,171.369995,174.910004,167.306793,47797800
2019-06-05,176.580002,176.610001,174.380005,176.210007,168.550293,34412700
2019-06-06,176.509995,178.039993,175.729996,177.610001,169.889389,29913200
2019-06-07,178.559998,181.770004,178.330002,181.039993,173.170288,45888300
2019-06-10,182.250000,184.850006,182.210007,183.149994,175.188583,41385300
2019-06-11,185.059998,185.399994,182.779999,183.399994,175.427734,41260300
2019-06-12,182.899994,183.279999,182.000000,182.339996,174.413803,27758100
2019-06-13,183.100006,183.869995,182.740005,183.419998,175.446884,23715800
2019-06-14,182.479996,183.110001,181.940002,182.639999,174.700760,22844100
2019-06-17,183.039993,184.250000,182.839996,183.740005,175.752975,20379500
2019-06-18,185.910004,187.720001,185.429993,186.410004,178.306900,48177300
2019-06-19,186.660004,187.529999,185.570007,187.110001,178.976440,31672900
2019-06-20,189.720001,189.759995,187.160004,188.850006,180.640823,40922000
2019-06-21,188.630005,189.770004,188.169998,188.570007,180.373001,39980400
2019-06-24,188.529999,188.720001,188.059998,188.160004,180.378708,19375200
2019-06-25,188.029999,188.139999,184.649994,184.929993,177.282349,33921100
2019-06-26,186.160004,187.330002,185.490005,185.789993,178.106766,22595700
2019-06-27,186.460007,186.940002,185.990005,186.500000,178.787415,19709200
2019-06-28,186.949997,187.149994,186.070007,186.740005,179.017532,21179200
2019-07-01,190.320007,190.570007,188.380005,189.259995,181.433243,31025600
2019-07-02,189.199997,190.029999,188.660004,190.009995,182.152206,18035800
2019-07-03,190.490005,191.440002,190.289993,191.440002,183.523102,15792100
2019-07-05,190.130005,191.399994,189.389999,191.050003,183.149185,21415600
2019-07-08,189.809998,189.869995,188.929993,189.710007,181.864655,17598800
2019-07-09,188.809998,190.899994,188.649994,190.660004,182.775391,19193500
2019-07-10,191.820007,193.089996,191.470001,192.559998,184.596771,28374500
2019-07-11,192.850006,193.339996,191.809998,192.419998,184.462570,23736100
2019-07-12,192.630005,193.539993,192.449997,193.529999,185.526672,20211900
2019-07-15,193.979996,194.190002,193.440002,194.149994,186.121033,15606100
2019-07-16,193.910004,194.089996,192.559998,193.149994,185.162399,20190900
2019-07-17,193.149994,193.490005,192.179993,192.199997,184.251663,16765100
2019-07-18,191.289993,192.789993,190.690002,192.419998,184.462570,28877000
2019-07-19,193.740005,193.830002,190.809998,191.009995,183.110901,29387900
2019-07-22,191.440002,192.940002,191.440002,192.529999,184.568008,18954900
2019-07-23,193.580002,193.809998,192.289993,193.789993,185.775879,23786700
2019-07-24,193.050003,195.160004,193.029999,195.149994,187.079666,20422900
2019-07-25,194.490005,194.520004,192.929993,193.300003,185.306168,23434700
2019-07-26,194.529999,195.550003,194.429993,195.289993,187.213867,20431200
2019-07-29,195.110001,195.179993,193.389999,194.619995,186.571609,20451700
2019-07-30,193.130005,194.539993,192.990005,193.779999,185.766296,18705000
2019-07-31,194.300003,194.429993,189.320007,191.100006,183.197144,41627500
2019-08-01,191.429993,194.979996,189.229996,190.149994,182.286438,63251600
2019-08-02,188.720001,188.990005,186.210007,187.350006,179.602264,55214000
2019-08-05,183.429993,183.509995,179.199997,180.729996,173.255981,75040000
2019-08-06,182.399994,183.800003,181.070007,183.259995,175.681381,41897200
2019-08-07,181.270004,184.509995,179.889999,184.250000,176.630417,49990600
2019-08-08,185.080002,188.320007,184.570007,188.259995,180.474609,38418100
2019-08-09,187.360001,188.000000,185.029999,186.490005,178.777817,33608900
2019-08-12,185.339996,185.899994,183.500000,184.350006,176.726349,24642900
2019-08-13,184.190002,189.679993,184.020004,188.389999,180.599182,40241900
2019-08-14,185.360001,185.949997,182.419998,182.759995,175.202072,51000500
2019-08-15,183.000000,183.589996,181.160004,182.550003,175.000717,36685000
2019-08-16,184.210007,185.949997,184.100006,185.479996,177.809570,32781400
2019-08-19,188.160004,188.830002,187.500000,188.429993,180.637573,22494100
2019-08-20,187.960007,188.639999,186.919998,186.970001,179.237976,19902900
2019-08-21,188.610001,189.229996,187.960007,188.630005,180.829269,20418500
2019-08-22,188.979996,189.460007,186.539993,188.020004,180.244522,24243700
2019-08-23,186.740005,188.449997,181.559998,182.070007,174.540588,55372400
2019-08-26,184.139999,184.869995,183.080002,184.820007,177.176880,27598900
2019-08-27,186.110001,186.419998,183.710007,184.429993,176.803009,28012800
2019-08-28,183.830002,185.399994,182.910004,185.089996,177.435715,21792400
2019-08-29,187.389999,188.460007,186.679993,187.919998,180.148666,25358900
2019-08-30,188.929993,188.970001,186.410004,187.470001,179.717285,26319800
2019-09-03,186.220001,187.179993,185.029999,185.649994,177.972534,27964200
2019-09-04,187.440002,188.490005,186.899994,188.330002,180.541702,21592100
2019-09-05,190.410004,192.330002,190.339996,191.779999,183.849045,33932600
2019-09-06,192.100006,192.169998,191.169998,191.589996,183.666901,19487800
2019-09-09,192.190002,192.270004,190.220001,191.190002,183.283417,24407600
2019-09-10,190.160004,190.740005,188.910004,190.639999,182.756180,23744700
2019-09-11,191.000000,192.529999,190.559998,192.429993,184.472122,25063600
2019-09-12,193.610001,194.710007,192.970001,193.229996,185.239059,28689900
2019-09-13,192.949997,193.399994,192.289993,192.539993,184.577606,27669800
2019-09-16,191.300003,192.080002,191.110001,191.679993,183.753159,20319000
2019-09-17,191.699997,192.600006,191.289993,192.600006,184.635086,20953400
2019-09-18,192.199997,192.600006,190.110001,192.520004,184.558426,29781300
2019-09-19,192.860001,194.039993,192.470001,192.839996,184.865204,26039400
2019-09-20,193.110001,193.309998,190.160004,190.800003,182.909561,29086100
2019-09-23,190.360001,191.070007,189.720001,190.500000,182.990265,22485900
2019-09-24,191.369995,191.789993,187.149994,187.970001,180.560059,40820700
2019-09-25,187.779999,190.580002,186.210007,190.080002,182.586777,34704900
2019-09-26,189.830002,190.000000,187.979996,189.380005,181.914413,26826000
2019-09-27,189.729996,189.830002,185.750000,187.029999,179.657059,40773500
2019-09-30,187.789993,189.110001,187.399994,188.809998,181.366882,26307700
2019-10-01,189.500000,190.589996,186.960007,187.270004,179.887604,32367600
2019-10-02,186.000000,186.029999,183.020004,184.050003,176.794540,48544300
2019-10-03,184.029999,186.210007,181.820007,186.070007,178.734924,39392500
2019-10-04,187.080002,189.080002,186.880005,188.809998,181.366882,31887600
2019-10-07,188.270004,189.740005,187.910004,188.240005,180.819336,21216000
2019-10-08,187.059998,187.860001,185.270004,185.419998,178.110504,32379300
2019-10-09,186.990005,188.080002,186.429993,187.229996,179.849167,20147400
2019-10-10,187.279999,189.429993,187.119995,188.679993,181.241974,25177700
2019-10-11,190.830002,192.630005,190.720001,191.110001,183.576202,40976700
2019-10-14,190.839996,191.699997,190.649994,191.089996,183.556976,14975000
2019-10-15,191.679993,193.970001,191.559998,193.520004,185.891205,23234200
2019-10-16,192.860001,193.529999,192.429993,193.039993,185.430115,20457100
2019-10-17,194.199997,194.500000,192.809998,193.550003,185.919983,19045200
2019-10-18,193.199997,193.669998,190.710007,191.690002,184.133331,27700800
2019-10-21,192.710007,193.520004,192.139999,193.389999,185.766312,15801200
2019-10-22,194.149994,194.419998,191.789993,191.850006,184.286987,22392300
2019-10-23,191.460007,192.259995,191.149994,192.220001,184.642441,14828400
2019-10-24,193.589996,194.210007,192.740005,194.089996,186.438736,18998500
2019-10-25,193.089996,195.740005,193.050003,195.639999,187.927628,21507100
2019-10-28,196.550003,197.830002,196.550003,197.570007,189.781555,18818700
2019-10-29,197.240005,197.539993,196.009995,196.039993,188.311874,18569700
2019-10-30,196.419998,197.320007,195.289993,196.990005,189.224380,21764300
2019-10-31,197.559998,197.649994,195.940002,197.080002,189.310867,26801800
2019-11-01,197.929993,198.880005,197.630005,198.869995,191.030258,22131900
2019-11-04,200.190002,200.529999,198.869995,200.100006,192.211792,19015900
2019-11-05,200.350006,200.550003,199.550003,200.210007,192.317459,15048900
2019-11-06,199.979996,200.000000,198.789993,199.759995,191.885193,19725500
2019-11-07,200.759995,201.720001,199.850006,200.429993,192.528778,17832400
2019-11-08,200.070007,201.250000,199.539993,201.229996,193.297287,15258800
2019-11-11,200.210007,201.039993,199.940002,200.960007,193.037903,10147600
2019-11-12,201.130005,202.210007,200.820007,201.539993,193.595032,14778300
2019-11-13,200.839996,201.779999,200.710007,201.589996,193.643066,15774600
2019-11-14,200.830002,201.559998,200.220001,201.429993,193.489380,16945400
2019-11-15,202.649994,202.910004,202.000000,202.910004,194.911026,18427900
2019-11-18,202.589996,203.389999,201.770004,203.070007,195.064713,18365900
2019-11-19,203.839996,203.839996,202.589996,203.369995,195.352875,16923300
2019-11-20,202.839996,203.449997,200.619995,202.149994,194.180969,36629000
2019-11-21,201.929993,202.070007,201.070007,201.699997,193.748734,17883600
2019-11-22,202.199997,202.320007,200.740005,201.830002,193.873581,17189600
2019-11-25,202.699997,204.259995,202.669998,204.220001,196.169357,17752800
2019-11-26,204.350006,204.869995,204.050003,204.610001,196.543991,14780600
2019-11-27,205.139999,206.050003,204.889999,206.039993,197.917633,16963100
2019-11-29,205.520004,205.830002,205.000000,205.100006,197.014709,9854600
2019-12-02,205.110001,205.179993,201.779999,203.000000,194.997498,28007000
2019-12-03,200.210007,201.490005,199.229996,201.410004,193.470169,31104100
2019-12-04,202.440002,202.910004,202.139999,202.429993,194.449905,15300100
2019-12-05,203.149994,203.149994,201.839996,202.830002,194.834167,14962300
2019-12-06,204.309998,205.149994,204.149994,205.000000,196.918640,16555300
2019-12-09,204.630005,205.589996,203.979996,204.070007,196.025284,13984100
2019-12-10,204.169998,204.880005,203.440002,203.899994,195.861984,21799800
2019-12-11,204.360001,205.190002,204.039993,204.979996,196.899460,18780800
2019-12-12,204.770004,207.320007,204.490005,206.509995,198.369095,32612000
2019-12-13,206.399994,207.910004,205.960007,207.190002,199.022278,32519400
2019-12-16,208.550003,209.529999,208.479996,209.270004,201.020294,21296600
2019-12-17,209.539993,209.710007,209.039993,209.389999,201.135574,15996100
2019-12-18,209.570007,210.130005,209.330002,209.550003,201.289261,15443300
2019-12-19,209.639999,210.929993,209.619995,210.860001,202.547684,17865900
2019-12-20,211.860001,212.520004,211.270004,211.710007,203.364105,27672600
2019-12-23,212.000000,212.149994,211.630005,211.809998,203.901306,23774700
2019-12-24,212.000000,212.089996,211.440002,211.919998,204.007187,7089000
2019-12-26,212.259995,213.809998,212.229996,213.789993,205.807404,17067500
2019-12-27,214.539993,214.559998,213.039993,213.610001,205.634109,18134100
2019-12-30,213.500000,213.630005,211.160004,212.210007,204.286331,21815500
2019-12-31,211.529999,212.759995,211.199997,212.610001,204.671432,18170900
2020-01-02,214.399994,216.160004,213.979996,216.160004,208.088837,30969400
2020-01-03,213.300003,215.470001,213.279999,214.179993,206.182785,27518900
2020-01-06,212.500000,215.589996,212.240005,215.559998,207.511261,21655300
2020-01-07,215.639999,216.139999,214.850006,215.529999,207.482407,22139300
2020-01-08,215.500000,218.139999,215.160004,217.149994,209.041870,26397300
2020-01-09,218.940002,219.410004,217.710007,218.990005,210.813217,23547000
2020-01-10,219.850006,219.869995,218.039993,218.429993,210.274094,21898500
2020-01-13,219.330002,220.979996,218.979996,220.949997,212.699982,22756900
2020-01-14,220.839996,221.210007,219.740005,220.080002,211.862549,24418100
2020-01-15,220.199997,221.199997,219.449997,220.169998,211.949142,25742100
2020-01-16,221.270004,222.320007,220.800003,222.279999,213.980377,18805000
2020-01-17,223.279999,223.559998,222.119995,223.380005,215.039322,24325200
2020-01-21,222.759995,223.839996,222.660004,223.279999,214.942993,21146300
2020-01-22,224.410004,225.149994,223.589996,223.869995,215.510986,20736400
2020-01-23,223.740005,224.690002,222.699997,224.589996,216.204102,26496100
2020-01-24,225.639999,225.880005,221.669998,222.699997,214.384644,37436500
2020-01-27,217.669998,219.279999,217.179993,218.100006,209.956451,42264400
2020-01-28,219.639999,221.960007,219.059998,221.449997,213.181335,26731900
2020-01-29,222.679993,222.929993,220.830002,221.809998,213.527893,28924500
2020-01-30,220.380005,222.699997,219.690002,222.600006,214.288452,39568100
2020-01-31,223.529999,223.559998,218.289993,219.070007,210.890244,52015800
2020-02-03,220.139999,222.889999,219.990005,222.380005,214.076645,25408600
2020-02-04,225.419998,227.860001,224.649994,227.470001,218.976562,30691200
2020-02-05,230.210007,230.250000,226.850006,228.220001,219.698532,38534800
2020-02-06,228.789993,230.250000,227.979996,230.190002,221.594986,22467100
2020-02-07,229.160004,230.440002,228.539993,229.199997,220.641922,25884900
2020-02-10,228.440002,231.979996,228.380005,231.970001,223.308533,21478900
2020-02-11,233.250000,234.020004,231.399994,232.009995,223.347061,30198000
2020-02-12,233.380005,234.380005,232.800003,234.270004,225.522659,24471300
2020-02-13,232.639999,234.929993,232.360001,233.970001,225.233856,22773200
2020-02-14,234.339996,234.860001,233.550003,234.639999,225.878815,23438500
2020-02-18,233.500000,235.169998,233.250000,234.729996,225.965469,24394500
2020-02-19,236.130005,237.470001,235.850006,236.979996,228.131485,22230500
2020-02-20,236.460007,236.949997,231.880005,234.779999,226.013626,42604000
2020-02-21,233.610001,234.009995,229.320007,230.270004,221.672012,66017200
2020-02-24,221.679993,224.250000,220.259995,221.389999,213.123596,84522600
2020-02-25,223.250000,223.990005,214.740005,215.369995,207.328384,97743000
2020-02-26,216.710007,220.279999,214.899994,216.479996,208.396927,79537700
2020-02-27,210.899994,216.419998,205.500000,205.639999,197.961670,121822600
2020-02-28,198.639999,207.169998,198.169998,205.800003,198.115692,148173700
2020-03-02,208.880005,216.570007,205.940002,216.419998,208.339203,112933900
2020-03-03,217.110001,219.610001,207.619995,209.479996,201.658310,131953500
2020-03-04,213.320007,218.330002,211.369995,218.220001,210.071945,73086200
2020-03-05,212.690002,216.360001,210.100006,211.589996,203.689514,78705500
2020-03-06,204.669998,209.149994,202.910004,208.020004,200.252838,89828400
2020-03-09,193.479996,201.160004,192.110001,193.570007,186.342346,116424000
2020-03-10,201.110001,204.300003,193.679993,204.110001,196.488800,100599200
2020-03-11,199.350006,200.750000,192.729996,195.220001,187.930756,89168800
2020-03-12,182.089996,190.779999,176.940002,177.320007,170.699158,137820700
2020-03-13,187.070007,194.479996,178.130005,192.339996,185.158279,134882000
2020-03-16,174.149994,184.679993,169.160004,169.300003,162.978561,92054400
2020-03-17,175.470001,184.389999,169.779999,182.139999,175.339127,121257100
2020-03-18,171.610001,179.220001,166.800003,176.600006,170.006012,114156300
2020-03-19,175.690002,183.490005,171.630005,177.660004,171.026413,120896500
2020-03-20,181.740005,182.869995,170.100006,170.699997,164.326309,118983900
2020-03-23,170.919998,174.210007,164.929993,170.460007,164.444977,124639800
2020-03-24,179.910004,183.830002,177.949997,183.660004,177.179153,94881800
2020-03-25,184.419998,189.509995,179.979996,182.300003,175.867111,88754900
2020-03-26,183.869995,192.720001,183.610001,191.899994,185.128403,79887600
2020-03-27,186.929993,190.509995,184.660004,185.300003,178.761292,58845000
2020-03-30,187.059998,192.490005,186.339996,192.039993,185.263412,49356900
2020-03-31,191.720001,195.250000,189.199997,190.399994,183.681305,62659300
2020-04-01,184.770004,187.660004,180.860001,182.309998,175.876785,53715400
2020-04-02,181.240005,190.100006,180.970001,186.009995,179.446259,56465300
2020-04-03,185.550003,187.070007,181.289993,183.369995,176.899384,47487600
2020-04-06,190.479996,197.649994,189.190002,196.479996,189.546768,64763500
2020-04-07,202.369995,202.660004,196.000000,196.399994,189.469574,69904500
2020-04-08,198.149994,201.169998,196.169998,200.570007,193.492477,45940400
2020-04-09,202.350006,203.220001,199.029999,200.860001,193.772217,68252600
2020-04-13,200.000000,203.419998,198.750000,203.029999,195.865631,42853900
2020-04-14,207.229996,212.500000,206.419998,211.860001,204.384094,63959600
2020-04-15,208.479996,211.830002,207.119995,209.429993,202.039795,47036000
2020-04-16,211.690002,214.369995,209.690002,213.250000,205.724960,64657400
2020-04-17,216.169998,216.509995,212.080002,215.289993,207.692993,62863200
2020-04-20,213.360001,215.880005,212.570007,212.740005,205.232986,38249100
2020-04-21,210.600006,211.160004,203.630005,204.889999,197.660004,72932800
2020-04-22,209.100006,212.350006,208.330002,210.970001,203.525482,40089100
2020-04-23,211.789993,214.440002,210.100006,210.520004,203.091354,43278500
2020-04-24,210.970001,214.300003,209.500000,213.839996,206.294205,34231900
2020-04-27,216.190002,216.630005,214.500000,215.559998,207.953506,36451700
2020-04-28,217.320007,217.320007,211.210007,211.500000,204.036758,46862800
2020-04-29,216.190002,219.970001,215.139999,219.000000,211.272095,48716400
2020-04-30,219.949997,220.039993,217.350006,218.910004,211.185272,43359500
2020-05-01,214.500000,216.669998,211.679993,212.740005,205.232986,48795000
2020-05-04,211.460007,215.449997,211.119995,215.220001,207.625534,32841000
2020-05-05,217.440002,220.139999,216.850006,217.660004,209.979416,37783100
2020-05-06,219.399994,221.039993,218.110001,219.000000,211.272095,36455200
2020-05-07,221.820007,222.729996,220.419998,221.820007,213.992599,38624800
2020-05-08,223.550003,225.000000,222.479996,224.860001,216.925308,31852300
2020-05-11,223.490005,227.929993,223.250000,226.869995,218.864426,35714100
2020-05-12,227.490005,228.100006,222.089996,222.119995,214.281998,41054100
2020-05-13,222.660004,224.610001,216.710007,219.339996,211.600113,65521200
2020-05-14,217.970001,221.869995,215.990005,221.830002,214.002228,51549300
2020-05-15,218.779999,223.330002,218.330002,223.270004,215.391418,55747200
2020-05-18,226.279999,228.679993,225.470001,227.429993,219.404633,42398100
2020-05-19,227.699997,229.850006,226.710007,226.860001,218.854721,36237300
2020-05-20,229.500000,231.759995,229.479996,231.389999,223.224869,37417000
2020-05-21,231.440002,232.139999,228.339996,228.869995,220.793793,43642900
2020-05-22,228.449997,229.869995,227.500000,229.660004,221.555923,28762400
2020-05-26,233.360001,233.570007,228.789993,229.039993,220.957809,33055300
2020-05-27,228.690002,230.410004,223.940002,230.289993,222.163712,55665600
2020-05-28,229.110001,233.470001,229.050003,229.990005,221.874344,42784300
2020-05-29,230.380005,233.600006,228.759995,233.360001,225.125381,50691800
2020-06-01,232.460007,234.449997,232.000000,234.059998,225.800659,25776000
2020-06-02,234.500000,235.690002,232.009995,235.630005,227.315308,33383400
2020-06-03,236.259995,237.470001,235.350006,236.690002,228.337875,37228700
2020-06-04,236.330002,237.789993,233.679993,235.029999,226.736465,38716100
2020-06-05,236.220001,240.300003,235.630005,239.690002,231.232025,47365600
2020-06-08,239.539993,241.679993,237.910004,241.550003,233.026413,32937300
2020-06-09,240.660004,244.179993,240.470001,243.300003,234.714630,35046300
2020-06-10,245.050003,247.820007,244.509995,246.220001,237.531570,58084400
2020-06-11,242.160004,243.589996,233.960007,234.020004,225.762100,72919400
2020-06-12,239.089996,240.399994,231.740005,235.880005,227.556442,72034800
2020-06-15,232.440002,239.449997,231.470001,238.750000,230.325195,45307400
2020-06-16,243.779999,244.389999,239.100006,242.850006,234.280502,48890100
2020-06-17,244.399994,245.500000,242.729996,243.619995,235.023315,34749300
2020-06-18,243.289993,244.529999,242.490005,244.279999,235.660080,30578600
2020-06-19,246.729996,247.000000,242.449997,244.240005,235.621475,49422100
2020-06-22,243.679993,246.869995,243.380005,246.740005,238.447144,24068700
2020-06-23,248.389999,251.149994,247.820007,248.839996,240.476608,32767400
2020-06-24,248.059998,249.330002,242.160004,243.710007,235.518982,46032400
2020-06-25,243.800003,246.339996,241.139999,246.029999,237.761017,36940800
2020-06-26,245.779999,245.960007,239.679993,240.220001,232.146255,52824600
2020-06-29,239.970001,242.850006,237.350006,242.839996,234.678207,34377800
2020-06-30,242.770004,248.160004,242.580002,247.600006,239.278290,38909200
2020-07-01,247.639999,251.520004,247.080002,250.490005,242.071167,34689200
2020-07-02,253.020004,254.270004,251.710007,252.190002,243.713974,31956500
2020-07-06,255.449997,258.929993,255.429993,258.390015,249.705658,34589000
2020-07-07,258.130005,260.880005,256.299988,256.609985,247.985413,36578200
2020-07-08,257.980011,260.019989,256.500000,259.989990,251.251801,30426300
2020-07-09,261.970001,262.869995,257.630005,262.179993,253.368210,40312900
2020-07-10,262.029999,264.230011,259.260010,263.970001,255.098160,32885300
2020-07-13,266.910004,269.790009,257.690002,258.540009,249.850616,64108100
2020-07-14,255.929993,260.790009,252.759995,260.369995,251.619080,72230500
2020-07-15,261.829987,262.690002,257.489990,260.899994,252.131271,54523900
2020-07-16,258.019989,259.779999,255.619995,259.119995,250.411102,47594100
2020-07-17,259.589996,260.309998,257.170013,259.420013,250.701065,35137900
2020-07-20,260.079987,267.429993,258.790009,266.779999,257.813629,40610100
2020-07-21,268.399994,268.410004,263.130005,264.000000,255.127029,43243800
2020-07-22,264.510010,265.890015,262.549988,264.929993,256.025787,29865500
2020-07-23,264.510010,265.239990,256.549988,258.010010,249.338409,51363500
2020-07-24,254.039993,256.929993,251.320007,255.559998,246.970749,54054500
2020-07-27,257.260010,260.519989,256.450012,260.119995,251.377457,36445700
2020-07-28,259.309998,259.850006,256.510010,256.809998,248.178726,31302400
2020-07-29,258.399994,260.660004,257.910004,259.769989,251.039215,27556900
2020-07-30,257.739990,261.709991,256.549988,261.130005,252.353500,41774500
2020-07-31,265.910004,265.950012,260.850006,265.790009,256.856995,53686300
2020-08-03,268.000000,270.149994,267.869995,269.380005,260.326263,32081600
2020-08-04,268.859985,270.480011,268.089996,270.380005,261.292633,24911300
2020-08-05,270.880005,271.519989,269.959991,271.049988,261.940094,21612100
2020-08-06,270.850006,274.980011,270.190002,274.640015,265.409515,28048200
2020-08-07,274.079987,274.880005,269.250000,271.470001,262.346069,44969400
2020-08-10,271.769989,271.980011,266.670013,270.309998,261.224915,35088400
2020-08-11,269.109985,270.440002,264.630005,265.190002,256.277100,43104300
2020-08-12,267.420013,272.839996,267.369995,271.859985,262.722931,38773400
2020-08-13,272.660004,274.829987,271.510010,272.480011,263.322113,31895700
2020-08-14,273.119995,273.399994,270.720001,272.160004,263.012817,30799500
2020-08-17,273.929993,275.839996,272.200012,275.320007,266.066650,24803000
2020-08-18,276.420013,278.459991,274.910004,277.970001,268.627625,23529500
2020-08-19,277.929993,279.019989,275.570007,276.100006,266.820374,31999400
2020-08-20,275.279999,280.429993,274.859985,279.929993,270.521729,27723400
2020-08-21,280.130005,282.339996,279.459991,281.869995,272.396454,34748900
2020-08-24,285.250000,286.000000,281.269989,283.630005,274.097290,36418500
2020-08-25,282.829987,286.059998,282.369995,285.859985,276.252411,34866600
2020-08-26,287.149994,292.220001,285.829987,291.959991,282.147339,42216700
2020-08-27,292.970001,293.850006,288.709991,291.049988,281.267944,49482700
2020-08-28,292.329987,293.179993,290.929993,292.529999,282.698212,28021000
2020-08-31,293.070007,296.750000,292.619995,294.880005,284.969238,36321000
2020-09-01,297.619995,300.040009,295.790009,299.920013,289.839905,36216200
2020-09-02,303.279999,303.500000,296.890015,302.760010,292.584381,50836800
2020-09-03,298.100006,298.619995,284.410004,287.410004,277.750244,110083300
2020-09-04,285.559998,288.929993,271.799988,283.579987,274.048950,123959000
2020-09-08,272.220001,278.220001,269.660004,269.950012,260.877136,99568600
2020-09-09,275.640015,280.049988,273.000000,277.880005,268.540619,64837900
2020-09-10,280.940002,282.200012,270.559998,272.339996,263.186798,69667500
2020-09-11,274.149994,275.220001,266.899994,270.450012,261.360382,71809000
2020-09-14,274.359985,277.220001,272.959991,275.160004,265.911987,38525200
2020-09-15,279.029999,280.450012,275.130005,279.059998,269.680908,41849900
2020-09-16,279.880005,280.359985,274.250000,274.609985,265.380493,42321000
2020-09-17,267.549988,274.399994,266.679993,270.320007,261.234711,81570800
2020-09-18,271.790009,272.089996,262.630005,266.869995,257.900635,86251100
2020-09-21,262.470001,267.649994,260.109985,267.510010,258.519104,57168600
2020-09-22,269.989990,273.079987,266.540009,272.480011,263.322113,41128900
2020-09-23,272.149994,272.339996,263.250000,264.160004,255.281708,48837300
2020-09-24,261.390015,268.700012,261.220001,265.390015,256.470367,70631700
2020-09-25,265.910004,272.399994,264.299988,271.559998,262.432983,55242400
2020-09-28,276.579987,277.200012,271.670013,277.200012,267.883453,58438300
2020-09-29,276.619995,277.709991,275.369995,275.950012,266.675446,27050000
2020-09-30,276.149994,281.089996,275.869995,277.839996,268.501984,49380800
2020-10-01,281.790009,282.880005,279.839996,282.250000,272.763733,50020200
2020-10-02,276.019989,282.239990,273.440002,274.309998,265.090515,75497400
2020-10-05,276.339996,280.489990,276.230011,280.160004,270.743958,28184600
2020-10-06,279.450012,281.190002,274.250000,275.160004,265.911987,49704200
2020-10-07,277.890015,280.739990,277.279999,279.920013,270.511993,27539700
2020-10-08,282.399994,282.470001,280.309998,281.410004,271.951874,25443300
2020-10-09,283.109985,285.790009,282.709991,285.709991,276.107361,30201100
2020-10-12,290.549988,297.459991,289.470001,294.529999,284.630981,79370700
2020-10-13,296.390015,297.049988,293.109985,294.519989,284.621216,64240000
2020-10-14,295.350006,296.350006,290.260010,292.059998,282.243988,36949100
2020-10-15,287.200012,290.709991,286.540009,290.100006,280.349884,42514200
2020-10-16,291.799988,293.269989,288.149994,288.510010,278.813263,40570700
2020-10-19,290.489990,291.480011,282.790009,283.799988,274.261536,36756800
2020-10-20,284.559998,287.619995,282.950012,284.410004,274.851135,32195400
2020-10-21,284.670013,287.320007,283.690002,284.190002,274.638428,29306100
2020-10-22,285.049988,285.980011,280.820007,284.179993,274.628815,32196200
2020-10-23,284.769989,284.910004,281.779999,284.739990,275.169983,24658500
2020-10-26,282.380005,285.299988,276.760010,280.470001,271.043549,38421100
2020-10-27,281.500000,283.510010,280.200012,282.660004,273.159912,30559100
2020-10-28,278.010010,278.640015,271.380005,271.640015,262.510315,53413500
2020-10-29,273.000000,279.489990,272.519989,276.390015,267.100708,43246300
2020-10-30,274.339996,275.239990,267.070007,269.380005,260.326263,65838300
2020-11-02,271.850006,273.519989,266.970001,269.980011,260.906128,39987400
2020-11-03,271.959991,276.820007,270.839996,274.649994,265.419128,43604100
2020-11-04,283.589996,288.769989,281.869995,286.910004,277.267059,75728200
2020-11-05,293.529999,295.390015,292.000000,294.390015,284.495667,52054200
2020-11-06,293.709991,295.359985,289.829987,294.609985,284.708344,40959800
2020-11-09,297.649994,299.140015,288.119995,288.589996,278.890686,86537100
2020-11-10,285.170013,286.660004,280.619995,283.420013,273.894409,69024900
2020-11-11,286.029999,290.250000,283.380005,289.760010,280.021301,36102900
2020-11-12,290.760010,292.070007,287.250000,288.399994,278.707001,34414600
2020-11-13,290.170013,291.570007,287.869995,290.929993,281.151886,24806900
2020-11-16,290.619995,293.510010,289.989990,293.200012,283.345673,30168400
2020-11-17,293.399994,293.739990,291.609985,292.269989,282.446930,21843500
2020-11-18,291.700012,293.369995,290.019989,290.109985,280.359528,28069600
2020-11-19,289.540009,292.700012,288.850006,292.380005,282.553253,22718400
2020-11-20,292.299988,293.070007,290.290009,290.380005,280.620392,25907300
2020-11-23,291.410004,292.750000,288.070007,290.390015,280.630157,26875600
2020-11-24,291.489990,294.980011,289.630005,294.470001,284.572968,24516800
2020-11-25,295.570007,296.940002,294.589996,296.279999,286.322235,23326800
2020-11-27,298.309998,300.170013,297.899994,299.010010,288.960388,17163100
2020-11-30,299.339996,299.970001,294.779999,299.619995,289.549896,27836200
2020-12-01,301.970001,305.140015,300.829987,303.459991,293.260712,27521300
2020-12-02,302.250000,304.200012,300.350006,303.850006,293.637817,23620000
2020-12-03,304.170013,305.880005,303.529999,304.279999,294.053345,22828700
2020-12-04,304.329987,305.670013,303.630005,305.519989,295.251556,19332100
2020-12-07,305.709991,307.630005,305.519989,307.250000,296.923462,20851000
2020-12-08,306.760010,308.600006,304.950012,308.290009,297.928558,18341500
2020-12-09,308.070007,308.359985,300.209991,301.309998,291.183105,48839300
2020-12-10,299.209991,303.679993,298.089996,302.519989,292.352417,27519500
2020-12-11,300.809998,301.980011,298.470001,301.850006,291.704987,26760400
2020-12-14,303.079987,306.049988,303.010010,304.040009,293.821381,28804800
2020-12-15,306.369995,307.290009,304.109985,307.290009,296.962097,25709000
2020-12-16,307.700012,309.790009,306.619995,308.980011,298.595276,25461900
2020-12-17,310.630005,311.239990,309.390015,311.000000,300.547363,23730500
2020-12-18,311.660004,311.980011,307.609985,310.059998,299.639008,41173400
2020-12-21,306.459991,309.470001,303.600006,308.920013,299.078491,37095500
2020-12-22,309.850006,310.709991,306.850006,309.760010,299.891785,26176300
2020-12-23,309.809998,310.179993,308.040009,308.200012,298.381439,21201300
2020-12-24,308.470001,310.019989,308.390015,309.559998,299.698059,16785000
2020-12-28,312.250000,313.170013,310.359985,312.679993,302.718719,22497700
2020-12-29,314.049988,314.690002,312.029999,312.959991,302.989685,25871900
2020-12-30,314.160004,314.489990,312.329987,312.970001,302.999451,18138100
2020-12-31,312.869995,314.239990,311.760010,313.739990,303.744904,21611400
2021-01-04,315.109985,315.290009,305.179993,309.309998,299.455994,45305900
2021-01-05,308.290009,312.140015,308.290009,311.859985,301.924835,29323400
2021-01-06,307.000000,311.880005,305.980011,307.540009,297.742401,52809600
2021-01-07,310.279999,315.839996,310.250000,314.980011,304.945404,30394800
2021-01-08,317.339996,319.390015,315.079987,319.029999,308.866364,33955800
2021-01-11,315.980011,317.190002,313.750000,314.420013,304.403290,32746400
2021-01-12,314.459991,315.579987,311.200012,313.920013,303.919128,29266800
2021-01-13,314.190002,316.859985,313.570007,316.040009,305.971619,22898400
2021-01-14,316.500000,317.529999,313.859985,314.350006,304.335541,23500100
2021-01-15,314.130005,315.119995,310.579987,311.859985,301.924835,35118700
2021-01-19,314.250000,316.929993,313.119995,316.410004,306.329803,24537000
2021-01-20,320.140015,324.739990,316.510010,323.769989,313.455292,30728100
2021-01-21,325.149994,327.130005,323.730011,326.359985,315.962830,25130600
2021-01-22,325.290009,326.459991,324.709991,325.420013,315.052856,21609400
2021-01-25,328.910004,330.320007,321.410004,328.109985,317.657074,39080600
2021-01-26,328.850006,329.760010,327.220001,328.589996,318.121826,25498100
2021-01-27,326.260010,326.269989,317.359985,319.429993,309.253601,55264000
2021-01-28,320.670013,326.420013,320.029999,321.320007,311.083466,42836300
2021-01-29,319.579987,320.720001,312.760010,314.559998,304.538727,55259000
2021-02-01,318.109985,323.540009,316.019989,322.420013,312.148376,35646000
2021-02-02,325.480011,328.869995,325.309998,327.679993,317.240723,33930800
2021-02-03,329.820007,330.200012,326.320007,326.380005,315.982086,24824500
2021-02-04,327.820007,330.329987,326.459991,330.239990,319.719147,22350900
2021-02-05,331.220001,332.399994,329.529999,331.359985,320.803528,22732000
2021-02-08,333.100006,333.739990,331.410004,333.579987,322.952850,20462800
2021-02-09,332.619995,334.809998,332.609985,333.510010,322.885101,17597500
2021-02-10,334.989990,335.459991,329.500000,332.750000,322.149353,28068700
2021-02-11,334.329987,335.000000,332.119995,334.579987,323.920959,22046100
2021-02-12,333.709991,336.619995,332.630005,336.450012,325.731415,20346800
2021-02-16,337.269989,338.190002,334.339996,335.540009,324.850403,27080800
2021-02-17,332.470001,335.660004,330.170013,333.929993,323.291748,31360300
2021-02-18,330.230011,333.869995,328.359985,332.470001,321.878204,32236200
2021-02-19,333.859985,333.989990,329.970001,331.019989,320.474396,39157700
2021-02-22,326.500000,327.799988,322.230011,322.440002,312.167694,47256900
2021-02-23,317.000000,323.200012,311.000000,321.480011,311.238342,97241900
2021-02-24,318.739990,324.450012,315.959991,324.130005,313.803864,58206300
2021-02-25,321.390015,324.029999,311.239990,312.829987,302.863861,110182600
2021-02-26,315.850006,319.109985,310.880005,314.140015,304.132141,104739800
2021-03-01,319.269989,323.940002,317.940002,323.589996,313.281128,49164500
2021-03-02,324.250000,324.329987,318.140015,318.399994,308.256470,48370000
2021-03-03,317.269989,318.239990,309.100006,309.160004,299.310760,86301100
2021-03-04,308.779999,312.040009,300.109985,304.100006,294.411957,139131600
2021-03-05,306.799988,309.609985,297.450012,308.679993,298.846130,121523700
2021-03-08,308.119995,310.059998,299.510010,299.940002,290.384583,88409800
2021-03-09,307.470001,313.730011,306.920013,311.769989,301.837585,80391100
2021-03-10,316.160004,316.470001,310.170013,310.880005,300.976013,76798100
2021-03-11,315.769989,319.859985,314.850006,318.040009,307.907898,53484800
2021-03-12,313.859985,318.230011,311.390015,315.459991,305.410095,69315600
2021-03-15,315.790009,319.000000,314.100006,318.829987,308.672821,42955700
2021-03-16,321.089996,324.200012,319.100006,320.579987,310.366943,54925900
2021-03-17,317.450012,323.850006,315.679993,321.899994,311.644958,78258700
2021-03-18,316.869995,317.880005,311.570007,312.040009,302.099030,82718100
2021-03-19,311.869995,314.730011,309.660004,313.140015,303.164001,78446200
2021-03-22,315.209991,320.739990,315.209991,318.609985,308.849274,56194800
2021-03-23,319.730011,321.089996,316.380005,317.220001,307.501923,53455400
2021-03-24,318.630005,318.670013,311.720001,311.869995,302.315887,64803700
2021-03-25,309.970001,312.890015,307.390015,311.329987,301.792389,78729000
2021-03-26,311.109985,316.329987,309.670013,316.000000,306.319275,63519600
2021-03-29,315.450012,316.989990,312.470001,315.910004,306.231995,54608000
2021-03-30,313.890015,314.910004,311.540009,314.320007,304.690765,44635700
2021-03-31,316.160004,320.739990,315.809998,319.130005,309.353424,55032500
2021-04-01,323.070007,324.709991,322.809998,324.570007,314.626709,55685600
2021-04-05,327.130005,331.839996,326.880005,331.049988,320.908234,42172500
2021-04-06,330.730011,332.829987,330.019989,330.820007,320.685242,33537200
2021-04-07,330.329987,332.480011,329.369995,331.619995,321.460754,32046400
2021-04-08,334.559998,335.269989,333.739990,335.079987,324.814789,29940800
2021-04-09,333.679993,337.320007,332.920013,337.109985,326.782593,36664900
2021-04-12,336.040009,337.100006,334.730011,336.670013,326.356049,25833000
2021-04-13,338.239990,341.079987,338.019989,340.600006,330.165649,30374000
2021-04-14,340.850006,340.980011,335.670013,336.510010,326.201019,42564300
2021-04-15,339.470001,342.010010,336.220001,341.609985,331.144714,36342800
2021-04-16,342.149994,342.230011,340.079987,342.010010,331.532501,40860100
2021-04-19,340.390015,341.579987,336.899994,338.880005,328.498322,34533100
2021-04-20,338.200012,339.519989,334.380005,336.410004,326.104095,38081800
2021-04-21,335.089996,339.480011,333.970001,339.290009,328.895844,36598100
2021-04-22,338.890015,339.899994,334.010010,335.200012,324.931122,45936100
2021-04-23,335.850006,340.769989,335.850006,339.420013,329.021851,36381900
2021-04-26,339.670013,341.920013,338.899994,341.630005,331.164154,30812000
2021-04-27,341.929993,342.149994,339.170013,340.149994,329.729492,33187200
2021-04-28,339.809998,340.850006,338.329987,339.000000,328.614685,33615700
2021-04-29,342.369995,342.799988,336.899994,340.220001,329.797272,37708900
2021-04-30,337.700012,340.260010,337.049988,337.989990,327.635681,38263400
2021-05-03,339.230011,340.000000,335.730011,336.190002,325.890778,29729700
2021-05-04,333.559998,333.890015,326.209991,330.140015,320.026062,65147000
2021-05-05,332.250000,333.140015,328.230011,329.029999,318.950134,46219300
2021-05-06,328.760010,331.670013,326.450012,331.510010,321.354156,46814300
2021-05-07,334.369995,336.649994,331.690002,334.200012,323.961792,53324500
2021-05-10,332.779999,332.959991,325.549988,325.760010,315.780243,60700500
2021-05-11,319.700012,326.130005,319.019989,325.309998,315.344147,71963600
2021-05-12,320.230011,322.619995,316.000000,316.890015,307.181976,91164900
2021-05-13,319.920013,322.399994,316.899994,319.339996,309.556976,69877800
2021-05-14,322.600006,327.329987,322.079987,326.390015,316.391022,44370000
2021-05-17,324.630005,326.369995,321.450012,324.410004,314.471680,39395000
2021-05-18,325.390015,326.649994,321.940002,322.220001,312.348755,36528500
2021-05-19,316.660004,322.899994,316.299988,322.589996,312.707458,66319100
2021-05-20,324.119995,329.709991,323.890015,328.829987,318.756195,46466100
2021-05-21,330.429993,330.859985,326.640015,327.010010,316.992035,50330400
2021-05-24,329.369995,333.670013,326.899994,332.510010,322.323547,32475800
2021-05-25,334.070007,334.809998,331.760010,332.970001,322.769348,31280300
2021-05-26,333.660004,334.609985,332.950012,334.130005,323.893829,25444900
2021-05-27,333.670013,334.540009,332.670013,332.880005,322.682129,27931700
2021-05-28,334.119995,335.570007,333.600006,333.929993,323.699982,29927400
2021-06-01,335.299988,335.790009,331.429993,332.820007,322.624054,31145400
2021-06-02,333.250000,334.339996,331.700012,333.470001,323.254089,22047900
2021-06-03,330.549988,331.859985,328.279999,330.000000,319.890350,37057800
2021-06-04,331.850006,336.059998,331.779999,335.600006,325.318848,38736500
2021-06-07,335.049988,336.660004,334.339996,336.600006,326.288177,32611900
2021-06-08,338.399994,339.290009,335.029999,336.760010,326.443329,27282800
2021-06-09,338.170013,338.970001,336.649994,336.839996,326.520905,21485300
2021-06-10,337.190002,340.459991,336.730011,340.350006,329.923370,33702100
2021-06-11,340.359985,341.250000,339.690002,341.239990,330.786102,21222800
2021-06-14,341.679993,344.519989,340.459991,344.510010,333.955841,27827700
2021-06-15,344.149994,344.470001,341.519989,342.260010,331.774811,35963800
2021-06-16,342.739990,343.839996,337.450012,341.010010,330.563141,55399500
2021-06-17,339.970001,346.380005,339.920013,345.339996,334.760498,59722700
2021-06-18,343.630005,344.809998,341.859985,342.630005,332.133392,55414900
2021-06-21,342.429993,344.690002,340.149994,344.359985,334.197693,32992600
2021-06-22,344.149994,348.029999,343.839996,347.570007,337.313049,28941600
2021-06-23,347.510010,348.920013,346.880005,347.739990,337.477936,27188500
2021-06-24,349.730011,351.459991,349.170013,349.890015,339.564545,32581600
2021-06-25,350.470001,350.720001,348.839996,349.459991,339.147186,28682800
2021-06-28,350.779999,353.850006,350.720001,353.709991,343.271851,39130300
2021-06-29,353.529999,355.019989,352.670013,354.989990,344.514008,29426000
2021-06-30,354.829987,355.230011,353.829987,354.429993,343.970520,32724000
2021-07-01,354.070007,355.089996,352.679993,354.570007,344.106415,29290000
2021-07-02,356.519989,358.970001,356.279999,358.640015,348.056213,32727200
2021-07-06,359.260010,360.480011,356.489990,360.190002,349.560547,38842400
2021-07-07,362.450012,362.760010,358.940002,360.950012,350.298218,35265200
2021-07-08,355.739990,359.649994,354.420013,358.769989,348.182404,50890000
2021-07-09,358.170013,361.500000,357.570007,361.010010,350.356384,35184500
2021-07-12,362.450012,362.890015,360.829987,362.420013,351.724823,25717700
2021-07-13,362.029999,365.470001,361.540009,362.420013,351.724823,39723000
2021-07-14,364.829987,365.489990,362.220001,363.070007,352.355652,35336400
2021-07-15,362.980011,363.190002,358.459991,360.519989,349.880798,53391600
2021-07-16,361.399994,362.410004,357.239990,357.600006,347.046936,47262000
2021-07-19,354.049988,355.179993,352.040009,354.670013,344.203430,64404600
2021-07-20,355.630005,360.279999,353.799988,358.790009,348.201813,42183700
2021-07-21,358.350006,361.559998,358.119995,361.559998,350.890076,30259900
2021-07-22,361.769989,363.959991,361.769989,363.950012,353.209534,30252200
2021-07-23,365.309998,368.489990,363.920013,368.200012,357.334167,31960800
2021-07-26,367.489990,368.890015,366.600006,368.489990,357.615570,28438100
2021-07-27,368.220001,368.220001,360.160004,364.429993,353.675507,57933100
2021-07-28,365.600006,367.450012,363.239990,365.829987,355.034027,42066200
2021-07-29,365.250000,367.679993,365.250000,366.480011,355.664856,25672500
2021-07-30,362.440002,365.170013,362.410004,364.570007,353.811310,36484600
2021-08-02,366.279999,366.880005,363.869995,364.600006,353.840393,27334100
2021-08-03,365.279999,366.929993,362.000000,366.809998,355.985199,35558500
2021-08-04,366.769989,368.320007,365.630005,367.339996,356.499603,29602200
2021-08-05,368.179993,369.910004,367.450012,369.670013,358.760803,21443900
2021-08-06,368.369995,369.369995,366.910004,368.049988,357.188629,33332100
2021-08-09,368.519989,369.269989,367.390015,368.730011,357.848572,25960200
2021-08-10,369.260010,369.559998,365.619995,366.839996,356.014374,35130800
2021-08-11,368.140015,368.649994,364.839996,366.209991,355.402924,34249800
2021-08-12,365.690002,367.899994,364.299988,367.529999,356.683929,25969200
2021-08-13,367.890015,369.160004,367.380005,368.820007,357.935913,19336200
2021-08-16,367.670013,369.019989,363.700012,368.980011,358.091187,34856900
2021-08-17,366.149994,367.149994,363.230011,365.730011,354.937103,44793900
2021-08-18,365.179993,366.619995,361.869995,362.209991,351.520874,38541900
2021-08-19,360.220001,365.679993,359.959991,363.959991,353.219269,48499400
2021-08-20,365.059998,368.140015,364.739990,367.730011,356.878021,39486000
2021-08-23,368.799988,373.940002,368.790009,373.230011,362.215698,34034700
2021-08-24,373.839996,374.989990,373.359985,374.369995,363.322083,21732900
2021-08-25,374.630005,375.390015,373.859985,374.799988,363.739349,20441900
2021-08-26,373.920013,374.619995,371.970001,372.420013,361.429565,29133300
2021-08-27,373.070007,376.559998,372.570007,376.040009,364.942810,27104700
2021-08-30,376.850006,380.760010,376.829987,380.260010,369.038300,27295700
2021-08-31,380.510010,380.579987,378.359985,379.950012,368.737457,29628200
2021-09-01,381.040009,382.709991,380.369995,380.579987,369.348816,28138300
2021-09-02,381.970001,382.309998,379.149994,380.399994,369.174103,25453400
2021-09-03,379.220001,381.980011,379.200012,381.570007,370.309631,24605400
2021-09-07,381.679993,382.779999,380.489990,382.109985,370.833710,23970200
2021-09-08,381.929993,381.929993,378.450012,380.779999,369.542908,32949200
2021-09-09,381.010010,382.149994,379.220001,379.470001,368.271667,29399000
2021-09-10,381.230011,381.970001,376.250000,376.589996,365.476654,40249400
2021-09-13,378.989990,379.429993,374.220001,376.329987,365.224182,48741800
2021-09-14,377.859985,378.609985,374.279999,375.260010,364.185883,41826600
2021-09-15,375.730011,378.410004,373.369995,378.049988,366.893494,34097900
2021-09-16,376.679993,378.899994,374.700012,378.309998,367.145752,35193100
2021-09-17,377.820007,377.869995,372.760010,373.829987,362.797974,60912300
2021-09-20,367.459991,369.250000,360.929993,365.700012,355.301361,76203200
2021-09-21,367.579987,368.809998,364.989990,366.149994,355.738586,41927500
2021-09-22,367.089996,371.070007,365.959991,369.570007,359.061340,46972900
2021-09-23,370.760010,374.040009,370.100006,372.980011,362.374451,44652000
2021-09-24,370.649994,373.760010,370.269989,373.329987,362.714447,36056800
2021-09-27,370.200012,371.250000,367.730011,370.350006,359.819244,43338100
2021-09-28,365.670013,370.299988,359.350006,359.869995,349.637115,97701600
2021-09-29,361.170013,363.369995,358.640015,359.279999,349.063995,58076600
2021-09-30,360.970001,362.679993,357.100006,357.959991,347.781586,61384600
2021-10-01,358.600006,361.250000,354.380005,360.179993,349.938416,56375500
2021-10-04,358.519989,358.859985,350.320007,352.619995,342.593353,76766000
2021-10-05,353.709991,359.690002,353.480011,357.380005,347.218048,47232900
2021-10-06,354.079987,359.950012,353.149994,359.670013,349.442963,56806500
2021-10-07,362.799988,365.690002,362.250000,362.970001,352.649017,39411200
2021-10-08,364.079987,364.320007,360.609985,361.160004,350.890533,41822300
2021-10-11,359.579987,363.200012,358.299988,358.390015,348.199280,34847200
2021-10-12,359.880005,360.329987,356.480011,357.140015,346.984894,43905100
2021-10-13,359.510010,360.690002,357.429993,360.000000,349.763519,40120800
2021-10-14,363.690002,366.850006,363.010010,366.630005,356.205017,43433900
2021-10-15,367.880005,369.059998,366.820007,368.940002,358.449280,40419900
2021-10-18,367.609985,372.869995,366.989990,372.649994,362.053741,34513500
2021-10-19,373.750000,375.519989,372.700012,375.470001,364.793640,29091000
2021-10-20,375.940002,376.570007,373.459991,374.980011,364.317657,31390300
2021-10-21,374.160004,377.470001,373.850006,377.269989,366.542419,25469300
2021-10-22,375.980011,376.970001,372.390015,374.100006,363.462555,36275800
2021-10-25,375.559998,378.869995,373.559998,377.929993,367.183655,32597800
2021-10-26,380.230011,382.709991,377.910004,379.119995,368.339874,47191300
2021-10-27,379.579987,383.149994,379.309998,380.000000,369.194794,45760500
2021-10-28,381.950012,384.480011,381.160004,384.220001,373.294769,38007000
2021-10-29,381.059998,386.279999,380.700012,386.109985,375.131104,37310100
2021-11-01,386.559998,387.559998,384.420013,387.429993,376.413513,30765300
2021-11-02,386.799988,389.540009,386.750000,389.049988,377.987518,25135300
2021-11-03,389.549988,393.609985,388.480011,393.179993,382.000000,33748900
2021-11-04,394.480011,399.200012,393.920013,398.220001,386.896729,40265300
2021-11-05,400.040009,400.989990,397.160004,398.600006,387.265991,43383800
2021-11-08,398.570007,399.619995,397.399994,398.059998,386.741241,29256300
2021-11-09,399.160004,399.570007,393.920013,395.320007,384.079224,50490700
2021-11-10,392.470001,395.359985,387.529999,389.510010,378.434448,54937400
2021-11-11,392.570007,392.750000,390.239990,390.589996,379.483704,32243000
2021-11-12,391.769989,395.250000,390.130005,394.700012,383.476807,34730600
2021-11-15,395.910004,396.239990,392.100006,394.609985,383.389374,33716900
2021-11-16,393.859985,397.929993,393.660004,397.420013,386.119476,27872900
2021-11-17,397.750000,399.720001,396.640015,397.630005,386.323486,28703300
2021-11-18,399.730011,402.269989,397.450012,401.750000,390.326294,45721500
2021-11-19,403.429993,405.299988,402.579987,403.989990,392.502655,45191700
2021-11-22,405.570007,408.709991,399.190002,399.299988,387.946045,61715400
2021-11-23,398.109985,400.230011,392.920013,397.480011,386.177673,70098700
2021-11-24,394.929993,399.049988,392.540009,398.760010,387.421417,46954400
2021-11-26,396.109985,397.540009,389.769989,391.200012,380.076385,51533300
2021-11-29,395.890015,400.730011,395.140015,399.690002,388.324890,54447100
2021-11-30,398.779999,401.190002,391.750000,393.820007,382.621857,81332700
2021-12-01,398.279999,400.480011,386.640015,387.119995,376.112427,77766500
2021-12-02,385.799988,391.739990,384.339996,389.910004,378.822998,84416600
2021-12-03,391.309998,392.339996,378.899994,383.130005,372.235779,105349100
2021-12-06,383.630005,387.600006,379.299988,386.200012,375.218506,67588800
2021-12-07,393.029999,398.459991,392.989990,397.829987,386.517822,56005300
2021-12-08,398.170013,399.820007,396.220001,399.609985,388.247162,39204000
2021-12-09,398.350006,400.200012,393.529999,393.730011,382.534424,49973700
2021-12-10,396.619995,398.279999,393.359985,398.010010,386.692780,52545800
2021-12-13,398.000000,398.329987,391.880005,392.260010,381.106201,50166400
2021-12-14,387.299988,390.089996,383.630005,388.200012,377.161682,75199200
2021-12-15,387.940002,397.420013,383.880005,397.049988,385.759979,73858000
2021-12-16,398.040009,398.480011,385.209991,386.839996,375.840240,82591400
2021-12-17,383.329987,389.190002,381.769989,384.910004,373.965179,80492500
2021-12-20,379.570007,381.500000,377.470001,380.690002,370.337677,65336800
2021-12-21,384.049988,389.529999,380.200012,389.209991,378.625916,48899500
2021-12-22,388.910004,394.160004,388.230011,393.950012,383.236969,37042200
2021-12-23,394.309998,398.429993,394.140015,396.920013,386.126251,29595500
2021-12-27,398.250000,403.480011,398.220001,403.480011,392.507812,32820700
2021-12-28,404.399994,404.579987,400.709991,401.609985,390.688660,33113700
2021-12-29,401.750000,403.049988,399.109985,401.549988,390.630280,32248500
2021-12-30,401.329987,403.570007,399.750000,400.350006,389.462982,23850100
2021-12-31,399.660004,401.059998,397.339996,397.850006,387.030945,34752900
2022-01-03,399.049988,401.940002,396.880005,401.679993,390.756836,40575900
2022-01-04,402.239990,402.279999,393.290009,396.470001,385.688477,58027200
2022-01-05,394.739990,395.890015,384.029999,384.290009,373.839722,75739800
2022-01-06,382.420013,387.350006,380.130005,384.019989,373.577057,70814300
2022-01-07,384.029999,385.760010,378.040009,379.859985,369.530121,72652300
2022-01-10,374.820007,380.640015,369.309998,380.109985,369.773346,91770500
2022-01-11,379.359985,385.989990,377.220001,385.820007,375.328094,68295700
2022-01-12,388.459991,390.200012,385.010010,387.350006,376.816498,54576400
2022-01-13,388.769989,389.470001,376.700012,377.660004,367.389954,77994000
2022-01-14,375.070007,380.350006,374.859985,380.010010,369.676086,80121200
2022-01-18,374.040009,376.220001,369.769989,370.549988,360.473328,75450900
2022-01-19,372.149994,374.690002,366.209991,366.480011,356.513977,81791500
2022-01-20,369.790009,373.869995,361.170013,361.720001,351.883453,88610700
2022-01-21,359.470001,362.179993,351.399994,351.690002,342.126221,143388900
2022-01-24,345.910004,353.980011,334.149994,353.299988,343.692413,198685800
2022-01-25,346.670013,351.029999,341.679993,345.109985,335.725128,124398400
2022-01-26,352.910004,356.880005,340.779999,344.570007,335.199921,146559500
2022-01-27,349.399994,351.269989,340.049988,341.100006,331.824219,95255700
2022-01-28,343.029999,352.019989,337.950012,351.799988,342.233276,108167900
2022-01-31,353.200012,363.649994,351.519989,363.049988,353.177277,94326400
2022-02-01,364.429993,366.190002,359.140015,365.519989,355.580170,74433000
2022-02-02,369.760010,370.100006,364.290009,368.489990,358.469360,78777100
2022-02-03,358.529999,361.929993,352.459991,353.549988,343.935638,95384800
2022-02-04,354.079987,361.399994,351.970001,358.010010,348.274323,86318300
2022-02-07,358.619995,361.049988,353.839996,355.130005,345.472656,58198100
2022-02-08,353.959991,360.239990,352.799988,359.119995,349.354126,64720900
2022-02-09,363.760010,366.809998,362.119995,366.730011,356.757263,55766400
2022-02-10,359.519989,366.489990,356.540009,358.429993,348.682892,112468500
2022-02-11,358.429993,360.070007,345.799988,347.059998,337.622070,101569100
2022-02-14,346.489990,350.980011,343.890015,347.489990,338.040436,80254400
2022-02-15,352.910004,356.369995,351.820007,356.130005,346.445465,55128800
2022-02-16,353.820007,357.089996,350.709991,356.040009,346.358002,58947100
2022-02-17,352.739990,353.459991,345.019989,345.450012,336.055908,61801400
2022-02-18,346.410004,346.809998,339.140015,341.510010,332.223083,80001500
2022-02-22,338.489990,344.040009,334.350006,338.079987,328.886292,85967100
2022-02-23,341.320007,342.179993,329.100006,329.420013,320.461823,86215400
2022-02-24,318.839996,341.040009,318.260010,340.489990,331.230774,130614100
2022-02-25,341.309998,345.980011,337.390015,345.769989,336.367249,78842100
2022-02-28,342.510010,348.540009,341.320007,346.799988,337.369171,77515500
2022-03-01,345.750000,348.079987,338.899994,341.489990,332.203613,67407000
2022-03-02,343.079987,348.589996,340.239990,347.220001,337.777771,70609000
2022-03-03,349.929993,350.040009,340.350006,342.260010,332.952667,71089400
2022-03-04,339.839996,341.309998,334.920013,337.299988,328.127594,76936300
2022-03-07,337.290009,338.480011,324.649994,324.859985,316.025848,89933800
2022-03-08,324.049988,333.209991,319.940002,323.350006,314.556946,116153900
2022-03-09,331.750000,336.380005,329.089996,334.989990,325.880280,64723400
2022-03-10,330.820007,332.510010,326.709991,331.269989,322.261444,69362700
2022-03-11,334.320007,334.640015,323.899994,324.399994,315.578278,66228400
2022-03-14,323.130005,326.589996,317.450012,318.170013,309.517731,79802600
2022-03-15,320.880005,328.950012,319.230011,328.149994,319.226349,76471000
2022-03-16,332.170013,340.440002,328.399994,340.320007,331.065430,105243000
2022-03-17,338.369995,344.500000,337.040009,344.440002,335.073303,67810000
2022-03-18,342.739990,351.790009,341.549988,351.489990,341.931641,85446300
2022-03-21,350.200012,352.480011,345.579987,350.079987,340.981018,73799100
2022-03-22,350.589996,357.850006,350.200012,356.959991,347.682220,63345900
2022-03-23,354.010010,357.660004,351.769989,351.829987,342.685547,70615500
2022-03-24,353.799988,359.700012,351.589996,359.649994,350.302307,53555300
2022-03-25,359.589996,360.670013,354.940002,359.350006,350.010071,57584200
2022-03-28,359.339996,365.010010,358.070007,364.910004,355.425537,56833900
2022-03-29,368.899994,371.829987,366.059998,371.190002,361.542358,68073000
2022-03-30,369.279999,370.980011,365.570007,367.089996,357.548920,68757700
2022-03-31,367.239990,367.600006,361.679993,362.540009,353.117188,67011400
2022-04-01,362.809998,363.609985,358.589996,361.850006,352.445068,54527800
2022-04-04,362.709991,369.309998,362.440002,369.299988,359.701508,45950200
2022-04-05,367.809998,368.540009,359.929993,361.100006,351.714569,62738700
2022-04-06,355.649994,356.779999,350.559998,353.260010,344.078369,90077100
2022-04-07,352.239990,356.350006,348.690002,354.100006,344.896576,63777400
2022-04-08,352.320007,353.089996,348.500000,349.149994,340.075165,61956100
2022-04-11,344.809998,345.750000,340.540009,340.890015,332.029877,66107400
2022-04-12,345.760010,347.690002,338.040009,339.450012,330.627319,72790200
2022-04-13,339.799988,347.429993,339.059998,346.350006,337.347961,61367800
2022-04-14,346.440002,346.970001,338.209991,338.429993,329.633759,73519400
2022-04-18,337.350006,341.040009,335.790009,338.690002,329.887115,58560600
2022-04-19,338.029999,346.850006,336.980011,346.260010,337.260345,56515700
2022-04-20,347.089996,347.559998,339.959991,341.209991,332.341583,65500000
2022-04-21,345.190002,347.869995,333.200012,334.149994,325.465118,75801000
2022-04-22,334.309998,335.559998,324.959991,325.399994,316.942383,82562100
2022-04-25,323.730011,329.899994,322.429993,329.579987,321.013824,101755900
2022-04-26,327.470001,327.660004,316.859985,317.140015,308.897217,105819600
2022-04-27,317.239990,322.880005,315.000000,316.760010,308.527039,111204200
2022-04-28,321.850006,329.890015,317.519989,328.010010,319.484650,99450000
2022-04-29,323.700012,327.230011,312.600006,313.250000,305.108276,91977900
2022-05-02,312.829987,318.720001,309.649994,318.480011,310.202362,115511800
2022-05-03,318.500000,321.170013,315.980011,318.820007,310.533478,78185500
2022-05-04,319.309998,330.290009,313.890015,329.600006,321.033325,116083400
2022-05-05,325.170013,325.250000,309.619995,313.000000,304.864716,154607400
2022-05-06,310.950012,315.089996,305.109985,309.250000,301.212280,139572800
2022-05-09,303.480011,309.350006,295.720001,297.149994,289.426758,113387300
2022-05-10,304.510010,305.760010,296.570007,300.760010,292.942932,124124600
2022-05-11,298.440002,304.089996,290.950012,291.839996,284.254700,140326100
2022-05-12,287.450012,295.750000,284.940002,291.149994,283.582611,120910900
2022-05-13,295.720001,303.000000,294.079987,301.940002,294.092194,83684900
2022-05-16,300.149994,302.260010,297.130005,298.440002,290.683228,59190400
2022-05-17,304.450012,306.559998,300.549988,306.170013,298.212250,62715300
2022-05-18,301.540009,302.250000,289.850006,291.140015,283.572968,79477100
2022-05-19,289.290009,294.390015,287.579987,289.579987,282.053467,79920700
2022-05-20,293.130005,293.799988,280.209991,288.679993,281.176849,91764200
2022-05-23,289.750000,293.869995,287.290009,293.480011,285.852142,63648400
2022-05-24,288.130005,288.859985,282.250000,287.239990,279.774231,73491100
2022-05-25,285.709991,293.390015,285.500000,291.260010,283.689819,67144500
2022-05-26,290.440002,300.920013,290.149994,299.329987,291.550110,59462200
2022-05-27,302.540009,309.250000,302.420013,309.100006,301.066132,66985600
2022-05-31,309.070007,311.329987,304.329987,308.279999,300.267456,60968300
2022-06-01,310.470001,312.649994,303.730011,306.000000,298.046692,65341700
2022-06-02,304.850006,314.559998,303.399994,314.380005,306.208923,59291300
2022-06-03,309.029999,310.470001,304.920013,306.200012,298.241547,60914700
2022-06-06,310.750000,312.350006,305.619995,307.220001,299.235046,51785000
2022-06-07,303.809998,310.670013,302.690002,309.869995,301.816132,44900300
2022-06-08,309.049988,311.720001,306.769989,307.640015,299.644073,38342100
2022-06-09,305.910004,309.049988,299.230011,299.399994,291.618195,55900500
2022-06-10,293.649994,294.869995,288.380005,288.839996,281.332703,85963500
2022-06-13,279.750000,282.339996,274.529999,275.410004,268.251770,94442000
2022-06-14,277.660004,278.660004,273.339996,275.910004,268.738800,64697500
2022-06-15,279.420013,286.829987,276.609985,282.799988,275.449738,86051400
2022-06-16,275.589996,276.059998,269.279999,271.390015,264.336304,81910300
2022-06-17,272.179993,277.190002,270.510010,274.690002,267.550446,82703400
2022-06-21,278.750000,283.450012,278.640015,281.079987,274.300751,51633700
2022-06-22,278.519989,285.179993,277.910004,280.670013,273.900604,67472900
2022-06-23,283.209991,285.720001,280.309998,284.850006,277.979797,57457800
2022-06-24,287.739990,295.040009,287.500000,294.609985,287.504395,58422300
2022-06-27,296.000000,296.579987,291.290009,292.450012,285.396484,54151500
2022-06-28,293.000000,295.649994,283.350006,283.540009,276.701355,61609800
2022-06-29,283.399994,285.339996,280.839996,283.799988,276.955078,57302700
2022-06-30,280.750000,283.940002,275.779999,280.279999,273.519958,79313600
2022-07-01,278.950012,282.529999,277.029999,282.130005,275.325348,56675100
2022-07-05,278.309998,287.079987,276.750000,286.959991,280.038879,61829300
2022-07-06,287.350006,290.950012,285.589996,288.799988,281.834473,63194700
2022-07-07,289.630005,295.700012,289.630005,294.980011,287.865479,56620100
2022-07-08,292.079987,296.750000,291.119995,295.350006,288.226532,59895500
2022-07-11,292.880005,293.109985,288.140015,289.040009,282.068695,55273900
2022-07-12,290.320007,292.279999,284.609985,286.239990,279.336212,55797100
2022-07-13,280.600006,288.049988,280.019989,285.649994,278.760468,73939400
2022-07-14,282.989990,287.559998,279.799988,286.670013,279.755859,63741800
2022-07-15,289.730011,291.980011,288.079987,291.869995,284.830414,63818100
2022-07-18,294.720001,296.160004,288.200012,289.399994,282.420044,59519600
2022-07-19,293.109985,298.600006,291.470001,298.299988,291.105377,55172600
2022-07-20,298.730011,304.239990,297.929993,303.029999,295.721252,67769400
2022-07-21,303.500000,307.440002,300.779999,307.380005,299.966309,55049400
2022-07-22,306.429993,308.549988,300.119995,301.989990,294.706360,57127700
2022-07-25,302.019989,302.500000,298.220001,300.269989,293.027802,40582400
2022-07-26,298.529999,298.790009,293.540009,294.369995,287.270081,50074100
2022-07-27,299.040009,308.540009,298.459991,306.809998,299.410034,69304400
2022-07-28,306.589996,310.399994,302.750000,309.809998,302.337738,55139900
2022-07-29,311.390015,316.390015,309.929993,315.459991,307.851440,57501000
2022-08-01,313.649994,318.809998,312.529999,315.269989,307.665985,46358800
2022-08-02,312.920013,318.549988,311.839996,314.329987,306.748718,48676500
2022-08-03,316.049988,323.730011,315.989990,322.890015,315.102295,53735700
2022-08-04,322.970001,324.720001,320.769989,324.399994,316.575806,38973700
2022-08-05,319.190002,323.829987,318.390015,321.750000,313.989777,53894000
2022-08-08,322.690002,326.470001,319.209991,320.709991,312.974854,43878500
2022-08-09,318.769989,319.029999,315.420013,317.079987,309.432343,39764200
2022-08-10,324.589996,326.230011,322.059998,325.929993,318.068939,51459600
2022-08-11,328.309998,330.359985,323.359985,324.079987,316.263580,45897700
2022-08-12,326.179993,330.589996,325.100006,330.390015,322.421387,40928400
2022-08-15,329.420013,333.570007,329.399994,333.059998,325.026947,38266600
2022-08-16,332.059998,334.420013,329.160004,332.279999,324.265778,41186900
2022-08-17,329.070007,331.429993,326.359985,328.489990,320.567261,47842200
2022-08-18,328.440002,330.489990,326.790009,329.279999,321.338165,41937200
2022-08-19,326.170013,326.839996,322.079987,322.859985,315.072968,51770600
2022-08-22,318.500000,318.739990,313.529999,314.359985,306.777924,51098900
2022-08-23,314.119995,317.000000,313.329987,314.100006,306.524323,39497100
2022-08-24,313.609985,316.869995,312.989990,315.010010,307.412292,38057100
2022-08-25,316.829987,320.600006,315.760010,320.579987,312.847900,38098300
2022-08-26,320.279999,321.510010,307.350006,307.440002,300.024933,69047700
2022-08-29,304.619995,307.220001,303.279999,304.410004,297.067932,48321900
2022-08-30,306.100006,306.730011,298.440002,301.019989,293.759796,51184500
2022-08-31,303.989990,304.910004,299.160004,299.269989,292.051971,50044000
2022-09-01,296.720001,299.779999,292.950012,299.399994,292.178772,57990700
2022-09-02,302.339996,303.750000,293.519989,295.170013,288.050873,64666800
2022-09-06,295.660004,296.600006,290.869995,293.049988,285.981964,57005400
2022-09-07,293.540009,299.989990,293.269989,298.970001,291.759155,49260400
2022-09-08,296.850006,301.869995,295.450012,300.519989,293.271820,55649800
2022-09-09,302.829987,307.600006,300.519989,307.089996,299.683350,56125200
2022-09-12,308.500000,311.079987,308.179993,310.739990,303.245331,45905700
2022-09-13,301.799988,303.019989,292.790009,293.700012,286.616302,79562200
2022-09-14,294.869995,296.929993,293.059998,296.029999,288.890106,54907200
2022-09-15,294.070007,296.529999,289.459991,291.100006,284.079041,65299400
2022-09-16,287.720001,289.720001,285.619995,289.320007,282.341949,79920400
2022-09-19,286.100006,291.209991,286.040009,291.049988,284.540619,52613800
2022-09-20,288.489990,291.070007,286.380005,288.730011,282.272522,51271100
2022-09-21,289.589996,293.950012,283.420013,283.559998,277.218079,82931000
2022-09-22,282.000000,283.029999,278.820007,280.070007,273.806213,62757100
2022-09-23,277.549988,277.850006,272.019989,275.510010,269.348236,74815200
2022-09-26,275.029999,279.489990,273.559998,274.369995,268.233673,71176700
2022-09-27,277.809998,280.209991,272.109985,274.480011,268.341248,69780100
2022-09-28,274.459991,281.250000,272.950012,279.940002,273.679108,79652100
2022-09-29,275.859985,276.250000,268.839996,271.869995,265.789642,81216000
2022-09-30,271.029999,275.190002,267.100006,267.260010,261.282715,78482400
2022-10-03,269.070007,275.160004,267.529999,273.529999,267.412476,61267400
2022-10-04,278.989990,282.850006,278.989990,282.130005,275.820129,66696900
2022-10-05,278.279999,283.809998,275.420013,281.980011,275.673492,55766300
2022-10-06,280.959991,284.179993,279.429993,279.760010,273.503113,53489400
2022-10-07,275.019989,275.149994,267.739990,269.100006,263.081543,71354700
2022-10-10,269.299988,269.700012,263.640015,266.410004,260.451691,60393000
2022-10-11,264.700012,267.630005,261.029999,262.750000,256.873596,66522500
2022-10-12,263.399994,265.359985,261.950012,262.660004,256.785614,50580200
2022-10-13,255.160004,270.170013,254.259995,268.820007,262.807831,112894100
2022-10-14,271.200012,271.809998,260.140015,260.739990,254.908463,77244300
2022-10-17,266.839996,270.239990,266.739990,269.350006,263.325958,64576500
2022-10-18,276.529999,277.209991,268.739990,271.480011,265.408295,69781000
2022-10-19,269.929993,273.679993,268.070007,270.489990,264.440399,53115400
2022-10-20,269.579987,274.839996,267.920013,269.109985,263.091400,60605500
2022-10-21,267.980011,275.970001,266.820007,275.420013,269.260254,77897700
2022-10-24,275.690002,279.399994,271.970001,278.450012,272.222443,63963600
2022-10-25,279.410004,284.600006,277.899994,284.209991,277.853607,59014500
2022-10-26,278.459991,283.980011,277.429993,277.929993,271.713989,63492400
2022-10-27,276.790009,278.279999,272.339996,272.869995,266.767212,57760300
2022-10-28,272.230011,281.700012,272.059998,281.220001,274.930481,62651300
2022-10-31,278.920013,279.760010,275.989990,277.950012,271.733734,47742000
2022-11-01,281.500000,282.070007,274.739990,275.109985,268.957092,45895900
2022-11-02,275.079987,278.209991,265.609985,265.679993,259.738068,79803100
2022-11-03,263.010010,264.500000,260.100006,260.489990,254.664078,70038900
2022-11-04,265.529999,266.609985,259.079987,264.679993,258.760376,78313200
2022-11-07,265.750000,268.140015,263.570007,267.589996,261.605286,47333800
2022-11-08,269.140015,272.850006,265.519989,269.540009,263.511688,63213800
2022-11-09,267.760010,268.559998,263.029999,263.320007,257.430817,64862100
2022-11-10,276.010010,283.049988,273.850006,282.750000,276.426300,99256700
2022-11-11,282.559998,288.640015,281.190002,287.959991,281.519775,66961800
2022-11-14,285.859985,289.209991,284.440002,285.440002,279.056122,55290700
2022-11-15,292.209991,293.260010,285.970001,289.390015,282.917755,73985400
2022-11-16,287.390015,289.480011,284.600006,285.440002,279.056122,48859800
2022-11-17,280.880005,286.320007,280.720001,284.809998,278.440186,55462100
2022-11-18,287.890015,287.989990,282.320007,284.820007,278.449982,53588600
2022-11-21,283.399994,284.579987,281.040009,281.890015,275.585571,40083500
2022-11-22,282.640015,286.109985,280.459991,285.950012,279.554779,41873400
2022-11-23,285.970001,289.459991,285.790009,288.820007,282.360504,46390000
2022-11-25,287.190002,287.910004,286.420013,286.920013,280.503082,15498800
2022-11-28,284.899994,286.959991,281.760010,282.709991,276.387146,38714200
2022-11-29,282.940002,283.350006,279.170013,280.570007,274.295013,35618900
2022-11-30,280.839996,293.470001,279.970001,293.359985,286.799011,74718100
2022-12-01,293.690002,295.750000,290.880005,293.720001,287.150940,51547300
2022-12-02,288.540009,293.450012,288.359985,292.549988,286.007080,53583200
2022-12-05,290.380005,291.679993,286.149994,287.640015,281.206879,41482100
2022-12-06,287.480011,287.619995,280.260010,281.679993,275.380157,53937600
2022-12-07,280.470001,282.570007,278.779999,280.529999,274.255920,45614300
2022-12-08,281.910004,284.839996,279.790009,283.850006,277.501740,42594900
2022-12-09,282.809998,285.640015,281.589996,282.040009,275.732147,47860500
2022-12-12,282.220001,285.640015,281.160004,285.579987,279.192902,35732500
2022-12-13,296.649994,296.880005,285.910004,288.649994,282.194305,80667700
2022-12-14,288.049988,291.410004,283.190002,286.510010,280.102203,64984400
2022-12-15,282.329987,283.010010,275.670013,276.890015,270.697357,60554100
2022-12-16,276.200012,277.769989,272.609985,274.250000,268.116364,68300400
2022-12-19,273.869995,273.959991,268.489990,269.750000,264.348419,44167900
2022-12-20,268.559998,271.320007,266.950012,269.540009,264.142578,51064200
2022-12-21,270.600006,274.779999,269.739990,273.450012,267.974365,46394700
2022-12-22,270.380005,270.510010,262.459991,266.760010,261.418274,60278400
2022-12-23,265.470001,268.040009,263.529999,267.359985,262.006256,39373600
2022-12-27,266.739990,266.850006,263.029999,263.579987,258.301910,38009000
2022-12-28,263.170013,265.470001,259.730011,260.100006,254.891647,47139000
2022-12-29,262.959991,267.399994,262.250000,266.440002,261.104614,45893600
2022-12-30,263.619995,266.410004,262.290009,266.279999,260.947906,37858300
2023-01-03,268.649994,270.149994,262.130005,264.480011,259.183899,42335300
2023-01-04,266.640015,267.450012,262.529999,265.739990,260.418671,47754900
2023-01-05,264.040009,264.209991,261.260010,261.579987,256.341919,45396700
2023-01-06,263.350006,269.940002,260.339996,268.799988,263.417389,54659700
2023-01-09,270.829987,275.290009,269.920013,270.540009,265.122589,45568700
2023-01-10,269.489990,272.940002,268.970001,272.829987,267.366699,35247800
2023-01-11,273.920013,277.660004,273.119995,277.549988,271.992157,44077000
2023-01-12,278.119995,280.100006,273.739990,279.049988,273.462097,60600000
2023-01-13,276.500000,281.220001,276.160004,280.970001,275.343719,44802900
2023-01-17,280.769989,282.850006,279.579987,281.540009,275.902344,36269700
2023-01-18,283.109985,284.690002,277.670013,277.880005,272.315582,47754500
2023-01-19,276.220001,277.380005,273.890015,275.149994,269.640259,44150400
2023-01-20,276.790009,283.019989,275.709991,282.679993,277.019440,60613600
2023-01-23,283.540009,290.209991,282.730011,288.959991,283.173676,52799900
2023-01-24,287.309998,289.549988,286.779999,288.369995,282.595551,44875100
2023-01-25,283.769989,288.359985,281.179993,287.730011,281.968353,50872000
2023-01-26,291.220001,293.519989,288.519989,293.339996,287.466064,51596300
2023-01-27,292.000000,298.260010,291.880005,296.260010,290.327576,56441900
2023-01-30,292.929993,294.380005,289.890015,290.269989,284.457489,49405800
2023-01-31,290.309998,294.720001,290.200012,294.619995,288.720337,46705100
2023-02-01,294.410004,303.429993,292.299988,300.920013,294.894226,67562200
2023-02-02,307.570007,313.679993,306.730011,311.720001,305.477936,83070600
2023-02-03,304.940002,312.390015,304.540009,306.179993,300.048889,76170800
2023-02-06,303.510010,305.910004,302.220001,303.589996,297.510712,40802300
2023-02-07,303.459991,311.029999,302.320007,309.880005,303.674744,67584000
2023-02-08,308.540009,309.500000,303.670013,304.369995,298.275085,56720900
2023-02-09,308.839996,308.989990,300.200012,301.679993,295.639008,49137800
2023-02-10,299.480011,301.570007,297.250000,299.700012,293.698639,50050100
2023-02-13,301.130005,305.100006,299.929993,304.500000,298.402496,39636700
2023-02-14,302.890015,307.720001,300.910004,306.750000,300.607422,64079100
2023-02-15,304.899994,309.269989,304.200012,309.100006,302.910400,43100600
2023-02-16,304.380005,308.429993,303.149994,303.299988,297.226501,59498600
2023-02-17,301.070007,301.929993,298.100006,301.160004,295.129395,58230700
2023-02-21,297.260010,298.730011,293.890015,294.029999,288.142242,46526700
2023-02-22,294.619995,296.359985,292.559998,294.250000,288.357758,51389200
2023-02-23,297.970001,298.130005,292.549988,296.820007,290.876282,69294400
2023-02-24,291.760010,292.970001,290.049988,291.850006,286.005859,74332000
2023-02-27,295.070007,296.489990,293.339996,293.940002,288.053955,48995000
2023-02-28,293.299988,296.119995,292.959991,293.559998,287.681580,48243100
2023-03-01,293.260010,293.929993,290.200012,291.200012,285.368805,58287000
2023-03-02,288.660004,294.429993,288.369995,293.609985,287.730560,53565900
2023-03-03,295.390015,299.920013,294.869995,299.679993,293.679016,60511500
2023-03-06,300.940002,304.000000,299.820007,300.019989,294.012177,56736300
2023-03-07,300.070007,301.010010,295.720001,296.339996,290.405914,65955800
2023-03-08,296.769989,298.429993,294.880005,297.820007,291.856323,50876300
2023-03-09,298.329987,300.980011,291.829987,292.660004,286.799652,71456700
2023-03-10,292.829987,294.350006,287.380005,288.549988,282.771912,98593600
2023-03-13,286.730011,294.470001,285.190002,290.690002,284.869019,97123600
2023-03-14,294.309998,297.929993,293.450012,297.369995,291.415344,73602500
2023-03-15,294.709991,299.269989,293.239990,298.929993,292.944000,83631500
2023-03-16,298.000000,307.179993,297.190002,306.809998,300.666229,98198100
2023-03-17,306.720001,309.149994,303.369995,305.359985,299.245270,89923700
2023-03-20,304.260010,306.299988,302.010010,305.970001,300.307312,56359500
2023-03-21,307.940002,310.799988,306.399994,310.339996,304.596344,49757000
2023-03-22,310.269989,315.250000,305.950012,306.119995,300.454468,75791900
2023-03-23,309.920013,314.149994,307.010010,309.750000,304.017303,74576000
2023-03-24,309.320007,310.989990,306.950012,310.890015,305.136230,57195200
2023-03-27,311.600006,312.700012,307.890015,308.760010,303.045624,50287400
2023-03-28,308.170013,308.200012,304.769989,307.119995,301.435913,48585900
2023-03-29,310.880005,313.350006,310.049988,312.720001,306.932343,53274300
2023-03-30,315.239990,316.320007,312.809998,315.679993,309.837585,58354800
2023-03-31,315.910004,321.170013,315.600006,320.929993,314.990387,62138100
2023-04-03,318.769989,320.420013,317.420013,320.149994,314.224884,47126800
2023-04-04,320.600006,321.630005,317.829987,319.070007,313.164825,45875400
2023-04-05,318.100006,319.059998,314.070007,315.920013,310.073181,62795700
2023-04-06,314.239990,318.549988,312.820007,318.049988,312.163727,46916500
2023-04-10,315.070007,317.920013,313.250000,317.869995,311.987091,45134700
2023-04-11,317.829987,317.890015,315.309998,315.829987,309.984772,40113600
2023-04-12,317.820007,318.420013,312.570007,313.040009,307.246460,62813300
2023-04-13,314.829987,319.649994,313.630005,319.170013,313.263000,54613800
2023-04-14,317.589996,320.359985,315.609985,318.570007,312.674103,56278300
2023-04-17,318.149994,319.200012,316.040009,318.839996,312.939087,43007000
2023-04-18,320.989990,321.420013,317.640015,318.859985,312.958649,46746900
2023-04-19,316.410004,319.790009,316.279999,318.709991,312.811462,38960100
2023-04-20,315.690002,319.269989,314.970001,316.279999,310.426483,62462100
2023-04-21,315.910004,317.399994,314.100006,316.609985,310.750275,59002300
2023-04-24,316.380005,317.739990,313.739990,315.950012,310.102539,44043100
2023-04-25,314.290009,314.970001,309.890015,309.989990,304.252899,57121600
2023-04-26,313.440002,314.940002,311.339996,311.869995,306.098053,55400500
2023-04-27,315.700012,320.859985,315.049988,320.350006,314.421112,65430400
2023-04-28,320.109985,322.649994,318.959991,322.559998,316.590271,59712600
2023-05-01,322.089996,323.630005,321.089996,322.190002,316.227081,41013400
2023-05-02,322.119995,322.450012,317.609985,319.380005,313.469177,56519400
2023-05-03,319.750000,322.470001,317.179993,317.290009,311.417816,59882100
2023-05-04,317.059998,318.230011,315.119995,316.170013,310.318512,50224500
2023-05-05,318.470001,323.760010,316.209991,322.890015,316.914185,51806100
2023-05-08,322.420013,324.040009,321.320007,323.690002,317.699280,36465800
2023-05-09,322.000000,322.880005,321.320007,321.640015,315.687286,31768800
2023-05-10,324.119995,326.010010,321.600006,325.140015,319.122467,60446600
2023-05-11,325.700012,326.750000,324.119995,326.200012,320.162872,44278500
2023-05-12,326.739990,327.170013,322.940002,325.029999,319.014526,48432800
2023-05-15,325.510010,327.029999,323.959991,326.790009,320.741913,33375600
2023-05-16,326.059998,328.899994,326.019989,327.160004,321.105103,40019200
2023-05-17,328.239990,331.709991,327.040009,331.119995,324.991852,47486100
2023-05-18,331.519989,337.489990,331.500000,337.269989,331.027954,64213500
2023-05-19,337.489990,338.209991,335.429993,336.510010,330.282043,61554900
2023-05-22,336.250000,338.670013,336.239990,337.640015,331.391144,43015900
2023-05-23,335.890015,337.059998,333.000000,333.359985,327.190338,48216700
2023-05-24,331.369995,332.910004,329.559998,331.649994,325.512024,62891200
2023-05-25,339.140015,341.010010,336.670013,339.720001,333.432648,66862800
2023-05-26,340.760010,349.250000,340.660004,348.399994,341.952026,63007000
2023-05-30,352.709991,353.929993,348.529999,349.980011,343.502838,72652200
2023-05-31,348.369995,350.600006,346.510010,347.989990,341.549622,65105400
2023-06-01,347.730011,353.359985,346.660004,352.010010,345.495178,50488600
2023-06-02,353.799988,355.829987,352.010010,354.649994,348.086273,53372100
2023-06-05,354.429993,357.500000,353.850006,354.899994,348.331696,47266200
2023-06-06,354.279999,355.820007,352.929993,354.839996,348.272797,41390400
2023-06-07,355.130005,357.119995,348.179993,348.820007,342.364227,69225900
2023-06-08,349.119995,353.619995,348.890015,353.149994,346.614075,47153900
2023-06-09,354.630005,357.660004,353.029999,354.500000,347.939148,53196900
2023-06-12,356.190002,360.589996,355.200012,360.489990,353.818207,44606500
2023-06-13,363.290009,364.109985,360.029999,363.260010,356.536987,57097800
2023-06-14,363.269989,366.190002,360.420013,365.899994,359.128143,69525600
2023-06-15,364.609985,371.769989,363.980011,370.260010,363.407440,71138800
2023-06-16,372.720001,372.850006,367.480011,367.929993,361.120605,80932000
2023-06-20,365.950012,368.320007,363.890015,366.899994,360.603577,49204700
2023-06-21,365.739990,366.179993,360.959991,361.899994,355.689453,53378300
2023-06-22,360.630005,366.329987,360.220001,366.170013,359.886169,47603000
2023-06-23,362.209991,364.880005,360.820007,362.540009,356.318420,48922900
2023-06-26,362.000000,364.839996,357.589996,357.679993,351.541809,52685500
2023-06-27,359.250000,364.570007,358.510010,363.829987,357.586273,49428100
2023-06-28,361.980011,366.519989,361.899994,364.540009,358.284088,46498000
2023-06-29,364.239990,364.890015,362.140015,363.809998,357.566650,46151000
2023-06-30,367.549988,370.489990,367.230011,369.420013,363.080353,58712500
2023-07-03,370.070007,370.929993,368.970001,370.290009,363.935394,19432900
2023-07-05,368.700012,372.010010,368.660004,370.279999,363.925629,34460900
2023-07-06,366.510010,367.910004,364.519989,367.459991,361.153961,49374700
2023-07-07,367.230011,370.480011,366.010010,366.239990,359.954865,47133700
2023-07-10,365.959991,367.049988,363.410004,366.359985,360.072815,48498800
2023-07-11,366.790009,368.630005,364.619995,368.170013,361.851807,38214100
2023-07-12,372.339996,374.190002,370.299988,372.820007,366.421997,61975400
2023-07-13,376.049988,379.989990,375.459991,379.149994,372.643341,46960000
2023-07-14,379.589996,382.859985,378.179993,379.070007,372.564697,55148500
2023-07-17,379.799988,383.500000,379.309998,382.609985,376.043915,40868900
2023-07-18,381.959991,387.130005,380.000000,385.739990,379.120300,55262000
2023-07-19,386.820007,387.980011,384.299988,385.649994,379.031769,54093000
2023-07-20,382.609985,384.100006,375.720001,376.760010,370.294342,71941700
2023-07-21,379.179993,379.920013,375.190002,375.630005,369.183838,60499600
2023-07-24,376.619995,377.579987,374.339996,376.230011,369.773499,40380100
2023-07-25,376.950012,380.470001,376.929993,378.779999,372.279694,38894400
2023-07-26,377.720001,379.239990,375.179993,377.519989,371.041260,47075700
2023-07-27,383.070007,384.709991,375.309998,376.619995,370.156799,63940200
2023-07-28,380.739990,384.519989,380.220001,383.480011,376.899017,56902900
2023-07-31,383.790009,384.880005,382.339996,383.679993,377.095581,44019900
2023-08-01,382.309998,383.559998,380.690002,382.790009,376.220947,41060600
2023-08-02,379.260010,379.260010,373.130005,374.390015,367.965057,72687100
2023-08-03,371.940002,375.950012,371.769989,373.790009,367.375336,47666400
2023-08-04,375.750000,378.100006,371.529999,372.040009,365.655426,61702800
2023-08-07,373.880005,375.290009,371.510010,375.190002,368.751282,37230400
2023-08-08,372.640015,372.660004,368.820007,372.000000,365.616058,44726500
2023-08-09,372.290009,372.450012,367.140015,367.910004,361.596283,51150900
2023-08-10,370.970001,374.359985,367.040009,368.589996,362.264557,72035300
2023-08-11,365.989990,368.000000,364.690002,366.239990,359.954865,48707200
2023-08-14,365.429993,370.470001,364.700012,370.350006,363.994415,42130800
2023-08-15,369.359985,370.170013,365.739990,366.420013,360.131775,45539900
2023-08-16,365.869995,367.429993,362.440002,362.540009,356.318420,53190500
2023-08-17,363.959991,364.309998,358.160004,358.579987,352.426361,62604300
2023-08-18,355.260010,359.410004,354.709991,358.130005,351.984070,61191400
2023-08-21,359.619995,364.589996,359.149994,363.899994,357.655029,50696500
2023-08-22,366.549988,366.559998,362.679993,363.380005,357.144043,44530200
2023-08-23,364.579987,370.220001,364.359985,369.109985,362.775635,51770600
2023-08-24,372.640015,372.739990,361.010010,361.220001,355.021088,66842500
2023-08-25,362.070007,365.739990,358.579987,364.019989,357.772980,69960500
2023-08-28,366.989990,367.709991,364.250000,366.760010,360.465973,40910000
2023-08-29,366.559998,375.130005,366.230011,374.769989,368.338470,58492400
2023-08-30,374.880005,377.450012,373.859985,376.859985,370.392670,41731500
2023-08-31,376.940002,379.720001,376.869995,377.989990,371.503265,35730700
2023-09-01,380.399994,380.829987,376.079987,377.589996,371.110077,39801200
2023-09-05,376.769989,379.309998,375.829987,378.070007,371.581909,32344200
2023-09-06,377.279999,377.630005,372.700012,374.739990,368.309082,42998700
2023-09-07,370.209991,372.850006,369.149994,372.059998,365.675018,52060700
2023-09-08,372.010010,374.850006,371.600006,372.579987,366.186127,35800100
2023-09-11,375.660004,377.489990,373.660004,376.970001,370.500763,39936600
2023-09-12,375.269989,376.950012,372.500000,372.790009,366.392517,41391000
2023-09-13,373.029999,375.839996,371.880005,374.209991,367.788116,46300700
2023-09-14,375.989990,378.269989,373.890015,377.269989,370.795654,48039400
2023-09-15,375.910004,376.320007,369.859985,370.809998,364.446472,69811200
2023-09-18,369.320007,371.790009,369.029999,370.660004,364.826385,36903500
2023-09-19,369.320007,370.679993,366.799988,369.869995,364.048889,37621700
2023-09-20,370.950012,371.309998,364.459991,364.540009,358.802734,45514200
2023-09-21,360.799988,361.600006,357.690002,357.859985,352.227814,69734800
2023-09-22,359.630005,361.799988,357.589996,357.910004,352.277069,51589700
2023-09-25,356.929993,359.700012,355.929993,359.609985,353.950317,39168000
2023-09-26,356.989990,357.540009,353.209991,354.209991,348.635223,53657700
2023-09-27,355.380005,356.980011,351.359985,355.040009,349.452240,56066000
2023-09-28,354.109985,360.170013,353.239990,358.010010,352.375519,56453300
2023-09-29,361.540009,362.950012,357.019989,358.269989,352.631317,64829600
2023-10-02,358.540009,362.679993,357.920013,361.260010,355.574310,51625100
2023-10-03,358.779999,361.010010,353.279999,354.920013,349.334137,60478500
2023-10-04,355.769989,360.609985,355.299988,359.750000,354.088043,54786700
2023-10-05,359.739990,360.149994,355.140015,358.690002,353.044739,45897400
2023-10-06,355.649994,365.910004,354.850006,364.700012,358.960236,75049100
2023-10-09,362.299988,367.109985,360.779999,366.559998,360.790894,45304800
2023-10-10,366.899994,371.279999,366.390015,368.589996,362.789001,46968800
2023-10-11,369.940002,371.410004,368.190002,371.220001,365.377594,38215100
2023-10-12,371.730011,373.739990,367.500000,369.929993,364.107910,49587900
2023-10-13,370.570007,371.160004,363.859985,365.279999,359.531006,52469900
2023-10-16,366.619995,370.480011,366.470001,369.410004,363.596100,44201100
2023-10-17,365.809998,369.920013,363.660004,368.200012,362.405121,50999100
2023-10-18,365.670013,367.910004,362.019989,363.369995,357.651093,54280500
2023-10-19,364.809998,366.019989,359.160004,359.970001,354.304657,72274200
2023-10-20,359.459991,360.040009,354.369995,354.600006,349.019165,72559700
2023-10-23,353.260010,359.260010,351.119995,355.670013,350.072357,60665200
2023-10-24,357.510010,359.910004,355.790009,359.130005,353.477875,47082100
2023-10-25,356.700012,356.880005,349.750000,350.339996,344.826294,71190500
2023-10-26,349.119995,350.070007,342.350006,343.660004,338.251312,78621400
2023-10-27,346.429993,348.839996,344.079987,345.309998,339.875366,63476700
2023-10-30,347.829987,350.540009,346.450012,349.200012,343.704132,55298500
2023-10-31,349.230011,351.250000,346.619995,350.869995,345.347870,47671900
2023-11-01,351.720001,357.529999,351.619995,356.959991,351.342041,58992700
2023-11-02,361.540009,363.679993,360.299988,363.440002,357.720032,58162400
2023-11-03,364.750000,369.019989,364.519989,367.709991,361.922791,53280500
2023-11-06,368.489990,369.779999,366.910004,369.209991,363.399231,38848700
2023-11-07,370.269989,373.579987,369.049988,372.700012,366.834320,50777400
2023-11-08,373.079987,373.790009,370.619995,372.940002,367.070526,35663400
2023-11-09,373.640015,374.799988,369.570007,370.070007,364.245667,53859400
2023-11-10,371.820007,378.540009,371.279999,378.390015,372.434753,58309800
2023-11-13,376.790009,378.279999,375.239990,377.209991,371.273285,40733500
2023-11-14,383.709991,386.260010,383.179993,385.329987,379.265411,67792600
2023-11-15,387.250000,387.750000,384.239990,385.619995,379.550934,54141400
2023-11-16,384.839996,386.190002,383.559998,385.950012,379.875824,45343500
2023-11-17,385.209991,387.070007,384.290009,386.040009,379.964386,46571900
2023-11-20,386.049988,391.410004,386.049988,390.739990,384.590363,44429600
2023-11-21,389.010010,389.230011,386.700012,388.470001,382.356110,43337000
2023-11-22,390.570007,393.070007,389.040009,390.059998,383.920990,44121000
2023-11-24,389.649994,390.250000,388.500000,389.510010,383.379730,15718800
2023-11-27,389.010010,391.149994,388.279999,389.170013,383.045074,34139700
2023-11-28,388.410004,390.779999,388.049988,390.190002,384.049042,35491100
2023-11-29,392.690002,394.140015,389.459991,389.809998,383.675018,38811700
2023-11-30,390.079987,390.549988,385.820007,388.829987,382.710419,52834400
2023-12-01,387.750000,390.540009,386.070007,389.940002,383.802948,40490100
2023-12-04,386.089996,386.600006,382.660004,386.320007,380.239929,51186900
2023-12-05,384.390015,388.500000,384.209991,387.290009,381.194611,42933000
2023-12-06,390.269989,390.369995,384.700012,385.049988,378.989899,41994100
2023-12-07,388.070007,391.269989,386.959991,390.429993,384.285217,49593500
2023-12-08,388.670013,392.619995,388.480011,392.170013,385.997833,46687500
2023-12-11,391.739990,395.790009,391.529999,395.519989,389.295135,41198000
2023-12-12,395.559998,398.790009,394.410004,398.670013,392.395569,39221200
2023-12-13,399.619995,404.359985,398.839996,403.739990,397.385803,55408100
2023-12-14,404.980011,406.299988,400.339996,403.390015,397.041321,55447800
2023-12-15,404.179993,406.540009,403.570007,405.339996,398.960571,62896600
2023-12-18,404.929993,407.989990,404.600006,407.079987,401.473480,46610000
2023-12-19,407.540009,409.279999,407.350006,409.160004,403.524872,35711900
2023-12-20,408.350006,410.470001,402.899994,403.079987,397.528595,54042400
2023-12-21,407.059998,408.140015,404.470001,407.769989,402.154022,45568900
2023-12-22,409.000000,409.970001,406.480011,408.380005,402.755615,34314000
2023-12-26,409.250000,411.559998,409.149994,410.880005,405.221191,22722500
2023-12-27,410.950012,411.790009,410.079987,411.500000,406.046082,31980500
2023-12-28,412.670013,412.920013,410.940002,411.299988,405.848755,27029200
2023-12-29,411.279999,411.640015,407.579987,409.519989,404.092316,42662100
2024-01-02,405.839996,406.089996,400.239990,402.589996,397.254211,58026900
2024-01-03,399.929993,401.000000,397.890015,398.329987,393.050629,47002800
2024-01-04,396.440002,399.589996,396.059998,396.279999,391.027863,39432800
2024-01-05,396.450012,399.559998,395.339996,396.750000,391.491608,44922800
2024-01-08,397.989990,405.239990,397.839996,404.950012,399.582886,42473800
2024-01-09,401.910004,406.690002,401.709991,405.750000,400.372375,39132900
2024-01-10,406.070007,409.519989,405.170013,408.500000,403.085815,33962800
2024-01-11,409.790009,411.200012,404.239990,409.350006,403.924622,54536200
2024-01-12,410.399994,411.250000,408.149994,409.559998,404.131836,39595000
2024-01-16,408.309998,411.119995,406.829987,409.519989,404.092316,43903000
2024-01-17,406.170013,407.589996,402.920013,407.209991,401.812988,54386000
2024-01-18,410.519989,413.579987,409.160004,412.989990,407.516327,59562500
2024-01-19,415.220001,421.339996,414.630005,421.179993,415.597809,70325100
2024-01-22,423.410004,424.730011,421.119995,421.730011,416.140564,44880600
2024-01-23,422.429993,423.700012,420.570007,423.480011,417.867279,33003800
2024-01-24,427.440002,429.850006,425.329987,425.829987,420.186157,46948000
2024-01-25,428.359985,429.040009,423.980011,426.350006,420.699280,44367200
2024-01-26,424.440002,426.209991,423.149994,423.809998,418.192932,37137000
2024-01-29,424.269989,428.350006,423.609985,428.149994,422.475403,38694700
2024-01-30,427.100006,427.679993,424.380005,425.299988,419.663208,36739000
2024-01-31,420.850006,422.869995,416.790009,416.970001,411.443634,64010600
2024-02-01,418.790009,422.380005,417.809998,421.880005,416.288574,51008600
2024-02-02,423.799988,430.239990,422.790009,429.010010,423.324036,59602400
2024-02-05,429.070007,429.609985,425.000000,428.450012,422.771423,39889200
2024-02-06,429.609985,430.220001,425.220001,427.589996,421.922821,35846100
2024-02-07,430.410004,432.829987,429.089996,431.989990,426.264496,37712700
2024-02-08,432.109985,433.559998,431.420013,432.790009,427.053986,29889900
2024-02-09,433.940002,437.850006,433.140015,437.049988,431.257507,36943900
2024-02-12,436.940002,439.140015,434.649994,435.339996,429.570129,33203300
2024-02-13,427.279999,431.269989,425.329987,428.549988,422.870117,64491700
2024-02-14,431.260010,433.649994,428.880005,433.220001,427.478241,45092700
2024-02-15,433.920013,434.980011,431.329987,434.510010,428.751160,38796100
2024-02-16,434.890015,434.989990,429.850006,430.570007,424.863342,53716500
2024-02-20,428.549988,430.079987,423.500000,427.320007,421.656464,53999500
2024-02-21,424.549988,425.700012,421.630005,425.609985,419.969086,49779000
2024-02-22,434.489990,439.119995,433.709991,438.070007,432.263977,53887800
2024-02-23,439.649994,440.589996,435.790009,436.779999,430.991058,39853900
2024-02-26,437.600006,438.600006,436.359985,436.549988,430.764099,33043200
2024-02-27,437.670013,437.989990,435.029999,437.600006,431.800201,33713200
2024-02-28,435.429993,436.670013,434.299988,435.269989,429.501068,32938800
2024-02-29,438.230011,440.089996,435.019989,439.000000,433.181610,42495200
2024-03-01,439.899994,446.579987,439.839996,445.609985,439.703949,43853000
2024-03-04,445.609985,446.040009,443.769989,444.019989,438.135071,34325700
2024-03-05,440.940002,440.950012,433.649994,436.049988,430.270660,57917100
2024-03-06,440.320007,441.989990,436.890015,438.790009,432.974396,46234500
2024-03-07,442.420013,446.720001,440.859985,445.450012,439.546112,44526700
2024-03-08,445.809998,448.640015,438.339996,439.019989,433.201324,72096000
2024-03-11,437.510010,438.660004,435.440002,437.390015,431.592926,45860000
2024-03-12,439.730011,444.019989,436.459991,443.660004,437.779846,55300900
2024-03-13,442.649994,442.670013,439.119995,440.250000,434.415100,37928700
2024-03-14,441.500000,442.029999,436.390015,439.140015,433.319794,52195200
2024-03-15,436.070007,438.869995,432.739990,433.920013,428.169006,73069800
2024-03-18,438.730011,441.040009,437.239990,437.480011,432.252533,47323800
2024-03-19,435.450012,438.980011,433.329987,438.570007,433.329529,43004100
2024-03-20,439.779999,444.109985,438.059998,443.769989,438.467407,43653500
2024-03-21,448.880005,449.339996,445.670013,445.869995,440.542297,39345700
2024-03-22,445.350006,447.489990,444.489990,446.380005,441.046265,28253900
2024-03-25,443.549988,446.260010,442.540009,444.760010,439.445618,27789200
2024-03-26,446.299988,447.230011,443.089996,443.320007,438.022797,34142000
2024-03-27,446.440002,446.540009,441.929993,444.829987,439.514709,41359200
2024-03-28,444.779999,445.640015,443.649994,444.010010,438.704529,36839600
2024-04-01,444.970001,447.529999,443.019989,444.950012,439.633331,38729000
2024-04-02,440.079987,441.429993,438.029999,441.109985,435.839172,44259700
2024-04-03,438.959991,444.000000,438.950012,442.100006,436.817444,39949800
2024-04-04,446.329987,446.950012,435.109985,435.339996,430.138123,57267700
2024-04-05,436.779999,443.170013,435.959991,440.470001,435.206848,54744600
2024-04-08,441.410004,442.500000,439.200012,440.600006,435.335297,28144900
2024-04-09,442.959991,443.239990,437.440002,442.230011,436.945831,39443600
2024-04-10,437.000000,439.239990,436.279999,438.369995,433.131989,61502200
2024-04-11,440.260010,446.329987,437.959991,445.369995,440.048309,45474600
2024-04-12,441.100006,442.239990,436.880005,438.269989,433.033142,53665000
2024-04-15,442.059998,442.149994,430.209991,431.059998,425.909271,63453600
2024-04-16,430.899994,433.760010,429.700012,431.100006,425.948822,47619000
2024-04-17,433.100006,433.119995,424.899994,425.839996,420.751678,56880500
2024-04-18,426.489990,428.239990,422.829987,423.410004,418.350708,46549400
2024-04-19,422.220001,422.750000,413.070007,414.649994,409.695404,75231000
2024-04-22,417.309998,421.179993,413.940002,418.820007,413.815521,47807700
2024-04-23,420.769989,426.279999,418.869995,425.070007,419.990845,44384700
2024-04-24,428.200012,429.730011,424.200012,426.510010,421.413696,48440300
2024-04-25,419.239990,425.320007,418.140015,424.450012,419.378265,57392200
2024-04-26,427.619995,432.549988,426.920013,431.000000,425.850067,41874900
2024-04-29,433.130005,433.760010,429.980011,432.750000,427.579102,30022200
2024-04-30,431.149994,432.559998,424.510010,424.589996,419.516571,43665900
2024-05-01,423.149994,430.140015,420.660004,421.519989,416.483215,52251700
2024-05-02,425.299988,427.809998,420.630005,426.899994,421.799011,36559000
2024-05-03,434.440002,436.480011,432.619995,435.480011,430.276489,48515300
2024-05-06,437.299988,440.339996,436.519989,440.250000,434.989502,30227200
2024-05-07,440.700012,441.970001,439.579987,440.320007,435.058655,30996100
2024-05-08,437.670013,441.480011,437.549988,440.059998,434.801758,24896700
2024-05-09,440.329987,441.600006,438.459991,441.019989,435.750244,24580100
2024-05-10,442.540009,444.309998,440.500000,442.059998,436.777893,27116600
2024-05-13,443.989990,444.089996,441.649994,443.079987,437.785645,22994200
2024-05-14,442.649994,446.470001,442.459991,445.929993,440.601624,34478300
2024-05-15,448.429993,453.149994,446.899994,452.899994,447.488342,41464700
2024-05-16,452.709991,454.690002,451.809998,451.980011,446.579315,34780400
2024-05-17,452.109985,452.720001,449.540009,451.760010,446.361938,35803700
2024-05-20,451.980011,455.579987,451.790009,454.910004,449.474335,24474200
2024-05-21,453.040009,455.989990,452.839996,455.799988,450.353699,23167700
2024-05-22,456.059998,456.820007,453.079987,455.709991,450.264709,25120000
2024-05-23,460.549988,460.579987,451.850006,453.660004,448.239227,40899200
2024-05-24,455.290009,459.230011,453.570007,457.950012,452.478058,29669500
2024-05-28,459.179993,459.739990,456.690002,459.679993,454.187317,26216800
2024-05-29,455.480011,458.239990,455.339996,456.440002,450.986023,29739200
2024-05-30,455.500000,455.640015,450.209991,451.549988,446.154480,30536800
2024-05-31,451.779999,452.480011,443.059998,450.709991,445.324493,55941300
2024-06-03,454.570007,455.579987,447.899994,453.130005,447.715576,32997500
2024-06-04,452.869995,455.579987,451.130005,454.369995,448.940704,23767400
2024-06-05,457.980011,463.609985,454.410004,463.529999,457.991302,33817400
2024-06-06,464.220001,464.540009,462.190002,463.369995,457.833282,21966800
2024-06-07,463.000000,465.739990,461.839996,462.959991,457.428162,25829700
2024-06-10,461.820007,465.190002,461.529999,464.829987,459.275726,20660800
2024-06-11,463.540009,468.140015,462.029999,468.019989,462.427673,22053300
2024-06-12,471.989990,476.500000,471.290009,474.149994,468.484406,34532600
2024-06-13,477.720001,478.390015,474.420013,476.720001,471.023682,25859000
2024-06-14,476.519989,479.260010,476.049988,479.190002,473.464203,23372600
2024-06-17,479.459991,486.859985,478.140015,485.059998,479.264008,37054500
2024-06-18,485.010010,485.899994,483.429993,485.209991,479.412262,24438600
2024-06-20,486.420013,486.839996,479.619995,481.470001,475.716980,33918700
2024-06-21,481.190002,482.540009,478.670013,480.179993,474.442322,37456800
2024-06-24,478.179993,479.929993,473.820007,473.959991,469.040985,37751000
2024-06-25,476.070007,479.679993,475.119995,479.380005,474.404785,29014700
2024-06-26,478.549988,480.920013,478.130005,480.369995,475.384460,22737100
2024-06-27,480.119995,483.100006,479.299988,481.609985,476.611572,26222100
2024-06-28,482.410004,487.200012,478.459991,479.109985,474.137512,34881600
2024-07-01,480.040009,482.489990,476.260010,481.920013,476.918396,24898300
2024-07-02,480.410004,487.040009,480.279999,486.980011,481.925903,26723600
2024-07-03,486.220001,491.170013,486.220001,491.040009,485.943726,18064900
2024-07-05,491.890015,496.600006,491.589996,496.160004,491.010620,28495900
2024-07-08,496.529999,497.899994,495.500000,497.339996,492.178375,22109400
2024-07-09,498.869995,500.000000,496.239990,497.769989,492.603882,25614500
2024-07-10,499.709991,503.519989,498.390015,502.959991,497.740021,28046900
2024-07-11,503.070007,503.279999,490.730011,491.929993,486.824524,49966600
2024-07-12,492.510010,499.619995,492.040009,494.820007,489.684540,37109400
2024-07-15,496.609985,501.010010,494.089996,496.149994,491.000702,31151400
2024-07-16,497.619995,498.440002,493.149994,496.339996,491.188782,25950600
2024-07-17,488.279999,488.799988,481.700012,481.769989,476.769928,56268800
2024-07-18,485.529999,485.709991,476.269989,479.489990,474.513611,49347400
2024-07-19,479.149994,481.690002,473.940002,475.239990,470.307678,42042900
2024-07-22,481.160004,483.350006,477.709991,482.320007,477.314240,40300000
2024-07-23,481.410004,484.429993,480.140015,480.619995,475.631897,23282500
2024-07-24,473.820007,474.190002,462.510010,463.380005,458.570801,58818600
2024-07-25,463.720001,467.940002,455.630005,458.269989,453.513824,59256800
2024-07-26,462.649994,465.929993,459.769989,462.970001,458.165039,39992100
2024-07-29,465.709991,467.910004,461.619995,463.899994,459.085388,28218500
2024-07-30,465.850006,466.559998,454.149994,457.529999,452.781494,41317200
2024-07-31,467.869995,472.790009,466.410004,471.070007,466.181000,44552100
2024-08-01,471.760010,475.549988,455.980011,459.660004,454.889435,56653900
2024-08-02,450.890015,453.570007,444.470001,448.750000,444.092712,66323200
2024-08-05,424.709991,442.290009,423.450012,435.369995,430.851501,87483500
2024-08-06,437.230011,447.070007,434.559998,439.529999,434.968353,63164400
2024-08-07,446.489990,449.000000,434.369995,434.769989,430.257782,54929200
2024-08-08,441.059998,448.989990,437.149994,448.070007,443.419739,47890100
2024-08-09,446.739990,452.059998,445.609985,450.410004,445.735443,33574000
2024-08-12,451.390015,454.369995,448.549988,451.380005,446.695343,27795000
2024-08-13,455.820007,462.850006,455.679993,462.579987,457.779083,40084500
2024-08-14,463.510010,465.109985,458.399994,462.730011,457.927582,34733700
2024-08-15,468.760010,474.820007,468.380005,474.420013,469.496216,38280600
2024-08-16,472.619995,476.410004,471.649994,475.029999,470.099854,38383600
2024-08-19,475.170013,481.309998,473.369995,481.269989,476.275146,23737700
2024-08-20,480.350006,482.940002,478.549988,480.260010,475.275635,29209300
2024-08-21,481.049988,484.369995,479.320007,482.500000,477.492371,25658800
2024-08-22,484.839996,485.540009,473.809998,474.850006,469.921814,37739600
2024-08-23,479.239990,482.739990,475.279999,480.000000,475.018341,36061500
2024-08-26,479.450012,480.380005,473.239990,475.339996,470.406708,27452600
2024-08-27,473.690002,477.839996,471.709991,476.760010,471.811951,27510000
2024-08-28,476.290009,477.019989,467.890015,471.350006,466.458099,37372400
2024-08-29,473.279999,477.929993,469.369995,470.660004,465.775269,41081500
2024-08-30,475.040009,476.899994,470.510010,476.269989,471.326996,33466500
2024-09-03,473.200012,473.329987,459.410004,461.809998,457.017120,44985200
2024-09-04,458.670013,464.450012,457.730011,460.609985,455.829529,32505100
2024-09-05,458.970001,465.359985,457.940002,461.040009,456.255096,34452400
2024-09-06,460.329987,461.220001,448.190002,448.690002,444.033295,50624400
2024-09-09,453.059998,455.459991,449.820007,454.459991,449.743378,32981200
2024-09-10,456.239990,459.170013,452.230011,458.660004,453.899780,29680300
2024-09-11,459.910004,469.369995,451.279999,468.619995,463.756470,57843000
2024-09-12,468.649994,474.040009,466.850006,473.220001,468.308716,40067800
2024-09-13,472.480011,476.529999,472.250000,475.339996,470.406708,29111800
2024-09-16,473.190002,473.859985,469.890015,473.239990,468.328491,22585600
2024-09-17,476.290009,477.600006,470.970001,473.489990,468.575897,30084400
2024-09-18,474.700012,478.829987,470.829987,471.440002,466.547119,39909200
2024-09-19,482.609985,486.230011,480.489990,483.359985,478.343445,52782500
2024-09-20,482.489990,483.690002,478.299988,482.440002,477.433044,34577700
2024-09-23,482.950012,484.140015,481.600006,483.040009,478.698517,24843000
2024-09-24,484.459991,486.329987,480.170013,485.369995,481.007568,25952600
2024-09-25,484.739990,487.790009,484.559998,485.820007,481.453491,26549900
2024-09-26,493.369995,493.700012,485.799988,489.470001,485.070740,32020200
2024-09-27,490.500000,490.640015,485.559998,486.750000,482.375153,22851100
2024-09-30,485.779999,488.410004,482.920013,488.070007,483.683350,30281100
2024-10-01,487.700012,488.000000,477.399994,481.269989,476.944427,42735400
2024-10-02,480.359985,483.880005,477.720001,481.950012,477.618347,23744000
2024-10-03,479.739990,484.549988,478.989990,481.589996,477.261536,25337200
2024-10-04,487.450012,487.880005,482.390015,487.320007,482.940033,30686600
2024-10-07,485.390015,486.570007,480.869995,482.100006,477.766937,24975100
2024-10-08,484.660004,489.989990,483.850006,489.299988,484.902222,28272000
2024-10-09,489.000000,493.730011,487.950012,493.149994,488.717651,24995000
2024-10-10,490.850006,494.470001,489.529999,492.589996,488.162689,25750400
2024-10-11,490.739990,494.390015,490.170013,493.359985,488.925751,20644500
2024-10-14,495.769989,498.829987,495.260010,497.500000,493.028503,26060100
2024-10-15,497.829987,498.500000,488.679993,490.850006,486.438293,34784500
2024-10-16,491.179993,491.690002,487.570007,490.910004,486.497803,22996800
2024-10-17,496.440002,496.489990,491.190002,491.250000,486.834747,27210700
2024-10-18,494.059998,495.570007,493.299988,494.470001,490.025787,25335000
2024-10-21,493.250000,496.230011,491.309998,495.420013,490.967285,30336500
2024-10-22,492.730011,497.450012,491.970001,495.959991,491.502441,26685800
2024-10-23,493.589996,494.250000,485.049988,488.359985,483.970673,39346600
2024-10-24,492.109985,493.000000,489.440002,492.320007,487.895111,22024900
2024-10-25,495.140015,500.279999,494.429993,495.320007,490.868164,38762100
2024-10-28,498.459991,498.519989,495.100006,495.399994,490.947418,20477800
2024-10-29,495.720001,501.350006,493.850006,500.160004,495.664673,28014100
2024-10-30,499.390015,500.350006,495.890015,496.380005,491.918640,29756000
2024-10-31,492.380005,492.429993,483.750000,483.850006,479.501251,41245200
2024-11-01,485.500000,490.750000,485.200012,487.429993,483.049042,33655800
2024-11-04,486.820007,489.380005,484.250000,486.010010,481.641846,23291600
2024-11-05,487.609985,492.880005,487.519989,492.209991,487.786072,24353600
2024-11-06,500.559998,506.410004,499.600006,505.579987,501.035889,43082200
2024-11-07,508.399994,514.330017,508.339996,513.539978,508.924347,32853100
2024-11-08,513.039978,514.919983,512.409973,514.140015,509.519012,22924500
2024-11-11,515.369995,515.580017,510.920013,513.840027,509.221741,24167500
2024-11-12,513.770020,514.659973,509.829987,512.909973,508.300018,25835300
2024-11-13,512.400024,514.979980,509.950012,512.250000,507.645966,24567400
2024-11-14,511.910004,512.789978,507.769989,508.690002,504.117981,28679500
2024-11-15,502.940002,503.329987,494.489990,496.570007,492.106964,51461100
2024-11-18,498.130005,502.140015,496.730011,500.019989,495.525909,27080800
2024-11-19,497.420013,503.950012,497.079987,503.459991,498.934967,24523000
2024-11-20,503.160004,503.480011,496.559998,503.170013,498.647614,29565500
2024-11-21,506.239990,506.959991,497.559998,504.980011,500.441345,34526700
2024-11-22,504.420013,506.529999,502.779999,505.790009,501.244019,23826600
2024-11-25,509.899994,511.450012,504.260010,506.589996,502.036865,26375200
2024-11-26,508.079987,510.140015,507.230011,509.309998,504.732422,26557100
2024-11-27,508.170013,508.239990,501.929993,505.299988,500.758392,24957400
2024-11-29,505.929993,510.339996,505.309998,509.739990,505.158508,15334000
2024-12-02,511.010010,516.260010,510.619995,515.289978,510.658569,25147200
2024-12-03,513.950012,517.150024,513.369995,516.869995,512.224426,18597900
2024-12-04,520.320007,523.520020,519.599976,523.260010,518.557007,26086200
2024-12-05,523.309998,524.039978,521.419983,521.809998,517.120056,18169600
2024-12-06,522.479980,526.719971,522.349976,526.479980,521.748108,23762600
2024-12-09,525.549988,526.349976,521.219971,522.380005,517.684998,20674400
2024-12-10,523.619995,525.380005,519.159973,520.599976,515.920837,24350000
2024-12-11,525.000000,530.609985,524.590027,529.919983,525.157104,32168600
2024-12-12,527.679993,528.960022,526.020020,526.500000,521.767944,23577500
2024-12-13,530.460022,533.169983,527.299988,530.530029,525.761780,28780400
2024-12-16,533.080017,539.150024,533.000000,538.169983,533.332947,31979900
2024-12-17,536.359985,537.479980,534.130005,535.799988,530.984253,28579100
2024-12-18,535.150024,536.880005,515.010010,516.469971,511.828003,54703200
2024-12-19,521.190002,521.760010,513.830017,514.169983,509.548767,46441800
2024-12-20,510.440002,524.820007,509.290009,518.659973,513.998291,60530000
2024-12-23,519.549988,523.250000,516.130005,522.869995,519.006042,29672800
2024-12-24,524.830017,530.049988,524.190002,529.960022,526.043701,17558200
2024-12-26,528.320007,531.239990,526.309998,529.599976,525.686340,19090500
2024-12-27,526.010010,526.450012,517.859985,522.559998,518.698303,33839600
2024-12-30,515.510010,519.359985,511.829987,515.609985,511.799744,34584000
2024-12-31,516.900024,517.659973,510.260010,511.230011,507.452118,29117000
2025-01-02,514.299988,516.640015,505.709991,510.230011,506.459473,36389800
2025-01-03,513.349976,519.650024,512.530029,518.580017,514.747803,29059500
2025-01-06,524.020020,527.919983,522.030029,524.539978,520.663696,36109700
2025-01-07,525.590027,525.989990,513.280029,515.179993,511.372894,36690300
2025-01-08,515.080017,516.919983,510.570007,515.270020,511.462280,30777800
2025-01-10,511.480011,511.579987,503.920013,507.190002,503.441986,40532500
2025-01-13,501.200012,506.019989,499.700012,505.559998,501.824005,31694200
2025-01-14,508.739990,510.160004,501.589996,505.079987,501.347504,33737200
2025-01-15,513.030029,517.849976,511.459991,516.700012,512.881653,34957600
2025-01-16,518.979980,519.059998,512.950012,513.080017,509.288483,28229000
2025-01-17,522.849976,524.070007,513.109985,521.739990,517.884399,51837900
2025-01-21,524.479980,525.969971,520.059998,524.799988,520.921814,23628000
2025-01-22,529.570007,533.820007,529.260010,531.510010,527.582275,33593000
2025-01-23,529.039978,532.760010,528.450012,532.640015,528.703857,23096600
2025-01-24,533.020020,533.789978,528.150024,529.630005,525.716064,19878300
2025-01-27,511.000000,517.989990,510.149994,514.210022,510.410156,60771700
2025-01-28,515.219971,523.000000,511.779999,521.809998,517.953918,33194200
2025-01-29,522.460022,522.590027,516.900024,520.830017,516.981140,26649000
2025-01-30,523.710022,526.099976,518.210022,523.049988,519.184692,27431300
2025-01-31,526.919983,531.520020,521.190002,522.289978,518.430359,38755200
2025-02-03,513.469971,520.849976,511.049988,518.109985,514.281311,40580800
2025-02-04,518.630005,525.109985,518.229980,524.469971,520.594238,26046800
2025-02-05,521.820007,527.010010,520.619995,526.849976,522.956665,21134100
2025-02-06,527.359985,529.809998,525.739990,529.599976,525.686340,19434500
2025-02-07,530.140015,532.099976,522.190002,522.919983,519.055725,29605500
2025-02-10,527.219971,530.359985,526.750000,529.250000,525.338989,20852800
2025-02-11,525.960022,529.919983,525.830017,527.989990,524.088257,19325500
2025-02-12,522.299988,529.190002,521.950012,528.299988,524.395996,25009400
2025-02-13,529.979980,536.219971,529.190002,535.900024,531.939819,28714800
2025-02-14,536.010010,538.840027,535.669983,538.150024,534.173218,17862600
2025-02-18,539.729980,540.000000,536.039978,539.369995,535.384155,20565000
2025-02-19,538.570007,540.809998,536.460022,539.520020,535.533142,19666900
2025-02-20,538.729980,539.099976,532.460022,537.229980,533.259949,26550800
2025-02-21,538.380005,538.400024,525.710022,526.080017,522.192444,47093800
2025-02-24,527.880005,529.070007,519.530029,519.869995,516.028198,39268400
2025-02-25,519.239990,519.320007,509.440002,513.320007,509.526642,48940000
2025-02-26,515.530029,519.659973,511.369995,514.559998,510.757507,34457600
2025-02-27,518.130005,519.070007,500.049988,500.269989,496.573090,52448000
2025-02-28,500.130005,508.779999,496.929993,508.170013,504.414764,47654000
2025-03-03,511.519989,513.039978,493.579987,497.049988,493.376862,44587200
2025-03-04,494.179993,503.739990,487.739990,495.549988,491.887939,67875400
2025-03-05,496.200012,503.630005,491.260010,502.010010,498.300201,46323700
2025-03-06,493.690002,498.579987,486.200012,488.200012,484.592316,57574300
2025-03-07,487.160004,493.279999,480.529999,491.790009,488.155792,54714700
2025-03-10,483.450012,483.970001,468.660004,472.730011,469.236633,76668000
2025-03-11,472.350006,478.809998,467.010010,471.600006,468.114990,68760800
2025-03-12,479.160004,481.059998,471.790009,476.920013,473.395660,46971100
2025-03-13,476.250000,476.279999,466.429993,468.339996,464.879059,46563300
2025-03-14,473.730011,480.559998,473.119995,479.660004,476.115448,43563000
2025-03-17,479.609985,485.839996,477.799988,482.769989,479.202393,41744400
2025-03-18,479.410004,479.609985,472.410004,474.540009,471.033264,39072300
2025-03-19,476.809998,485.329987,474.869995,480.890015,477.336334,40430300
2025-03-20,476.880005,484.549988,476.179993,479.260010,475.718384,36780500
2025-03-21,474.079987,481.609985,472.910004,480.839996,477.286682,42234900
2025-03-24,487.739990,491.510010,484.399994,490.660004,487.760437,34567200
2025-03-25,491.390015,493.619995,490.420013,493.459991,490.543854,26035200
2025-03-26,492.299988,493.160004,482.820007,484.380005,481.517517,34627100
2025-03-27,482.410004,486.579987,480.250000,481.619995,478.773804,33469800
2025-03-28,479.809998,480.519989,468.049988,468.940002,466.168762,46363800
2025-03-31,461.920013,469.859985,457.329987,468.920013,466.148926,53000300
2025-04-01,467.299988,473.630005,464.420013,472.700012,469.906555,41156200
2025-04-02,466.119995,479.559998,465.859985,476.149994,473.336182,49894500
2025-04-03,456.440002,460.070007,450.140015,450.660004,447.996796,70456300
2025-04-04,438.140015,440.369995,422.670013,422.670013,420.172211,117088400
2025-04-07,408.660004,443.140015,402.390015,423.690002,421.186188,161557000
2025-04-08,438.160004,443.140015,409.790009,416.059998,413.601257,101248100
2025-04-09,415.570007,467.829987,415.429993,466.000000,463.246155,142876900
2025-04-10,453.559998,455.589996,432.630005,446.179993,443.543274,108384100
2025-04-11,444.649994,455.790009,441.329987,454.399994,451.714661,52483800
2025-04-14,464.459991,465.049988,452.630005,457.480011,454.776520,43941200
2025-04-15,458.540009,462.380005,456.149994,457.989990,455.283447,35404200
2025-04-16,449.029999,452.619995,437.760010,444.179993,441.555084,48980600
2025-04-17,447.170013,447.750000,441.359985,444.100006,441.475555,44837000
2025-04-21,438.230011,439.079987,427.929993,433.109985,430.550507,44149300
2025-04-22,438.820007,447.579987,437.619995,444.480011,441.853333,52304400
2025-04-23,458.170013,463.380005,452.880005,454.559998,451.873749,55801100
2025-04-24,456.480011,467.660004,455.829987,467.350006,464.588135,45956100
2025-04-25,466.970001,473.089996,465.390015,472.559998,469.767365,38697100
2025-04-28,473.029999,474.809998,466.029999,472.410004,469.618225,33550800
2025-04-29,470.170013,476.420013,469.589996,475.529999,472.719818,30613100
2025-04-30,467.130005,477.200012,462.429993,475.470001,472.660187,46810600
2025-05-01,483.410004,487.179993,480.739990,481.679993,478.833496,43316500
2025-05-02,486.540009,490.910004,484.829987,488.829987,485.941223,39218100
2025-05-05,484.600006,489.029999,484.100006,485.929993,483.058350,28309500
2025-05-06,479.559998,485.049988,478.190002,481.410004,478.565063,32786300
2025-05-07,482.079987,485.799988,476.779999,483.299988,480.443909,38006300
2025-05-08,488.529999,492.700012,484.170013,488.290009,485.404419,39577600
2025-05-09,490.209991,491.540009,486.200012,487.970001,485.086304,27767400
2025-05-12,506.989990,507.890015,501.480011,507.850006,504.848846,45090600
2025-05-13,509.160004,517.390015,508.420013,515.590027,512.543091,53269600
2025-05-14,516.770020,519.229980,515.750000,518.679993,515.614868,47014500
2025-05-15,516.520020,521.929993,515.169983,519.250000,516.181396,50153300
2025-05-16,520.659973,521.700012,517.099976,521.510010,518.428162,48394600
2025-05-19,514.239990,522.530029,514.239990,522.010010,518.925232,52536200
2025-05-20,519.469971,520.929993,516.659973,520.270020,517.195435,42517600
2025-05-21,516.270020,523.000000,511.239990,513.039978,510.008118,71292800
2025-05-22,513.659973,517.710022,512.299988,514.000000,510.962494,55607200
2025-05-23,506.179993,511.839996,505.579987,509.239990,506.230591,58368100
2025-05-27,516.150024,521.710022,514.590027,521.219971,518.139832,47226300
2025-05-28,522.179993,523.679993,518.390015,518.909973,515.843323,46637200
2025-05-29,526.330017,526.479980,517.320007,519.929993,516.857422,58513300
2025-05-30,519.440002,520.679993,511.929993,519.109985,516.042297,67662800
2025-06-02,517.239990,523.450012,515.969971,523.210022,520.118042,44762800
2025-06-03,523.559998,528.739990,522.690002,527.299988,524.183838,44070300
2025-06-04,528.010010,529.840027,525.969971,528.770020,525.645264,41359300
2025-06-05,530.179993,533.049988,522.659973,524.789978,521.688721,61031200
2025-06-06,530.000000,531.799988,528.210022,529.919983,526.788391,42467000
2025-06-09,530.140015,532.349976,529.010010,530.700012,527.563843,33688700
2025-06-10,531.169983,534.900024,528.890015,534.210022,531.053101,40664800
2025-06-11,535.619995,536.780029,530.109985,532.409973,529.263672,53701000
2025-06-12,531.090027,534.640015,530.840027,533.659973,530.506226,34104900
2025-06-13,527.679993,531.869995,525.729980,526.960022,523.845947,55814400
2025-06-16,530.500000,535.369995,530.450012,534.289978,531.132568,37622100
2025-06-17,531.710022,533.330017,527.909973,529.080017,525.953430,42180900
2025-06-18,530.099976,532.549988,527.400024,528.989990,525.863831,43983500
2025-06-20,532.260010,533.559998,524.880005,526.830017,523.716675,61643500
2025-06-23,526.809998,532.169983,523.650024,531.650024,529.101746,50666100
2025-06-24,536.890015,540.700012,536.270020,539.780029,537.192749,45442000
2025-06-25,542.059998,543.309998,539.380005,541.159973,538.566101,44804200
2025-06-26,543.349976,546.669983,541.520020,546.219971,543.601868,43811400
2025-06-27,547.260010,549.989990,544.539978,548.090027,545.462952,57577100
2025-06-30,551.260010,552.799988,549.010010,551.640015,548.995911,45548700
2025-07-01,549.729980,550.710022,544.659973,546.989990,544.368225,56166700
2025-07-02,546.159973,551.000000,546.119995,550.799988,548.159912,36538300
2025-07-03,553.179993,557.200012,553.179993,556.219971,553.553955,26443500
2025-07-07,553.520020,554.340027,549.580017,552.030029,549.384033,45349300
2025-07-08,553.380005,554.010010,551.099976,552.340027,549.692566,36153300
2025-07-09,554.479980,557.630005,553.099976,556.250000,553.583862,43045500
2025-07-10,556.890015,557.299988,552.750000,555.450012,552.787659,34710900
2025-07-11,553.299988,555.789978,552.049988,554.200012,551.543701,39618600
2025-07-14,553.989990,556.950012,551.630005,556.210022,553.544006,36453300
2025-07-15,560.250000,560.799988,556.659973,556.719971,554.051575,43277700
2025-07-16,557.280029,560.210022,551.559998,557.289978,554.618835,52314700
2025-07-17,558.020020,562.309998,557.210022,561.799988,559.107239,40423800
2025-07-18,563.119995,564.729980,559.979980,561.260010,558.569824,50484700
2025-07-21,562.090027,566.059998,562.059998,564.169983,561.465881,39595200
2025-07-22,564.299988,564.349976,558.609985,561.250000,558.559814,43270600
2025-07-23,562.340027,563.849976,559.580017,563.809998,561.107605,40215300
2025-07-24,565.130005,566.239990,563.289978,565.010010,562.301880,42275500
2025-07-25,564.929993,567.700012,564.270020,566.369995,563.655334,30630800
2025-07-28,567.739990,569.039978,566.869995,568.140015,565.416809,31498700
2025-07-29,570.760010,572.109985,566.530029,567.260010,564.541016,45463300
2025-07-30,568.179993,570.619995,565.049988,568.020020,565.297485,43433800
2025-07-31,574.539978,574.630005,563.869995,565.010010,562.301880,64613600
2025-08-01,558.830017,559.020020,551.679993,553.880005,551.225159,69400800
2025-08-04,559.049988,564.320007,558.950012,564.099976,561.396118,47669800
2025-08-05,565.390015,566.559998,559.729980,560.270020,557.584595,48666600
2025-08-06,561.109985,567.760010,560.630005,567.320007,564.600769,41823700
2025-08-07,571.669983,573.320007,565.109985,569.239990,566.511597,44463000
2025-08-08,570.450012,574.770020,570.150024,574.549988,571.796082,35255500
2025-08-11,574.690002,576.799988,571.570007,572.849976,570.104187,33112900
2025-08-12,575.159973,580.349976,572.489990,580.049988,577.269714,42143300
2025-08-13,582.760010,583.320007,578.940002,580.340027,577.558350,41209300
2025-08-14,578.280029,581.880005,577.909973,579.890015,577.110596,45425000
2025-08-15,579.799988,579.840027,575.570007,577.340027,574.572754,49480200
2025-08-18,576.440002,577.770020,575.239990,577.109985,574.343811,29831000
2025-08-19,576.390015,576.559998,568.250000,569.280029,566.551392,53752600
2025-08-20,568.330017,568.450012,558.840027,565.900024,563.187622,76781100
2025-08-21,564.349976,566.489990,560.979980,563.280029,560.580200,46436900
2025-08-22,564.669983,573.989990,563.270020,571.969971,569.228455,51502100
2025-08-25,570.400024,573.289978,569.159973,570.320007,567.586365,34044700
2025-08-26,569.830017,572.919983,568.799988,572.609985,569.865356,34103000
2025-08-27,571.590027,574.409973,570.369995,573.489990,570.741211,36927100
2025-08-28,574.109985,578.000000,572.460022,577.080017,574.313965,46787900
2025-08-29,574.659973,575.030029,568.539978,570.400024,567.666077,56030400
2025-09-02,561.309998,565.969971,559.539978,565.619995,562.908875,65876800
2025-09-03,569.229980,571.700012,566.729980,570.070007,567.337585,54230200
2025-09-04,570.739990,575.599976,569.030029,575.229980,572.472778,47526300
2025-09-05,580.489990,581.119995,571.530029,576.059998,573.298828,68342500
2025-09-08,578.369995,580.840027,577.770020,578.869995,576.095459,46371400
2025-09-09,579.669983,580.940002,577.039978,580.510010,577.727539,44007600
2025-09-10,583.739990,583.770020,578.549988,580.700012,577.916626,49308000
2025-09-11,583.239990,584.880005,581.619995,584.080017,581.280396,44745800
2025-09-12,585.039978,587.859985,584.099976,586.659973,583.848022,50745900
2025-09-15,588.440002,591.789978,588.289978,591.679993,588.843994,44360300
2025-09-16,592.609985,592.859985,590.489990,591.179993,588.346375,36942100
2025-09-17,591.099976,591.750000,584.369995,590.000000,587.172119,69384800
2025-09-18,594.909973,598.140015,592.960022,595.320007,592.466553,61069300
2025-09-19,597.330017,600.049988,595.849976,599.349976,596.477173,58196100
2025-09-22,597.739990,602.869995,597.719971,602.200012,600.008362,57154800
2025-09-23,602.369995,602.570007,596.979980,598.200012,596.022949,64635500
2025-09-24,599.580017,599.900024,593.359985,596.099976,593.930542,49850300
2025-09-25,592.200012,595.119995,588.500000,593.530029,591.369934,70920200
2025-09-26,594.349976,596.299988,591.059998,595.969971,593.801025,54337400
2025-09-29,599.109985,602.049988,597.409973,598.729980,596.550964,48332900
2025-09-30,598.429993,600.710022,596.099976,600.369995,598.184998,46533800
2025-10-01,597.169983,603.789978,596.340027,603.250000,601.054504,46899600
2025-10-02,607.059998,607.159973,602.929993,605.729980,603.525513,43765400
2025-10-03,606.510010,607.330017,601.390015,603.179993,600.984802,46482100
2025-10-06,608.450012,609.359985,605.969971,607.710022,605.498291,41962100
2025-10-07,609.020020,609.710022,603.030029,604.510010,602.309998,58209500
2025-10-08,605.409973,611.750000,605.260010,611.440002,609.214722,50629800
2025-10-09,611.479980,611.609985,607.479980,610.700012,608.477417,45551000
2025-10-10,611.400024,613.179993,589.049988,589.500000,587.354614,97614800
2025-10-13,599.679993,602.950012,597.229980,602.010010,599.819031,65872600
2025-10-14,595.309998,602.690002,590.130005,598.000000,595.823669,69203200
2025-10-15,604.010010,606.700012,595.929993,602.219971,600.028259,62805500
2025-10-16,605.109985,608.309998,595.500000,599.989990,597.806396,70982000
2025-10-17,597.950012,605.510010,596.369995,603.929993,601.732056,72024900
2025-10-20,607.140015,612.799988,607.070007,611.539978,609.314331,45761700
2025-10-21,611.640015,612.719971,609.320007,611.380005,609.154968,44538200
2025-10-22,610.820007,611.409973,599.739990,605.489990,603.286377,61478800
2025-10-23,604.909973,611.369995,604.520020,610.580017,608.357910,42844300
2025-10-24,615.989990,618.419983,615.130005,617.099976,614.854126,47632500
2025-10-27,624.520020,628.549988,624.030029,628.090027,625.804199,54098600
2025-10-28,630.359985,634.679993,629.250000,632.919983,630.616516,61195700
2025-10-29,635.590027,637.010010,630.250000,635.770020,633.456177,67422800
2025-10-30,632.169983,633.500000,625.940002,626.049988,623.771545,61628600
2025-10-31,634.169983,634.200012,626.690002,629.070007,626.780518,66305100
2025-11-03,635.109985,635.820007,629.849976,632.080017,629.779602,37154300
2025-11-04,623.280029,626.950012,618.460022,619.250000,616.996338,63830800
2025-11-05,618.489990,626.599976,617.210022,623.280029,621.011658,48688500
2025-11-06,621.789978,622.039978,610.299988,611.669983,609.443909,72115100
2025-11-07,608.309998,609.950012,598.669983,609.739990,607.520935,81835400
2025-11-10,618.919983,624.309998,616.890015,623.229980,620.961792,55919900
2025-11-11,620.570007,622.719971,617.520020,621.570007,619.307861,44868800
2025-11-12,624.840027,624.859985,617.809998,621.080017,618.819702,47444400
2025-11-13,617.539978,618.119995,606.080017,608.400024,606.185852,71333600
2025-11-14,599.549988,613.349976,597.169983,608.859985,606.644043,80087300
2025-11-17,606.299988,612.479980,599.869995,603.659973,601.463013,63850400
2025-11-18,599.619995,602.309998,591.340027,596.309998,594.139771,83327300
2025-11-19,597.070007,606.159973,594.590027,599.869995,597.686768,73111500
2025-11-20,611.619995,614.030029,584.750000,585.669983,583.538513,117743200
2025-11-21,587.469971,596.979980,580.739990,590.070007,587.922485,103344200
2025-11-24,595.280029,606.679993,595.159973,605.159973,602.957581,60168100
2025-11-25,603.510010,610.260010,597.320007,608.890015,606.674011,57560900
2025-11-26,612.510010,616.190002,610.390015,614.270020,612.034424,42393600
2025-11-28,616.109985,619.320007,615.419983,619.250000,616.996338,23034400
2025-12-01,613.630005,619.440002,612.520020,617.169983,614.923828,40957600
2025-12-02,619.460022,623.750000,617.590027,622.000000,619.736267,54541800
2025-12-03,619.619995,624.219971,618.030029,623.520020,621.250793,47841600
2025-12-04,624.929993,624.940002,619.539978,622.940002,620.672913,47067800
2025-12-05,624.380005,628.919983,623.710022,625.479980,623.203613,53614200
2025-12-08,627.210022,628.840027,621.690002,624.280029,622.007996,43462400
2025-12-09,623.010010,625.869995,621.000000,625.049988,622.775146,37156000
2025-12-10,623.849976,629.210022,620.989990,627.609985,625.325867,55031400
2025-12-11,623.820007,625.780029,617.719971,625.580017,623.303284,58272800
2025-12-12,622.080017,623.539978,611.359985,613.619995,611.386780,75158700
2025-12-15,618.369995,618.419983,609.320007,610.539978,608.317993,49538200
2025-12-16,608.260010,613.510010,606.909973,611.750000,609.523560,55152800
2025-12-17,613.059998,613.650024,600.280029,600.409973,598.224792,70654300
2025-12-18,609.799988,612.929993,606.919983,609.109985,606.893188,78875800
2025-12-19,611.950012,617.619995,611.869995,617.049988,614.804321,60369800
2025-12-22,621.349976,621.650024,617.770020,619.210022,617.751343,43703100
2025-12-23,618.200012,622.409973,617.780029,622.109985,620.644470,41120400
2025-12-24,621.989990,624.280029,621.719971,623.929993,622.460205,18468700
2025-12-26,624.659973,625.520020,623.140015,623.890015,622.420349,28959800
2025-12-29,620.099976,622.780029,618.729980,620.869995,619.407410,32458300
2025-12-30,619.840027,622.179993,619.219971,619.429993,617.970764,31226800
2025-12-31,619.650024,619.960022,614.049988,614.309998,612.862854,40746500
2026-01-02,620.059998,622.849976,610.150024,613.119995,611.675659,61859200
2026-01-05,619.320007,620.809998,616.719971,617.989990,616.534180,46828400
2026-01-06,619.229980,624.020020,618.539978,623.419983,621.951416,43137500
2026-01-07,623.039978,627.940002,622.559998,624.020020,622.550049,44880300
2026-01-08,623.030029,623.419983,617.799988,620.469971,619.008362,50435900
2026-01-09,621.409973,627.890015,619.059998,626.650024,625.173828,49688700
2026-01-12,622.309998,628.849976,622.260010,627.169983,625.692566,37388700
2026-01-13,627.270020,629.469971,623.700012,626.239990,624.764771,44481400
2026-01-14,622.239990,623.450012,614.559998,619.549988,618.090515,72598700
2026-01-15,626.599976,630.000000,620.750000,621.780029,620.315308,53934900
2026-01-16,625.500000,626.080017,618.880005,621.260010,619.796509,61058100
2026-01-20,610.530029,615.059998,607.049988,608.059998,606.627625,81988900
2026-01-21,609.469971,620.419983,607.859985,616.280029,614.828247,79837900
2026-01-22,622.349976,622.460022,617.780029,620.760010,619.297668,42254800
2026-01-23,619.729980,625.400024,618.650024,622.719971,621.253052,43645800
2026-01-26,623.210022,627.609985,622.119995,625.460022,623.986633,35983000
2026-01-27,628.909973,632.039978,627.340027,631.130005,629.643250,38997200
2026-01-28,635.460022,636.599976,631.809998,633.219971,631.728271,50691700
2026-01-29,632.650024,633.669983,618.270020,629.429993,627.947205,79944000
2026-01-30,625.710022,628.260010,619.299988,621.869995,620.405029,65650700
2026-02-02,618.700012,628.489990,618.659973,626.140015,624.665039,49020300
2026-02-03,628.299988,629.979980,610.960022,616.520020,615.067688,81234000
2026-02-04,615.020020,615.099976,600.469971,605.750000,604.322998,81850700
2026-02-05,600.210022,604.809998,594.760010,597.030029,595.623596,89354500
2026-02-06,600.190002,611.409973,598.770020,609.650024,608.213867,78019300
2026-02-09,607.539978,616.460022,605.070007,614.320007,612.872864,56797600
2026-02-10,615.309998,617.020020,611.010010,611.469971,610.029541,53938900
2026-02-11,616.380005,617.520020,607.690002,613.109985,611.665710,58575100
2026-02-12,614.710022,615.809998,599.570007,600.640015,599.225098,81378900
2026-02-13,600.429993,606.479980,596.419983,601.919983,600.502014,69237500
2026-02-17,598.380005,603.950012,593.340027,601.299988,599.883484,69013800
2026-02-18,602.109985,609.770020,600.719971,605.789978,604.362976,64250700
2026-02-19,602.809998,605.820007,600.750000,603.469971,602.048340,60960800
2026-02-20,600.119995,610.349976,599.229980,608.809998,607.375793,74127300
2026-02-23,606.609985,608.010010,599.049988,601.409973,599.993225,63859100
2026-02-24,602.400024,608.989990,599.729980,607.869995,606.438049,55023700
2026-02-25,611.070007,616.830017,611.000000,616.679993,615.227295,55710700
2026-02-26,615.590027,615.590027,603.979980,609.239990,607.804810,96178900
2026-02-27,602.979980,608.320007,602.190002,607.289978,605.859436,68125200
2026-03-02,598.859985,609.919983,597.989990,608.090027,606.657532,75264600
2026-03-03,596.330017,603.960022,591.869995,601.580017,600.162842,97015500
2026-03-04,604.159973,612.880005,603.429993,610.750000,609.311218,70943900
2026-03-05,607.400024,612.760010,602.260010,608.909973,607.475586,89602400
2026-03-06,600.309998,606.000000,598.330017,599.750000,598.337158,86302300
2026-03-09,594.229980,609.270020,591.330017,607.760010,606.328308,93068200
2026-03-10,607.780029,613.289978,605.419983,607.770020,606.338318,64078900
2026-03-11,608.950012,612.429993,605.030029,607.690002,606.258423,60114800
2026-03-12,602.760010,604.140015,597.049988,597.260010,595.853027,71836600
2026-03-13,599.729980,603.599976,592.570007,593.719971,592.321350,63145500
2026-03-16,600.039978,603.859985,599.109985,600.380005,598.965698,49077200
2026-03-17,603.140015,605.900024,601.869995,603.309998,601.888794,47106600
2026-03-18,601.489990,603.159973,594.559998,594.900024,593.498657,56128000
2026-03-19,589.510010,595.799988,587.080017,593.020020,591.623047,75597600
2026-03-20,591.059998,591.169983,578.539978,582.059998,580.688843,91964700
2026-03-23,590.520020,595.080017,585.960022,588.000000,587.354553,89936100
2026-03-24,584.809998,587.929993,581.929993,583.979980,583.338928,57750900
2026-03-25,589.140015,591.369995,585.690002,587.820007,587.174744,60475500
2026-03-26,582.599976,584.630005,573.429993,573.789978,573.160095,81492100
2026-03-27,570.809998,571.020020,561.570007,562.580017,561.962463,82702200
2026-03-30,567.380005,568.049988,555.599976,558.280029,557.667175,70602600
2026-03-31,564.289978,578.640015,564.210022,577.179993,576.546387,95878000
2026-04-01,581.479980,587.739990,580.419983,584.309998,583.668579,79435100
2026-04-02,573.969971,586.049988,571.919983,584.979980,584.337830,50941700
2026-04-06,586.229980,590.609985,584.690002,588.500000,587.854004,35108500
2026-04-07,585.640015,588.979980,578.400024,588.590027,587.943909,49948200
2026-04-08,608.710022,609.900024,602.119995,606.090027,605.424683,63086000
2026-04-09,605.929993,610.500000,603.030029,610.190002,609.520203,37837500
2026-04-10,611.840027,613.669983,609.580017,611.070007,610.399231,34038500
2026-04-13,609.479980,626.739990,608.109985,617.390015,616.712280,32972100
2026-04-14,620.219971,628.599976,620.099976,628.599976,627.909912,49921100
2026-04-15,629.080017,637.830017,628.200012,637.400024,636.700317,50102400
2026-04-16,639.210022,642.179993,635.260010,640.469971,639.766907,42320600
2026-04-17,645.590027,650.000000,644.070007,648.849976,648.137695,53488900
2026-04-20,648.039978,648.760010,642.520020,646.789978,646.079956,37138500
2026-04-21,648.409973,650.200012,642.210022,644.330017,643.622681,39580500
2026-04-22,650.150024,655.330017,648.520020,655.109985,654.390869,37368400
2026-04-23,653.549988,656.919983,645.520020,651.419983,650.704895,40099800
2026-04-24,658.510010,664.510010,656.530029,663.880005,663.151245,45563100
2026-04-27,663.400024,664.429993,660.690002,664.229980,663.500854,32717000
2026-04-28,657.409973,659.640015,653.809998,657.549988,656.828186,34147900
2026-04-29,658.630005,661.719971,656.590027,661.570007,660.843750,31724900
2026-04-30,665.349976,668.900024,657.559998,667.739990,667.006958,40622200
2026-05-01,669.159973,675.969971,668.799988,674.150024,673.409973,39172600
2026-05-04,674.659973,676.729980,668.900024,672.880005,672.141357,34542000
2026-05-05,677.960022,682.770020,677.510010,681.609985,680.861755,37101100
2026-05-06,687.780029,695.929993,686.479980,695.770020,695.006226,38778500
2026-05-07,696.580017,701.239990,691.770020,694.940002,694.177124,43779100
2026-05-08,699.919983,711.229980,699.500000,711.229980,710.449219,44320400
2026-05-11,710.359985,714.590027,708.909973,713.289978,712.506958,36019100
2026-05-12,708.219971,710.179993,696.640015,707.239990,706.463623,45873000
2026-05-13,709.960022,716.650024,704.830017,714.710022,713.925476,40012500
2026-05-14,714.619995,722.030029,714.219971,719.789978,718.999817,33327500
2026-05-15,710.140015,715.130005,705.549988,708.929993,708.151794,51792700
2026-05-18,711.539978,712.070007,698.849976,705.880005,705.105103,49834500
2026-05-19,699.809998,706.489990,695.250000,701.530029,700.759949,46827500
2026-05-20,705.289978,713.150024,703.789978,713.150024,712.367188,36779200
2026-05-21,708.989990,717.119995,706.770020,714.510010,713.725647,36415400
2026-05-22,718.070007,722.119995,715.950012,717.539978,716.752319,33118600
2026-05-26,725.960022,731.169983,724.159973,730.280029,729.478394,34254700
2026-05-27,732.960022,733.320007,725.440002,729.450012,728.649292,35148700
2026-05-28,729.729980,736.599976,726.409973,735.599976,734.792480,32840000
2026-05-29,737.840027,741.630005,735.250000,738.309998,737.499512,37541700
2026-06-01,737.039978,745.650024,735.989990,742.739990,741.924683,33890600
2026-06-02,742.400024,746.440002,739.229980,746.159973,745.340881,30085200
2026-06-03,747.309998,748.650024,741.010010,744.210022,743.393066,40270200
2026-06-04,735.479980,743.500000,732.619995,740.609985,739.796997,40782600
2026-06-05,730.059998,731.690002,704.320007,705.059998,704.286011,99606600
2026-06-08,717.809998,723.030029,713.070007,716.070007,715.283936,47401500
2026-06-09,722.979980,725.659973,686.369995,707.830017,707.052979,91932200
2026-06-10,701.659973,711.280029,692.929993,693.690002,692.928528,65334300
2026-06-11,699.289978,718.369995,695.000000,717.119995,716.332764,71798900
2026-06-12,717.609985,724.010010,711.280029,721.340027,720.548157,51168400
2026-06-15,738.099976,744.760010,737.380005,744.000000,743.183289,46710200
2026-06-16,742.250000,744.219971,729.640015,729.859985,729.058777,45348700
2026-06-17,735.190002,735.679993,720.849976,722.510010,721.716858,51669300
2026-06-18,737.200012,741.820007,732.510010,740.619995,739.807007,50154600
2026-06-22,742.020020,745.450012,734.390015,737.950012,737.950012,43518600
2026-06-23,715.739990,723.609985,712.109985,713.650024,713.650024,53354200
2026-06-24,715.369995,719.929993,704.450012,710.619995,710.619995,52480400
2026-06-25,725.900024,726.830017,705.299988,716.380005,716.380005,49668000
2026-06-26,707.130005,715.559998,702.809998,706.520020,706.520020,47081800
2026-06-29,713.989990,724.580017,705.169983,724.080017,724.080017,44939100
2026-06-30,724.179993,737.619995,723.909973,736.400024,736.400024,42121800
2026-07-01,729.190002,731.919983,724.599976,725.169983,725.169983,40803800
