Date,Open,High,Low,Close,Adj Close,Volume
1990-01-02,126.089996,126.089996,126.089996,126.089996,126.089996,0
1990-01-03,123.339996,123.339996,123.339996,123.339996,123.339996,0
1990-01-04,122.620003,122.620003,122.620003,122.620003,122.620003,0
1990-01-05,121.269997,121.269997,121.269997,121.269997,121.269997,0
1990-01-08,124.120003,124.120003,124.120003,124.120003,124.120003,0
1990-01-09,119.820000,119.820000,119.820000,119.820000,119.820000,0
1990-01-10,120.820000,120.820000,120.820000,120.820000,120.820000,0
1990-01-11,107.480003,107.480003,107.480003,107.480003,107.480003,0
1990-01-12,116.779999,116.779999,116.779999,116.779999,116.779999,0
1990-01-15,116.160004,116.160004,116.160004,116.160004,116.160004,0
1990-01-16,120.620003,120.620003,120.620003,120.620003,120.620003,0
1990-01-17,123.029999,123.029999,123.029999,123.029999,123.029999,0
1990-01-18,131.139999,131.139999,131.139999,131.139999,131.139999,0
1990-01-19,129.309998,129.309998,129.309998,129.309998,129.309998,0
1990-01-22,118.949997,118.949997,118.949997,118.949997,118.949997,0
1990-01-23,117.940002,117.940002,117.940002,117.940002,117.940002,0
1990-01-24,128.750000,128.750000,128.750000,128.750000,128.750000,0
1990-01-25,124.330002,124.330002,124.330002,124.330002,124.330002,0
1990-01-26,122.760002,122.760002,122.760002,122.760002,122.760002,0
1990-01-29,124.599998,124.599998,124.599998,124.599998,124.599998,0
1990-01-30,120.910004,120.910004,120.910004,120.910004,120.910004,0
1990-01-31,128.220001,128.220001,128.220001,128.220001,128.220001,0
1990-02-01,129.529999,129.529999,129.529999,129.529999,129.529999,0
1990-02-02,132.529999,132.529999,132.529999,132.529999,132.529999,0
1990-02-05,121.220001,121.220001,121.220001,121.220001,121.220001,0
1990-02-06,120.300003,120.300003,120.300003,120.300003,120.300003,0
1990-02-07,123.349998,123.349998,123.349998,123.349998,123.349998,0
1990-02-08,124.870003,124.870003,124.870003,124.870003,124.870003,0
1990-02-09,126.059998,126.059998,126.059998,126.059998,126.059998,0
1990-02-12,126.989998,126.989998,126.989998,126.989998,126.989998,0
1990-02-13,133.059998,133.059998,133.059998,133.059998,133.059998,0
1990-02-14,131.550003,131.550003,131.550003,131.550003,131.550003,0
1990-02-15,139.070007,139.070007,139.070007,139.070007,139.070007,0
1990-02-16,136.610001,136.610001,136.610001,136.610001,136.610001,0
1990-02-20,126.470001,126.470001,126.470001,126.470001,126.470001,0
1990-02-21,129.169998,129.169998,129.169998,129.169998,129.169998,0
1990-02-22,124.800003,124.800003,124.800003,124.800003,124.800003,0
1990-02-23,125.820000,125.820000,125.820000,125.820000,125.820000,0
1990-02-26,130.690002,130.690002,130.690002,130.690002,130.690002,0
1990-02-27,131.449997,131.449997,131.449997,131.449997,131.449997,0
1990-02-28,123.099998,123.099998,123.099998,123.099998,123.099998,0
1990-03-01,123.959999,123.959999,123.959999,123.959999,123.959999,0
1990-03-02,126.440002,126.440002,126.440002,126.440002,126.440002,0
1990-03-05,124.239998,124.239998,124.239998,124.239998,124.239998,0
1990-03-06,124.860001,124.860001,124.860001,124.860001,124.860001,0
1990-03-07,121.080002,121.080002,121.080002,121.080002,121.080002,0
1990-03-08,124.459999,124.459999,124.459999,124.459999,124.459999,0
1990-03-09,125.599998,125.599998,125.599998,125.599998,125.599998,0
1990-03-12,129.690002,129.690002,129.690002,129.690002,129.690002,0
1990-03-13,128.070007,128.070007,128.070007,128.070007,128.070007,0
1990-03-14,131.820007,131.820007,131.820007,131.820007,131.820007,0
1990-03-15,133.020004,133.020004,133.020004,133.020004,133.020004,0
1990-03-16,136.729996,136.729996,136.729996,136.729996,136.729996,0
1990-03-19,138.690002,138.690002,138.690002,138.690002,138.690002,0
1990-03-20,134.199997,134.199997,134.199997,134.199997,134.199997,0
1990-03-21,132.580002,132.580002,132.580002,132.580002,132.580002,0
1990-03-22,129.800003,129.800003,129.800003,129.800003,129.800003,0
1990-03-23,130.759995,130.759995,130.759995,130.759995,130.759995,0
1990-03-26,129.899994,129.899994,129.899994,129.899994,129.899994,0
1990-03-27,135.330002,135.330002,135.330002,135.330002,135.330002,0
1990-03-28,133.509995,133.509995,133.509995,133.509995,133.509995,0
1990-03-29,131.199997,131.199997,131.199997,131.199997,131.199997,0
1990-03-30,111.330002,111.330002,111.330002,111.330002,111.330002,0
1990-04-02,126.459999,126.459999,126.459999,126.459999,126.459999,0
1990-04-03,117.629997,117.629997,117.629997,117.629997,117.629997,0
1990-04-04,114.129997,114.129997,114.129997,114.129997,114.129997,0
1990-04-05,114.419998,114.419998,114.419998,114.419998,114.419998,0
1990-04-06,114.910004,114.910004,114.910004,114.910004,114.910004,0
1990-04-09,117.599998,117.599998,117.599998,117.599998,117.599998,0
1990-04-10,119.089996,119.089996,119.089996,119.089996,119.089996,0
1990-04-11,108.870003,108.870003,108.870003,108.870003,108.870003,0
1990-04-12,121.519997,121.519997,121.519997,121.519997,121.519997,0
1990-04-16,126.050003,126.050003,126.050003,126.050003,126.050003,0
1990-04-17,131.240005,131.240005,131.240005,131.240005,131.240005,0
1990-04-18,122.739998,122.739998,122.739998,122.739998,122.739998,0
1990-04-19,120.769997,120.769997,120.769997,120.769997,120.769997,0
1990-04-20,120.879997,120.879997,120.879997,120.879997,120.879997,0
1990-04-23,120.029999,120.029999,120.029999,120.029999,120.029999,0
1990-04-24,124.559998,124.559998,124.559998,124.559998,124.559998,0
1990-04-25,127.029999,127.029999,127.029999,127.029999,127.029999,0
1990-04-26,124.510002,124.510002,124.510002,124.510002,124.510002,0
1990-04-27,118.839996,118.839996,118.839996,118.839996,118.839996,0
1990-04-30,110.489998,110.489998,110.489998,110.489998,110.489998,0
1990-05-01,111.989998,111.989998,111.989998,111.989998,111.989998,0
1990-05-02,128.490005,128.490005,128.490005,128.490005,128.490005,0
1990-05-03,114.269997,114.269997,114.269997,114.269997,114.269997,0
1990-05-04,116.349998,116.349998,116.349998,116.349998,116.349998,0
1990-05-07,117.220001,117.220001,117.220001,117.220001,117.220001,0
1990-05-08,117.830002,117.830002,117.830002,117.830002,117.830002,0
1990-05-09,117.269997,117.269997,117.269997,117.269997,117.269997,0
1990-05-10,119.500000,119.500000,119.500000,119.500000,119.500000,0
1990-05-11,119.510002,119.510002,119.510002,119.510002,119.510002,0
1990-05-14,123.120003,123.120003,123.120003,123.120003,123.120003,0
1990-05-15,125.099998,125.099998,125.099998,125.099998,125.099998,0
1990-05-16,125.699997,125.699997,125.699997,125.699997,125.699997,0
1990-05-17,121.949997,121.949997,121.949997,121.949997,121.949997,0
1990-05-18,124.680000,124.680000,124.680000,124.680000,124.680000,0
1990-05-21,127.349998,127.349998,127.349998,127.349998,127.349998,0
1990-05-22,124.879997,124.879997,124.879997,124.879997,124.879997,0
1990-05-23,118.800003,118.800003,118.800003,118.800003,118.800003,0
1990-05-24,117.300003,117.300003,117.300003,117.300003,117.300003,0
1990-05-25,111.930000,111.930000,111.930000,111.930000,111.930000,0
1990-05-29,122.180000,122.180000,122.180000,122.180000,122.180000,0
1990-05-30,119.879997,119.879997,119.879997,119.879997,119.879997,0
1990-05-31,120.209999,120.209999,120.209999,120.209999,120.209999,0
1990-06-01,119.330002,119.330002,119.330002,119.330002,119.330002,0
1990-06-04,122.779999,122.779999,122.779999,122.779999,122.779999,0
1990-06-05,121.220001,121.220001,121.220001,121.220001,121.220001,0
1990-06-06,121.449997,121.449997,121.449997,121.449997,121.449997,0
1990-06-07,123.989998,123.989998,123.989998,123.989998,123.989998,0
1990-06-08,122.129997,122.129997,122.129997,122.129997,122.129997,0
1990-06-11,132.139999,132.139999,132.139999,132.139999,132.139999,0
1990-06-12,132.610001,132.610001,132.610001,132.610001,132.610001,0
1990-06-13,131.509995,131.509995,131.509995,131.509995,131.509995,0
1990-06-14,132.449997,132.449997,132.449997,132.449997,132.449997,0
1990-06-15,138.309998,138.309998,138.309998,138.309998,138.309998,0
1990-06-18,133.309998,133.309998,133.309998,133.309998,133.309998,0
1990-06-19,136.210007,136.210007,136.210007,136.210007,136.210007,0
1990-06-20,139.119995,139.119995,139.119995,139.119995,139.119995,0
1990-06-21,142.570007,142.570007,142.570007,142.570007,142.570007,0
1990-06-22,139.619995,139.619995,139.619995,139.619995,139.619995,0
1990-06-25,106.800003,106.800003,106.800003,106.800003,106.800003,0
1990-06-26,104.650002,104.650002,104.650002,104.650002,104.650002,0
1990-06-27,106.540001,106.540001,106.540001,106.540001,106.540001,0
1990-06-28,107.419998,107.419998,107.419998,107.419998,107.419998,0
1990-06-29,107.309998,107.309998,107.309998,107.309998,107.309998,0
1990-07-02,108.160004,108.160004,108.160004,108.160004,108.160004,0
1990-07-03,107.620003,107.620003,107.620003,107.620003,107.620003,0
1990-07-05,105.080002,105.080002,105.080002,105.080002,105.080002,0
1990-07-06,107.269997,107.269997,107.269997,107.269997,107.269997,0
1990-07-09,106.500000,106.500000,106.500000,106.500000,106.500000,0
1990-07-10,105.190002,105.190002,105.190002,105.190002,105.190002,0
1990-07-11,107.839996,107.839996,107.839996,107.839996,107.839996,0
1990-07-12,109.709999,109.709999,109.709999,109.709999,109.709999,0
1990-07-13,109.330002,109.330002,109.330002,109.330002,109.330002,0
1990-07-16,108.650002,108.650002,108.650002,108.650002,108.650002,0
1990-07-17,107.650002,107.650002,107.650002,107.650002,107.650002,0
1990-07-18,133.750000,133.750000,133.750000,133.750000,133.750000,0
1990-07-19,137.940002,137.940002,137.940002,137.940002,137.940002,0
1990-07-20,109.709999,109.709999,109.709999,109.709999,109.709999,0
1990-07-23,127.129997,127.129997,127.129997,127.129997,127.129997,0
1990-07-24,127.610001,127.610001,127.610001,127.610001,127.610001,0
1990-07-25,130.850006,130.850006,130.850006,130.850006,130.850006,0
1990-07-26,131.000000,131.000000,131.000000,131.000000,131.000000,0
1990-07-27,127.620003,127.620003,127.620003,127.620003,127.620003,0
1990-07-30,132.440002,132.440002,132.440002,132.440002,132.440002,0
1990-07-31,132.070007,132.070007,132.070007,132.070007,132.070007,0
1990-08-01,131.009995,131.009995,131.009995,131.009995,131.009995,0
1990-08-02,110.080002,110.080002,110.080002,110.080002,110.080002,0
1990-08-03,119.599998,119.599998,119.599998,119.599998,119.599998,0
1990-08-06,114.650002,114.650002,114.650002,114.650002,114.650002,0
1990-08-07,119.089996,119.089996,119.089996,119.089996,119.089996,0
1990-08-08,125.190002,125.190002,125.190002,125.190002,125.190002,0
1990-08-09,128.899994,128.899994,128.899994,128.899994,128.899994,0
1990-08-10,123.010002,123.010002,123.010002,123.010002,123.010002,0
1990-08-13,119.339996,119.339996,119.339996,119.339996,119.339996,0
1990-08-14,120.519997,120.519997,120.519997,120.519997,120.519997,0
1990-08-15,120.040001,120.040001,120.040001,120.040001,120.040001,0
1990-08-16,117.180000,117.180000,117.180000,117.180000,117.180000,0
1990-08-17,117.360001,117.360001,117.360001,117.360001,117.360001,0
1990-08-20,118.360001,118.360001,118.360001,118.360001,118.360001,0
1990-08-21,114.519997,114.519997,114.519997,114.519997,114.519997,0
1990-08-22,112.489998,112.489998,112.489998,112.489998,112.489998,0
1990-08-23,110.919998,110.919998,110.919998,110.919998,110.919998,0
1990-08-24,113.419998,113.419998,113.419998,113.419998,113.419998,0
1990-08-27,117.690002,117.690002,117.690002,117.690002,117.690002,0
1990-08-28,117.900002,117.900002,117.900002,117.900002,117.900002,0
1990-08-29,118.629997,118.629997,118.629997,118.629997,118.629997,0
1990-08-30,116.739998,116.739998,116.739998,116.739998,116.739998,0
1990-08-31,119.480003,119.480003,119.480003,119.480003,119.480003,0
1990-09-04,119.919998,119.919998,119.919998,119.919998,119.919998,0
1990-09-05,119.879997,119.879997,119.879997,119.879997,119.879997,0
1990-09-06,116.980003,116.980003,116.980003,116.980003,116.980003,0
1990-09-07,117.820000,117.820000,117.820000,117.820000,117.820000,0
1990-09-10,118.769997,118.769997,118.769997,118.769997,118.769997,0
1990-09-11,119.160004,119.160004,119.160004,119.160004,119.160004,0
1990-09-12,118.279999,118.279999,118.279999,118.279999,118.279999,0
1990-09-13,116.910004,116.910004,116.910004,116.910004,116.910004,0
1990-09-14,119.029999,119.029999,119.029999,119.029999,119.029999,0
1990-09-17,116.800003,116.800003,116.800003,116.800003,116.800003,0
1990-09-18,117.489998,117.489998,117.489998,117.489998,117.489998,0
1990-09-19,116.480003,116.480003,116.480003,116.480003,116.480003,0
1990-09-20,115.879997,115.879997,115.879997,115.879997,115.879997,0
1990-09-21,118.220001,118.220001,118.220001,118.220001,118.220001,0
1990-09-24,111.300003,111.300003,111.300003,111.300003,111.300003,0
1990-09-25,115.720001,115.720001,115.720001,115.720001,115.720001,0
1990-09-26,114.760002,114.760002,114.760002,114.760002,114.760002,0
1990-09-27,112.849998,112.849998,112.849998,112.849998,112.849998,0
1990-09-28,113.239998,113.239998,113.239998,113.239998,113.239998,0
1990-10-01,116.559998,116.559998,116.559998,116.559998,116.559998,0
1990-10-02,116.809998,116.809998,116.809998,116.809998,116.809998,0
1990-10-03,115.599998,115.599998,115.599998,115.599998,115.599998,0
1990-10-04,116.160004,116.160004,116.160004,116.160004,116.160004,0
1990-10-05,117.230003,117.230003,117.230003,117.230003,117.230003,0
1990-10-08,116.489998,116.489998,116.489998,116.489998,116.489998,0
1990-10-09,112.800003,112.800003,112.800003,112.800003,112.800003,0
1990-10-10,110.650002,110.650002,110.650002,110.650002,110.650002,0
1990-10-11,109.779999,109.779999,109.779999,109.779999,109.779999,0
1990-10-12,111.919998,111.919998,111.919998,111.919998,111.919998,0
1990-10-15,112.349998,112.349998,112.349998,112.349998,112.349998,0
1990-10-16,111.070000,111.070000,111.070000,111.070000,111.070000,0
1990-10-17,111.739998,111.739998,111.739998,111.739998,111.739998,0
1990-10-18,114.650002,114.650002,114.650002,114.650002,114.650002,0
1990-10-19,117.559998,117.559998,117.559998,117.559998,117.559998,0
1990-10-22,116.110001,116.110001,116.110001,116.110001,116.110001,0
1990-10-23,115.129997,115.129997,115.129997,115.129997,115.129997,0
1990-10-24,116.169998,116.169998,116.169998,116.169998,116.169998,0
1990-10-25,114.750000,114.750000,114.750000,114.750000,114.750000,0
1990-10-26,111.790001,111.790001,111.790001,111.790001,111.790001,0
1990-10-29,112.349998,112.349998,112.349998,112.349998,112.349998,0
1990-10-30,113.419998,113.419998,113.419998,113.419998,113.419998,0
1990-10-31,113.970001,113.970001,113.970001,113.970001,113.970001,0
1990-11-01,112.529999,112.529999,112.529999,112.529999,112.529999,0
1990-11-02,115.290001,115.290001,115.290001,115.290001,115.290001,0
1990-11-05,114.480003,114.480003,114.480003,114.480003,114.480003,0
1990-11-06,114.470001,114.470001,114.470001,114.470001,114.470001,0
1990-11-07,114.589996,114.589996,114.589996,114.589996,114.589996,0
1990-11-08,114.660004,114.660004,114.660004,114.660004,114.660004,0
1990-11-09,117.110001,117.110001,117.110001,117.110001,117.110001,0
1990-11-12,115.570000,115.570000,115.570000,115.570000,115.570000,0
1990-11-13,116.099998,116.099998,116.099998,116.099998,116.099998,0
1990-11-14,117.019997,117.019997,117.019997,117.019997,117.019997,0
1990-11-15,116.970001,116.970001,116.970001,116.970001,116.970001,0
1990-11-16,119.970001,119.970001,119.970001,119.970001,119.970001,0
1990-11-19,121.279999,121.279999,121.279999,121.279999,121.279999,0
1990-11-20,118.279999,118.279999,118.279999,118.279999,118.279999,0
1990-11-21,119.279999,119.279999,119.279999,119.279999,119.279999,0
1990-11-23,116.370003,116.370003,116.370003,116.370003,116.370003,0
1990-11-26,118.330002,118.330002,118.330002,118.330002,118.330002,0
1990-11-27,119.449997,119.449997,119.449997,119.449997,119.449997,0
1990-11-28,120.150002,120.150002,120.150002,120.150002,120.150002,0
1990-11-29,117.709999,117.709999,117.709999,117.709999,117.709999,0
1990-11-30,122.650002,122.650002,122.650002,122.650002,122.650002,0
1990-12-03,122.239998,122.239998,122.239998,122.239998,122.239998,0
1990-12-04,124.370003,124.370003,124.370003,124.370003,124.370003,0
1990-12-05,127.379997,127.379997,127.379997,127.379997,127.379997,0
1990-12-06,126.309998,126.309998,126.309998,126.309998,126.309998,0
1990-12-07,124.430000,124.430000,124.430000,124.430000,124.430000,0
1990-12-10,125.099998,125.099998,125.099998,125.099998,125.099998,0
1990-12-11,125.980003,125.980003,125.980003,125.980003,125.980003,0
1990-12-12,128.570007,128.570007,128.570007,128.570007,128.570007,0
1990-12-13,122.570000,122.570000,122.570000,122.570000,122.570000,0
1990-12-14,122.139999,122.139999,122.139999,122.139999,122.139999,0
1990-12-17,120.449997,120.449997,120.449997,120.449997,120.449997,0
1990-12-18,123.989998,123.989998,123.989998,123.989998,123.989998,0
1990-12-19,126.309998,126.309998,126.309998,126.309998,126.309998,0
1990-12-20,122.349998,122.349998,122.349998,122.349998,122.349998,0
1990-12-21,129.610001,129.610001,129.610001,129.610001,129.610001,0
1990-12-24,121.290001,121.290001,121.290001,121.290001,121.290001,0
1990-12-26,127.300003,127.300003,127.300003,127.300003,127.300003,0
1990-12-27,124.790001,124.790001,124.790001,124.790001,124.790001,0
1990-12-28,127.589996,127.589996,127.589996,127.589996,127.589996,0
1990-12-31,126.570000,126.570000,126.570000,126.570000,126.570000,0
1991-01-02,121.349998,121.349998,121.349998,121.349998,121.349998,0
1991-01-03,122.760002,122.760002,122.760002,122.760002,122.760002,0
1991-01-04,121.949997,121.949997,121.949997,121.949997,121.949997,0
1991-01-07,118.120003,118.120003,118.120003,118.120003,118.120003,0
1991-01-08,116.760002,116.760002,116.760002,116.760002,116.760002,0
1991-01-09,114.260002,114.260002,114.260002,114.260002,114.260002,0
1991-01-10,117.279999,117.279999,117.279999,117.279999,117.279999,0
1991-01-11,114.580002,114.580002,114.580002,114.580002,114.580002,0
1991-01-14,112.379997,112.379997,112.379997,112.379997,112.379997,0
1991-01-15,112.709999,112.709999,112.709999,112.709999,112.709999,0
1991-01-16,115.849998,115.849998,115.849998,115.849998,115.849998,0
1991-01-17,121.720001,121.720001,121.720001,121.720001,121.720001,0
1991-01-18,125.610001,125.610001,125.610001,125.610001,125.610001,0
1991-01-21,122.410004,122.410004,122.410004,122.410004,122.410004,0
1991-01-22,117.940002,117.940002,117.940002,117.940002,117.940002,0
1991-01-23,118.150002,118.150002,118.150002,118.150002,118.150002,0
1991-01-24,121.900002,121.900002,121.900002,121.900002,121.900002,0
1991-01-25,124.199997,124.199997,124.199997,124.199997,124.199997,0
1991-01-28,122.910004,122.910004,122.910004,122.910004,122.910004,0
1991-01-29,122.529999,122.529999,122.529999,122.529999,122.529999,0
1991-01-30,127.440002,127.440002,127.440002,127.440002,127.440002,0
1991-01-31,121.650002,121.650002,121.650002,121.650002,121.650002,0
1991-02-01,121.250000,121.250000,121.250000,121.250000,121.250000,0
1991-02-04,123.209999,123.209999,123.209999,123.209999,123.209999,0
1991-02-05,123.919998,123.919998,123.919998,123.919998,123.919998,0
1991-02-06,121.099998,121.099998,121.099998,121.099998,121.099998,0
1991-02-07,121.239998,121.239998,121.239998,121.239998,121.239998,0
1991-02-08,121.050003,121.050003,121.050003,121.050003,121.050003,0
1991-02-11,121.529999,121.529999,121.529999,121.529999,121.529999,0
1991-02-12,121.190002,121.190002,121.190002,121.190002,121.190002,0
1991-02-13,123.690002,123.690002,123.690002,123.690002,123.690002,0
1991-02-14,120.580002,120.580002,120.580002,120.580002,120.580002,0
1991-02-15,118.940002,118.940002,118.940002,118.940002,118.940002,0
1991-02-19,112.379997,112.379997,112.379997,112.379997,112.379997,0
1991-02-20,114.959999,114.959999,114.959999,114.959999,114.959999,0
1991-02-21,113.820000,113.820000,113.820000,113.820000,113.820000,0
1991-02-22,114.919998,114.919998,114.919998,114.919998,114.919998,0
1991-02-25,114.760002,114.760002,114.760002,114.760002,114.760002,0
1991-02-26,108.570000,108.570000,108.570000,108.570000,108.570000,0
1991-02-27,117.379997,117.379997,117.379997,117.379997,117.379997,0
1991-02-28,116.370003,116.370003,116.370003,116.370003,116.370003,0
1991-03-01,116.360001,116.360001,116.360001,116.360001,116.360001,0
1991-03-04,117.930000,117.930000,117.930000,117.930000,117.930000,0
1991-03-05,122.889999,122.889999,122.889999,122.889999,122.889999,0
1991-03-06,119.400002,119.400002,119.400002,119.400002,119.400002,0
1991-03-07,118.559998,118.559998,118.559998,118.559998,118.559998,0
1991-03-08,118.510002,118.510002,118.510002,118.510002,118.510002,0
1991-03-11,123.919998,123.919998,123.919998,123.919998,123.919998,0
1991-03-12,125.660004,125.660004,125.660004,125.660004,125.660004,0
1991-03-13,131.940002,131.940002,131.940002,131.940002,131.940002,0
1991-03-14,101.790001,101.790001,101.790001,101.790001,101.790001,0
1991-03-15,102.730003,102.730003,102.730003,102.730003,102.730003,0
1991-03-18,103.529999,103.529999,103.529999,103.529999,103.529999,0
1991-03-19,101.230003,101.230003,101.230003,101.230003,101.230003,0
1991-03-20,102.809998,102.809998,102.809998,102.809998,102.809998,0
1991-03-21,101.309998,101.309998,101.309998,101.309998,101.309998,0
1991-03-22,103.400002,103.400002,103.400002,103.400002,103.400002,0
1991-03-25,104.070000,104.070000,104.070000,104.070000,104.070000,0
1991-03-26,106.650002,106.650002,106.650002,106.650002,106.650002,0
1991-03-27,103.529999,103.529999,103.529999,103.529999,103.529999,0
1991-03-28,105.669998,105.669998,105.669998,105.669998,105.669998,0
1991-04-01,105.750000,105.750000,105.750000,105.750000,105.750000,0
1991-04-02,109.349998,109.349998,109.349998,109.349998,109.349998,0
1991-04-03,108.820000,108.820000,108.820000,108.820000,108.820000,0
1991-04-04,109.349998,109.349998,109.349998,109.349998,109.349998,0
1991-04-05,108.510002,108.510002,108.510002,108.510002,108.510002,0
1991-04-08,104.120003,104.120003,104.120003,104.120003,104.120003,0
1991-04-09,109.050003,109.050003,109.050003,109.050003,109.050003,0
1991-04-10,109.559998,109.559998,109.559998,109.559998,109.559998,0
1991-04-11,105.739998,105.739998,105.739998,105.739998,105.739998,0
1991-04-12,116.639999,116.639999,116.639999,116.639999,116.639999,0
1991-04-15,118.660004,118.660004,118.660004,118.660004,118.660004,0
1991-04-16,122.709999,122.709999,122.709999,122.709999,122.709999,0
1991-04-17,123.419998,123.419998,123.419998,123.419998,123.419998,0
1991-04-18,106.570000,106.570000,106.570000,106.570000,106.570000,0
1991-04-19,105.699997,105.699997,105.699997,105.699997,105.699997,0
1991-04-22,105.820000,105.820000,105.820000,105.820000,105.820000,0
1991-04-23,106.680000,106.680000,106.680000,106.680000,106.680000,0
1991-04-24,107.089996,107.089996,107.089996,107.089996,107.089996,0
1991-04-25,107.900002,107.900002,107.900002,107.900002,107.900002,0
1991-04-26,108.510002,108.510002,108.510002,108.510002,108.510002,0
1991-04-29,108.570000,108.570000,108.570000,108.570000,108.570000,0
1991-04-30,109.059998,109.059998,109.059998,109.059998,109.059998,0
1991-05-01,110.900002,110.900002,110.900002,110.900002,110.900002,0
1991-05-02,111.430000,111.430000,111.430000,111.430000,111.430000,0
1991-05-03,110.580002,110.580002,110.580002,110.580002,110.580002,0
1991-05-06,112.860001,112.860001,112.860001,112.860001,112.860001,0
1991-05-07,111.529999,111.529999,111.529999,111.529999,111.529999,0
1991-05-08,113.959999,113.959999,113.959999,113.959999,113.959999,0
1991-05-09,114.010002,114.010002,114.010002,114.010002,114.010002,0
1991-05-10,113.660004,113.660004,113.660004,113.660004,113.660004,0
1991-05-13,117.419998,117.419998,117.419998,117.419998,117.419998,0
1991-05-14,115.690002,115.690002,115.690002,115.690002,115.690002,0
1991-05-15,116.980003,116.980003,116.980003,116.980003,116.980003,0
1991-05-16,117.070000,117.070000,117.070000,117.070000,117.070000,0
1991-05-17,117.320000,117.320000,117.320000,117.320000,117.320000,0
1991-05-20,116.419998,116.419998,116.419998,116.419998,116.419998,0
1991-05-21,116.610001,116.610001,116.610001,116.610001,116.610001,0
1991-05-22,116.290001,116.290001,116.290001,116.290001,116.290001,0
1991-05-23,115.980003,115.980003,115.980003,115.980003,115.980003,0
1991-05-24,116.190002,116.190002,116.190002,116.190002,116.190002,0
1991-05-28,122.330002,122.330002,122.330002,122.330002,122.330002,0
1991-05-29,120.959999,120.959999,120.959999,120.959999,120.959999,0
1991-05-30,116.110001,116.110001,116.110001,116.110001,116.110001,0
1991-05-31,117.199997,117.199997,117.199997,117.199997,117.199997,0
1991-06-03,115.620003,115.620003,115.620003,115.620003,115.620003,0
1991-06-04,114.510002,114.510002,114.510002,114.510002,114.510002,0
1991-06-05,111.760002,111.760002,111.760002,111.760002,111.760002,0
1991-06-06,112.279999,112.279999,112.279999,112.279999,112.279999,0
1991-06-07,113.519997,113.519997,113.519997,113.519997,113.519997,0
1991-06-10,112.370003,112.370003,112.370003,112.370003,112.370003,0
1991-06-11,113.449997,113.449997,113.449997,113.449997,113.449997,0
1991-06-12,115.110001,115.110001,115.110001,115.110001,115.110001,0
1991-06-13,116.360001,116.360001,116.360001,116.360001,116.360001,0
1991-06-14,121.080002,121.080002,121.080002,121.080002,121.080002,0
1991-06-17,116.070000,116.070000,116.070000,116.070000,116.070000,0
1991-06-18,116.709999,116.709999,116.709999,116.709999,116.709999,0
1991-06-19,118.699997,118.699997,118.699997,118.699997,118.699997,0
1991-06-20,119.720001,119.720001,119.720001,119.720001,119.720001,0
1991-06-21,124.860001,124.860001,124.860001,124.860001,124.860001,0
1991-06-24,115.959999,115.959999,115.959999,115.959999,115.959999,0
1991-06-25,117.000000,117.000000,117.000000,117.000000,117.000000,0
1991-06-26,116.360001,116.360001,116.360001,116.360001,116.360001,0
1991-06-27,118.290001,118.290001,118.290001,118.290001,118.290001,0
1991-06-28,114.980003,114.980003,114.980003,114.980003,114.980003,0
1991-07-01,112.489998,112.489998,112.489998,112.489998,112.489998,0
1991-07-02,112.559998,112.559998,112.559998,112.559998,112.559998,0
1991-07-03,110.559998,110.559998,110.559998,110.559998,110.559998,0
1991-07-05,118.180000,118.180000,118.180000,118.180000,118.180000,0
1991-07-08,120.970001,120.970001,120.970001,120.970001,120.970001,0
1991-07-09,113.870003,113.870003,113.870003,113.870003,113.870003,0
1991-07-10,113.360001,113.360001,113.360001,113.360001,113.360001,0
1991-07-11,116.529999,116.529999,116.529999,116.529999,116.529999,0
1991-07-12,119.139999,119.139999,119.139999,119.139999,119.139999,0
1991-07-15,122.070000,122.070000,122.070000,122.070000,122.070000,0
1991-07-16,119.809998,119.809998,119.809998,119.809998,119.809998,0
1991-07-17,119.250000,119.250000,119.250000,119.250000,119.250000,0
1991-07-18,121.070000,121.070000,121.070000,121.070000,121.070000,0
1991-07-19,123.059998,123.059998,123.059998,123.059998,123.059998,0
1991-07-22,123.019997,123.019997,123.019997,123.019997,123.019997,0
1991-07-23,120.080002,120.080002,120.080002,120.080002,120.080002,0
1991-07-24,110.449997,110.449997,110.449997,110.449997,110.449997,0
1991-07-25,111.610001,111.610001,111.610001,111.610001,111.610001,0
1991-07-26,111.760002,111.760002,111.760002,111.760002,111.760002,0
1991-07-29,114.300003,114.300003,114.300003,114.300003,114.300003,0
1991-07-30,112.309998,112.309998,112.309998,112.309998,112.309998,0
1991-07-31,111.500000,111.500000,111.500000,111.500000,111.500000,0
1991-08-01,107.709999,107.709999,107.709999,107.709999,107.709999,0
1991-08-02,109.760002,109.760002,109.760002,109.760002,109.760002,0
1991-08-05,109.019997,109.019997,109.019997,109.019997,109.019997,0
1991-08-06,108.919998,108.919998,108.919998,108.919998,108.919998,0
1991-08-07,109.919998,109.919998,109.919998,109.919998,109.919998,0
1991-08-08,109.620003,109.620003,109.620003,109.620003,109.620003,0
1991-08-09,108.839996,108.839996,108.839996,108.839996,108.839996,0
1991-08-12,109.599998,109.599998,109.599998,109.599998,109.599998,0
1991-08-13,111.260002,111.260002,111.260002,111.260002,111.260002,0
1991-08-14,110.699997,110.699997,110.699997,110.699997,110.699997,0
1991-08-15,110.860001,110.860001,110.860001,110.860001,110.860001,0
1991-08-16,112.480003,112.480003,112.480003,112.480003,112.480003,0
1991-08-19,119.370003,119.370003,119.370003,119.370003,119.370003,0
1991-08-20,117.230003,117.230003,117.230003,117.230003,117.230003,0
1991-08-21,114.029999,114.029999,114.029999,114.029999,114.029999,0
1991-08-22,110.410004,110.410004,110.410004,110.410004,110.410004,0
1991-08-23,111.169998,111.169998,111.169998,111.169998,111.169998,0
1991-08-26,112.739998,112.739998,112.739998,112.739998,112.739998,0
1991-08-27,113.320000,113.320000,113.320000,113.320000,113.320000,0
1991-08-28,114.599998,114.599998,114.599998,114.599998,114.599998,0
1991-08-29,114.690002,114.690002,114.690002,114.690002,114.690002,0
1991-08-30,115.360001,115.360001,115.360001,115.360001,115.360001,0
1991-09-03,114.620003,114.620003,114.620003,114.620003,114.620003,0
1991-09-04,114.139999,114.139999,114.139999,114.139999,114.139999,0
1991-09-05,114.610001,114.610001,114.610001,114.610001,114.610001,0
1991-09-06,114.500000,114.500000,114.500000,114.500000,114.500000,0
1991-09-09,114.779999,114.779999,114.779999,114.779999,114.779999,0
1991-09-10,114.589996,114.589996,114.589996,114.589996,114.589996,0
1991-09-11,114.720001,114.720001,114.720001,114.720001,114.720001,0
1991-09-12,115.239998,115.239998,115.239998,115.239998,115.239998,0
1991-09-13,115.250000,115.250000,115.250000,115.250000,115.250000,0
1991-09-16,109.180000,109.180000,109.180000,109.180000,109.180000,0
1991-09-17,116.360001,116.360001,116.360001,116.360001,116.360001,0
1991-09-18,117.849998,117.849998,117.849998,117.849998,117.849998,0
1991-09-19,107.989998,107.989998,107.989998,107.989998,107.989998,0
1991-09-20,120.989998,120.989998,120.989998,120.989998,120.989998,0
1991-09-23,108.500000,108.500000,108.500000,108.500000,108.500000,0
1991-09-24,109.779999,109.779999,109.779999,109.779999,109.779999,0
1991-09-25,110.820000,110.820000,110.820000,110.820000,110.820000,0
1991-09-26,108.889999,108.889999,108.889999,108.889999,108.889999,0
1991-09-27,108.360001,108.360001,108.360001,108.360001,108.360001,0
1991-09-30,112.129997,112.129997,112.129997,112.129997,112.129997,0
1991-10-01,112.650002,112.650002,112.650002,112.650002,112.650002,0
1991-10-02,111.580002,111.580002,111.580002,111.580002,111.580002,0
1991-10-03,105.709999,105.709999,105.709999,105.709999,105.709999,0
1991-10-04,103.930000,103.930000,103.930000,103.930000,103.930000,0
1991-10-07,109.800003,109.800003,109.800003,109.800003,109.800003,0
1991-10-08,111.169998,111.169998,111.169998,111.169998,111.169998,0
1991-10-09,109.440002,109.440002,109.440002,109.440002,109.440002,0
1991-10-10,103.820000,103.820000,103.820000,103.820000,103.820000,0
1991-10-11,104.660004,104.660004,104.660004,104.660004,104.660004,0
1991-10-14,107.260002,107.260002,107.260002,107.260002,107.260002,0
1991-10-15,106.989998,106.989998,106.989998,106.989998,106.989998,0
1991-10-16,106.169998,106.169998,106.169998,106.169998,106.169998,0
1991-10-17,107.809998,107.809998,107.809998,107.809998,107.809998,0
1991-10-18,110.279999,110.279999,110.279999,110.279999,110.279999,0
1991-10-21,108.970001,108.970001,108.970001,108.970001,108.970001,0
1991-10-22,107.680000,107.680000,107.680000,107.680000,107.680000,0
1991-10-23,108.419998,108.419998,108.419998,108.419998,108.419998,0
1991-10-24,107.000000,107.000000,107.000000,107.000000,107.000000,0
1991-10-25,107.449997,107.449997,107.449997,107.449997,107.449997,0
1991-10-28,107.959999,107.959999,107.959999,107.959999,107.959999,0
1991-10-29,109.139999,109.139999,109.139999,109.139999,109.139999,0
1991-10-30,110.199997,110.199997,110.199997,110.199997,110.199997,0
1991-10-31,109.629997,109.629997,109.629997,109.629997,109.629997,0
1991-11-01,110.190002,110.190002,110.190002,110.190002,110.190002,0
1991-11-04,110.870003,110.870003,110.870003,110.870003,110.870003,0
1991-11-05,110.110001,110.110001,110.110001,110.110001,110.110001,0
1991-11-06,110.910004,110.910004,110.910004,110.910004,110.910004,0
1991-11-07,110.400002,110.400002,110.400002,110.400002,110.400002,0
1991-11-08,110.370003,110.370003,110.370003,110.370003,110.370003,0
1991-11-11,109.449997,109.449997,109.449997,109.449997,109.449997,0
1991-11-12,109.910004,109.910004,109.910004,109.910004,109.910004,0
1991-11-13,109.809998,109.809998,109.809998,109.809998,109.809998,0
1991-11-14,110.230003,110.230003,110.230003,110.230003,110.230003,0
1991-11-15,114.769997,114.769997,114.769997,114.769997,114.769997,0
1991-11-18,116.459999,116.459999,116.459999,116.459999,116.459999,0
1991-11-19,119.790001,119.790001,119.790001,119.790001,119.790001,0
1991-11-20,115.570000,115.570000,115.570000,115.570000,115.570000,0
1991-11-21,114.379997,114.379997,114.379997,114.379997,114.379997,0
1991-11-22,111.760002,111.760002,111.760002,111.760002,111.760002,0
1991-11-25,115.370003,115.370003,115.370003,115.370003,115.370003,0
1991-11-26,117.419998,117.419998,117.419998,117.419998,117.419998,0
1991-11-27,115.379997,115.379997,115.379997,115.379997,115.379997,0
1991-11-29,110.220001,110.220001,110.220001,110.220001,110.220001,0
1991-12-02,115.389999,115.389999,115.389999,115.389999,115.389999,0
1991-12-03,114.430000,114.430000,114.430000,114.430000,114.430000,0
1991-12-04,114.970001,114.970001,114.970001,114.970001,114.970001,0
1991-12-05,113.279999,113.279999,113.279999,113.279999,113.279999,0
1991-12-06,115.489998,115.489998,115.489998,115.489998,115.489998,0
1991-12-09,113.940002,113.940002,113.940002,113.940002,113.940002,0
1991-12-10,113.160004,113.160004,113.160004,113.160004,113.160004,0
1991-12-11,113.389999,113.389999,113.389999,113.389999,113.389999,0
1991-12-12,115.940002,115.940002,115.940002,115.940002,115.940002,0
1991-12-13,116.110001,116.110001,116.110001,116.110001,116.110001,0
1991-12-16,116.959999,116.959999,116.959999,116.959999,116.959999,0
1991-12-17,118.879997,118.879997,118.879997,118.879997,118.879997,0
1991-12-18,119.459999,119.459999,119.459999,119.459999,119.459999,0
1991-12-19,120.349998,120.349998,120.349998,120.349998,120.349998,0
1991-12-20,122.389999,122.389999,122.389999,122.389999,122.389999,0
1991-12-23,125.900002,125.900002,125.900002,125.900002,125.900002,0
1991-12-24,127.029999,127.029999,127.029999,127.029999,127.029999,0
1991-12-26,115.190002,115.190002,115.190002,115.190002,115.190002,0
1991-12-27,114.230003,114.230003,114.230003,114.230003,114.230003,0
1991-12-30,114.250000,114.250000,114.250000,114.250000,114.250000,0
1991-12-31,113.550003,113.550003,113.550003,113.550003,113.550003,0
1992-01-02,116.059998,116.059998,116.059998,116.059998,116.059998,0
1992-01-03,116.279999,116.279999,116.279999,116.279999,116.279999,0
1992-01-06,115.669998,115.669998,115.669998,115.669998,115.669998,0
1992-01-07,116.349998,116.349998,116.349998,116.349998,116.349998,0
1992-01-08,115.529999,115.529999,115.529999,115.529999,115.529999,0
1992-01-09,116.480003,116.480003,116.480003,116.480003,116.480003,0
1992-01-10,116.820000,116.820000,116.820000,116.820000,116.820000,0
1992-01-13,118.199997,118.199997,118.199997,118.199997,118.199997,0
1992-01-14,121.459999,121.459999,121.459999,121.459999,121.459999,0
1992-01-15,121.980003,121.980003,121.980003,121.980003,121.980003,0
1992-01-16,110.849998,110.849998,110.849998,110.849998,110.849998,0
1992-01-17,109.699997,109.699997,109.699997,109.699997,109.699997,0
1992-01-20,110.900002,110.900002,110.900002,110.900002,110.900002,0
1992-01-21,110.199997,110.199997,110.199997,110.199997,110.199997,0
1992-01-22,111.800003,111.800003,111.800003,111.800003,111.800003,0
1992-01-23,109.779999,109.779999,109.779999,109.779999,109.779999,0
1992-01-24,110.290001,110.290001,110.290001,110.290001,110.290001,0
1992-01-27,110.339996,110.339996,110.339996,110.339996,110.339996,0
1992-01-28,110.660004,110.660004,110.660004,110.660004,110.660004,0
1992-01-29,110.730003,110.730003,110.730003,110.730003,110.730003,0
1992-01-30,111.669998,111.669998,111.669998,111.669998,111.669998,0
1992-01-31,110.930000,110.930000,110.930000,110.930000,110.930000,0
1992-02-03,112.160004,112.160004,112.160004,112.160004,112.160004,0
1992-02-04,112.849998,112.849998,112.849998,112.849998,112.849998,0
1992-02-05,112.650002,112.650002,112.650002,112.650002,112.650002,0
1992-02-06,113.769997,113.769997,113.769997,113.769997,113.769997,0
1992-02-07,112.300003,112.300003,112.300003,112.300003,112.300003,0
1992-02-10,113.680000,113.680000,113.680000,113.680000,113.680000,0
1992-02-11,112.849998,112.849998,112.849998,112.849998,112.849998,0
1992-02-12,112.019997,112.019997,112.019997,112.019997,112.019997,0
1992-02-13,113.709999,113.709999,113.709999,113.709999,113.709999,0
1992-02-14,112.839996,112.839996,112.839996,112.839996,112.839996,0
1992-02-18,113.389999,113.389999,113.389999,113.389999,113.389999,0
1992-02-19,110.760002,110.760002,110.760002,110.760002,110.760002,0
1992-02-20,111.019997,111.019997,111.019997,111.019997,111.019997,0
1992-02-21,114.470001,114.470001,114.470001,114.470001,114.470001,0
1992-02-24,111.099998,111.099998,111.099998,111.099998,111.099998,0
1992-02-25,110.690002,110.690002,110.690002,110.690002,110.690002,0
1992-02-26,110.070000,110.070000,110.070000,110.070000,110.070000,0
1992-02-27,112.669998,112.669998,112.669998,112.669998,112.669998,0
1992-02-28,109.059998,109.059998,109.059998,109.059998,109.059998,0
1992-03-02,108.330002,108.330002,108.330002,108.330002,108.330002,0
1992-03-03,112.480003,112.480003,112.480003,112.480003,112.480003,0
1992-03-04,106.059998,106.059998,106.059998,106.059998,106.059998,0
1992-03-05,111.849998,111.849998,111.849998,111.849998,111.849998,0
1992-03-06,110.919998,110.919998,110.919998,110.919998,110.919998,0
1992-03-09,111.230003,111.230003,111.230003,111.230003,111.230003,0
1992-03-10,112.800003,112.800003,112.800003,112.800003,112.800003,0
1992-03-11,112.000000,112.000000,112.000000,112.000000,112.000000,0
1992-03-12,112.349998,112.349998,112.349998,112.349998,112.349998,0
1992-03-13,114.839996,114.839996,114.839996,114.839996,114.839996,0
1992-03-16,118.570000,118.570000,118.570000,118.570000,118.570000,0
1992-03-17,107.290001,107.290001,107.290001,107.290001,107.290001,0
1992-03-18,107.720001,107.720001,107.720001,107.720001,107.720001,0
1992-03-19,107.849998,107.849998,107.849998,107.849998,107.849998,0
1992-03-20,109.360001,109.360001,109.360001,109.360001,109.360001,0
1992-03-23,108.790001,108.790001,108.790001,108.790001,108.790001,0
1992-03-24,106.790001,106.790001,106.790001,106.790001,106.790001,0
1992-03-25,106.650002,106.650002,106.650002,106.650002,106.650002,0
1992-03-26,106.610001,106.610001,106.610001,106.610001,106.610001,0
1992-03-27,107.269997,107.269997,107.269997,107.269997,107.269997,0
1992-03-30,109.430000,109.430000,109.430000,109.430000,109.430000,0
1992-03-31,109.860001,109.860001,109.860001,109.860001,109.860001,0
1992-04-01,112.559998,112.559998,112.559998,112.559998,112.559998,0
1992-04-02,110.559998,110.559998,110.559998,110.559998,110.559998,0
1992-04-03,111.510002,111.510002,111.510002,111.510002,111.510002,0
1992-04-06,108.930000,108.930000,108.930000,108.930000,108.930000,0
1992-04-07,111.239998,111.239998,111.239998,111.239998,111.239998,0
1992-04-08,110.669998,110.669998,110.669998,110.669998,110.669998,0
1992-04-09,115.879997,115.879997,115.879997,115.879997,115.879997,0
1992-04-10,117.099998,117.099998,117.099998,117.099998,117.099998,0
1992-04-13,108.360001,108.360001,108.360001,108.360001,108.360001,0
1992-04-14,108.620003,108.620003,108.620003,108.620003,108.620003,0
1992-04-15,111.790001,111.790001,111.790001,111.790001,111.790001,0
1992-04-16,112.080002,112.080002,112.080002,112.080002,112.080002,0
1992-04-20,110.879997,110.879997,110.879997,110.879997,110.879997,0
1992-04-21,111.260002,111.260002,111.260002,111.260002,111.260002,0
1992-04-22,109.410004,109.410004,109.410004,109.410004,109.410004,0
1992-04-23,110.620003,110.620003,110.620003,110.620003,110.620003,0
1992-04-24,109.720001,109.720001,109.720001,109.720001,109.720001,0
1992-04-27,110.400002,110.400002,110.400002,110.400002,110.400002,0
1992-04-28,110.910004,110.910004,110.910004,110.910004,110.910004,0
1992-04-29,112.489998,112.489998,112.489998,112.489998,112.489998,0
1992-04-30,113.239998,113.239998,113.239998,113.239998,113.239998,0
1992-05-01,113.250000,113.250000,113.250000,113.250000,113.250000,0
1992-05-04,114.510002,114.510002,114.510002,114.510002,114.510002,0
1992-05-05,114.559998,114.559998,114.559998,114.559998,114.559998,0
1992-05-06,112.809998,112.809998,112.809998,112.809998,112.809998,0
1992-05-07,111.480003,111.480003,111.480003,111.480003,111.480003,0
1992-05-08,113.059998,113.059998,113.059998,113.059998,113.059998,0
1992-05-11,112.959999,112.959999,112.959999,112.959999,112.959999,0
1992-05-12,116.519997,116.519997,116.519997,116.519997,116.519997,0
1992-05-13,114.279999,114.279999,114.279999,114.279999,114.279999,0
1992-05-14,112.959999,112.959999,112.959999,112.959999,112.959999,0
1992-05-15,112.879997,112.879997,112.879997,112.879997,112.879997,0
1992-05-18,115.720001,115.720001,115.720001,115.720001,115.720001,0
1992-05-19,114.430000,114.430000,114.430000,114.430000,114.430000,0
1992-05-20,114.199997,114.199997,114.199997,114.199997,114.199997,0
1992-05-21,113.440002,113.440002,113.440002,113.440002,113.440002,0
1992-05-22,112.230003,112.230003,112.230003,112.230003,112.230003,0
1992-05-26,114.709999,114.709999,114.709999,114.709999,114.709999,0
1992-05-27,110.900002,110.900002,110.900002,110.900002,110.900002,0
1992-05-28,111.269997,111.269997,111.269997,111.269997,111.269997,0
1992-05-29,109.470001,109.470001,109.470001,109.470001,109.470001,0
1992-06-01,111.820000,111.820000,111.820000,111.820000,111.820000,0
1992-06-02,110.720001,110.720001,110.720001,110.720001,110.720001,0
1992-06-03,109.620003,109.620003,109.620003,109.620003,109.620003,0
1992-06-04,108.959999,108.959999,108.959999,108.959999,108.959999,0
1992-06-05,110.070000,110.070000,110.070000,110.070000,110.070000,0
1992-06-08,109.639999,109.639999,109.639999,109.639999,109.639999,0
1992-06-09,107.849998,107.849998,107.849998,107.849998,107.849998,0
1992-06-10,108.580002,108.580002,108.580002,108.580002,108.580002,0
1992-06-11,108.019997,108.019997,108.019997,108.019997,108.019997,0
1992-06-12,108.389999,108.389999,108.389999,108.389999,108.389999,0
1992-06-15,106.099998,106.099998,106.099998,106.099998,106.099998,0
1992-06-16,107.849998,107.849998,107.849998,107.849998,107.849998,0
1992-06-17,104.339996,104.339996,104.339996,104.339996,104.339996,0
1992-06-18,105.050003,105.050003,105.050003,105.050003,105.050003,0
1992-06-19,107.849998,107.849998,107.849998,107.849998,107.849998,0
1992-06-22,108.180000,108.180000,108.180000,108.180000,108.180000,0
1992-06-23,109.139999,109.139999,109.139999,109.139999,109.139999,0
1992-06-24,108.410004,108.410004,108.410004,108.410004,108.410004,0
1992-06-25,106.680000,106.680000,106.680000,106.680000,106.680000,0
1992-06-26,108.279999,108.279999,108.279999,108.279999,108.279999,0
1992-06-29,111.739998,111.739998,111.739998,111.739998,111.739998,0
1992-06-30,111.879997,111.879997,111.879997,111.879997,111.879997,0
1992-07-01,110.339996,110.339996,110.339996,110.339996,110.339996,0
1992-07-02,112.050003,112.050003,112.050003,112.050003,112.050003,0
1992-07-06,115.519997,115.519997,115.519997,115.519997,115.519997,0
1992-07-07,109.360001,109.360001,109.360001,109.360001,109.360001,0
1992-07-08,109.790001,109.790001,109.790001,109.790001,109.790001,0
1992-07-09,111.120003,111.120003,111.120003,111.120003,111.120003,0
1992-07-10,111.699997,111.699997,111.699997,111.699997,111.699997,0
1992-07-13,111.040001,111.040001,111.040001,111.040001,111.040001,0
1992-07-14,112.669998,112.669998,112.669998,112.669998,112.669998,0
1992-07-15,111.150002,111.150002,111.150002,111.150002,111.150002,0
1992-07-16,112.529999,112.529999,112.529999,112.529999,112.529999,0
1992-07-17,112.940002,112.940002,112.940002,112.940002,112.940002,0
1992-07-20,111.440002,111.440002,111.440002,111.440002,111.440002,0
1992-07-21,109.779999,109.779999,109.779999,109.779999,109.779999,0
1992-07-22,111.809998,111.809998,111.809998,111.809998,111.809998,0
1992-07-23,111.860001,111.860001,111.860001,111.860001,111.860001,0
1992-07-24,113.309998,113.309998,113.309998,113.309998,113.309998,0
1992-07-27,112.699997,112.699997,112.699997,112.699997,112.699997,0
1992-07-28,112.949997,112.949997,112.949997,112.949997,112.949997,0
1992-07-29,111.849998,111.849998,111.849998,111.849998,111.849998,0
1992-07-30,110.949997,110.949997,110.949997,110.949997,110.949997,0
1992-07-31,111.550003,111.550003,111.550003,111.550003,111.550003,0
1992-08-03,113.440002,113.440002,113.440002,113.440002,113.440002,0
1992-08-04,114.150002,114.150002,114.150002,114.150002,114.150002,0
1992-08-05,112.000000,112.000000,112.000000,112.000000,112.000000,0
1992-08-06,112.269997,112.269997,112.269997,112.269997,112.269997,0
1992-08-07,113.080002,113.080002,113.080002,113.080002,113.080002,0
1992-08-10,113.970001,113.970001,113.970001,113.970001,113.970001,0
1992-08-11,112.900002,112.900002,112.900002,112.900002,112.900002,0
1992-08-12,114.150002,114.150002,114.150002,114.150002,114.150002,0
1992-08-13,112.250000,112.250000,112.250000,112.250000,112.250000,0
1992-08-14,112.779999,112.779999,112.779999,112.779999,112.779999,0
1992-08-17,114.959999,114.959999,114.959999,114.959999,114.959999,0
1992-08-18,110.000000,110.000000,110.000000,110.000000,110.000000,0
1992-08-19,110.570000,110.570000,110.570000,110.570000,110.570000,0
1992-08-20,111.529999,111.529999,111.529999,111.529999,111.529999,0
1992-08-21,114.330002,114.330002,114.330002,114.330002,114.330002,0
1992-08-24,109.489998,109.489998,109.489998,109.489998,109.489998,0
1992-08-25,109.440002,109.440002,109.440002,109.440002,109.440002,0
1992-08-26,111.199997,111.199997,111.199997,111.199997,111.199997,0
1992-08-27,110.260002,110.260002,110.260002,110.260002,110.260002,0
1992-08-28,110.989998,110.989998,110.989998,110.989998,110.989998,0
1992-08-31,112.169998,112.169998,112.169998,112.169998,112.169998,0
1992-09-01,111.529999,111.529999,111.529999,111.529999,111.529999,0
1992-09-02,110.690002,110.690002,110.690002,110.690002,110.690002,0
1992-09-03,111.540001,111.540001,111.540001,111.540001,111.540001,0
1992-09-04,110.699997,110.699997,110.699997,110.699997,110.699997,0
1992-09-08,110.540001,110.540001,110.540001,110.540001,110.540001,0
1992-09-09,109.660004,109.660004,109.660004,109.660004,109.660004,0
1992-09-10,113.570000,113.570000,113.570000,113.570000,113.570000,0
1992-09-11,114.000000,114.000000,114.000000,114.000000,114.000000,0
1992-09-14,116.339996,116.339996,116.339996,116.339996,116.339996,0
1992-09-15,112.690002,112.690002,112.690002,112.690002,112.690002,0
1992-09-16,111.559998,111.559998,111.559998,111.559998,111.559998,0
1992-09-17,110.849998,110.849998,110.849998,110.849998,110.849998,0
1992-09-18,117.199997,117.199997,117.199997,117.199997,117.199997,0
1992-09-21,113.959999,113.959999,113.959999,113.959999,113.959999,0
1992-09-22,113.500000,113.500000,113.500000,113.500000,113.500000,0
1992-09-23,114.290001,114.290001,114.290001,114.290001,114.290001,0
1992-09-24,115.879997,115.879997,115.879997,115.879997,115.879997,0
1992-09-25,114.250000,114.250000,114.250000,114.250000,114.250000,0
1992-09-28,116.180000,116.180000,116.180000,116.180000,116.180000,0
1992-09-29,116.309998,116.309998,116.309998,116.309998,116.309998,0
1992-09-30,115.160004,115.160004,115.160004,115.160004,115.160004,0
1992-10-01,113.970001,113.970001,113.970001,113.970001,113.970001,0
1992-10-02,111.349998,111.349998,111.349998,111.349998,111.349998,0
1992-10-05,111.349998,111.349998,111.349998,111.349998,111.349998,0
1992-10-06,109.519997,109.519997,109.519997,109.519997,109.519997,0
1992-10-07,109.250000,109.250000,109.250000,109.250000,109.250000,0
1992-10-08,112.209999,112.209999,112.209999,112.209999,112.209999,0
1992-10-09,112.139999,112.139999,112.139999,112.139999,112.139999,0
1992-10-12,112.400002,112.400002,112.400002,112.400002,112.400002,0
1992-10-13,113.750000,113.750000,113.750000,113.750000,113.750000,0
1992-10-14,114.580002,114.580002,114.580002,114.580002,114.580002,0
1992-10-15,115.129997,115.129997,115.129997,115.129997,115.129997,0
1992-10-16,114.660004,114.660004,114.660004,114.660004,114.660004,0
1992-10-19,117.349998,117.349998,117.349998,117.349998,117.349998,0
1992-10-20,115.040001,115.040001,115.040001,115.040001,115.040001,0
1992-10-21,115.910004,115.910004,115.910004,115.910004,115.910004,0
1992-10-22,113.559998,113.559998,113.559998,113.559998,113.559998,0
1992-10-23,113.510002,113.510002,113.510002,113.510002,113.510002,0
1992-10-26,115.510002,115.510002,115.510002,115.510002,115.510002,0
1992-10-27,114.510002,114.510002,114.510002,114.510002,114.510002,0
1992-10-28,110.239998,110.239998,110.239998,110.239998,110.239998,0
1992-10-29,111.250000,111.250000,111.250000,111.250000,111.250000,0
1992-10-30,110.279999,110.279999,110.279999,110.279999,110.279999,0
1992-11-02,111.260002,111.260002,111.260002,111.260002,111.260002,0
1992-11-03,111.620003,111.620003,111.620003,111.620003,111.620003,0
1992-11-04,111.279999,111.279999,111.279999,111.279999,111.279999,0
1992-11-05,112.769997,112.769997,112.769997,112.769997,112.769997,0
1992-11-06,112.629997,112.629997,112.629997,112.629997,112.629997,0
1992-11-09,113.389999,113.389999,113.389999,113.389999,113.389999,0
1992-11-10,113.660004,113.660004,113.660004,113.660004,113.660004,0
1992-11-11,114.220001,114.220001,114.220001,114.220001,114.220001,0
1992-11-12,115.629997,115.629997,115.629997,115.629997,115.629997,0
1992-11-13,116.209999,116.209999,116.209999,116.209999,116.209999,0
1992-11-16,114.309998,114.309998,114.309998,114.309998,114.309998,0
1992-11-17,113.860001,113.860001,113.860001,113.860001,113.860001,0
1992-11-18,117.029999,117.029999,117.029999,117.029999,117.029999,0
1992-11-19,114.150002,114.150002,114.150002,114.150002,114.150002,0
1992-11-20,115.379997,115.379997,115.379997,115.379997,115.379997,0
1992-11-23,110.379997,110.379997,110.379997,110.379997,110.379997,0
1992-11-24,112.809998,112.809998,112.809998,112.809998,112.809998,0
1992-11-25,111.690002,111.690002,111.690002,111.690002,111.690002,0
1992-11-27,110.529999,110.529999,110.529999,110.529999,110.529999,0
1992-11-30,112.099998,112.099998,112.099998,112.099998,112.099998,0
1992-12-01,112.989998,112.989998,112.989998,112.989998,112.989998,0
1992-12-02,111.639999,111.639999,111.639999,111.639999,111.639999,0
1992-12-03,112.110001,112.110001,112.110001,112.110001,112.110001,0
1992-12-04,112.220001,112.220001,112.220001,112.220001,112.220001,0
1992-12-07,113.120003,113.120003,113.120003,113.120003,113.120003,0
1992-12-08,113.330002,113.330002,113.330002,113.330002,113.330002,0
1992-12-09,111.379997,111.379997,111.379997,111.379997,111.379997,0
1992-12-10,114.239998,114.239998,114.239998,114.239998,114.239998,0
1992-12-11,113.449997,113.449997,113.449997,113.449997,113.449997,0
1992-12-14,110.769997,110.769997,110.769997,110.769997,110.769997,0
1992-12-15,109.849998,109.849998,109.849998,109.849998,109.849998,0
1992-12-16,109.529999,109.529999,109.529999,109.529999,109.529999,0
1992-12-17,110.529999,110.529999,110.529999,110.529999,110.529999,0
1992-12-18,114.839996,114.839996,114.839996,114.839996,114.839996,0
1992-12-21,112.930000,112.930000,112.930000,112.930000,112.930000,0
1992-12-22,113.879997,113.879997,113.879997,113.879997,113.879997,0
1992-12-23,110.589996,110.589996,110.589996,110.589996,110.589996,0
1992-12-24,110.239998,110.239998,110.239998,110.239998,110.239998,0
1992-12-28,111.010002,111.010002,111.010002,111.010002,111.010002,0
1992-12-29,110.970001,110.970001,110.970001,110.970001,110.970001,0
1992-12-30,112.220001,112.220001,112.220001,112.220001,112.220001,0
1992-12-31,110.830002,110.830002,110.830002,110.830002,110.830002,0
1993-01-04,109.160004,109.160004,109.160004,109.160004,109.160004,0
1993-01-05,111.709999,111.709999,111.709999,111.709999,111.709999,0
1993-01-06,112.419998,112.419998,112.419998,112.419998,112.419998,0
1993-01-07,111.940002,111.940002,111.940002,111.940002,111.940002,0
1993-01-08,113.230003,113.230003,113.230003,113.230003,113.230003,0
1993-01-11,111.070000,111.070000,111.070000,111.070000,111.070000,0
1993-01-12,111.199997,111.199997,111.199997,111.199997,111.199997,0
1993-01-13,111.930000,111.930000,111.930000,111.930000,111.930000,0
1993-01-14,112.809998,112.809998,112.809998,112.809998,112.809998,0
1993-01-15,115.070000,115.070000,115.070000,115.070000,115.070000,0
1993-01-18,114.260002,114.260002,114.260002,114.260002,114.260002,0
1993-01-19,113.250000,113.250000,113.250000,113.250000,113.250000,0
1993-01-20,113.120003,113.120003,113.120003,113.120003,113.120003,0
1993-01-21,115.330002,115.330002,115.330002,115.330002,115.330002,0
1993-01-22,113.750000,113.750000,113.750000,113.750000,113.750000,0
1993-01-25,115.470001,115.470001,115.470001,115.470001,115.470001,0
1993-01-26,114.400002,114.400002,114.400002,114.400002,114.400002,0
1993-01-27,114.239998,114.239998,114.239998,114.239998,114.239998,0
1993-01-28,114.199997,114.199997,114.199997,114.199997,114.199997,0
1993-01-29,113.900002,113.900002,113.900002,113.900002,113.900002,0
1993-02-01,117.839996,117.839996,117.839996,117.839996,117.839996,0
1993-02-02,115.459999,115.459999,115.459999,115.459999,115.459999,0
1993-02-03,116.059998,116.059998,116.059998,116.059998,116.059998,0
1993-02-04,115.809998,115.809998,115.809998,115.809998,115.809998,0
1993-02-05,115.089996,115.089996,115.089996,115.089996,115.089996,0
1993-02-08,117.120003,117.120003,117.120003,117.120003,117.120003,0
1993-02-09,115.669998,115.669998,115.669998,115.669998,115.669998,0
1993-02-10,116.620003,116.620003,116.620003,116.620003,116.620003,0
1993-02-11,116.239998,116.239998,116.239998,116.239998,116.239998,0
1993-02-12,116.489998,116.489998,116.489998,116.489998,116.489998,0
1993-02-16,112.750000,112.750000,112.750000,112.750000,112.750000,0
1993-02-17,113.970001,113.970001,113.970001,113.970001,113.970001,0
1993-02-18,114.690002,114.690002,114.690002,114.690002,114.690002,0
1993-02-19,116.440002,116.440002,116.440002,116.440002,116.440002,0
1993-02-22,116.320000,116.320000,116.320000,116.320000,116.320000,0
1993-02-23,116.199997,116.199997,116.199997,116.199997,116.199997,0
1993-02-24,118.199997,118.199997,118.199997,118.199997,118.199997,0
1993-02-25,115.660004,115.660004,115.660004,115.660004,115.660004,0
1993-02-26,117.110001,117.110001,117.110001,117.110001,117.110001,0
1993-03-01,114.160004,114.160004,114.160004,114.160004,114.160004,0
1993-03-02,118.930000,118.930000,118.930000,118.930000,118.930000,0
1993-03-03,125.279999,125.279999,125.279999,125.279999,125.279999,0
1993-03-04,115.290001,115.290001,115.290001,115.290001,115.290001,0
1993-03-05,114.739998,114.739998,114.739998,114.739998,114.739998,0
1993-03-08,113.779999,113.779999,113.779999,113.779999,113.779999,0
1993-03-09,115.910004,115.910004,115.910004,115.910004,115.910004,0
1993-03-10,116.750000,116.750000,116.750000,116.750000,116.750000,0
1993-03-11,115.199997,115.199997,115.199997,115.199997,115.199997,0
1993-03-12,116.370003,116.370003,116.370003,116.370003,116.370003,0
1993-03-15,114.139999,114.139999,114.139999,114.139999,114.139999,0
1993-03-16,113.720001,113.720001,113.720001,113.720001,113.720001,0
1993-03-17,110.610001,110.610001,110.610001,110.610001,110.610001,0
1993-03-18,114.050003,114.050003,114.050003,114.050003,114.050003,0
1993-03-19,111.150002,111.150002,111.150002,111.150002,111.150002,0
1993-03-22,111.900002,111.900002,111.900002,111.900002,111.900002,0
1993-03-23,112.809998,112.809998,112.809998,112.809998,112.809998,0
1993-03-24,112.059998,112.059998,112.059998,112.059998,112.059998,0
1993-03-25,112.589996,112.589996,112.589996,112.589996,112.589996,0
1993-03-26,112.820000,112.820000,112.820000,112.820000,112.820000,0
1993-03-29,113.220001,113.220001,113.220001,113.220001,113.220001,0
1993-03-30,111.510002,111.510002,111.510002,111.510002,111.510002,0
1993-03-31,110.830002,110.830002,110.830002,110.830002,110.830002,0
1993-04-01,110.959999,110.959999,110.959999,110.959999,110.959999,0
1993-04-02,110.599998,110.599998,110.599998,110.599998,110.599998,0
1993-04-05,110.459999,110.459999,110.459999,110.459999,110.459999,0
1993-04-06,110.010002,110.010002,110.010002,110.010002,110.010002,0
1993-04-07,111.139999,111.139999,111.139999,111.139999,111.139999,0
1993-04-08,111.879997,111.879997,111.879997,111.879997,111.879997,0
1993-04-12,112.550003,112.550003,112.550003,112.550003,112.550003,0
1993-04-13,113.080002,113.080002,113.080002,113.080002,113.080002,0
1993-04-14,112.440002,112.440002,112.440002,112.440002,112.440002,0
1993-04-15,112.470001,112.470001,112.470001,112.470001,112.470001,0
1993-04-16,112.900002,112.900002,112.900002,112.900002,112.900002,0
1993-04-19,110.830002,110.830002,110.830002,110.830002,110.830002,0
1993-04-20,113.160004,113.160004,113.160004,113.160004,113.160004,0
1993-04-21,111.540001,111.540001,111.540001,111.540001,111.540001,0
1993-04-22,110.190002,110.190002,110.190002,110.190002,110.190002,0
1993-04-23,109.800003,109.800003,109.800003,109.800003,109.800003,0
1993-04-26,110.669998,110.669998,110.669998,110.669998,110.669998,0
1993-04-27,113.410004,113.410004,113.410004,113.410004,113.410004,0
1993-04-28,112.180000,112.180000,112.180000,112.180000,112.180000,0
1993-04-29,114.650002,114.650002,114.650002,114.650002,114.650002,0
1993-04-30,112.330002,112.330002,112.330002,112.330002,112.330002,0
1993-05-03,112.110001,112.110001,112.110001,112.110001,112.110001,0
1993-05-04,109.970001,109.970001,109.970001,109.970001,109.970001,0
1993-05-05,111.099998,111.099998,111.099998,111.099998,111.099998,0
1993-05-06,111.680000,111.680000,111.680000,111.680000,111.680000,0
1993-05-07,113.320000,113.320000,113.320000,113.320000,113.320000,0
1993-05-10,112.989998,112.989998,112.989998,112.989998,112.989998,0
1993-05-11,112.760002,112.760002,112.760002,112.760002,112.760002,0
1993-05-12,114.830002,114.830002,114.830002,114.830002,114.830002,0
1993-05-13,112.940002,112.940002,112.940002,112.940002,112.940002,0
1993-05-14,116.029999,116.029999,116.029999,116.029999,116.029999,0
1993-05-17,115.070000,115.070000,115.070000,115.070000,115.070000,0
1993-05-18,115.419998,115.419998,115.419998,115.419998,115.419998,0
1993-05-19,117.580002,117.580002,117.580002,117.580002,117.580002,0
1993-05-20,120.269997,120.269997,120.269997,120.269997,120.269997,0
1993-05-21,118.019997,118.019997,118.019997,118.019997,118.019997,0
1993-05-24,117.760002,117.760002,117.760002,117.760002,117.760002,0
1993-05-25,118.559998,118.559998,118.559998,118.559998,118.559998,0
1993-05-26,117.099998,117.099998,117.099998,117.099998,117.099998,0
1993-05-27,115.059998,115.059998,115.059998,115.059998,115.059998,0
1993-05-28,122.040001,122.040001,122.040001,122.040001,122.040001,0
1993-06-01,120.769997,120.769997,120.769997,120.769997,120.769997,0
1993-06-02,115.379997,115.379997,115.379997,115.379997,115.379997,0
1993-06-03,114.620003,114.620003,114.620003,114.620003,114.620003,0
1993-06-04,114.589996,114.589996,114.589996,114.589996,114.589996,0
1993-06-07,111.220001,111.220001,111.220001,111.220001,111.220001,0
1993-06-08,119.480003,119.480003,119.480003,119.480003,119.480003,0
1993-06-09,111.470001,111.470001,111.470001,111.470001,111.470001,0
1993-06-10,121.279999,121.279999,121.279999,121.279999,121.279999,0
1993-06-11,113.320000,113.320000,113.320000,113.320000,113.320000,0
1993-06-14,111.839996,111.839996,111.839996,111.839996,111.839996,0
1993-06-15,110.129997,110.129997,110.129997,110.129997,110.129997,0
1993-06-16,111.889999,111.889999,111.889999,111.889999,111.889999,0
1993-06-17,112.339996,112.339996,112.339996,112.339996,112.339996,0
1993-06-18,111.050003,111.050003,111.050003,111.050003,111.050003,0
1993-06-21,113.830002,113.830002,113.830002,113.830002,113.830002,0
1993-06-22,109.129997,109.129997,109.129997,109.129997,109.129997,0
1993-06-23,112.129997,112.129997,112.129997,112.129997,112.129997,0
1993-06-24,115.260002,115.260002,115.260002,115.260002,115.260002,0
1993-06-25,111.529999,111.529999,111.529999,111.529999,111.529999,0
1993-06-28,112.519997,112.519997,112.519997,112.519997,112.519997,0
1993-06-29,110.070000,110.070000,110.070000,110.070000,110.070000,0
1993-06-30,110.550003,110.550003,110.550003,110.550003,110.550003,0
1993-07-01,109.139999,109.139999,109.139999,109.139999,109.139999,0
1993-07-02,108.629997,108.629997,108.629997,108.629997,108.629997,0
1993-07-06,108.430000,108.430000,108.430000,108.430000,108.430000,0
1993-07-07,109.459999,109.459999,109.459999,109.459999,109.459999,0
1993-07-08,110.470001,110.470001,110.470001,110.470001,110.470001,0
1993-07-09,111.300003,111.300003,111.300003,111.300003,111.300003,0
1993-07-12,110.250000,110.250000,110.250000,110.250000,110.250000,0
1993-07-13,110.070000,110.070000,110.070000,110.070000,110.070000,0
1993-07-14,110.440002,110.440002,110.440002,110.440002,110.440002,0
1993-07-15,111.690002,111.690002,111.690002,111.690002,111.690002,0
1993-07-16,112.449997,112.449997,112.449997,112.449997,112.449997,0
1993-07-19,111.269997,111.269997,111.269997,111.269997,111.269997,0
1993-07-20,110.160004,110.160004,110.160004,110.160004,110.160004,0
1993-07-21,111.120003,111.120003,111.120003,111.120003,111.120003,0
1993-07-22,110.220001,110.220001,110.220001,110.220001,110.220001,0
1993-07-23,113.029999,113.029999,113.029999,113.029999,113.029999,0
1993-07-26,112.099998,112.099998,112.099998,112.099998,112.099998,0
1993-07-27,111.489998,111.489998,111.489998,111.489998,111.489998,0
1993-07-28,111.150002,111.150002,111.150002,111.150002,111.150002,0
1993-07-29,110.870003,110.870003,110.870003,110.870003,110.870003,0
1993-07-30,112.889999,112.889999,112.889999,112.889999,112.889999,0
1993-08-02,111.930000,111.930000,111.930000,111.930000,111.930000,0
1993-08-03,110.980003,110.980003,110.980003,110.980003,110.980003,0
1993-08-04,110.739998,110.739998,110.739998,110.739998,110.739998,0
1993-08-05,110.050003,110.050003,110.050003,110.050003,110.050003,0
1993-08-06,113.239998,113.239998,113.239998,113.239998,113.239998,0
1993-08-09,111.589996,111.589996,111.589996,111.589996,111.589996,0
1993-08-10,111.349998,111.349998,111.349998,111.349998,111.349998,0
1993-08-11,112.070000,112.070000,112.070000,112.070000,112.070000,0
1993-08-12,113.489998,113.489998,113.489998,113.489998,113.489998,0
1993-08-13,116.730003,116.730003,116.730003,116.730003,116.730003,0
1993-08-16,111.139999,111.139999,111.139999,111.139999,111.139999,0
1993-08-17,113.879997,113.879997,113.879997,113.879997,113.879997,0
1993-08-18,113.080002,113.080002,113.080002,113.080002,113.080002,0
1993-08-19,113.809998,113.809998,113.809998,113.809998,113.809998,0
1993-08-20,115.050003,115.050003,115.050003,115.050003,115.050003,0
1993-08-23,114.239998,114.239998,114.239998,114.239998,114.239998,0
1993-08-24,115.169998,115.169998,115.169998,115.169998,115.169998,0
1993-08-25,116.050003,116.050003,116.050003,116.050003,116.050003,0
1993-08-26,112.849998,112.849998,112.849998,112.849998,112.849998,0
1993-08-27,114.500000,114.500000,114.500000,114.500000,114.500000,0
1993-08-30,115.290001,115.290001,115.290001,115.290001,115.290001,0
1993-08-31,114.279999,114.279999,114.279999,114.279999,114.279999,0
1993-09-01,116.099998,116.099998,116.099998,116.099998,116.099998,0
1993-09-02,115.010002,115.010002,115.010002,115.010002,115.010002,0
1993-09-03,115.820000,115.820000,115.820000,115.820000,115.820000,0
1993-09-07,114.099998,114.099998,114.099998,114.099998,114.099998,0
1993-09-08,116.160004,116.160004,116.160004,116.160004,116.160004,0
1993-09-09,116.019997,116.019997,116.019997,116.019997,116.019997,0
1993-09-10,115.900002,115.900002,115.900002,115.900002,115.900002,0
1993-09-13,113.779999,113.779999,113.779999,113.779999,113.779999,0
1993-09-14,117.389999,117.389999,117.389999,117.389999,117.389999,0
1993-09-15,119.110001,119.110001,119.110001,119.110001,119.110001,0
1993-09-16,118.459999,118.459999,118.459999,118.459999,118.459999,0
1993-09-17,118.400002,118.400002,118.400002,118.400002,118.400002,0
1993-09-20,117.620003,117.620003,117.620003,117.620003,117.620003,0
1993-09-21,118.139999,118.139999,118.139999,118.139999,118.139999,0
1993-09-22,116.459999,116.459999,116.459999,116.459999,116.459999,0
1993-09-23,120.389999,120.389999,120.389999,120.389999,120.389999,0
1993-09-24,118.260002,118.260002,118.260002,118.260002,118.260002,0
1993-09-27,119.730003,119.730003,119.730003,119.730003,119.730003,0
1993-09-28,115.580002,115.580002,115.580002,115.580002,115.580002,0
1993-09-29,115.400002,115.400002,115.400002,115.400002,115.400002,0
1993-09-30,114.970001,114.970001,114.970001,114.970001,114.970001,0
1993-10-01,117.129997,117.129997,117.129997,117.129997,117.129997,0
1993-10-04,117.690002,117.690002,117.690002,117.690002,117.690002,0
1993-10-05,116.989998,116.989998,116.989998,116.989998,116.989998,0
1993-10-06,116.160004,116.160004,116.160004,116.160004,116.160004,0
1993-10-07,116.089996,116.089996,116.089996,116.089996,116.089996,0
1993-10-08,116.570000,116.570000,116.570000,116.570000,116.570000,0
1993-10-11,116.260002,116.260002,116.260002,116.260002,116.260002,0
1993-10-12,118.239998,118.239998,118.239998,118.239998,118.239998,0
1993-10-13,117.959999,117.959999,117.959999,117.959999,117.959999,0
1993-10-14,119.849998,119.849998,119.849998,119.849998,119.849998,0
1993-10-15,114.120003,114.120003,114.120003,114.120003,114.120003,0
1993-10-18,113.500000,113.500000,113.500000,113.500000,113.500000,0
1993-10-19,112.919998,112.919998,112.919998,112.919998,112.919998,0
1993-10-20,113.589996,113.589996,113.589996,113.589996,113.589996,0
1993-10-21,113.540001,113.540001,113.540001,113.540001,113.540001,0
1993-10-22,113.019997,113.019997,113.019997,113.019997,113.019997,0
1993-10-25,115.389999,115.389999,115.389999,115.389999,115.389999,0
1993-10-26,115.209999,115.209999,115.209999,115.209999,115.209999,0
1993-10-27,114.919998,114.919998,114.919998,114.919998,114.919998,0
1993-10-28,115.070000,115.070000,115.070000,115.070000,115.070000,0
1993-10-29,113.730003,113.730003,113.730003,113.730003,113.730003,0
1993-11-01,114.540001,114.540001,114.540001,114.540001,114.540001,0
1993-11-02,114.180000,114.180000,114.180000,114.180000,114.180000,0
1993-11-03,113.690002,113.690002,113.690002,113.690002,113.690002,0
1993-11-04,114.639999,114.639999,114.639999,114.639999,114.639999,0
1993-11-05,116.070000,116.070000,116.070000,116.070000,116.070000,0
1993-11-08,115.730003,115.730003,115.730003,115.730003,115.730003,0
1993-11-09,113.940002,113.940002,113.940002,113.940002,113.940002,0
1993-11-10,115.820000,115.820000,115.820000,115.820000,115.820000,0
1993-11-11,116.199997,116.199997,116.199997,116.199997,116.199997,0
1993-11-12,116.129997,116.129997,116.129997,116.129997,116.129997,0
1993-11-15,117.500000,117.500000,117.500000,117.500000,117.500000,0
1993-11-16,121.470001,121.470001,121.470001,121.470001,121.470001,0
1993-11-17,117.050003,117.050003,117.050003,117.050003,117.050003,0
1993-11-18,117.779999,117.779999,117.779999,117.779999,117.779999,0
1993-11-19,116.809998,116.809998,116.809998,116.809998,116.809998,0
1993-11-22,117.459999,117.459999,117.459999,117.459999,117.459999,0
1993-11-23,118.860001,118.860001,118.860001,118.860001,118.860001,0
1993-11-24,119.160004,119.160004,119.160004,119.160004,119.160004,0
1993-11-26,120.849998,120.849998,120.849998,120.849998,120.849998,0
1993-11-29,117.239998,117.239998,117.239998,117.239998,117.239998,0
1993-11-30,118.449997,118.449997,118.449997,118.449997,118.449997,0
1993-12-01,119.169998,119.169998,119.169998,119.169998,119.169998,0
1993-12-02,120.709999,120.709999,120.709999,120.709999,120.709999,0
1993-12-03,121.480003,121.480003,121.480003,121.480003,121.480003,0
1993-12-06,117.290001,117.290001,117.290001,117.290001,117.290001,0
1993-12-07,117.349998,117.349998,117.349998,117.349998,117.349998,0
1993-12-08,115.230003,115.230003,115.230003,115.230003,115.230003,0
1993-12-09,115.470001,115.470001,115.470001,115.470001,115.470001,0
1993-12-10,117.040001,117.040001,117.040001,117.040001,117.040001,0
1993-12-13,121.059998,121.059998,121.059998,121.059998,121.059998,0
1993-12-14,115.570000,115.570000,115.570000,115.570000,115.570000,0
1993-12-15,116.080002,116.080002,116.080002,116.080002,116.080002,0
1993-12-16,116.750000,116.750000,116.750000,116.750000,116.750000,0
1993-12-17,119.279999,119.279999,119.279999,119.279999,119.279999,0
1993-12-20,115.690002,115.690002,115.690002,115.690002,115.690002,0
1993-12-21,118.790001,118.790001,118.790001,118.790001,118.790001,0
1993-12-22,117.099998,117.099998,117.099998,117.099998,117.099998,0
1993-12-23,113.430000,113.430000,113.430000,113.430000,113.430000,0
1993-12-27,114.070000,114.070000,114.070000,114.070000,114.070000,0
1993-12-28,115.779999,115.779999,115.779999,115.779999,115.779999,0
1993-12-29,113.110001,113.110001,113.110001,113.110001,113.110001,0
1993-12-30,114.260002,114.260002,114.260002,114.260002,114.260002,0
1993-12-31,114.160004,114.160004,114.160004,114.160004,114.160004,0
1994-01-03,115.889999,115.889999,115.889999,115.889999,115.889999,0
1994-01-04,118.419998,118.419998,118.419998,118.419998,118.419998,0
1994-01-05,117.120003,117.120003,117.120003,117.120003,117.120003,0
1994-01-06,116.080002,116.080002,116.080002,116.080002,116.080002,0
1994-01-07,116.669998,116.669998,116.669998,116.669998,116.669998,0
1994-01-10,118.500000,118.500000,118.500000,118.500000,118.500000,0
1994-01-11,120.529999,120.529999,120.529999,120.529999,120.529999,0
1994-01-12,119.169998,119.169998,119.169998,119.169998,119.169998,0
1994-01-13,119.430000,119.430000,119.430000,119.430000,119.430000,0
1994-01-14,121.849998,121.849998,121.849998,121.849998,121.849998,0
1994-01-17,119.410004,119.410004,119.410004,119.410004,119.410004,0
1994-01-18,120.250000,120.250000,120.250000,120.250000,120.250000,0
1994-01-19,115.529999,115.529999,115.529999,115.529999,115.529999,0
1994-01-20,114.370003,114.370003,114.370003,114.370003,114.370003,0
1994-01-21,114.360001,114.360001,114.360001,114.360001,114.360001,0
1994-01-24,117.470001,117.470001,117.470001,117.470001,117.470001,0
1994-01-25,116.209999,116.209999,116.209999,116.209999,116.209999,0
1994-01-26,117.690002,117.690002,117.690002,117.690002,117.690002,0
1994-01-27,116.279999,116.279999,116.279999,116.279999,116.279999,0
1994-01-28,115.419998,115.419998,115.419998,115.419998,115.419998,0
1994-01-31,115.440002,115.440002,115.440002,115.440002,115.440002,0
1994-02-01,117.180000,117.180000,117.180000,117.180000,117.180000,0
1994-02-02,115.959999,115.959999,115.959999,115.959999,115.959999,0
1994-02-03,117.559998,117.559998,117.559998,117.559998,117.559998,0
1994-02-04,117.870003,117.870003,117.870003,117.870003,117.870003,0
1994-02-07,120.199997,120.199997,120.199997,120.199997,120.199997,0
1994-02-08,119.010002,119.010002,119.010002,119.010002,119.010002,0
1994-02-09,117.160004,117.160004,117.160004,117.160004,117.160004,0
1994-02-10,115.160004,115.160004,115.160004,115.160004,115.160004,0
1994-02-11,119.629997,119.629997,119.629997,119.629997,119.629997,0
1994-02-14,116.589996,116.589996,116.589996,116.589996,116.589996,0
1994-02-15,116.860001,116.860001,116.860001,116.860001,116.860001,0
1994-02-16,117.000000,117.000000,117.000000,117.000000,117.000000,0
1994-02-17,116.519997,116.519997,116.519997,116.519997,116.519997,0
1994-02-18,117.910004,117.910004,117.910004,117.910004,117.910004,0
1994-02-22,119.080002,119.080002,119.080002,119.080002,119.080002,0
1994-02-23,119.099998,119.099998,119.099998,119.099998,119.099998,0
1994-02-24,118.470001,118.470001,118.470001,118.470001,118.470001,0
1994-02-25,119.589996,119.589996,119.589996,119.589996,119.589996,0
1994-02-28,116.349998,116.349998,116.349998,116.349998,116.349998,0
1994-03-01,117.709999,117.709999,117.709999,117.709999,117.709999,0
1994-03-02,119.379997,119.379997,119.379997,119.379997,119.379997,0
1994-03-03,117.320000,117.320000,117.320000,117.320000,117.320000,0
1994-03-04,118.070000,118.070000,118.070000,118.070000,118.070000,0
1994-03-07,119.639999,119.639999,119.639999,119.639999,119.639999,0
1994-03-08,120.779999,120.779999,120.779999,120.779999,120.779999,0
1994-03-09,114.550003,114.550003,114.550003,114.550003,114.550003,0
1994-03-10,119.779999,119.779999,119.779999,119.779999,119.779999,0
1994-03-11,123.360001,123.360001,123.360001,123.360001,123.360001,0
1994-03-14,115.410004,115.410004,115.410004,115.410004,115.410004,0
1994-03-15,114.540001,114.540001,114.540001,114.540001,114.540001,0
1994-03-16,117.919998,117.919998,117.919998,117.919998,117.919998,0
1994-03-17,118.849998,118.849998,118.849998,118.849998,118.849998,0
1994-03-18,118.110001,118.110001,118.110001,118.110001,118.110001,0
1994-03-21,117.400002,117.400002,117.400002,117.400002,117.400002,0
1994-03-22,118.620003,118.620003,118.620003,118.620003,118.620003,0
1994-03-23,117.860001,117.860001,117.860001,117.860001,117.860001,0
1994-03-24,116.279999,116.279999,116.279999,116.279999,116.279999,0
1994-03-25,114.570000,114.570000,114.570000,114.570000,114.570000,0
1994-03-28,118.379997,118.379997,118.379997,118.379997,118.379997,0
1994-03-29,113.519997,113.519997,113.519997,113.519997,113.519997,0
1994-03-30,114.070000,114.070000,114.070000,114.070000,114.070000,0
1994-03-31,123.000000,123.000000,123.000000,123.000000,123.000000,0
1994-04-04,121.029999,121.029999,121.029999,121.029999,121.029999,0
1994-04-05,118.459999,118.459999,118.459999,118.459999,118.459999,0
1994-04-06,117.360001,117.360001,117.360001,117.360001,117.360001,0
1994-04-07,120.129997,120.129997,120.129997,120.129997,120.129997,0
1994-04-08,119.180000,119.180000,119.180000,119.180000,119.180000,0
1994-04-11,123.180000,123.180000,123.180000,123.180000,123.180000,0
1994-04-12,121.500000,121.500000,121.500000,121.500000,121.500000,0
1994-04-13,122.389999,122.389999,122.389999,122.389999,122.389999,0
1994-04-14,122.699997,122.699997,122.699997,122.699997,122.699997,0
1994-04-15,122.070000,122.070000,122.070000,122.070000,122.070000,0
1994-04-18,121.839996,121.839996,121.839996,121.839996,121.839996,0
1994-04-19,121.949997,121.949997,121.949997,121.949997,121.949997,0
1994-04-20,121.080002,121.080002,121.080002,121.080002,121.080002,0
1994-04-21,119.339996,119.339996,119.339996,119.339996,119.339996,0
1994-04-22,119.190002,119.190002,119.190002,119.190002,119.190002,0
1994-04-25,124.029999,124.029999,124.029999,124.029999,124.029999,0
1994-04-26,123.190002,123.190002,123.190002,123.190002,123.190002,0
1994-04-28,118.160004,118.160004,118.160004,118.160004,118.160004,0
1994-04-29,118.040001,118.040001,118.040001,118.040001,118.040001,0
1994-05-02,118.919998,118.919998,118.919998,118.919998,118.919998,0
1994-05-03,120.720001,120.720001,120.720001,120.720001,120.720001,0
1994-05-04,119.370003,119.370003,119.370003,119.370003,119.370003,0
1994-05-05,116.860001,116.860001,116.860001,116.860001,116.860001,0
1994-05-06,119.150002,119.150002,119.150002,119.150002,119.150002,0
1994-05-09,116.459999,116.459999,116.459999,116.459999,116.459999,0
1994-05-10,117.650002,117.650002,117.650002,117.650002,117.650002,0
1994-05-11,117.629997,117.629997,117.629997,117.629997,117.629997,0
1994-05-12,117.760002,117.760002,117.760002,117.760002,117.760002,0
1994-05-13,117.900002,117.900002,117.900002,117.900002,117.900002,0
1994-05-16,117.050003,117.050003,117.050003,117.050003,117.050003,0
1994-05-17,120.580002,120.580002,120.580002,120.580002,120.580002,0
1994-05-18,122.309998,122.309998,122.309998,122.309998,122.309998,0
1994-05-19,115.000000,115.000000,115.000000,115.000000,115.000000,0
1994-05-20,116.290001,116.290001,116.290001,116.290001,116.290001,0
1994-05-23,116.459999,116.459999,116.459999,116.459999,116.459999,0
1994-05-24,116.910004,116.910004,116.910004,116.910004,116.910004,0
1994-05-25,119.169998,119.169998,119.169998,119.169998,119.169998,0
1994-05-26,119.660004,119.660004,119.660004,119.660004,119.660004,0
1994-05-27,121.080002,121.080002,121.080002,121.080002,121.080002,0
1994-05-31,122.099998,122.099998,122.099998,122.099998,122.099998,0
1994-06-01,116.940002,116.940002,116.940002,116.940002,116.940002,0
1994-06-02,120.180000,120.180000,120.180000,120.180000,120.180000,0
1994-06-03,120.889999,120.889999,120.889999,120.889999,120.889999,0
1994-06-06,120.650002,120.650002,120.650002,120.650002,120.650002,0
1994-06-07,118.699997,118.699997,118.699997,118.699997,118.699997,0
1994-06-08,120.029999,120.029999,120.029999,120.029999,120.029999,0
1994-06-09,122.180000,122.180000,122.180000,122.180000,122.180000,0
1994-06-10,123.239998,123.239998,123.239998,123.239998,123.239998,0
1994-06-13,126.279999,126.279999,126.279999,126.279999,126.279999,0
1994-06-14,117.360001,117.360001,117.360001,117.360001,117.360001,0
1994-06-15,116.660004,116.660004,116.660004,116.660004,116.660004,0
1994-06-16,120.349998,120.349998,120.349998,120.349998,120.349998,0
1994-06-17,116.779999,116.779999,116.779999,116.779999,116.779999,0
1994-06-20,115.800003,115.800003,115.800003,115.800003,115.800003,0
1994-06-21,115.150002,115.150002,115.150002,115.150002,115.150002,0
1994-06-22,122.980003,122.980003,122.980003,122.980003,122.980003,0
1994-06-23,115.209999,115.209999,115.209999,115.209999,115.209999,0
1994-06-24,112.320000,112.320000,112.320000,112.320000,112.320000,0
1994-06-27,122.760002,122.760002,122.760002,122.760002,122.760002,0
1994-06-28,114.959999,114.959999,114.959999,114.959999,114.959999,0
1994-06-29,115.769997,115.769997,115.769997,115.769997,115.769997,0
1994-06-30,116.339996,116.339996,116.339996,116.339996,116.339996,0
1994-07-01,115.470001,115.470001,115.470001,115.470001,115.470001,0
1994-07-05,112.440002,112.440002,112.440002,112.440002,112.440002,0
1994-07-06,112.430000,112.430000,112.430000,112.430000,112.430000,0
1994-07-07,114.290001,114.290001,114.290001,114.290001,114.290001,0
1994-07-08,114.839996,114.839996,114.839996,114.839996,114.839996,0
1994-07-11,116.589996,116.589996,116.589996,116.589996,116.589996,0
1994-07-12,116.639999,116.639999,116.639999,116.639999,116.639999,0
1994-07-13,117.900002,117.900002,117.900002,117.900002,117.900002,0
1994-07-14,119.370003,119.370003,119.370003,119.370003,119.370003,0
1994-07-15,114.500000,114.500000,114.500000,114.500000,114.500000,0
1994-07-18,115.430000,115.430000,115.430000,115.430000,115.430000,0
1994-07-19,115.099998,115.099998,115.099998,115.099998,115.099998,0
1994-07-20,115.900002,115.900002,115.900002,115.900002,115.900002,0
1994-07-21,117.699997,117.699997,117.699997,117.699997,117.699997,0
1994-07-22,116.209999,116.209999,116.209999,116.209999,116.209999,0
1994-07-25,118.680000,118.680000,118.680000,118.680000,118.680000,0
1994-07-26,117.570000,117.570000,117.570000,117.570000,117.570000,0
1994-07-27,116.760002,116.760002,116.760002,116.760002,116.760002,0
1994-07-28,119.349998,119.349998,119.349998,119.349998,119.349998,0
1994-07-29,117.620003,117.620003,117.620003,117.620003,117.620003,0
1994-08-01,117.199997,117.199997,117.199997,117.199997,117.199997,0
1994-08-02,115.699997,115.699997,115.699997,115.699997,115.699997,0
1994-08-03,114.779999,114.779999,114.779999,114.779999,114.779999,0
1994-08-04,114.620003,114.620003,114.620003,114.620003,114.620003,0
1994-08-05,115.089996,115.089996,115.089996,115.089996,115.089996,0
1994-08-08,114.550003,114.550003,114.550003,114.550003,114.550003,0
1994-08-09,116.419998,116.419998,116.419998,116.419998,116.419998,0
1994-08-10,116.870003,116.870003,116.870003,116.870003,116.870003,0
1994-08-11,114.739998,114.739998,114.739998,114.739998,114.739998,0
1994-08-12,119.190002,119.190002,119.190002,119.190002,119.190002,0
1994-08-15,119.070000,119.070000,119.070000,119.070000,119.070000,0
1994-08-16,118.519997,118.519997,118.519997,118.519997,118.519997,0
1994-08-17,118.110001,118.110001,118.110001,118.110001,118.110001,0
1994-08-18,119.519997,119.519997,119.519997,119.519997,119.519997,0
1994-08-19,120.320000,120.320000,120.320000,120.320000,120.320000,0
1994-08-22,118.800003,118.800003,118.800003,118.800003,118.800003,0
1994-08-23,118.500000,118.500000,118.500000,118.500000,118.500000,0
1994-08-24,118.820000,118.820000,118.820000,118.820000,118.820000,0
1994-08-25,116.330002,116.330002,116.330002,116.330002,116.330002,0
1994-08-26,112.349998,112.349998,112.349998,112.349998,112.349998,0
1994-08-29,120.849998,120.849998,120.849998,120.849998,120.849998,0
1994-08-30,115.139999,115.139999,115.139999,115.139999,115.139999,0
1994-08-31,112.190002,112.190002,112.190002,112.190002,112.190002,0
1994-09-01,114.010002,114.010002,114.010002,114.010002,114.010002,0
1994-09-02,115.120003,115.120003,115.120003,115.120003,115.120003,0
1994-09-06,115.510002,115.510002,115.510002,115.510002,115.510002,0
1994-09-07,116.510002,116.510002,116.510002,116.510002,116.510002,0
1994-09-08,116.570000,116.570000,116.570000,116.570000,116.570000,0
1994-09-09,117.339996,117.339996,117.339996,117.339996,117.339996,0
1994-09-12,116.230003,116.230003,116.230003,116.230003,116.230003,0
1994-09-13,117.559998,117.559998,117.559998,117.559998,117.559998,0
1994-09-14,117.879997,117.879997,117.879997,117.879997,117.879997,0
1994-09-15,123.290001,123.290001,123.290001,123.290001,123.290001,0
1994-09-16,119.940002,119.940002,119.940002,119.940002,119.940002,0
1994-09-19,117.650002,117.650002,117.650002,117.650002,117.650002,0
1994-09-20,118.099998,118.099998,118.099998,118.099998,118.099998,0
1994-09-21,116.099998,116.099998,116.099998,116.099998,116.099998,0
1994-09-22,114.980003,114.980003,114.980003,114.980003,114.980003,0
1994-09-23,114.790001,114.790001,114.790001,114.790001,114.790001,0
1994-09-26,114.529999,114.529999,114.529999,114.529999,114.529999,0
1994-09-27,113.029999,113.029999,113.029999,113.029999,113.029999,0
1994-09-28,114.379997,114.379997,114.379997,114.379997,114.379997,0
1994-09-29,113.570000,113.570000,113.570000,113.570000,113.570000,0
1994-09-30,113.809998,113.809998,113.809998,113.809998,113.809998,0
1994-10-03,115.809998,115.809998,115.809998,115.809998,115.809998,0
1994-10-04,113.599998,113.599998,113.599998,113.599998,113.599998,0
1994-10-05,115.930000,115.930000,115.930000,115.930000,115.930000,0
1994-10-06,116.570000,116.570000,116.570000,116.570000,116.570000,0
1994-10-07,114.389999,114.389999,114.389999,114.389999,114.389999,0
1994-10-10,117.599998,117.599998,117.599998,117.599998,117.599998,0
1994-10-11,115.849998,115.849998,115.849998,115.849998,115.849998,0
1994-10-12,116.610001,116.610001,116.610001,116.610001,116.610001,0
1994-10-13,118.820000,118.820000,118.820000,118.820000,118.820000,0
1994-10-14,116.930000,116.930000,116.930000,116.930000,116.930000,0
1994-10-17,116.379997,116.379997,116.379997,116.379997,116.379997,0
1994-10-18,116.559998,116.559998,116.559998,116.559998,116.559998,0
1994-10-19,117.529999,117.529999,117.529999,117.529999,117.529999,0
1994-10-20,116.830002,116.830002,116.830002,116.830002,116.830002,0
1994-10-21,116.099998,116.099998,116.099998,116.099998,116.099998,0
1994-10-24,115.160004,115.160004,115.160004,115.160004,115.160004,0
1994-10-25,115.279999,115.279999,115.279999,115.279999,115.279999,0
1994-10-26,114.910004,114.910004,114.910004,114.910004,114.910004,0
1994-10-27,115.559998,115.559998,115.559998,115.559998,115.559998,0
1994-10-28,116.940002,116.940002,116.940002,116.940002,116.940002,0
1994-10-31,113.870003,113.870003,113.870003,113.870003,113.870003,0
1994-11-01,115.959999,115.959999,115.959999,115.959999,115.959999,0
1994-11-02,113.480003,113.480003,113.480003,113.480003,113.480003,0
1994-11-03,115.629997,115.629997,115.629997,115.629997,115.629997,0
1994-11-04,113.459999,113.459999,113.459999,113.459999,113.459999,0
1994-11-07,115.099998,115.099998,115.099998,115.099998,115.099998,0
1994-11-08,114.029999,114.029999,114.029999,114.029999,114.029999,0
1994-11-09,113.970001,113.970001,113.970001,113.970001,113.970001,0
1994-11-10,114.510002,114.510002,114.510002,114.510002,114.510002,0
1994-11-11,113.800003,113.800003,113.800003,113.800003,113.800003,0
1994-11-14,116.230003,116.230003,116.230003,116.230003,116.230003,0
1994-11-15,116.500000,116.500000,116.500000,116.500000,116.500000,0
1994-11-16,115.540001,115.540001,115.540001,115.540001,115.540001,0
1994-11-17,113.800003,113.800003,113.800003,113.800003,113.800003,0
1994-11-18,115.459999,115.459999,115.459999,115.459999,115.459999,0
1994-11-21,112.440002,112.440002,112.440002,112.440002,112.440002,0
1994-11-22,108.470001,108.470001,108.470001,108.470001,108.470001,0
1994-11-23,114.430000,114.430000,114.430000,114.430000,114.430000,0
1994-11-25,113.339996,113.339996,113.339996,113.339996,113.339996,0
1994-11-28,114.650002,114.650002,114.650002,114.650002,114.650002,0
1994-11-29,113.419998,113.419998,113.419998,113.419998,113.419998,0
1994-11-30,112.989998,112.989998,112.989998,112.989998,112.989998,0
1994-12-01,113.889999,113.889999,113.889999,113.889999,113.889999,0
1994-12-02,115.730003,115.730003,115.730003,115.730003,115.730003,0
1994-12-05,115.300003,115.300003,115.300003,115.300003,115.300003,0
1994-12-06,114.250000,114.250000,114.250000,114.250000,114.250000,0
1994-12-07,113.730003,113.730003,113.730003,113.730003,113.730003,0
1994-12-08,114.739998,114.739998,114.739998,114.739998,114.739998,0
1994-12-09,115.059998,115.059998,115.059998,115.059998,115.059998,0
1994-12-12,113.839996,113.839996,113.839996,113.839996,113.839996,0
1994-12-13,114.760002,114.760002,114.760002,114.760002,114.760002,0
1994-12-14,116.750000,116.750000,116.750000,116.750000,116.750000,0
1994-12-15,117.660004,117.660004,117.660004,117.660004,117.660004,0
1994-12-16,115.629997,115.629997,115.629997,115.629997,115.629997,0
1994-12-19,121.019997,121.019997,121.019997,121.019997,121.019997,0
1994-12-20,116.620003,116.620003,116.620003,116.620003,116.620003,0
1994-12-21,117.699997,117.699997,117.699997,117.699997,117.699997,0
1994-12-22,117.879997,117.879997,117.879997,117.879997,117.879997,0
1994-12-23,118.400002,118.400002,118.400002,118.400002,118.400002,0
1994-12-27,117.580002,117.580002,117.580002,117.580002,117.580002,0
1994-12-28,119.129997,119.129997,119.129997,119.129997,119.129997,0
1994-12-29,116.889999,116.889999,116.889999,116.889999,116.889999,0
1994-12-30,115.529999,115.529999,115.529999,115.529999,115.529999,0
1995-01-03,116.760002,116.760002,116.760002,116.760002,116.760002,0
1995-01-04,118.040001,118.040001,118.040001,118.040001,118.040001,0
1995-01-05,116.940002,116.940002,116.940002,116.940002,116.940002,0
1995-01-06,117.379997,117.379997,117.379997,117.379997,117.379997,0
1995-01-09,115.930000,115.930000,115.930000,115.930000,115.930000,0
1995-01-10,118.669998,118.669998,118.669998,118.669998,118.669998,0
1995-01-11,116.070000,116.070000,116.070000,116.070000,116.070000,0
1995-01-12,115.120003,115.120003,115.120003,115.120003,115.120003,0
1995-01-13,115.500000,115.500000,115.500000,115.500000,115.500000,0
1995-01-16,117.660004,117.660004,117.660004,117.660004,117.660004,0
1995-01-17,117.519997,117.519997,117.519997,117.519997,117.519997,0
1995-01-18,118.650002,118.650002,118.650002,118.650002,118.650002,0
1995-01-19,116.760002,116.760002,116.760002,116.760002,116.760002,0
1995-01-20,116.550003,116.550003,116.550003,116.550003,116.550003,0
1995-01-23,118.830002,118.830002,118.830002,118.830002,118.830002,0
1995-01-24,117.500000,117.500000,117.500000,117.500000,117.500000,0
1995-01-25,117.610001,117.610001,117.610001,117.610001,117.610001,0
1995-01-26,116.559998,116.559998,116.559998,116.559998,116.559998,0
1995-01-27,114.230003,114.230003,114.230003,114.230003,114.230003,0
1995-01-30,115.889999,115.889999,115.889999,115.889999,115.889999,0
1995-01-31,115.430000,115.430000,115.430000,115.430000,115.430000,0
1995-02-01,115.720001,115.720001,115.720001,115.720001,115.720001,0
1995-02-02,115.940002,115.940002,115.940002,115.940002,115.940002,0
1995-02-03,115.190002,115.190002,115.190002,115.190002,115.190002,0
1995-02-06,114.260002,114.260002,114.260002,114.260002,114.260002,0
1995-02-07,114.300003,114.300003,114.300003,114.300003,114.300003,0
1995-02-08,111.099998,111.099998,111.099998,111.099998,111.099998,0
1995-02-09,112.690002,112.690002,112.690002,112.690002,112.690002,0
1995-02-10,113.040001,113.040001,113.040001,113.040001,113.040001,0
1995-02-13,114.160004,114.160004,114.160004,114.160004,114.160004,0
1995-02-14,114.050003,114.050003,114.050003,114.050003,114.050003,0
1995-02-15,113.919998,113.919998,113.919998,113.919998,113.919998,0
1995-02-16,114.949997,114.949997,114.949997,114.949997,114.949997,0
1995-02-17,114.680000,114.680000,114.680000,114.680000,114.680000,0
1995-02-21,114.980003,114.980003,114.980003,114.980003,114.980003,0
1995-02-22,113.870003,113.870003,113.870003,113.870003,113.870003,0
1995-02-23,113.470001,113.470001,113.470001,113.470001,113.470001,0
1995-02-24,113.209999,113.209999,113.209999,113.209999,113.209999,0
1995-02-27,114.730003,114.730003,114.730003,114.730003,114.730003,0
1995-02-28,113.050003,113.050003,113.050003,113.050003,113.050003,0
1995-03-01,112.400002,112.400002,112.400002,112.400002,112.400002,0
1995-03-02,112.040001,112.040001,112.040001,112.040001,112.040001,0
1995-03-03,110.660004,110.660004,110.660004,110.660004,110.660004,0
1995-03-06,112.360001,112.360001,112.360001,112.360001,112.360001,0
1995-03-07,122.239998,122.239998,122.239998,122.239998,122.239998,0
1995-03-08,119.080002,119.080002,119.080002,119.080002,119.080002,0
1995-03-09,119.940002,119.940002,119.940002,119.940002,119.940002,0
1995-03-10,114.320000,114.320000,114.320000,114.320000,114.320000,0
1995-03-13,116.500000,116.500000,116.500000,116.500000,116.500000,0
1995-03-14,110.320000,110.320000,110.320000,110.320000,110.320000,0
1995-03-15,108.739998,108.739998,108.739998,108.739998,108.739998,0
1995-03-16,110.129997,110.129997,110.129997,110.129997,110.129997,0
1995-03-17,111.180000,111.180000,111.180000,111.180000,111.180000,0
1995-03-20,112.089996,112.089996,112.089996,112.089996,112.089996,0
1995-03-21,112.120003,112.120003,112.120003,112.120003,112.120003,0
1995-03-22,112.760002,112.760002,112.760002,112.760002,112.760002,0
1995-03-23,113.900002,113.900002,113.900002,113.900002,113.900002,0
1995-03-24,115.620003,115.620003,115.620003,115.620003,115.620003,0
1995-03-27,116.150002,116.150002,116.150002,116.150002,116.150002,0
1995-03-28,116.309998,116.309998,116.309998,116.309998,116.309998,0
1995-03-29,115.680000,115.680000,115.680000,115.680000,115.680000,0
1995-03-30,116.269997,116.269997,116.269997,116.269997,116.269997,0
1995-03-31,115.879997,115.879997,115.879997,115.879997,115.879997,0
1995-04-03,116.129997,116.129997,116.129997,116.129997,116.129997,0
1995-04-04,117.010002,117.010002,117.010002,117.010002,117.010002,0
1995-04-05,116.870003,116.870003,116.870003,116.870003,116.870003,0
1995-04-06,116.629997,116.629997,116.629997,116.629997,116.629997,0
1995-04-07,115.639999,115.639999,115.639999,115.639999,115.639999,0
1995-04-10,116.599998,116.599998,116.599998,116.599998,116.599998,0
1995-04-11,114.680000,114.680000,114.680000,114.680000,114.680000,0
1995-04-12,116.540001,116.540001,116.540001,116.540001,116.540001,0
1995-04-13,121.169998,121.169998,121.169998,121.169998,121.169998,0
1995-04-17,113.620003,113.620003,113.620003,113.620003,113.620003,0
1995-04-18,115.269997,115.269997,115.269997,115.269997,115.269997,0
1995-04-19,117.849998,117.849998,117.849998,117.849998,117.849998,0
1995-04-20,115.290001,115.290001,115.290001,115.290001,115.290001,0
1995-04-21,117.739998,117.739998,117.739998,117.739998,117.739998,0
1995-04-24,116.730003,116.730003,116.730003,116.730003,116.730003,0
1995-04-25,114.230003,114.230003,114.230003,114.230003,114.230003,0
1995-04-26,113.180000,113.180000,113.180000,113.180000,113.180000,0
1995-04-27,112.470001,112.470001,112.470001,112.470001,112.470001,0
1995-04-28,115.529999,115.529999,115.529999,115.529999,115.529999,0
1995-05-01,113.879997,113.879997,113.879997,113.879997,113.879997,0
1995-05-02,113.620003,113.620003,113.620003,113.620003,113.620003,0
1995-05-03,115.430000,115.430000,115.430000,115.430000,115.430000,0
1995-05-04,117.019997,117.019997,117.019997,117.019997,117.019997,0
1995-05-05,118.129997,118.129997,118.129997,118.129997,118.129997,0
1995-05-08,115.059998,115.059998,115.059998,115.059998,115.059998,0
1995-05-09,114.970001,114.970001,114.970001,114.970001,114.970001,0
1995-05-10,115.519997,115.519997,115.519997,115.519997,115.519997,0
1995-05-11,115.400002,115.400002,115.400002,115.400002,115.400002,0
1995-05-12,116.949997,116.949997,116.949997,116.949997,116.949997,0
1995-05-15,116.220001,116.220001,116.220001,116.220001,116.220001,0
1995-05-16,115.620003,115.620003,115.620003,115.620003,115.620003,0
1995-05-17,116.830002,116.830002,116.830002,116.830002,116.830002,0
1995-05-18,116.040001,116.040001,116.040001,116.040001,116.040001,0
1995-05-19,117.919998,117.919998,117.919998,117.919998,117.919998,0
1995-05-22,114.070000,114.070000,114.070000,114.070000,114.070000,0
1995-05-23,113.360001,113.360001,113.360001,113.360001,113.360001,0
1995-05-24,112.919998,112.919998,112.919998,112.919998,112.919998,0
1995-05-25,115.029999,115.029999,115.029999,115.029999,115.029999,0
1995-05-26,114.529999,114.529999,114.529999,114.529999,114.529999,0
1995-05-30,112.910004,112.910004,112.910004,112.910004,112.910004,0
1995-05-31,110.599998,110.599998,110.599998,110.599998,110.599998,0
1995-06-01,111.800003,111.800003,111.800003,111.800003,111.800003,0
1995-06-02,114.029999,114.029999,114.029999,114.029999,114.029999,0
1995-06-05,112.339996,112.339996,112.339996,112.339996,112.339996,0
1995-06-06,112.540001,112.540001,112.540001,112.540001,112.540001,0
1995-06-07,112.839996,112.839996,112.839996,112.839996,112.839996,0
1995-06-08,111.940002,111.940002,111.940002,111.940002,111.940002,0
1995-06-09,114.430000,114.430000,114.430000,114.430000,114.430000,0
1995-06-12,116.410004,116.410004,116.410004,116.410004,116.410004,0
1995-06-13,115.529999,115.529999,115.529999,115.529999,115.529999,0
1995-06-14,113.269997,113.269997,113.269997,113.269997,113.269997,0
1995-06-15,114.040001,114.040001,114.040001,114.040001,114.040001,0
1995-06-16,111.980003,111.980003,111.980003,111.980003,111.980003,0
1995-06-19,110.370003,110.370003,110.370003,110.370003,110.370003,0
1995-06-20,111.269997,111.269997,111.269997,111.269997,111.269997,0
1995-06-21,108.040001,108.040001,108.040001,108.040001,108.040001,0
1995-06-22,107.639999,107.639999,107.639999,107.639999,107.639999,0
1995-06-23,109.419998,109.419998,109.419998,109.419998,109.419998,0
1995-06-26,109.230003,109.230003,109.230003,109.230003,109.230003,0
1995-06-27,108.010002,108.010002,108.010002,108.010002,108.010002,0
1995-06-28,108.970001,108.970001,108.970001,108.970001,108.970001,0
1995-06-29,110.989998,110.989998,110.989998,110.989998,110.989998,0
1995-06-30,108.940002,108.940002,108.940002,108.940002,108.940002,0
1995-07-03,111.699997,111.699997,111.699997,111.699997,111.699997,0
1995-07-05,110.529999,110.529999,110.529999,110.529999,110.529999,0
1995-07-06,109.360001,109.360001,109.360001,109.360001,109.360001,0
1995-07-07,111.209999,111.209999,111.209999,111.209999,111.209999,0
1995-07-10,108.989998,108.989998,108.989998,108.989998,108.989998,0
1995-07-11,108.839996,108.839996,108.839996,108.839996,108.839996,0
1995-07-12,108.230003,108.230003,108.230003,108.230003,108.230003,0
1995-07-13,107.790001,107.790001,107.790001,107.790001,107.790001,0
1995-07-14,107.389999,107.389999,107.389999,107.389999,107.389999,0
1995-07-17,107.230003,107.230003,107.230003,107.230003,107.230003,0
1995-07-18,106.940002,106.940002,106.940002,106.940002,106.940002,0
1995-07-19,107.980003,107.980003,107.980003,107.980003,107.980003,0
1995-07-20,108.300003,108.300003,108.300003,108.300003,108.300003,0
1995-07-21,108.419998,108.419998,108.419998,108.419998,108.419998,0
1995-07-24,109.739998,109.739998,109.739998,109.739998,109.739998,0
1995-07-25,109.110001,109.110001,109.110001,109.110001,109.110001,0
1995-07-26,108.709999,108.709999,108.709999,108.709999,108.709999,0
1995-07-27,112.389999,112.389999,112.389999,112.389999,112.389999,0
1995-07-28,113.059998,113.059998,113.059998,113.059998,113.059998,0
1995-07-31,109.510002,109.510002,109.510002,109.510002,109.510002,0
1995-08-01,111.279999,111.279999,111.279999,111.279999,111.279999,0
1995-08-02,109.250000,109.250000,109.250000,109.250000,109.250000,0
1995-08-03,110.839996,110.839996,110.839996,110.839996,110.839996,0
1995-08-04,110.910004,110.910004,110.910004,110.910004,110.910004,0
1995-08-07,109.110001,109.110001,109.110001,109.110001,109.110001,0
1995-08-08,111.080002,111.080002,111.080002,111.080002,111.080002,0
1995-08-09,109.129997,109.129997,109.129997,109.129997,109.129997,0
1995-08-10,110.660004,110.660004,110.660004,110.660004,110.660004,0
1995-08-11,112.639999,112.639999,112.639999,112.639999,112.639999,0
1995-08-14,113.800003,113.800003,113.800003,113.800003,113.800003,0
1995-08-15,111.849998,111.849998,111.849998,111.849998,111.849998,0
1995-08-16,113.599998,113.599998,113.599998,113.599998,113.599998,0
1995-08-17,112.489998,112.489998,112.489998,112.489998,112.489998,0
1995-08-18,113.779999,113.779999,113.779999,113.779999,113.779999,0
1995-08-21,114.169998,114.169998,114.169998,114.169998,114.169998,0
1995-08-22,114.500000,114.500000,114.500000,114.500000,114.500000,0
1995-08-23,113.589996,113.589996,113.589996,113.589996,113.589996,0
1995-08-24,114.680000,114.680000,114.680000,114.680000,114.680000,0
1995-08-25,114.339996,114.339996,114.339996,114.339996,114.339996,0
1995-08-28,113.059998,113.059998,113.059998,113.059998,113.059998,0
1995-08-29,114.440002,114.440002,114.440002,114.440002,114.440002,0
1995-08-30,114.220001,114.220001,114.220001,114.220001,114.220001,0
1995-08-31,112.510002,112.510002,112.510002,112.510002,112.510002,0
1995-09-01,113.620003,113.620003,113.620003,113.620003,113.620003,0
1995-09-05,112.089996,112.089996,112.089996,112.089996,112.089996,0
1995-09-06,114.570000,114.570000,114.570000,114.570000,114.570000,0
1995-09-07,113.599998,113.599998,113.599998,113.599998,113.599998,0
1995-09-08,115.019997,115.019997,115.019997,115.019997,115.019997,0
1995-09-11,115.809998,115.809998,115.809998,115.809998,115.809998,0
1995-09-12,116.360001,116.360001,116.360001,116.360001,116.360001,0
1995-09-13,117.410004,117.410004,117.410004,117.410004,117.410004,0
1995-09-14,117.230003,117.230003,117.230003,117.230003,117.230003,0
1995-09-15,119.040001,119.040001,119.040001,119.040001,119.040001,0
1995-09-18,119.529999,119.529999,119.529999,119.529999,119.529999,0
1995-09-19,119.209999,119.209999,119.209999,119.209999,119.209999,0
1995-09-20,118.989998,118.989998,118.989998,118.989998,118.989998,0
1995-09-21,116.150002,116.150002,116.150002,116.150002,116.150002,0
1995-09-22,118.629997,118.629997,118.629997,118.629997,118.629997,0
1995-09-25,117.400002,117.400002,117.400002,117.400002,117.400002,0
1995-09-26,117.360001,117.360001,117.360001,117.360001,117.360001,0
1995-09-27,119.389999,119.389999,119.389999,119.389999,119.389999,0
1995-09-28,117.910004,117.910004,117.910004,117.910004,117.910004,0
1995-09-29,115.349998,115.349998,115.349998,115.349998,115.349998,0
1995-10-02,117.480003,117.480003,117.480003,117.480003,117.480003,0
1995-10-03,118.989998,118.989998,118.989998,118.989998,118.989998,0
1995-10-04,118.290001,118.290001,118.290001,118.290001,118.290001,0
1995-10-05,118.559998,118.559998,118.559998,118.559998,118.559998,0
1995-10-06,118.199997,118.199997,118.199997,118.199997,118.199997,0
1995-10-09,117.519997,117.519997,117.519997,117.519997,117.519997,0
1995-10-10,119.150002,119.150002,119.150002,119.150002,119.150002,0
1995-10-11,118.839996,118.839996,118.839996,118.839996,118.839996,0
1995-10-12,119.949997,119.949997,119.949997,119.949997,119.949997,0
1995-10-13,118.000000,118.000000,118.000000,118.000000,118.000000,0
1995-10-16,119.470001,119.470001,119.470001,119.470001,119.470001,0
1995-10-17,121.639999,121.639999,121.639999,121.639999,121.639999,0
1995-10-18,120.110001,120.110001,120.110001,120.110001,120.110001,0
1995-10-19,121.680000,121.680000,121.680000,121.680000,121.680000,0
1995-10-20,119.720001,119.720001,119.720001,119.720001,119.720001,0
1995-10-23,117.779999,117.779999,117.779999,117.779999,117.779999,0
1995-10-24,117.089996,117.089996,117.089996,117.089996,117.089996,0
1995-10-25,116.360001,116.360001,116.360001,116.360001,116.360001,0
1995-10-26,115.430000,115.430000,115.430000,115.430000,115.430000,0
1995-10-27,116.830002,116.830002,116.830002,116.830002,116.830002,0
1995-10-30,114.099998,114.099998,114.099998,114.099998,114.099998,0
1995-10-31,112.639999,112.639999,112.639999,112.639999,112.639999,0
1995-11-01,113.559998,113.559998,113.559998,113.559998,113.559998,0
1995-11-02,113.379997,113.379997,113.379997,113.379997,113.379997,0
1995-11-03,111.610001,111.610001,111.610001,111.610001,111.610001,0
1995-11-06,113.160004,113.160004,113.160004,113.160004,113.160004,0
1995-11-07,112.320000,112.320000,112.320000,112.320000,112.320000,0
1995-11-08,112.750000,112.750000,112.750000,112.750000,112.750000,0
1995-11-09,112.449997,112.449997,112.449997,112.449997,112.449997,0
1995-11-10,114.360001,114.360001,114.360001,114.360001,114.360001,0
1995-11-13,113.599998,113.599998,113.599998,113.599998,113.599998,0
1995-11-14,112.779999,112.779999,112.779999,112.779999,112.779999,0
1995-11-15,112.480003,112.480003,112.480003,112.480003,112.480003,0
1995-11-16,113.199997,113.199997,113.199997,113.199997,113.199997,0
1995-11-17,115.379997,115.379997,115.379997,115.379997,115.379997,0
1995-11-20,115.059998,115.059998,115.059998,115.059998,115.059998,0
1995-11-21,115.820000,115.820000,115.820000,115.820000,115.820000,0
1995-11-22,116.660004,116.660004,116.660004,116.660004,116.660004,0
1995-11-24,115.959999,115.959999,115.959999,115.959999,115.959999,0
1995-11-27,117.500000,117.500000,117.500000,117.500000,117.500000,0
1995-11-28,119.059998,119.059998,119.059998,119.059998,119.059998,0
1995-11-29,118.620003,118.620003,118.620003,118.620003,118.620003,0
1995-11-30,117.290001,117.290001,117.290001,117.290001,117.290001,0
1995-12-01,116.650002,116.650002,116.650002,116.650002,116.650002,0
1995-12-04,116.279999,116.279999,116.279999,116.279999,116.279999,0
1995-12-05,120.180000,120.180000,120.180000,120.180000,120.180000,0
1995-12-06,121.849998,121.849998,121.849998,121.849998,121.849998,0
1995-12-07,120.529999,120.529999,120.529999,120.529999,120.529999,0
1995-12-08,119.680000,119.680000,119.680000,119.680000,119.680000,0
1995-12-11,119.570000,119.570000,119.570000,119.570000,119.570000,0
1995-12-12,118.440002,118.440002,118.440002,118.440002,118.440002,0
1995-12-13,118.290001,118.290001,118.290001,118.290001,118.290001,0
1995-12-14,115.989998,115.989998,115.989998,115.989998,115.989998,0
1995-12-15,118.760002,118.760002,118.760002,118.760002,118.760002,0
1995-12-18,117.830002,117.830002,117.830002,117.830002,117.830002,0
1995-12-19,115.019997,115.019997,115.019997,115.019997,115.019997,0
1995-12-20,115.070000,115.070000,115.070000,115.070000,115.070000,0
1995-12-21,114.279999,114.279999,114.279999,114.279999,114.279999,0
1995-12-22,113.669998,113.669998,113.669998,113.669998,113.669998,0
1995-12-26,114.040001,114.040001,114.040001,114.040001,114.040001,0
1995-12-27,113.459999,113.459999,113.459999,113.459999,113.459999,0
1995-12-28,113.110001,113.110001,113.110001,113.110001,113.110001,0
1995-12-29,112.000000,112.000000,112.000000,112.000000,112.000000,0
1996-01-02,113.209999,113.209999,113.209999,113.209999,113.209999,0
1996-01-03,113.120003,113.120003,113.120003,113.120003,113.120003,0
1996-01-04,112.269997,112.269997,112.269997,112.269997,112.269997,0
1996-01-05,113.260002,113.260002,113.260002,113.260002,113.260002,0
1996-01-08,112.930000,112.930000,112.930000,112.930000,112.930000,0
1996-01-09,111.190002,111.190002,111.190002,111.190002,111.190002,0
1996-01-10,116.000000,116.000000,116.000000,116.000000,116.000000,0
1996-01-11,113.739998,113.739998,113.739998,113.739998,113.739998,0
1996-01-12,115.089996,115.089996,115.089996,115.089996,115.089996,0
1996-01-15,116.000000,116.000000,116.000000,116.000000,116.000000,0
1996-01-16,115.959999,115.959999,115.959999,115.959999,115.959999,0
1996-01-17,113.360001,113.360001,113.360001,113.360001,113.360001,0
1996-01-18,113.260002,113.260002,113.260002,113.260002,113.260002,0
1996-01-19,114.029999,114.029999,114.029999,114.029999,114.029999,0
1996-01-22,113.680000,113.680000,113.680000,113.680000,113.680000,0
1996-01-23,114.339996,114.339996,114.339996,114.339996,114.339996,0
1996-01-24,110.769997,110.769997,110.769997,110.769997,110.769997,0
1996-01-25,112.459999,112.459999,112.459999,112.459999,112.459999,0
1996-01-26,113.269997,113.269997,113.269997,113.269997,113.269997,0
1996-01-29,110.739998,110.739998,110.739998,110.739998,110.739998,0
1996-01-30,112.120003,112.120003,112.120003,112.120003,112.120003,0
1996-01-31,113.750000,113.750000,113.750000,113.750000,113.750000,0
1996-02-01,113.000000,113.000000,113.000000,113.000000,113.000000,0
1996-02-02,115.190002,115.190002,115.190002,115.190002,115.190002,0
1996-02-05,115.809998,115.809998,115.809998,115.809998,115.809998,0
1996-02-06,112.959999,112.959999,112.959999,112.959999,112.959999,0
1996-02-07,117.010002,117.010002,117.010002,117.010002,117.010002,0
1996-02-08,116.980003,116.980003,116.980003,116.980003,116.980003,0
1996-02-09,115.639999,115.639999,115.639999,115.639999,115.639999,0
1996-02-12,113.610001,113.610001,113.610001,113.610001,113.610001,0
1996-02-13,113.099998,113.099998,113.099998,113.099998,113.099998,0
1996-02-14,109.410004,109.410004,109.410004,109.410004,109.410004,0
1996-02-15,109.540001,109.540001,109.540001,109.540001,109.540001,0
1996-02-16,110.099998,110.099998,110.099998,110.099998,110.099998,0
1996-02-20,111.570000,111.570000,111.570000,111.570000,111.570000,0
1996-02-21,109.970001,109.970001,109.970001,109.970001,109.970001,0
1996-02-22,108.809998,108.809998,108.809998,108.809998,108.809998,0
1996-02-23,110.070000,110.070000,110.070000,110.070000,110.070000,0
1996-02-26,109.330002,109.330002,109.330002,109.330002,109.330002,0
1996-02-27,108.940002,108.940002,108.940002,108.940002,108.940002,0
1996-02-28,109.120003,109.120003,109.120003,109.120003,109.120003,0
1996-02-29,107.110001,107.110001,107.110001,107.110001,107.110001,0
1996-03-01,109.300003,109.300003,109.300003,109.300003,109.300003,0
1996-03-04,108.940002,108.940002,108.940002,108.940002,108.940002,0
1996-03-05,110.480003,110.480003,110.480003,110.480003,110.480003,0
1996-03-06,111.419998,111.419998,111.419998,111.419998,111.419998,0
1996-03-07,110.250000,110.250000,110.250000,110.250000,110.250000,0
1996-03-08,111.150002,111.150002,111.150002,111.150002,111.150002,0
1996-03-11,114.290001,114.290001,114.290001,114.290001,114.290001,0
1996-03-12,110.349998,110.349998,110.349998,110.349998,110.349998,0
1996-03-13,113.470001,113.470001,113.470001,113.470001,113.470001,0
1996-03-14,114.370003,114.370003,114.370003,114.370003,114.370003,0
1996-03-15,114.470001,114.470001,114.470001,114.470001,114.470001,0
1996-03-18,112.290001,112.290001,112.290001,112.290001,112.290001,0
1996-03-19,113.239998,113.239998,113.239998,113.239998,113.239998,0
1996-03-20,113.239998,113.239998,113.239998,113.239998,113.239998,0
1996-03-21,111.690002,111.690002,111.690002,111.690002,111.690002,0
1996-03-22,113.839996,113.839996,113.839996,113.839996,113.839996,0
1996-03-25,113.279999,113.279999,113.279999,113.279999,113.279999,0
1996-03-26,113.809998,113.809998,113.809998,113.809998,113.809998,0
1996-03-27,111.820000,111.820000,111.820000,111.820000,111.820000,0
1996-03-28,112.970001,112.970001,112.970001,112.970001,112.970001,0
1996-03-29,114.260002,114.260002,114.260002,114.260002,114.260002,0
1996-04-01,115.650002,115.650002,115.650002,115.650002,115.650002,0
1996-04-02,114.110001,114.110001,114.110001,114.110001,114.110001,0
1996-04-03,114.750000,114.750000,114.750000,114.750000,114.750000,0
1996-04-04,114.449997,114.449997,114.449997,114.449997,114.449997,0
1996-04-08,117.610001,117.610001,117.610001,117.610001,117.610001,0
1996-04-09,114.410004,114.410004,114.410004,114.410004,114.410004,0
1996-04-10,113.059998,113.059998,113.059998,113.059998,113.059998,0
1996-04-11,112.949997,112.949997,112.949997,112.949997,112.949997,0
1996-04-12,114.400002,114.400002,114.400002,114.400002,114.400002,0
1996-04-15,114.510002,114.510002,114.510002,114.510002,114.510002,0
1996-04-16,114.440002,114.440002,114.440002,114.440002,114.440002,0
1996-04-17,114.379997,114.379997,114.379997,114.379997,114.379997,0
1996-04-18,113.790001,113.790001,113.790001,113.790001,113.790001,0
1996-04-19,116.110001,116.110001,116.110001,116.110001,116.110001,0
1996-04-22,117.099998,117.099998,117.099998,117.099998,117.099998,0
1996-04-23,113.120003,113.120003,113.120003,113.120003,113.120003,0
1996-04-24,112.900002,112.900002,112.900002,112.900002,112.900002,0
1996-04-25,112.680000,112.680000,112.680000,112.680000,112.680000,0
1996-04-26,112.940002,112.940002,112.940002,112.940002,112.940002,0
1996-04-29,113.070000,113.070000,113.070000,113.070000,113.070000,0
1996-04-30,113.959999,113.959999,113.959999,113.959999,113.959999,0
1996-05-01,112.750000,112.750000,112.750000,112.750000,112.750000,0
1996-05-02,114.820000,114.820000,114.820000,114.820000,114.820000,0
1996-05-03,114.970001,114.970001,114.970001,114.970001,114.970001,0
1996-05-06,113.709999,113.709999,113.709999,113.709999,113.709999,0
1996-05-07,111.870003,111.870003,111.870003,111.870003,111.870003,0
1996-05-08,113.199997,113.199997,113.199997,113.199997,113.199997,0
1996-05-09,112.029999,112.029999,112.029999,112.029999,112.029999,0
1996-05-10,113.430000,113.430000,113.430000,113.430000,113.430000,0
1996-05-13,115.800003,115.800003,115.800003,115.800003,115.800003,0
1996-05-14,114.599998,114.599998,114.599998,114.599998,114.599998,0
1996-05-15,113.910004,113.910004,113.910004,113.910004,113.910004,0
1996-05-16,115.080002,115.080002,115.080002,115.080002,115.080002,0
1996-05-17,113.160004,113.160004,113.160004,113.160004,113.160004,0
1996-05-20,113.169998,113.169998,113.169998,113.169998,113.169998,0
1996-05-21,114.209999,114.209999,114.209999,114.209999,114.209999,0
1996-05-22,114.830002,114.830002,114.830002,114.830002,114.830002,0
1996-05-23,113.570000,113.570000,113.570000,113.570000,113.570000,0
1996-05-24,113.820000,113.820000,113.820000,113.820000,113.820000,0
1996-05-28,112.050003,112.050003,112.050003,112.050003,112.050003,0
1996-05-29,112.860001,112.860001,112.860001,112.860001,112.860001,0
1996-05-30,113.169998,113.169998,113.169998,113.169998,113.169998,0
1996-05-31,111.709999,111.709999,111.709999,111.709999,111.709999,0
1996-06-03,112.589996,112.589996,112.589996,112.589996,112.589996,0
1996-06-04,112.180000,112.180000,112.180000,112.180000,112.180000,0
1996-06-05,112.589996,112.589996,112.589996,112.589996,112.589996,0
1996-06-06,111.739998,111.739998,111.739998,111.739998,111.739998,0
1996-06-07,111.790001,111.790001,111.790001,111.790001,111.790001,0
1996-06-10,111.089996,111.089996,111.089996,111.089996,111.089996,0
1996-06-11,112.440002,112.440002,112.440002,112.440002,112.440002,0
1996-06-12,112.010002,112.010002,112.010002,112.010002,112.010002,0
1996-06-13,112.110001,112.110001,112.110001,112.110001,112.110001,0
1996-06-14,111.379997,111.379997,111.379997,111.379997,111.379997,0
1996-06-17,112.550003,112.550003,112.550003,112.550003,112.550003,0
1996-06-18,110.949997,110.949997,110.949997,110.949997,110.949997,0
1996-06-19,112.660004,112.660004,112.660004,112.660004,112.660004,0
1996-06-20,112.580002,112.580002,112.580002,112.580002,112.580002,0
1996-06-21,112.440002,112.440002,112.440002,112.440002,112.440002,0
1996-06-24,110.760002,110.760002,110.760002,110.760002,110.760002,0
1996-06-25,110.459999,110.459999,110.459999,110.459999,110.459999,0
1996-06-26,110.260002,110.260002,110.260002,110.260002,110.260002,0
1996-06-27,109.019997,109.019997,109.019997,109.019997,109.019997,0
1996-06-28,108.300003,108.300003,108.300003,108.300003,108.300003,0
1996-07-01,108.970001,108.970001,108.970001,108.970001,108.970001,0
1996-07-02,109.669998,109.669998,109.669998,109.669998,109.669998,0
1996-07-03,108.970001,108.970001,108.970001,108.970001,108.970001,0
1996-07-05,109.449997,109.449997,109.449997,109.449997,109.449997,0
1996-07-08,108.230003,108.230003,108.230003,108.230003,108.230003,0
1996-07-09,107.919998,107.919998,107.919998,107.919998,107.919998,0
1996-07-10,110.820000,110.820000,110.820000,110.820000,110.820000,0
1996-07-11,111.239998,111.239998,111.239998,111.239998,111.239998,0
1996-07-12,110.879997,110.879997,110.879997,110.879997,110.879997,0
1996-07-15,109.019997,109.019997,109.019997,109.019997,109.019997,0
1996-07-16,109.260002,109.260002,109.260002,109.260002,109.260002,0
1996-07-17,110.930000,110.930000,110.930000,110.930000,110.930000,0
1996-07-18,113.230003,113.230003,113.230003,113.230003,113.230003,0
1996-07-19,112.900002,112.900002,112.900002,112.900002,112.900002,0
1996-07-22,112.930000,112.930000,112.930000,112.930000,112.930000,0
1996-07-23,110.919998,110.919998,110.919998,110.919998,110.919998,0
1996-07-24,111.800003,111.800003,111.800003,111.800003,111.800003,0
1996-07-25,113.940002,113.940002,113.940002,113.940002,113.940002,0
1996-07-26,114.669998,114.669998,114.669998,114.669998,114.669998,0
1996-07-29,113.209999,113.209999,113.209999,113.209999,113.209999,0
1996-07-30,114.540001,114.540001,114.540001,114.540001,114.540001,0
1996-07-31,116.610001,116.610001,116.610001,116.610001,116.610001,0
1996-08-01,116.209999,116.209999,116.209999,116.209999,116.209999,0
1996-08-02,114.129997,114.129997,114.129997,114.129997,114.129997,0
1996-08-05,114.430000,114.430000,114.430000,114.430000,114.430000,0
1996-08-06,114.550003,114.550003,114.550003,114.550003,114.550003,0
1996-08-07,114.690002,114.690002,114.690002,114.690002,114.690002,0
1996-08-08,113.919998,113.919998,113.919998,113.919998,113.919998,0
1996-08-09,112.570000,112.570000,112.570000,112.570000,112.570000,0
1996-08-12,114.209999,114.209999,114.209999,114.209999,114.209999,0
1996-08-13,114.080002,114.080002,114.080002,114.080002,114.080002,0
1996-08-14,114.720001,114.720001,114.720001,114.720001,114.720001,0
1996-08-15,114.330002,114.330002,114.330002,114.330002,114.330002,0
1996-08-16,114.570000,114.570000,114.570000,114.570000,114.570000,0
1996-08-19,114.830002,114.830002,114.830002,114.830002,114.830002,0
1996-08-20,113.300003,113.300003,113.300003,113.300003,113.300003,0
1996-08-21,114.629997,114.629997,114.629997,114.629997,114.629997,0
1996-08-22,113.040001,113.040001,113.040001,113.040001,113.040001,0
1996-08-23,113.779999,113.779999,113.779999,113.779999,113.779999,0
1996-08-26,113.059998,113.059998,113.059998,113.059998,113.059998,0
1996-08-27,113.480003,113.480003,113.480003,113.480003,113.480003,0
1996-08-28,112.930000,112.930000,112.930000,112.930000,112.930000,0
1996-08-29,113.360001,113.360001,113.360001,113.360001,113.360001,0
1996-08-30,114.320000,114.320000,114.320000,114.320000,114.320000,0
1996-09-03,115.180000,115.180000,115.180000,115.180000,115.180000,0
1996-09-04,115.330002,115.330002,115.330002,115.330002,115.330002,0
1996-09-05,115.900002,115.900002,115.900002,115.900002,115.900002,0
1996-09-06,115.849998,115.849998,115.849998,115.849998,115.849998,0
1996-09-09,114.320000,114.320000,114.320000,114.320000,114.320000,0
1996-09-10,115.139999,115.139999,115.139999,115.139999,115.139999,0
1996-09-11,115.339996,115.339996,115.339996,115.339996,115.339996,0
1996-09-12,115.440002,115.440002,115.440002,115.440002,115.440002,0
1996-09-13,115.389999,115.389999,115.389999,115.389999,115.389999,0
1996-09-16,113.250000,113.250000,113.250000,113.250000,113.250000,0
1996-09-17,115.550003,115.550003,115.550003,115.550003,115.550003,0
1996-09-18,114.070000,114.070000,114.070000,114.070000,114.070000,0
1996-09-19,113.730003,113.730003,113.730003,113.730003,113.730003,0
1996-09-20,115.260002,115.260002,115.260002,115.260002,115.260002,0
1996-09-23,115.739998,115.739998,115.739998,115.739998,115.739998,0
1996-09-24,116.059998,116.059998,116.059998,116.059998,116.059998,0
1996-09-25,116.650002,116.650002,116.650002,116.650002,116.650002,0
1996-09-26,115.430000,115.430000,115.430000,115.430000,115.430000,0
1996-09-27,115.809998,115.809998,115.809998,115.809998,115.809998,0
1996-09-30,114.800003,114.800003,114.800003,114.800003,114.800003,0
1996-10-01,115.669998,115.669998,115.669998,115.669998,115.669998,0
1996-10-02,116.099998,116.099998,116.099998,116.099998,116.099998,0
1996-10-03,115.820000,115.820000,115.820000,115.820000,115.820000,0
1996-10-04,115.809998,115.809998,115.809998,115.809998,115.809998,0
1996-10-07,116.480003,116.480003,116.480003,116.480003,116.480003,0
1996-10-08,116.519997,116.519997,116.519997,116.519997,116.519997,0
1996-10-09,114.989998,114.989998,114.989998,114.989998,114.989998,0
1996-10-10,114.650002,114.650002,114.650002,114.650002,114.650002,0
1996-10-11,114.070000,114.070000,114.070000,114.070000,114.070000,0
1996-10-14,113.059998,113.059998,113.059998,113.059998,113.059998,0
1996-10-15,114.250000,114.250000,114.250000,114.250000,114.250000,0
1996-10-16,114.449997,114.449997,114.449997,114.449997,114.449997,0
1996-10-17,113.570000,113.570000,113.570000,113.570000,113.570000,0
1996-10-18,113.690002,113.690002,113.690002,113.690002,113.690002,0
1996-10-21,113.989998,113.989998,113.989998,113.989998,113.989998,0
1996-10-22,113.889999,113.889999,113.889999,113.889999,113.889999,0
1996-10-23,114.120003,114.120003,114.120003,114.120003,114.120003,0
1996-10-24,112.610001,112.610001,112.610001,112.610001,112.610001,0
1996-10-25,113.559998,113.559998,113.559998,113.559998,113.559998,0
1996-10-28,112.930000,112.930000,112.930000,112.930000,112.930000,0
1996-10-29,113.489998,113.489998,113.489998,113.489998,113.489998,0
1996-10-30,113.449997,113.449997,113.449997,113.449997,113.449997,0
1996-10-31,112.540001,112.540001,112.540001,112.540001,112.540001,0
1996-11-01,112.540001,112.540001,112.540001,112.540001,112.540001,0
1996-11-04,112.879997,112.879997,112.879997,112.879997,112.879997,0
1996-11-05,113.699997,113.699997,113.699997,113.699997,113.699997,0
1996-11-06,114.029999,114.029999,114.029999,114.029999,114.029999,0
1996-11-07,114.790001,114.790001,114.790001,114.790001,114.790001,0
1996-11-08,116.919998,116.919998,116.919998,116.919998,116.919998,0
1996-11-11,113.480003,113.480003,113.480003,113.480003,113.480003,0
1996-11-12,114.480003,114.480003,114.480003,114.480003,114.480003,0
1996-11-13,114.809998,114.809998,114.809998,114.809998,114.809998,0
1996-11-14,115.440002,115.440002,115.440002,115.440002,115.440002,0
1996-11-15,115.919998,115.919998,115.919998,115.919998,115.919998,0
1996-11-18,114.949997,114.949997,114.949997,114.949997,114.949997,0
1996-11-19,115.860001,115.860001,115.860001,115.860001,115.860001,0
1996-11-20,115.000000,115.000000,115.000000,115.000000,115.000000,0
1996-11-21,115.529999,115.529999,115.529999,115.529999,115.529999,0
1996-11-22,114.720001,114.720001,114.720001,114.720001,114.720001,0
1996-11-25,113.620003,113.620003,113.620003,113.620003,113.620003,0
1996-11-26,114.080002,114.080002,114.080002,114.080002,114.080002,0
1996-11-27,112.190002,112.190002,112.190002,112.190002,112.190002,0
1996-11-29,112.110001,112.110001,112.110001,112.110001,112.110001,0
1996-12-02,113.029999,113.029999,113.029999,113.029999,113.029999,0
1996-12-03,111.669998,111.669998,111.669998,111.669998,111.669998,0
1996-12-04,112.129997,112.129997,112.129997,112.129997,112.129997,0
1996-12-05,111.940002,111.940002,111.940002,111.940002,111.940002,0
1996-12-06,113.790001,113.790001,113.790001,113.790001,113.790001,0
1996-12-09,111.779999,111.779999,111.779999,111.779999,111.779999,0
1996-12-10,111.410004,111.410004,111.410004,111.410004,111.410004,0
1996-12-11,112.400002,112.400002,112.400002,112.400002,112.400002,0
1996-12-12,111.320000,111.320000,111.320000,111.320000,111.320000,0
1996-12-13,113.940002,113.940002,113.940002,113.940002,113.940002,0
1996-12-16,114.389999,114.389999,114.389999,114.389999,114.389999,0
1996-12-17,113.540001,113.540001,113.540001,113.540001,113.540001,0
1996-12-18,113.989998,113.989998,113.989998,113.989998,113.989998,0
1996-12-19,112.970001,112.970001,112.970001,112.970001,112.970001,0
1996-12-20,114.910004,114.910004,114.910004,114.910004,114.910004,0
1996-12-23,113.419998,113.419998,113.419998,113.419998,113.419998,0
1996-12-24,116.330002,116.330002,116.330002,116.330002,116.330002,0
1996-12-26,114.129997,114.129997,114.129997,114.129997,114.129997,0
1996-12-27,114.290001,114.290001,114.290001,114.290001,114.290001,0
1996-12-30,114.699997,114.699997,114.699997,114.699997,114.699997,0
1996-12-31,113.019997,113.019997,113.019997,113.019997,113.019997,0
1997-01-02,114.820000,114.820000,114.820000,114.820000,114.820000,0
1997-01-03,113.769997,113.769997,113.769997,113.769997,113.769997,0
1997-01-06,112.209999,112.209999,112.209999,112.209999,112.209999,0
1997-01-07,113.449997,113.449997,113.449997,113.449997,113.449997,0
1997-01-08,113.059998,113.059998,113.059998,113.059998,113.059998,0
1997-01-09,112.930000,112.930000,112.930000,112.930000,112.930000,0
1997-01-10,114.199997,114.199997,114.199997,114.199997,114.199997,0
1997-01-13,109.550003,109.550003,109.550003,109.550003,109.550003,0
1997-01-14,112.559998,112.559998,112.559998,112.559998,112.559998,0
1997-01-15,112.230003,112.230003,112.230003,112.230003,112.230003,0
1997-01-16,112.910004,112.910004,112.910004,112.910004,112.910004,0
1997-01-17,110.839996,110.839996,110.839996,110.839996,110.839996,0
1997-01-20,111.320000,111.320000,111.320000,111.320000,111.320000,0
1997-01-21,111.760002,111.760002,111.760002,111.760002,111.760002,0
1997-01-22,112.760002,112.760002,112.760002,112.760002,112.760002,0
1997-01-23,112.470001,112.470001,112.470001,112.470001,112.470001,0
1997-01-24,110.720001,110.720001,110.720001,110.720001,110.720001,0
1997-01-27,111.139999,111.139999,111.139999,111.139999,111.139999,0
1997-01-28,111.709999,111.709999,111.709999,111.709999,111.709999,0
1997-01-29,111.150002,111.150002,111.150002,111.150002,111.150002,0
1997-01-30,111.360001,111.360001,111.360001,111.360001,111.360001,0
1997-01-31,110.489998,110.489998,110.489998,110.489998,110.489998,0
1997-02-03,110.610001,110.610001,110.610001,110.610001,110.610001,0
1997-02-04,110.279999,110.279999,110.279999,110.279999,110.279999,0
1997-02-05,111.180000,111.180000,111.180000,111.180000,111.180000,0
1997-02-06,110.839996,110.839996,110.839996,110.839996,110.839996,0
1997-02-07,110.570000,110.570000,110.570000,110.570000,110.570000,0
1997-02-10,110.089996,110.089996,110.089996,110.089996,110.089996,0
1997-02-11,110.309998,110.309998,110.309998,110.309998,110.309998,0
1997-02-12,109.690002,109.690002,109.690002,109.690002,109.690002,0
1997-02-13,110.750000,110.750000,110.750000,110.750000,110.750000,0
1997-02-14,111.309998,111.309998,111.309998,111.309998,111.309998,0
1997-02-18,110.750000,110.750000,110.750000,110.750000,110.750000,0
1997-02-19,110.480003,110.480003,110.480003,110.480003,110.480003,0
1997-02-20,110.260002,110.260002,110.260002,110.260002,110.260002,0
1997-02-21,111.480003,111.480003,111.480003,111.480003,111.480003,0
1997-02-24,111.599998,111.599998,111.599998,111.599998,111.599998,0
1997-02-25,111.320000,111.320000,111.320000,111.320000,111.320000,0
1997-02-26,109.050003,109.050003,109.050003,109.050003,109.050003,0
1997-02-27,108.930000,108.930000,108.930000,108.930000,108.930000,0
1997-02-28,109.260002,109.260002,109.260002,109.260002,109.260002,0
1997-03-03,108.489998,108.489998,108.489998,108.489998,108.489998,0
1997-03-04,108.669998,108.669998,108.669998,108.669998,108.669998,0
1997-03-05,108.910004,108.910004,108.910004,108.910004,108.910004,0
1997-03-06,109.129997,109.129997,109.129997,109.129997,109.129997,0
1997-03-07,108.730003,108.730003,108.730003,108.730003,108.730003,0
1997-03-10,108.980003,108.980003,108.980003,108.980003,108.980003,0
1997-03-11,108.989998,108.989998,108.989998,108.989998,108.989998,0
1997-03-12,108.430000,108.430000,108.430000,108.430000,108.430000,0
1997-03-13,107.870003,107.870003,107.870003,107.870003,107.870003,0
1997-03-14,107.620003,107.620003,107.620003,107.620003,107.620003,0
1997-03-17,109.330002,109.330002,109.330002,109.330002,109.330002,0
1997-03-18,108.610001,108.610001,108.610001,108.610001,108.610001,0
1997-03-19,108.760002,108.760002,108.760002,108.760002,108.760002,0
1997-03-20,108.599998,108.599998,108.599998,108.599998,108.599998,0
1997-03-21,108.449997,108.449997,108.449997,108.449997,108.449997,0
1997-03-24,108.989998,108.989998,108.989998,108.989998,108.989998,0
1997-03-25,108.830002,108.830002,108.830002,108.830002,108.830002,0
1997-03-26,108.910004,108.910004,108.910004,108.910004,108.910004,0
1997-03-27,108.349998,108.349998,108.349998,108.349998,108.349998,0
1997-03-31,106.980003,106.980003,106.980003,106.980003,106.980003,0
1997-04-01,107.959999,107.959999,107.959999,107.959999,107.959999,0
1997-04-02,107.470001,107.470001,107.470001,107.470001,107.470001,0
1997-04-03,107.800003,107.800003,107.800003,107.800003,107.800003,0
1997-04-04,108.080002,108.080002,108.080002,108.080002,108.080002,0
1997-04-07,107.349998,107.349998,107.349998,107.349998,107.349998,0
1997-04-08,108.339996,108.339996,108.339996,108.339996,108.339996,0
1997-04-09,108.610001,108.610001,108.610001,108.610001,108.610001,0
1997-04-10,107.940002,107.940002,107.940002,107.940002,107.940002,0
1997-04-11,106.529999,106.529999,106.529999,106.529999,106.529999,0
1997-04-14,107.320000,107.320000,107.320000,107.320000,107.320000,0
1997-04-15,108.820000,108.820000,108.820000,108.820000,108.820000,0
1997-04-16,108.910004,108.910004,108.910004,108.910004,108.910004,0
1997-04-17,110.419998,110.419998,110.419998,110.419998,110.419998,0
1997-04-18,110.360001,110.360001,110.360001,110.360001,110.360001,0
1997-04-21,111.389999,111.389999,111.389999,111.389999,111.389999,0
1997-04-22,113.089996,113.089996,113.089996,113.089996,113.089996,0
1997-04-23,112.550003,112.550003,112.550003,112.550003,112.550003,0
1997-04-24,112.160004,112.160004,112.160004,112.160004,112.160004,0
1997-04-25,112.199997,112.199997,112.199997,112.199997,112.199997,0
1997-04-28,111.389999,111.389999,111.389999,111.389999,111.389999,0
1997-04-29,111.570000,111.570000,111.570000,111.570000,111.570000,0
1997-04-30,111.930000,111.930000,111.930000,111.930000,111.930000,0
1997-05-01,111.550003,111.550003,111.550003,111.550003,111.550003,0
1997-05-02,110.620003,110.620003,110.620003,110.620003,110.620003,0
1997-05-05,110.680000,110.680000,110.680000,110.680000,110.680000,0
1997-05-06,111.000000,111.000000,111.000000,111.000000,111.000000,0
1997-05-07,108.389999,108.389999,108.389999,108.389999,108.389999,0
1997-05-08,107.500000,107.500000,107.500000,107.500000,107.500000,0
1997-05-09,107.190002,107.190002,107.190002,107.190002,107.190002,0
1997-05-12,106.230003,106.230003,106.230003,106.230003,106.230003,0
1997-05-13,107.220001,107.220001,107.220001,107.220001,107.220001,0
1997-05-14,106.360001,106.360001,106.360001,106.360001,106.360001,0
1997-05-15,106.550003,106.550003,106.550003,106.550003,106.550003,0
1997-05-16,107.080002,107.080002,107.080002,107.080002,107.080002,0
1997-05-19,108.040001,108.040001,108.040001,108.040001,108.040001,0
1997-05-20,106.849998,106.849998,106.849998,106.849998,106.849998,0
1997-05-21,106.510002,106.510002,106.510002,106.510002,106.510002,0
1997-05-22,105.620003,105.620003,105.620003,105.620003,105.620003,0
1997-05-23,105.129997,105.129997,105.129997,105.129997,105.129997,0
1997-05-27,105.029999,105.029999,105.029999,105.029999,105.029999,0
1997-05-28,105.930000,105.930000,105.930000,105.930000,105.930000,0
1997-05-29,105.080002,105.080002,105.080002,105.080002,105.080002,0
1997-05-30,104.889999,104.889999,104.889999,104.889999,104.889999,0
1997-06-02,104.889999,104.889999,104.889999,104.889999,104.889999,0
1997-06-03,104.849998,104.849998,104.849998,104.849998,104.849998,0
1997-06-04,104.839996,104.839996,104.839996,104.839996,104.839996,0
1997-06-05,105.110001,105.110001,105.110001,105.110001,105.110001,0
1997-06-06,105.970001,105.970001,105.970001,105.970001,105.970001,0
1997-06-09,106.660004,106.660004,106.660004,106.660004,106.660004,0
1997-06-10,107.650002,107.650002,107.650002,107.650002,107.650002,0
1997-06-11,108.400002,108.400002,108.400002,108.400002,108.400002,0
1997-06-12,111.639999,111.639999,111.639999,111.639999,111.639999,0
1997-06-13,110.610001,110.610001,110.610001,110.610001,110.610001,0
1997-06-16,110.769997,110.769997,110.769997,110.769997,110.769997,0
1997-06-17,107.330002,107.330002,107.330002,107.330002,107.330002,0
1997-06-18,107.269997,107.269997,107.269997,107.269997,107.269997,0
1997-06-19,107.510002,107.510002,107.510002,107.510002,107.510002,0
1997-06-20,106.180000,106.180000,106.180000,106.180000,106.180000,0
1997-06-23,104.309998,104.309998,104.309998,104.309998,104.309998,0
1997-06-24,106.250000,106.250000,106.250000,106.250000,106.250000,0
1997-06-25,105.940002,105.940002,105.940002,105.940002,105.940002,0
1997-06-26,105.879997,105.879997,105.879997,105.879997,105.879997,0
1997-06-27,106.620003,106.620003,106.620003,106.620003,106.620003,0
1997-06-30,105.809998,105.809998,105.809998,105.809998,105.809998,0
1997-07-01,107.449997,107.449997,107.449997,107.449997,107.449997,0
1997-07-02,108.180000,108.180000,108.180000,108.180000,108.180000,0
1997-07-03,109.129997,109.129997,109.129997,109.129997,109.129997,0
1997-07-07,107.790001,107.790001,107.790001,107.790001,107.790001,0
1997-07-08,108.550003,108.550003,108.550003,108.550003,108.550003,0
1997-07-09,107.800003,107.800003,107.800003,107.800003,107.800003,0
1997-07-10,108.660004,108.660004,108.660004,108.660004,108.660004,0
1997-07-11,108.809998,108.809998,108.809998,108.809998,108.809998,0
1997-07-14,109.230003,109.230003,109.230003,109.230003,109.230003,0
1997-07-15,111.059998,111.059998,111.059998,111.059998,111.059998,0
1997-07-16,108.669998,108.669998,108.669998,108.669998,108.669998,0
1997-07-17,108.089996,108.089996,108.089996,108.089996,108.089996,0
1997-07-18,106.739998,106.739998,106.739998,106.739998,106.739998,0
1997-07-21,107.349998,107.349998,107.349998,107.349998,107.349998,0
1997-07-22,110.790001,110.790001,110.790001,110.790001,110.790001,0
1997-07-23,109.489998,109.489998,109.489998,109.489998,109.489998,0
1997-07-24,109.190002,109.190002,109.190002,109.190002,109.190002,0
1997-07-25,110.150002,110.150002,110.150002,110.150002,110.150002,0
1997-07-28,109.419998,109.419998,109.419998,109.419998,109.419998,0
1997-07-29,109.529999,109.529999,109.529999,109.529999,109.529999,0
1997-07-30,111.230003,111.230003,111.230003,111.230003,111.230003,0
1997-07-31,111.879997,111.879997,111.879997,111.879997,111.879997,0
1997-08-01,110.099998,110.099998,110.099998,110.099998,110.099998,0
1997-08-04,109.070000,109.070000,109.070000,109.070000,109.070000,0
1997-08-05,107.680000,107.680000,107.680000,107.680000,107.680000,0
1997-08-06,107.650002,107.650002,107.650002,107.650002,107.650002,0
1997-08-07,108.040001,108.040001,108.040001,108.040001,108.040001,0
1997-08-08,108.410004,108.410004,108.410004,108.410004,108.410004,0
1997-08-11,107.540001,107.540001,107.540001,107.540001,107.540001,0
1997-08-12,109.349998,109.349998,109.349998,109.349998,109.349998,0
1997-08-13,109.639999,109.639999,109.639999,109.639999,109.639999,0
1997-08-14,109.110001,109.110001,109.110001,109.110001,109.110001,0
1997-08-15,108.160004,108.160004,108.160004,108.160004,108.160004,0
1997-08-18,111.349998,111.349998,111.349998,111.349998,111.349998,0
1997-08-19,110.290001,110.290001,110.290001,110.290001,110.290001,0
1997-08-20,110.669998,110.669998,110.669998,110.669998,110.669998,0
1997-08-21,109.849998,109.849998,109.849998,109.849998,109.849998,0
1997-08-22,112.250000,112.250000,112.250000,112.250000,112.250000,0
1997-08-25,109.570000,109.570000,109.570000,109.570000,109.570000,0
1997-08-26,108.599998,108.599998,108.599998,108.599998,108.599998,0
1997-08-27,109.370003,109.370003,109.370003,109.370003,109.370003,0
1997-08-28,109.110001,109.110001,109.110001,109.110001,109.110001,0
1997-08-29,109.239998,109.239998,109.239998,109.239998,109.239998,0
1997-09-02,109.660004,109.660004,109.660004,109.660004,109.660004,0
1997-09-03,108.120003,108.120003,108.120003,108.120003,108.120003,0
1997-09-04,108.680000,108.680000,108.680000,108.680000,108.680000,0
1997-09-05,108.900002,108.900002,108.900002,108.900002,108.900002,0
1997-09-08,108.220001,108.220001,108.220001,108.220001,108.220001,0
1997-09-09,108.989998,108.989998,108.989998,108.989998,108.989998,0
1997-09-10,109.629997,109.629997,109.629997,109.629997,109.629997,0
1997-09-11,110.180000,110.180000,110.180000,110.180000,110.180000,0
1997-09-12,111.040001,111.040001,111.040001,111.040001,111.040001,0
1997-09-15,110.180000,110.180000,110.180000,110.180000,110.180000,0
1997-09-16,111.970001,111.970001,111.970001,111.970001,111.970001,0
1997-09-17,112.059998,112.059998,112.059998,112.059998,112.059998,0
1997-09-18,112.389999,112.389999,112.389999,112.389999,112.389999,0
1997-09-19,115.519997,115.519997,115.519997,115.519997,115.519997,0
1997-09-22,116.019997,116.019997,116.019997,116.019997,116.019997,0
1997-09-23,115.540001,115.540001,115.540001,115.540001,115.540001,0
1997-09-24,114.540001,114.540001,114.540001,114.540001,114.540001,0
1997-09-25,113.629997,113.629997,113.629997,113.629997,113.629997,0
1997-09-26,113.040001,113.040001,113.040001,113.040001,113.040001,0
1997-09-29,113.029999,113.029999,113.029999,113.029999,113.029999,0
1997-09-30,112.510002,112.510002,112.510002,112.510002,112.510002,0
1997-10-01,114.589996,114.589996,114.589996,114.589996,114.589996,0
1997-10-02,115.419998,115.419998,115.419998,115.419998,115.419998,0
1997-10-03,115.279999,115.279999,115.279999,115.279999,115.279999,0
1997-10-06,114.589996,114.589996,114.589996,114.589996,114.589996,0
1997-10-07,114.769997,114.769997,114.769997,114.769997,114.769997,0
1997-10-08,113.839996,113.839996,113.839996,113.839996,113.839996,0
1997-10-09,113.669998,113.669998,113.669998,113.669998,113.669998,0
1997-10-10,115.260002,115.260002,115.260002,115.260002,115.260002,0
1997-10-13,113.339996,113.339996,113.339996,113.339996,113.339996,0
1997-10-14,113.339996,113.339996,113.339996,113.339996,113.339996,0
1997-10-15,112.220001,112.220001,112.220001,112.220001,112.220001,0
1997-10-16,113.070000,113.070000,113.070000,113.070000,113.070000,0
1997-10-17,111.989998,111.989998,111.989998,111.989998,111.989998,0
1997-10-20,112.419998,112.419998,112.419998,112.419998,112.419998,0
1997-10-21,112.779999,112.779999,112.779999,112.779999,112.779999,0
1997-10-22,110.349998,110.349998,110.349998,110.349998,110.349998,0
1997-10-23,114.010002,114.010002,114.010002,114.010002,114.010002,0
1997-10-24,111.910004,111.910004,111.910004,111.910004,111.910004,0
1997-10-27,104.089996,104.089996,104.089996,104.089996,104.089996,0
1997-10-28,117.959999,117.959999,117.959999,117.959999,117.959999,0
1997-10-29,122.339996,122.339996,122.339996,122.339996,122.339996,0
1997-10-30,119.830002,119.830002,119.830002,119.830002,119.830002,0
1997-10-31,120.820000,120.820000,120.820000,120.820000,120.820000,0
1997-11-03,125.480003,125.480003,125.480003,125.480003,125.480003,0
1997-11-04,125.110001,125.110001,125.110001,125.110001,125.110001,0
1997-11-05,125.320000,125.320000,125.320000,125.320000,125.320000,0
1997-11-06,123.370003,123.370003,123.370003,123.370003,123.370003,0
1997-11-07,122.010002,122.010002,122.010002,122.010002,122.010002,0
1997-11-10,123.599998,123.599998,123.599998,123.599998,123.599998,0
1997-11-11,123.480003,123.480003,123.480003,123.480003,123.480003,0
1997-11-12,121.470001,121.470001,121.470001,121.470001,121.470001,0
1997-11-13,122.410004,122.410004,122.410004,122.410004,122.410004,0
1997-11-14,121.620003,121.620003,121.620003,121.620003,121.620003,0
1997-11-17,125.339996,125.339996,125.339996,125.339996,125.339996,0
1997-11-18,122.349998,122.349998,122.349998,122.349998,122.349998,0
1997-11-19,125.800003,125.800003,125.800003,125.800003,125.800003,0
1997-11-20,125.470001,125.470001,125.470001,125.470001,125.470001,0
1997-11-21,125.720001,125.720001,125.720001,125.720001,125.720001,0
1997-11-24,123.809998,123.809998,123.809998,123.809998,123.809998,0
1997-11-25,124.580002,124.580002,124.580002,124.580002,124.580002,0
1997-11-26,120.480003,120.480003,120.480003,120.480003,120.480003,0
1997-11-28,120.580002,120.580002,120.580002,120.580002,120.580002,0
1997-12-01,119.910004,119.910004,119.910004,119.910004,119.910004,0
1997-12-02,119.540001,119.540001,119.540001,119.540001,119.540001,0
1997-12-03,119.599998,119.599998,119.599998,119.599998,119.599998,0
1997-12-04,119.970001,119.970001,119.970001,119.970001,119.970001,0
1997-12-05,119.790001,119.790001,119.790001,119.790001,119.790001,0
1997-12-08,120.550003,120.550003,120.550003,120.550003,120.550003,0
1997-12-09,121.199997,121.199997,121.199997,121.199997,121.199997,0
1997-12-10,121.559998,121.559998,121.559998,121.559998,121.559998,0
1997-12-11,134.320007,134.320007,134.320007,134.320007,134.320007,0
1997-12-12,135.039993,135.039993,135.039993,135.039993,135.039993,0
1997-12-15,120.070000,120.070000,120.070000,120.070000,120.070000,0
1997-12-16,121.180000,121.180000,121.180000,121.180000,121.180000,0
1997-12-17,121.930000,121.930000,121.930000,121.930000,121.930000,0
1997-12-18,119.839996,119.839996,119.839996,119.839996,119.839996,0
1997-12-19,120.000000,120.000000,120.000000,120.000000,120.000000,0
1997-12-22,119.470001,119.470001,119.470001,119.470001,119.470001,0
1997-12-23,118.070000,118.070000,118.070000,118.070000,118.070000,0
1997-12-24,117.430000,117.430000,117.430000,117.430000,117.430000,0
1997-12-26,117.230003,117.230003,117.230003,117.230003,117.230003,0
1997-12-29,118.910004,118.910004,118.910004,118.910004,118.910004,0
1997-12-30,119.620003,119.620003,119.620003,119.620003,119.620003,0
1997-12-31,119.620003,119.620003,119.620003,119.620003,119.620003,0
1998-01-02,121.989998,121.989998,121.989998,121.989998,121.989998,0
1998-01-05,120.839996,120.839996,120.839996,120.839996,120.839996,0
1998-01-06,119.610001,119.610001,119.610001,119.610001,119.610001,0
1998-01-07,119.730003,119.730003,119.730003,119.730003,119.730003,0
1998-01-08,118.269997,118.269997,118.269997,118.269997,118.269997,0
1998-01-09,124.279999,124.279999,124.279999,124.279999,124.279999,0
1998-01-12,115.389999,115.389999,115.389999,115.389999,115.389999,0
1998-01-13,116.900002,116.900002,116.900002,116.900002,116.900002,0
1998-01-14,118.989998,118.989998,118.989998,118.989998,118.989998,0
1998-01-15,118.610001,118.610001,118.610001,118.610001,118.610001,0
1998-01-16,120.720001,120.720001,120.720001,120.720001,120.720001,0
1998-01-20,120.610001,120.610001,120.610001,120.610001,120.610001,0
1998-01-21,121.889999,121.889999,121.889999,121.889999,121.889999,0
1998-01-22,120.820000,120.820000,120.820000,120.820000,120.820000,0
1998-01-23,121.599998,121.599998,121.599998,121.599998,121.599998,0
1998-01-26,121.680000,121.680000,121.680000,121.680000,121.680000,0
1998-01-27,122.559998,122.559998,122.559998,122.559998,122.559998,0
1998-01-28,123.220001,123.220001,123.220001,123.220001,123.220001,0
1998-01-29,122.739998,122.739998,122.739998,122.739998,122.739998,0
1998-01-30,123.599998,123.599998,123.599998,123.599998,123.599998,0
1998-02-02,121.010002,121.010002,121.010002,121.010002,121.010002,0
1998-02-03,119.160004,119.160004,119.160004,119.160004,119.160004,0
1998-02-04,116.669998,116.669998,116.669998,116.669998,116.669998,0
1998-02-05,119.000000,119.000000,119.000000,119.000000,119.000000,0
1998-02-06,114.480003,114.480003,114.480003,114.480003,114.480003,0
1998-02-09,116.900002,116.900002,116.900002,116.900002,116.900002,0
1998-02-10,118.279999,118.279999,118.279999,118.279999,118.279999,0
1998-02-11,119.190002,119.190002,119.190002,119.190002,119.190002,0
1998-02-12,119.099998,119.099998,119.099998,119.099998,119.099998,0
1998-02-13,121.250000,121.250000,121.250000,121.250000,121.250000,0
1998-02-17,119.230003,119.230003,119.230003,119.230003,119.230003,0
1998-02-18,121.040001,121.040001,121.040001,121.040001,121.040001,0
1998-02-19,120.800003,120.800003,120.800003,120.800003,120.800003,0
1998-02-20,122.190002,122.190002,122.190002,122.190002,122.190002,0
1998-02-23,120.470001,120.470001,120.470001,120.470001,120.470001,0
1998-02-24,116.580002,116.580002,116.580002,116.580002,116.580002,0
1998-02-25,119.459999,119.459999,119.459999,119.459999,119.459999,0
1998-02-26,117.779999,117.779999,117.779999,117.779999,117.779999,0
1998-02-27,118.360001,118.360001,118.360001,118.360001,118.360001,0
1998-03-02,116.620003,116.620003,116.620003,116.620003,116.620003,0
1998-03-03,117.529999,117.529999,117.529999,117.529999,117.529999,0
1998-03-04,116.190002,116.190002,116.190002,116.190002,116.190002,0
1998-03-05,117.129997,117.129997,117.129997,117.129997,117.129997,0
1998-03-06,116.139999,116.139999,116.139999,116.139999,116.139999,0
1998-03-09,115.050003,115.050003,115.050003,115.050003,115.050003,0
1998-03-10,116.820000,116.820000,116.820000,116.820000,116.820000,0
1998-03-11,117.690002,117.690002,117.690002,117.690002,117.690002,0
1998-03-12,120.599998,120.599998,120.599998,120.599998,120.599998,0
1998-03-13,119.949997,119.949997,119.949997,119.949997,119.949997,0
1998-03-16,119.110001,119.110001,119.110001,119.110001,119.110001,0
1998-03-17,119.480003,119.480003,119.480003,119.480003,119.480003,0
1998-03-18,120.599998,120.599998,120.599998,120.599998,120.599998,0
1998-03-19,122.010002,122.010002,122.010002,122.010002,122.010002,0
1998-03-20,122.070000,122.070000,122.070000,122.070000,122.070000,0
1998-03-23,122.290001,122.290001,122.290001,122.290001,122.290001,0
1998-03-24,122.050003,122.050003,122.050003,122.050003,122.050003,0
1998-03-25,120.620003,120.620003,120.620003,120.620003,120.620003,0
1998-03-26,118.550003,118.550003,118.550003,118.550003,118.550003,0
1998-03-27,118.309998,118.309998,118.309998,118.309998,118.309998,0
1998-03-30,119.529999,119.529999,119.529999,119.529999,119.529999,0
1998-03-31,119.000000,119.000000,119.000000,119.000000,119.000000,0
1998-04-01,120.349998,120.349998,120.349998,120.349998,120.349998,0
1998-04-02,119.169998,119.169998,119.169998,119.169998,119.169998,0
1998-04-03,120.169998,120.169998,120.169998,120.169998,120.169998,0
1998-04-06,116.870003,116.870003,116.870003,116.870003,116.870003,0
1998-04-07,117.989998,117.989998,117.989998,117.989998,117.989998,0
1998-04-08,119.160004,119.160004,119.160004,119.160004,119.160004,0
1998-04-09,119.309998,119.309998,119.309998,119.309998,119.309998,0
1998-04-13,118.830002,118.830002,118.830002,118.830002,118.830002,0
1998-04-14,119.059998,119.059998,119.059998,119.059998,119.059998,0
1998-04-15,119.800003,119.800003,119.800003,119.800003,119.800003,0
1998-04-16,118.290001,118.290001,118.290001,118.290001,118.290001,0
1998-04-17,120.129997,120.129997,120.129997,120.129997,120.129997,0
1998-04-20,119.500000,119.500000,119.500000,119.500000,119.500000,0
1998-04-21,118.779999,118.779999,118.779999,118.779999,118.779999,0
1998-04-22,120.300003,120.300003,120.300003,120.300003,120.300003,0
1998-04-23,118.739998,118.739998,118.739998,118.739998,118.739998,0
1998-04-24,118.139999,118.139999,118.139999,118.139999,118.139999,0
1998-04-27,120.660004,120.660004,120.660004,120.660004,120.660004,0
1998-04-28,117.989998,117.989998,117.989998,117.989998,117.989998,0
1998-04-29,117.529999,117.529999,117.529999,117.529999,117.529999,0
1998-04-30,119.400002,119.400002,119.400002,119.400002,119.400002,0
1998-05-01,121.879997,121.879997,121.879997,121.879997,121.879997,0
1998-05-04,117.760002,117.760002,117.760002,117.760002,117.760002,0
1998-05-05,117.550003,117.550003,117.550003,117.550003,117.550003,0
1998-05-06,118.150002,118.150002,118.150002,118.150002,118.150002,0
1998-05-07,116.760002,116.760002,116.760002,116.760002,116.760002,0
1998-05-08,118.720001,118.720001,118.720001,118.720001,118.720001,0
1998-05-11,120.190002,120.190002,120.190002,120.190002,120.190002,0
1998-05-12,124.110001,124.110001,124.110001,124.110001,124.110001,0
1998-05-13,125.300003,125.300003,125.300003,125.300003,125.300003,0
1998-05-14,125.559998,125.559998,125.559998,125.559998,125.559998,0
1998-05-15,123.790001,123.790001,123.790001,123.790001,123.790001,0
1998-05-18,125.669998,125.669998,125.669998,125.669998,125.669998,0
1998-05-19,124.779999,124.779999,124.779999,124.779999,124.779999,0
1998-05-20,123.050003,123.050003,123.050003,123.050003,123.050003,0
1998-05-21,122.360001,122.360001,122.360001,122.360001,122.360001,0
1998-05-22,122.489998,122.489998,122.489998,122.489998,122.489998,0
1998-05-26,118.550003,118.550003,118.550003,118.550003,118.550003,0
1998-05-27,122.639999,122.639999,122.639999,122.639999,122.639999,0
1998-05-28,120.199997,120.199997,120.199997,120.199997,120.199997,0
1998-05-29,118.269997,118.269997,118.269997,118.269997,118.269997,0
1998-06-01,119.309998,119.309998,119.309998,119.309998,119.309998,0
1998-06-02,118.550003,118.550003,118.550003,118.550003,118.550003,0
1998-06-03,116.779999,116.779999,116.779999,116.779999,116.779999,0
1998-06-04,118.820000,118.820000,118.820000,118.820000,118.820000,0
1998-06-05,119.750000,119.750000,119.750000,119.750000,119.750000,0
1998-06-08,119.010002,119.010002,119.010002,119.010002,119.010002,0
1998-06-09,120.339996,120.339996,120.339996,120.339996,120.339996,0
1998-06-10,119.690002,119.690002,119.690002,119.690002,119.690002,0
1998-06-11,119.669998,119.669998,119.669998,119.669998,119.669998,0
1998-06-12,122.160004,122.160004,122.160004,122.160004,122.160004,0
1998-06-15,119.889999,119.889999,119.889999,119.889999,119.889999,0
1998-06-16,120.120003,120.120003,120.120003,120.120003,120.120003,0
1998-06-17,122.970001,122.970001,122.970001,122.970001,122.970001,0
1998-06-18,123.089996,123.089996,123.089996,123.089996,123.089996,0
1998-06-19,122.720001,122.720001,122.720001,122.720001,122.720001,0
1998-06-22,121.879997,121.879997,121.879997,121.879997,121.879997,0
1998-06-23,123.300003,123.300003,123.300003,123.300003,123.300003,0
1998-06-24,121.779999,121.779999,121.779999,121.779999,121.779999,0
1998-06-25,123.010002,123.010002,123.010002,123.010002,123.010002,0
1998-06-26,124.800003,124.800003,124.800003,124.800003,124.800003,0
1998-06-29,123.220001,123.220001,123.220001,123.220001,123.220001,0
1998-07-01,125.820000,125.820000,125.820000,125.820000,125.820000,0
1998-07-02,129.970001,129.970001,129.970001,129.970001,129.970001,0
1998-07-06,120.430000,120.430000,120.430000,120.430000,120.430000,0
1998-07-07,122.550003,122.550003,122.550003,122.550003,122.550003,0
1998-07-08,122.250000,122.250000,122.250000,122.250000,122.250000,0
1998-07-09,124.000000,124.000000,124.000000,124.000000,124.000000,0
1998-07-10,118.790001,118.790001,118.790001,118.790001,118.790001,0
1998-07-13,118.190002,118.190002,118.190002,118.190002,118.190002,0
1998-07-14,122.400002,122.400002,122.400002,122.400002,122.400002,0
1998-07-15,122.879997,122.879997,122.879997,122.879997,122.879997,0
1998-07-16,117.800003,117.800003,117.800003,117.800003,117.800003,0
1998-07-17,118.400002,118.400002,118.400002,118.400002,118.400002,0
1998-07-20,119.180000,119.180000,119.180000,119.180000,119.180000,0
1998-07-21,122.910004,122.910004,122.910004,122.910004,122.910004,0
1998-07-22,124.639999,124.639999,124.639999,124.639999,124.639999,0
1998-07-23,120.910004,120.910004,120.910004,120.910004,120.910004,0
1998-07-24,120.779999,120.779999,120.779999,120.779999,120.779999,0
1998-07-27,120.669998,120.669998,120.669998,120.669998,120.669998,0
1998-07-28,123.129997,123.129997,123.129997,123.129997,123.129997,0
1998-07-29,120.550003,120.550003,120.550003,120.550003,120.550003,0
1998-07-30,124.300003,124.300003,124.300003,124.300003,124.300003,0
1998-07-31,121.209999,121.209999,121.209999,121.209999,121.209999,0
1998-08-03,120.699997,120.699997,120.699997,120.699997,120.699997,0
1998-08-04,118.720001,118.720001,118.720001,118.720001,118.720001,0
1998-08-05,121.169998,121.169998,121.169998,121.169998,121.169998,0
1998-08-06,121.620003,121.620003,121.620003,121.620003,121.620003,0
1998-08-07,122.980003,122.980003,122.980003,122.980003,122.980003,0
1998-08-10,121.209999,121.209999,121.209999,121.209999,121.209999,0
1998-08-11,122.769997,122.769997,122.769997,122.769997,122.769997,0
1998-08-12,121.230003,121.230003,121.230003,121.230003,121.230003,0
1998-08-13,121.589996,121.589996,121.589996,121.589996,121.589996,0
1998-08-14,122.790001,122.790001,122.790001,122.790001,122.790001,0
1998-08-17,124.099998,124.099998,124.099998,124.099998,124.099998,0
1998-08-18,128.229996,128.229996,128.229996,128.229996,128.229996,0
1998-08-19,125.620003,125.620003,125.620003,125.620003,125.620003,0
1998-08-20,124.919998,124.919998,124.919998,124.919998,124.919998,0
1998-08-21,125.080002,125.080002,125.080002,125.080002,125.080002,0
1998-08-24,126.709999,126.709999,126.709999,126.709999,126.709999,0
1998-08-25,127.129997,127.129997,127.129997,127.129997,127.129997,0
1998-08-26,125.070000,125.070000,125.070000,125.070000,125.070000,0
1998-08-27,118.879997,118.879997,118.879997,118.879997,118.879997,0
1998-08-28,118.250000,118.250000,118.250000,118.250000,118.250000,0
1998-08-31,118.839996,118.839996,118.839996,118.839996,118.839996,0
1998-09-01,124.330002,124.330002,124.330002,124.330002,124.330002,0
1998-09-02,122.910004,122.910004,122.910004,122.910004,122.910004,0
1998-09-03,122.730003,122.730003,122.730003,122.730003,122.730003,0
1998-09-04,123.480003,123.480003,123.480003,123.480003,123.480003,0
1998-09-08,127.199997,127.199997,127.199997,127.199997,127.199997,0
1998-09-09,126.650002,126.650002,126.650002,126.650002,126.650002,0
1998-09-10,122.059998,122.059998,122.059998,122.059998,122.059998,0
1998-09-11,126.669998,126.669998,126.669998,126.669998,126.669998,0
1998-09-14,136.289993,136.289993,136.289993,136.289993,136.289993,0
1998-09-15,134.669998,134.669998,134.669998,134.669998,134.669998,0
1998-09-16,134.610001,134.610001,134.610001,134.610001,134.610001,0
1998-09-17,129.399994,129.399994,129.399994,129.399994,129.399994,0
1998-09-18,128.300003,128.300003,128.300003,128.300003,128.300003,0
1998-09-21,127.360001,127.360001,127.360001,127.360001,127.360001,0
1998-09-22,118.290001,118.290001,118.290001,118.290001,118.290001,0
1998-09-23,122.870003,122.870003,122.870003,122.870003,122.870003,0
1998-09-24,119.800003,119.800003,119.800003,119.800003,119.800003,0
1998-09-25,119.070000,119.070000,119.070000,119.070000,119.070000,0
1998-09-28,119.320000,119.320000,119.320000,119.320000,119.320000,0
1998-09-29,121.209999,121.209999,121.209999,121.209999,121.209999,0
1998-09-30,117.570000,117.570000,117.570000,117.570000,117.570000,0
1998-10-01,114.540001,114.540001,114.540001,114.540001,114.540001,0
1998-10-02,115.150002,115.150002,115.150002,115.150002,115.150002,0
1998-10-05,113.730003,113.730003,113.730003,113.730003,113.730003,0
1998-10-06,113.080002,113.080002,113.080002,113.080002,113.080002,0
1998-10-07,118.830002,118.830002,118.830002,118.830002,118.830002,0
1998-10-08,118.000000,118.000000,118.000000,118.000000,118.000000,0
1998-10-09,119.279999,119.279999,119.279999,119.279999,119.279999,0
1998-10-12,130.470001,130.470001,130.470001,130.470001,130.470001,0
1998-10-13,130.520004,130.520004,130.520004,130.520004,130.520004,0
1998-10-14,133.270004,133.270004,133.270004,133.270004,133.270004,0
1998-10-15,136.009995,136.009995,136.009995,136.009995,136.009995,0
1998-10-16,146.220001,146.220001,146.220001,146.220001,146.220001,0
1998-10-19,120.470001,120.470001,120.470001,120.470001,120.470001,0
1998-10-20,120.459999,120.459999,120.459999,120.459999,120.459999,0
1998-10-21,122.120003,122.120003,122.120003,122.120003,122.120003,0
1998-10-22,123.470001,123.470001,123.470001,123.470001,123.470001,0
1998-10-23,122.480003,122.480003,122.480003,122.480003,122.480003,0
1998-10-26,124.870003,124.870003,124.870003,124.870003,124.870003,0
1998-10-27,124.290001,124.290001,124.290001,124.290001,124.290001,0
1998-10-28,125.330002,125.330002,125.330002,125.330002,125.330002,0
1998-10-29,130.289993,130.289993,130.289993,130.289993,130.289993,0
1998-10-30,129.979996,129.979996,129.979996,129.979996,129.979996,0
1998-11-02,136.809998,136.809998,136.809998,136.809998,136.809998,0
1998-11-03,126.919998,126.919998,126.919998,126.919998,126.919998,0
1998-11-04,128.500000,128.500000,128.500000,128.500000,128.500000,0
1998-11-05,126.830002,126.830002,126.830002,126.830002,126.830002,0
1998-11-06,129.389999,129.389999,129.389999,129.389999,129.389999,0
1998-11-09,126.029999,126.029999,126.029999,126.029999,126.029999,0
1998-11-10,122.959999,122.959999,122.959999,122.959999,122.959999,0
1998-11-11,124.089996,124.089996,124.089996,124.089996,124.089996,0
1998-11-12,122.430000,122.430000,122.430000,122.430000,122.430000,0
1998-11-13,123.860001,123.860001,123.860001,123.860001,123.860001,0
1998-11-16,126.199997,126.199997,126.199997,126.199997,126.199997,0
1998-11-17,127.360001,127.360001,127.360001,127.360001,127.360001,0
1998-11-18,125.029999,125.029999,125.029999,125.029999,125.029999,0
1998-11-19,135.149994,135.149994,135.149994,135.149994,135.149994,0
1998-11-20,131.839996,131.839996,131.839996,131.839996,131.839996,0
1998-11-23,128.389999,128.389999,128.389999,128.389999,128.389999,0
1998-11-24,121.379997,121.379997,121.379997,121.379997,121.379997,0
1998-11-25,129.389999,129.389999,129.389999,129.389999,129.389999,0
1998-11-27,122.430000,122.430000,122.430000,122.430000,122.430000,0
1998-11-30,121.519997,121.519997,121.519997,121.519997,121.519997,0
1998-12-01,120.730003,120.730003,120.730003,120.730003,120.730003,0
1998-12-02,122.300003,122.300003,122.300003,122.300003,122.300003,0
1998-12-03,119.290001,119.290001,119.290001,119.290001,119.290001,0
1998-12-04,120.790001,120.790001,120.790001,120.790001,120.790001,0
1998-12-07,120.580002,120.580002,120.580002,120.580002,120.580002,0
1998-12-08,120.160004,120.160004,120.160004,120.160004,120.160004,0
1998-12-09,121.680000,121.680000,121.680000,121.680000,121.680000,0
1998-12-10,120.300003,120.300003,120.300003,120.300003,120.300003,0
1998-12-11,120.489998,120.489998,120.489998,120.489998,120.489998,0
1998-12-14,118.080002,118.080002,118.080002,118.080002,118.080002,0
1998-12-15,120.669998,120.669998,120.669998,120.669998,120.669998,0
1998-12-16,119.379997,119.379997,119.379997,119.379997,119.379997,0
1998-12-17,121.000000,121.000000,121.000000,121.000000,121.000000,0
1998-12-18,123.330002,123.330002,123.330002,123.330002,123.330002,0
1998-12-21,127.730003,127.730003,127.730003,127.730003,127.730003,0
1998-12-22,128.699997,128.699997,128.699997,128.699997,128.699997,0
1998-12-23,123.930000,123.930000,123.930000,123.930000,123.930000,0
1998-12-24,120.650002,120.650002,120.650002,120.650002,120.650002,0
1998-12-28,125.019997,125.019997,125.019997,125.019997,125.019997,0
1998-12-29,121.900002,121.900002,121.900002,121.900002,121.900002,0
1998-12-30,119.779999,119.779999,119.779999,119.779999,119.779999,0
1998-12-31,124.459999,124.459999,124.459999,124.459999,124.459999,0
1999-01-04,118.279999,118.279999,118.279999,118.279999,118.279999,0
1999-01-05,118.930000,118.930000,118.930000,118.930000,118.930000,0
1999-01-06,116.550003,116.550003,116.550003,116.550003,116.550003,0
1999-01-07,119.220001,119.220001,119.220001,119.220001,119.220001,0
1999-01-08,121.019997,121.019997,121.019997,121.019997,121.019997,0
1999-01-11,120.209999,120.209999,120.209999,120.209999,120.209999,0
1999-01-12,119.500000,119.500000,119.500000,119.500000,119.500000,0
1999-01-13,117.610001,117.610001,117.610001,117.610001,117.610001,0
1999-01-14,115.830002,115.830002,115.830002,115.830002,115.830002,0
1999-01-15,120.430000,120.430000,120.430000,120.430000,120.430000,0
1999-01-19,119.220001,119.220001,119.220001,119.220001,119.220001,0
1999-01-20,120.190002,120.190002,120.190002,120.190002,120.190002,0
1999-01-21,117.620003,117.620003,117.620003,117.620003,117.620003,0
1999-01-22,119.320000,119.320000,119.320000,119.320000,119.320000,0
1999-01-25,118.620003,118.620003,118.620003,118.620003,118.620003,0
1999-01-26,120.019997,120.019997,120.019997,120.019997,120.019997,0
1999-01-27,116.250000,116.250000,116.250000,116.250000,116.250000,0
1999-01-28,118.459999,118.459999,118.459999,118.459999,118.459999,0
1999-01-29,119.230003,119.230003,119.230003,119.230003,119.230003,0
1999-02-01,118.750000,118.750000,118.750000,118.750000,118.750000,0
1999-02-02,117.370003,117.370003,117.370003,117.370003,117.370003,0
1999-02-03,116.099998,116.099998,116.099998,116.099998,116.099998,0
1999-02-04,115.250000,115.250000,115.250000,115.250000,115.250000,0
1999-02-05,115.510002,115.510002,115.510002,115.510002,115.510002,0
1999-02-08,114.599998,114.599998,114.599998,114.599998,114.599998,0
1999-02-09,113.349998,113.349998,113.349998,113.349998,113.349998,0
1999-02-10,114.910004,114.910004,114.910004,114.910004,114.910004,0
1999-02-11,117.629997,117.629997,117.629997,117.629997,117.629997,0
1999-02-12,116.290001,116.290001,116.290001,116.290001,116.290001,0
1999-02-16,115.449997,115.449997,115.449997,115.449997,115.449997,0
1999-02-17,114.550003,114.550003,114.550003,114.550003,114.550003,0
1999-02-18,115.150002,115.150002,115.150002,115.150002,115.150002,0
1999-02-19,115.400002,115.400002,115.400002,115.400002,115.400002,0
1999-02-22,117.059998,117.059998,117.059998,117.059998,117.059998,0
1999-02-23,117.110001,117.110001,117.110001,117.110001,117.110001,0
1999-02-24,116.150002,116.150002,116.150002,116.150002,116.150002,0
1999-02-25,115.629997,115.629997,115.629997,115.629997,115.629997,0
1999-02-26,114.879997,114.879997,114.879997,114.879997,114.879997,0
1999-03-01,115.379997,115.379997,115.379997,115.379997,115.379997,0
1999-03-02,114.480003,114.480003,114.480003,114.480003,114.480003,0
1999-03-03,114.610001,114.610001,114.610001,114.610001,114.610001,0
1999-03-04,115.290001,115.290001,115.290001,115.290001,115.290001,0
1999-03-05,115.830002,115.830002,115.830002,115.830002,115.830002,0
1999-03-08,116.419998,116.419998,116.419998,116.419998,116.419998,0
1999-03-09,115.529999,115.529999,115.529999,115.529999,115.529999,0
1999-03-10,115.430000,115.430000,115.430000,115.430000,115.430000,0
1999-03-11,114.489998,114.489998,114.489998,114.489998,114.489998,0
1999-03-12,113.949997,113.949997,113.949997,113.949997,113.949997,0
1999-03-15,115.480003,115.480003,115.480003,115.480003,115.480003,0
1999-03-16,114.519997,114.519997,114.519997,114.519997,114.519997,0
1999-03-17,114.629997,114.629997,114.629997,114.629997,114.629997,0
1999-03-18,114.470001,114.470001,114.470001,114.470001,114.470001,0
1999-03-19,114.970001,114.970001,114.970001,114.970001,114.970001,0
1999-03-22,114.419998,114.419998,114.419998,114.419998,114.419998,0
1999-03-23,112.589996,112.589996,112.589996,112.589996,112.589996,0
1999-03-24,112.760002,112.760002,112.760002,112.760002,112.760002,0
1999-03-25,114.769997,114.769997,114.769997,114.769997,114.769997,0
1999-03-26,114.720001,114.720001,114.720001,114.720001,114.720001,0
1999-03-29,114.730003,114.730003,114.730003,114.730003,114.730003,0
1999-03-30,115.239998,115.239998,115.239998,115.239998,115.239998,0
1999-03-31,114.019997,114.019997,114.019997,114.019997,114.019997,0
1999-04-01,112.349998,112.349998,112.349998,112.349998,112.349998,0
1999-04-05,114.750000,114.750000,114.750000,114.750000,114.750000,0
1999-04-06,114.599998,114.599998,114.599998,114.599998,114.599998,0
1999-04-07,113.769997,113.769997,113.769997,113.769997,113.769997,0
1999-04-08,113.190002,113.190002,113.190002,113.190002,113.190002,0
1999-04-09,115.900002,115.900002,115.900002,115.900002,115.900002,0
1999-04-12,112.860001,112.860001,112.860001,112.860001,112.860001,0
1999-04-13,112.519997,112.519997,112.519997,112.519997,112.519997,0
1999-04-14,112.540001,112.540001,112.540001,112.540001,112.540001,0
1999-04-15,113.070000,113.070000,113.070000,113.070000,113.070000,0
1999-04-16,113.860001,113.860001,113.860001,113.860001,113.860001,0
1999-04-19,113.199997,113.199997,113.199997,113.199997,113.199997,0
1999-04-20,112.839996,112.839996,112.839996,112.839996,112.839996,0
1999-04-21,114.989998,114.989998,114.989998,114.989998,114.989998,0
1999-04-22,115.379997,115.379997,115.379997,115.379997,115.379997,0
1999-04-23,115.839996,115.839996,115.839996,115.839996,115.839996,0
1999-04-26,115.610001,115.610001,115.610001,115.610001,115.610001,0
1999-04-27,116.820000,116.820000,116.820000,116.820000,116.820000,0
1999-04-28,116.010002,116.010002,116.010002,116.010002,116.010002,0
1999-04-29,115.570000,115.570000,115.570000,115.570000,115.570000,0
1999-04-30,116.250000,116.250000,116.250000,116.250000,116.250000,0
1999-05-03,116.599998,116.599998,116.599998,116.599998,116.599998,0
1999-05-04,116.599998,116.599998,116.599998,116.599998,116.599998,0
1999-05-05,117.529999,117.529999,117.529999,117.529999,117.529999,0
1999-05-06,116.860001,116.860001,116.860001,116.860001,116.860001,0
1999-05-07,116.900002,116.900002,116.900002,116.900002,116.900002,0
1999-05-10,116.570000,116.570000,116.570000,116.570000,116.570000,0
1999-05-11,116.760002,116.760002,116.760002,116.760002,116.760002,0
1999-05-12,117.120003,117.120003,117.120003,117.120003,117.120003,0
1999-05-13,117.690002,117.690002,117.690002,117.690002,117.690002,0
1999-05-14,116.769997,116.769997,116.769997,116.769997,116.769997,0
1999-05-17,115.620003,115.620003,115.620003,115.620003,115.620003,0
1999-05-18,118.430000,118.430000,118.430000,118.430000,118.430000,0
1999-05-19,117.949997,117.949997,117.949997,117.949997,117.949997,0
1999-05-20,118.860001,118.860001,118.860001,118.860001,118.860001,0
1999-05-21,118.430000,118.430000,118.430000,118.430000,118.430000,0
1999-05-24,116.940002,116.940002,116.940002,116.940002,116.940002,0
1999-05-25,117.550003,117.550003,117.550003,117.550003,117.550003,0
1999-05-26,118.250000,118.250000,118.250000,118.250000,118.250000,0
1999-05-27,117.389999,117.389999,117.389999,117.389999,117.389999,0
1999-05-28,117.980003,117.980003,117.980003,117.980003,117.980003,0
1999-06-01,114.570000,114.570000,114.570000,114.570000,114.570000,0
1999-06-02,116.330002,116.330002,116.330002,116.330002,116.330002,0
1999-06-03,116.059998,116.059998,116.059998,116.059998,116.059998,0
1999-06-04,116.260002,116.260002,116.260002,116.260002,116.260002,0
1999-06-07,116.849998,116.849998,116.849998,116.849998,116.849998,0
1999-06-08,116.930000,116.930000,116.930000,116.930000,116.930000,0
1999-06-09,116.610001,116.610001,116.610001,116.610001,116.610001,0
1999-06-10,115.470001,115.470001,115.470001,115.470001,115.470001,0
1999-06-11,115.449997,115.449997,115.449997,115.449997,115.449997,0
1999-06-14,114.589996,114.589996,114.589996,114.589996,114.589996,0
1999-06-15,116.260002,116.260002,116.260002,116.260002,116.260002,0
1999-06-16,117.250000,117.250000,117.250000,117.250000,117.250000,0
1999-06-17,118.410004,118.410004,118.410004,118.410004,118.410004,0
1999-06-18,119.470001,119.470001,119.470001,119.470001,119.470001,0
1999-06-21,119.089996,119.089996,119.089996,119.089996,119.089996,0
1999-06-22,118.739998,118.739998,118.739998,118.739998,118.739998,0
1999-06-23,119.440002,119.440002,119.440002,119.440002,119.440002,0
1999-06-24,118.360001,118.360001,118.360001,118.360001,118.360001,0
1999-06-25,118.480003,118.480003,118.480003,118.480003,118.480003,0
1999-06-28,119.040001,119.040001,119.040001,119.040001,119.040001,0
1999-06-29,118.080002,118.080002,118.080002,118.080002,118.080002,0
1999-06-30,120.120003,120.120003,120.120003,120.120003,120.120003,0
1999-07-01,120.800003,120.800003,120.800003,120.800003,120.800003,0
1999-07-02,120.440002,120.440002,120.440002,120.440002,120.440002,0
1999-07-06,119.269997,119.269997,119.269997,119.269997,119.269997,0
1999-07-07,120.459999,120.459999,120.459999,120.459999,120.459999,0
1999-07-08,119.080002,119.080002,119.080002,119.080002,119.080002,0
1999-07-09,119.139999,119.139999,119.139999,119.139999,119.139999,0
1999-07-12,122.099998,122.099998,122.099998,122.099998,122.099998,0
1999-07-13,119.389999,119.389999,119.389999,119.389999,119.389999,0
1999-07-14,118.449997,118.449997,118.449997,118.449997,118.449997,0
1999-07-15,119.900002,119.900002,119.900002,119.900002,119.900002,0
1999-07-16,122.199997,122.199997,122.199997,122.199997,122.199997,0
1999-07-19,122.400002,122.400002,122.400002,122.400002,122.400002,0
1999-07-20,121.129997,121.129997,121.129997,121.129997,121.129997,0
1999-07-21,119.480003,119.480003,119.480003,119.480003,119.480003,0
1999-07-22,119.290001,119.290001,119.290001,119.290001,119.290001,0
1999-07-23,118.849998,118.849998,118.849998,118.849998,118.849998,0
1999-07-26,118.230003,118.230003,118.230003,118.230003,118.230003,0
1999-07-27,115.040001,115.040001,115.040001,115.040001,115.040001,0
1999-07-28,117.849998,117.849998,117.849998,117.849998,117.849998,0
1999-07-29,119.599998,119.599998,119.599998,119.599998,119.599998,0
1999-07-30,119.279999,119.279999,119.279999,119.279999,119.279999,0
1999-08-02,120.089996,120.089996,120.089996,120.089996,120.089996,0
1999-08-03,120.010002,120.010002,120.010002,120.010002,120.010002,0
1999-08-04,118.570000,118.570000,118.570000,118.570000,118.570000,0
1999-08-05,119.830002,119.830002,119.830002,119.830002,119.830002,0
1999-08-06,121.410004,121.410004,121.410004,121.410004,121.410004,0
1999-08-09,119.540001,119.540001,119.540001,119.540001,119.540001,0
1999-08-10,118.589996,118.589996,118.589996,118.589996,118.589996,0
1999-08-11,120.690002,120.690002,120.690002,120.690002,120.690002,0
1999-08-12,121.690002,121.690002,121.690002,121.690002,121.690002,0
1999-08-13,128.399994,128.399994,128.399994,128.399994,128.399994,0
1999-08-16,122.160004,122.160004,122.160004,122.160004,122.160004,0
1999-08-17,122.690002,122.690002,122.690002,122.690002,122.690002,0
1999-08-18,119.820000,119.820000,119.820000,119.820000,119.820000,0
1999-08-19,119.739998,119.739998,119.739998,119.739998,119.739998,0
1999-08-20,122.980003,122.980003,122.980003,122.980003,122.980003,0
1999-08-23,117.830002,117.830002,117.830002,117.830002,117.830002,0
1999-08-24,119.019997,119.019997,119.019997,119.019997,119.019997,0
1999-08-25,119.019997,119.019997,119.019997,119.019997,119.019997,0
1999-08-26,118.599998,118.599998,118.599998,118.599998,118.599998,0
1999-08-27,118.250000,118.250000,118.250000,118.250000,118.250000,0
1999-08-30,116.650002,116.650002,116.650002,116.650002,116.650002,0
1999-08-31,117.639999,117.639999,117.639999,117.639999,117.639999,0
1999-09-01,117.480003,117.480003,117.480003,117.480003,117.480003,0
1999-09-02,119.279999,119.279999,119.279999,119.279999,119.279999,0
1999-09-03,122.870003,122.870003,122.870003,122.870003,122.870003,0
1999-09-07,120.730003,120.730003,120.730003,120.730003,120.730003,0
1999-09-08,119.320000,119.320000,119.320000,119.320000,119.320000,0
1999-09-09,119.610001,119.610001,119.610001,119.610001,119.610001,0
1999-09-10,119.940002,119.940002,119.940002,119.940002,119.940002,0
1999-09-13,118.730003,118.730003,118.730003,118.730003,118.730003,0
1999-09-14,117.660004,117.660004,117.660004,117.660004,117.660004,0
1999-09-15,118.230003,118.230003,118.230003,118.230003,118.230003,0
1999-09-16,119.680000,119.680000,119.680000,119.680000,119.680000,0
1999-09-17,119.110001,119.110001,119.110001,119.110001,119.110001,0
1999-09-20,118.330002,118.330002,118.330002,118.330002,118.330002,0
1999-09-21,117.580002,117.580002,117.580002,117.580002,117.580002,0
1999-09-22,118.199997,118.199997,118.199997,118.199997,118.199997,0
1999-09-23,116.000000,116.000000,116.000000,116.000000,116.000000,0
1999-09-24,115.639999,115.639999,115.639999,115.639999,115.639999,0
1999-09-27,117.290001,117.290001,117.290001,117.290001,117.290001,0
1999-09-28,116.760002,116.760002,116.760002,116.760002,116.760002,0
1999-09-29,116.709999,116.709999,116.709999,116.709999,116.709999,0
1999-09-30,115.849998,115.849998,115.849998,115.849998,115.849998,0
1999-10-01,117.070000,117.070000,117.070000,117.070000,117.070000,0
1999-10-04,117.239998,117.239998,117.239998,117.239998,117.239998,0
1999-10-05,117.110001,117.110001,117.110001,117.110001,117.110001,0
1999-10-06,118.339996,118.339996,118.339996,118.339996,118.339996,0
1999-10-07,120.360001,120.360001,120.360001,120.360001,120.360001,0
1999-10-08,120.910004,120.910004,120.910004,120.910004,120.910004,0
1999-10-11,118.379997,118.379997,118.379997,118.379997,118.379997,0
1999-10-12,120.220001,120.220001,120.220001,120.220001,120.220001,0
1999-10-13,115.660004,115.660004,115.660004,115.660004,115.660004,0
1999-10-14,116.529999,116.529999,116.529999,116.529999,116.529999,0
1999-10-15,116.139999,116.139999,116.139999,116.139999,116.139999,0
1999-10-18,115.769997,115.769997,115.769997,115.769997,115.769997,0
1999-10-19,116.900002,116.900002,116.900002,116.900002,116.900002,0
1999-10-20,118.589996,118.589996,118.589996,118.589996,118.589996,0
1999-10-21,120.309998,120.309998,120.309998,120.309998,120.309998,0
1999-10-22,120.849998,120.849998,120.849998,120.849998,120.849998,0
1999-10-25,119.940002,119.940002,119.940002,119.940002,119.940002,0
1999-10-26,118.120003,118.120003,118.120003,118.120003,118.120003,0
1999-10-27,119.150002,119.150002,119.150002,119.150002,119.150002,0
1999-10-28,121.820000,121.820000,121.820000,121.820000,121.820000,0
1999-10-29,124.080002,124.080002,124.080002,124.080002,124.080002,0
1999-11-01,123.699997,123.699997,123.699997,123.699997,123.699997,0
1999-11-02,121.989998,121.989998,121.989998,121.989998,121.989998,0
1999-11-03,122.320000,122.320000,122.320000,122.320000,122.320000,0
1999-11-04,122.220001,122.220001,122.220001,122.220001,122.220001,0
1999-11-05,127.059998,127.059998,127.059998,127.059998,127.059998,0
1999-11-08,122.300003,122.300003,122.300003,122.300003,122.300003,0
1999-11-09,122.059998,122.059998,122.059998,122.059998,122.059998,0
1999-11-10,122.139999,122.139999,122.139999,122.139999,122.139999,0
1999-11-11,120.680000,120.680000,120.680000,120.680000,120.680000,0
1999-11-12,126.040001,126.040001,126.040001,126.040001,126.040001,0
1999-11-15,124.330002,124.330002,124.330002,124.330002,124.330002,0
1999-11-16,125.230003,125.230003,125.230003,125.230003,125.230003,0
1999-11-17,124.139999,124.139999,124.139999,124.139999,124.139999,0
1999-11-18,125.330002,125.330002,125.330002,125.330002,125.330002,0
1999-11-19,127.959999,127.959999,127.959999,127.959999,127.959999,0
1999-11-22,123.930000,123.930000,123.930000,123.930000,123.930000,0
1999-11-23,121.300003,121.300003,121.300003,121.300003,121.300003,0
1999-11-24,121.180000,121.180000,121.180000,121.180000,121.180000,0
1999-11-26,121.650002,121.650002,121.650002,121.650002,121.650002,0
1999-11-29,120.370003,120.370003,120.370003,120.370003,120.370003,0
1999-11-30,118.959999,118.959999,118.959999,118.959999,118.959999,0
1999-12-01,119.070000,119.070000,119.070000,119.070000,119.070000,0
1999-12-02,117.330002,117.330002,117.330002,117.330002,117.330002,0
1999-12-03,115.470001,115.470001,115.470001,115.470001,115.470001,0
1999-12-06,117.360001,117.360001,117.360001,117.360001,117.360001,0
1999-12-07,116.529999,116.529999,116.529999,116.529999,116.529999,0
1999-12-08,115.199997,115.199997,115.199997,115.199997,115.199997,0
1999-12-09,114.419998,114.419998,114.419998,114.419998,114.419998,0
1999-12-10,114.160004,114.160004,114.160004,114.160004,114.160004,0
1999-12-13,117.949997,117.949997,117.949997,117.949997,117.949997,0
1999-12-14,117.500000,117.500000,117.500000,117.500000,117.500000,0
1999-12-15,116.919998,116.919998,116.919998,116.919998,116.919998,0
1999-12-16,117.070000,117.070000,117.070000,117.070000,117.070000,0
1999-12-17,118.070000,118.070000,118.070000,118.070000,118.070000,0
1999-12-20,116.620003,116.620003,116.620003,116.620003,116.620003,0
1999-12-21,118.550003,118.550003,118.550003,118.550003,118.550003,0
1999-12-22,117.739998,117.739998,117.739998,117.739998,117.739998,0
1999-12-23,120.720001,120.720001,120.720001,120.720001,120.720001,0
1999-12-27,117.830002,117.830002,117.830002,117.830002,117.830002,0
1999-12-28,119.139999,119.139999,119.139999,119.139999,119.139999,0
1999-12-29,119.449997,119.449997,119.449997,119.449997,119.449997,0
1999-12-30,120.250000,120.250000,120.250000,120.250000,120.250000,0
1999-12-31,119.169998,119.169998,119.169998,119.169998,119.169998,0
2000-01-03,117.839996,117.839996,117.839996,117.839996,117.839996,0
2000-01-04,114.220001,114.220001,114.220001,114.220001,114.220001,0
2000-01-05,114.820000,114.820000,114.820000,114.820000,114.820000,0
2000-01-06,114.870003,114.870003,114.870003,114.870003,114.870003,0
2000-01-07,117.349998,117.349998,117.349998,117.349998,117.349998,0
2000-01-10,115.730003,115.730003,115.730003,115.730003,115.730003,0
2000-01-11,114.980003,114.980003,114.980003,114.980003,114.980003,0
2000-01-12,114.139999,114.139999,114.139999,114.139999,114.139999,0
2000-01-13,115.180000,115.180000,115.180000,115.180000,115.180000,0
2000-01-14,116.559998,116.559998,116.559998,116.559998,116.559998,0
2000-01-18,114.379997,114.379997,114.379997,114.379997,114.379997,0
2000-01-19,115.500000,115.500000,115.500000,115.500000,115.500000,0
2000-01-20,114.800003,114.800003,114.800003,114.800003,114.800003,0
2000-01-21,116.129997,116.129997,116.129997,116.129997,116.129997,0
2000-01-24,114.360001,114.360001,114.360001,114.360001,114.360001,0
2000-01-25,116.070000,116.070000,116.070000,116.070000,116.070000,0
2000-01-26,115.250000,115.250000,115.250000,115.250000,115.250000,0
2000-01-27,115.889999,115.889999,115.889999,115.889999,115.889999,0
2000-01-28,113.489998,113.489998,113.489998,113.489998,113.489998,0
2000-01-31,114.139999,114.139999,114.139999,114.139999,114.139999,0
2000-02-01,114.120003,114.120003,114.120003,114.120003,114.120003,0
2000-02-02,114.620003,114.620003,114.620003,114.620003,114.620003,0
2000-02-03,115.320000,115.320000,115.320000,115.320000,115.320000,0
2000-02-04,115.889999,115.889999,115.889999,115.889999,115.889999,0
2000-02-07,116.300003,116.300003,116.300003,116.300003,116.300003,0
2000-02-08,117.349998,117.349998,117.349998,117.349998,117.349998,0
2000-02-09,115.339996,115.339996,115.339996,115.339996,115.339996,0
2000-02-10,115.019997,115.019997,115.019997,115.019997,115.019997,0
2000-02-11,114.930000,114.930000,114.930000,114.930000,114.930000,0
2000-02-14,113.089996,113.089996,113.089996,113.089996,113.089996,0
2000-02-15,116.070000,116.070000,116.070000,116.070000,116.070000,0
2000-02-16,114.400002,114.400002,114.400002,114.400002,114.400002,0
2000-02-17,114.760002,114.760002,114.760002,114.760002,114.760002,0
2000-02-18,114.070000,114.070000,114.070000,114.070000,114.070000,0
2000-02-22,112.470001,112.470001,112.470001,112.470001,112.470001,0
2000-02-23,113.320000,113.320000,113.320000,113.320000,113.320000,0
2000-02-24,111.500000,111.500000,111.500000,111.500000,111.500000,0
2000-02-25,109.519997,109.519997,109.519997,109.519997,109.519997,0
2000-02-28,111.320000,111.320000,111.320000,111.320000,111.320000,0
2000-02-29,111.419998,111.419998,111.419998,111.419998,111.419998,0
2000-03-01,113.150002,113.150002,113.150002,113.150002,113.150002,0
2000-03-02,111.519997,111.519997,111.519997,111.519997,111.519997,0
2000-03-03,112.220001,112.220001,112.220001,112.220001,112.220001,0
2000-03-06,111.589996,111.589996,111.589996,111.589996,111.589996,0
2000-03-07,110.370003,110.370003,110.370003,110.370003,110.370003,0
2000-03-08,111.019997,111.019997,111.019997,111.019997,111.019997,0
2000-03-09,113.260002,113.260002,113.260002,113.260002,113.260002,0
2000-03-10,113.360001,113.360001,113.360001,113.360001,113.360001,0
2000-03-13,114.930000,114.930000,114.930000,114.930000,114.930000,0
2000-03-14,113.410004,113.410004,113.410004,113.410004,113.410004,0
2000-03-15,114.160004,114.160004,114.160004,114.160004,114.160004,0
2000-03-16,114.860001,114.860001,114.860001,114.860001,114.860001,0
2000-03-17,115.129997,115.129997,115.129997,115.129997,115.129997,0
2000-03-20,114.339996,114.339996,114.339996,114.339996,114.339996,0
2000-03-21,113.790001,113.790001,113.790001,113.790001,113.790001,0
2000-03-22,113.709999,113.709999,113.709999,113.709999,113.709999,0
2000-03-23,114.239998,114.239998,114.239998,114.239998,114.239998,0
2000-03-24,113.470001,113.470001,113.470001,113.470001,113.470001,0
2000-03-27,112.750000,112.750000,112.750000,112.750000,112.750000,0
2000-03-28,113.330002,113.330002,113.330002,113.330002,113.330002,0
2000-03-29,113.959999,113.959999,113.959999,113.959999,113.959999,0
2000-03-30,112.540001,112.540001,112.540001,112.540001,112.540001,0
2000-03-31,113.349998,113.349998,113.349998,113.349998,113.349998,0
2000-04-03,113.230003,113.230003,113.230003,113.230003,113.230003,0
2000-04-04,112.550003,112.550003,112.550003,112.550003,112.550003,0
2000-04-05,111.540001,111.540001,111.540001,111.540001,111.540001,0
2000-04-06,113.110001,113.110001,113.110001,113.110001,113.110001,0
2000-04-07,113.410004,113.410004,113.410004,113.410004,113.410004,0
2000-04-10,111.930000,111.930000,111.930000,111.930000,111.930000,0
2000-04-11,112.510002,112.510002,112.510002,112.510002,112.510002,0
2000-04-12,111.209999,111.209999,111.209999,111.209999,111.209999,0
2000-04-13,110.720001,110.720001,110.720001,110.720001,110.720001,0
2000-04-14,107.790001,107.790001,107.790001,107.790001,107.790001,0
2000-04-17,109.519997,109.519997,109.519997,109.519997,109.519997,0
2000-04-18,112.790001,112.790001,112.790001,112.790001,112.790001,0
2000-04-19,113.519997,113.519997,113.519997,113.519997,113.519997,0
2000-04-20,114.239998,114.239998,114.239998,114.239998,114.239998,0
2000-04-24,114.900002,114.900002,114.900002,114.900002,114.900002,0
2000-04-25,115.889999,115.889999,115.889999,115.889999,115.889999,0
2000-04-26,115.430000,115.430000,115.430000,115.430000,115.430000,0
2000-04-27,115.910004,115.910004,115.910004,115.910004,115.910004,0
2000-04-28,115.349998,115.349998,115.349998,115.349998,115.349998,0
2000-05-01,116.220001,116.220001,116.220001,116.220001,116.220001,0
2000-05-02,114.730003,114.730003,114.730003,114.730003,114.730003,0
2000-05-03,114.339996,114.339996,114.339996,114.339996,114.339996,0
2000-05-04,114.129997,114.129997,114.129997,114.129997,114.129997,0
2000-05-05,114.820000,114.820000,114.820000,114.820000,114.820000,0
2000-05-08,114.730003,114.730003,114.730003,114.730003,114.730003,0
2000-05-09,113.699997,113.699997,113.699997,113.699997,113.699997,0
2000-05-10,112.910004,112.910004,112.910004,112.910004,112.910004,0
2000-05-11,115.019997,115.019997,115.019997,115.019997,115.019997,0
2000-05-12,114.580002,114.580002,114.580002,114.580002,114.580002,0
2000-05-15,115.110001,115.110001,115.110001,115.110001,115.110001,0
2000-05-16,113.510002,113.510002,113.510002,113.510002,113.510002,0
2000-05-17,113.930000,113.930000,113.930000,113.930000,113.930000,0
2000-05-18,113.180000,113.180000,113.180000,113.180000,113.180000,0
2000-05-19,112.389999,112.389999,112.389999,112.389999,112.389999,0
2000-05-22,112.209999,112.209999,112.209999,112.209999,112.209999,0
2000-05-23,111.230003,111.230003,111.230003,111.230003,111.230003,0
2000-05-24,110.480003,110.480003,110.480003,110.480003,110.480003,0
2000-05-25,110.949997,110.949997,110.949997,110.949997,110.949997,0
2000-05-26,110.519997,110.519997,110.519997,110.519997,110.519997,0
2000-05-30,109.940002,109.940002,109.940002,109.940002,109.940002,0
2000-05-31,108.639999,108.639999,108.639999,108.639999,108.639999,0
2000-06-01,109.019997,109.019997,109.019997,109.019997,109.019997,0
2000-06-02,110.300003,110.300003,110.300003,110.300003,110.300003,0
2000-06-05,109.660004,109.660004,109.660004,109.660004,109.660004,0
2000-06-06,109.779999,109.779999,109.779999,109.779999,109.779999,0
2000-06-07,109.949997,109.949997,109.949997,109.949997,109.949997,0
2000-06-08,110.050003,110.050003,110.050003,110.050003,110.050003,0
2000-06-09,109.669998,109.669998,109.669998,109.669998,109.669998,0
2000-06-12,112.410004,112.410004,112.410004,112.410004,112.410004,0
2000-06-13,111.959999,111.959999,111.959999,111.959999,111.959999,0
2000-06-14,113.099998,113.099998,113.099998,113.099998,113.099998,0
2000-06-15,113.300003,113.300003,113.300003,113.300003,113.300003,0
2000-06-16,114.519997,114.519997,114.519997,114.519997,114.519997,0
2000-06-19,111.559998,111.559998,111.559998,111.559998,111.559998,0
2000-06-20,112.339996,112.339996,112.339996,112.339996,112.339996,0
2000-06-21,110.870003,110.870003,110.870003,110.870003,110.870003,0
2000-06-22,111.620003,111.620003,111.620003,111.620003,111.620003,0
2000-06-23,110.919998,110.919998,110.919998,110.919998,110.919998,0
2000-06-26,109.160004,109.160004,109.160004,109.160004,109.160004,0
2000-06-27,110.620003,110.620003,110.620003,110.620003,110.620003,0
2000-06-28,109.830002,109.830002,109.830002,109.830002,109.830002,0
2000-06-29,111.489998,111.489998,111.489998,111.489998,111.489998,0
2000-06-30,109.919998,109.919998,109.919998,109.919998,109.919998,0
2000-07-03,107.349998,107.349998,107.349998,107.349998,107.349998,0
2000-07-05,109.930000,109.930000,109.930000,109.930000,109.930000,0
2000-07-06,110.559998,110.559998,110.559998,110.559998,110.559998,0
2000-07-07,109.879997,109.879997,109.879997,109.879997,109.879997,0
2000-07-10,110.839996,110.839996,110.839996,110.839996,110.839996,0
2000-07-11,110.440002,110.440002,110.440002,110.440002,110.440002,0
2000-07-12,108.559998,108.559998,108.559998,108.559998,108.559998,0
2000-07-13,109.309998,109.309998,109.309998,109.309998,109.309998,0
2000-07-14,109.059998,109.059998,109.059998,109.059998,109.059998,0
2000-07-17,112.370003,112.370003,112.370003,112.370003,112.370003,0
2000-07-18,112.250000,112.250000,112.250000,112.250000,112.250000,0
2000-07-19,112.019997,112.019997,112.019997,112.019997,112.019997,0
2000-07-20,110.320000,110.320000,110.320000,110.320000,110.320000,0
2000-07-21,108.589996,108.589996,108.589996,108.589996,108.589996,0
2000-07-24,113.650002,113.650002,113.650002,113.650002,113.650002,0
2000-07-25,110.220001,110.220001,110.220001,110.220001,110.220001,0
2000-07-26,112.970001,112.970001,112.970001,112.970001,112.970001,0
2000-07-27,113.279999,113.279999,113.279999,113.279999,113.279999,0
2000-07-28,112.169998,112.169998,112.169998,112.169998,112.169998,0
2000-07-31,112.199997,112.199997,112.199997,112.199997,112.199997,0
2000-08-01,112.980003,112.980003,112.980003,112.980003,112.980003,0
2000-08-02,109.860001,109.860001,109.860001,109.860001,109.860001,0
2000-08-03,111.260002,111.260002,111.260002,111.260002,111.260002,0
2000-08-04,108.650002,108.650002,108.650002,108.650002,108.650002,0
2000-08-07,106.889999,106.889999,106.889999,106.889999,106.889999,0
2000-08-08,108.589996,108.589996,108.589996,108.589996,108.589996,0
2000-08-09,110.050003,110.050003,110.050003,110.050003,110.050003,0
2000-08-10,110.019997,110.019997,110.019997,110.019997,110.019997,0
2000-08-11,108.540001,108.540001,108.540001,108.540001,108.540001,0
2000-08-14,109.059998,109.059998,109.059998,109.059998,109.059998,0
2000-08-15,108.879997,108.879997,108.879997,108.879997,108.879997,0
2000-08-16,109.949997,109.949997,109.949997,109.949997,109.949997,0
2000-08-17,109.220001,109.220001,109.220001,109.220001,109.220001,0
2000-08-18,110.339996,110.339996,110.339996,110.339996,110.339996,0
2000-08-21,110.529999,110.529999,110.529999,110.529999,110.529999,0
2000-08-22,108.349998,108.349998,108.349998,108.349998,108.349998,0
2000-08-23,111.290001,111.290001,111.290001,111.290001,111.290001,0
2000-08-24,109.440002,109.440002,109.440002,109.440002,109.440002,0
2000-08-25,112.269997,112.269997,112.269997,112.269997,112.269997,0
2000-08-28,110.930000,110.930000,110.930000,110.930000,110.930000,0
2000-08-29,111.370003,111.370003,111.370003,111.370003,111.370003,0
2000-08-30,110.879997,110.879997,110.879997,110.879997,110.879997,0
2000-08-31,112.650002,112.650002,112.650002,112.650002,112.650002,0
2000-09-01,114.500000,114.500000,114.500000,114.500000,114.500000,0
2000-09-05,112.500000,112.500000,112.500000,112.500000,112.500000,0
2000-09-06,110.440002,110.440002,110.440002,110.440002,110.440002,0
2000-09-07,112.330002,112.330002,112.330002,112.330002,112.330002,0
2000-09-08,111.029999,111.029999,111.029999,111.029999,111.029999,0
2000-09-11,111.349998,111.349998,111.349998,111.349998,111.349998,0
2000-09-12,112.019997,112.019997,112.019997,112.019997,112.019997,0
2000-09-13,112.160004,112.160004,112.160004,112.160004,112.160004,0
2000-09-14,111.980003,111.980003,111.980003,111.980003,111.980003,0
2000-09-15,111.910004,111.910004,111.910004,111.910004,111.910004,0
2000-09-18,111.290001,111.290001,111.290001,111.290001,111.290001,0
2000-09-19,111.809998,111.809998,111.809998,111.809998,111.809998,0
2000-10-02,112.900002,112.900002,112.900002,112.900002,112.900002,0
2000-10-03,113.269997,113.269997,113.269997,113.269997,113.269997,0
2000-10-04,113.019997,113.019997,113.019997,113.019997,113.019997,0
2000-10-05,112.879997,112.879997,112.879997,112.879997,112.879997,0
2000-10-06,113.570000,113.570000,113.570000,113.570000,113.570000,0
2000-10-09,112.110001,112.110001,112.110001,112.110001,112.110001,0
2000-10-10,110.959999,110.959999,110.959999,110.959999,110.959999,0
2000-10-11,111.129997,111.129997,111.129997,111.129997,111.129997,0
2000-10-12,107.790001,107.790001,107.790001,107.790001,107.790001,0
2000-10-13,111.230003,111.230003,111.230003,111.230003,111.230003,0
2000-10-16,111.290001,111.290001,111.290001,111.290001,111.290001,0
2000-10-17,110.349998,110.349998,110.349998,110.349998,110.349998,0
2000-10-18,110.650002,110.650002,110.650002,110.650002,110.650002,0
2000-10-19,113.540001,113.540001,113.540001,113.540001,113.540001,0
2000-10-20,114.639999,114.639999,114.639999,114.639999,114.639999,0
2000-10-23,115.660004,115.660004,115.660004,115.660004,115.660004,0
2000-10-24,115.029999,115.029999,115.029999,115.029999,115.029999,0
2000-10-25,113.860001,113.860001,113.860001,113.860001,113.860001,0
2000-10-26,113.190002,113.190002,113.190002,113.190002,113.190002,0
2000-10-27,115.209999,115.209999,115.209999,115.209999,115.209999,0
2000-10-30,115.599998,115.599998,115.599998,115.599998,115.599998,0
2000-10-31,116.809998,116.809998,116.809998,116.809998,116.809998,0
2000-11-01,116.510002,116.510002,116.510002,116.510002,116.510002,0
2000-11-02,117.570000,117.570000,117.570000,117.570000,117.570000,0
2000-11-03,119.019997,119.019997,119.019997,119.019997,119.019997,0
2000-11-06,118.089996,118.089996,118.089996,118.089996,118.089996,0
2000-11-07,118.300003,118.300003,118.300003,118.300003,118.300003,0
2000-11-08,114.269997,114.269997,114.269997,114.269997,114.269997,0
2000-11-09,116.910004,116.910004,116.910004,116.910004,116.910004,0
2000-11-10,115.510002,115.510002,115.510002,115.510002,115.510002,0
2000-11-13,116.169998,116.169998,116.169998,116.169998,116.169998,0
2000-11-14,119.839996,119.839996,119.839996,119.839996,119.839996,0
2000-11-15,117.300003,117.300003,117.300003,117.300003,117.300003,0
2000-11-16,116.430000,116.430000,116.430000,116.430000,116.430000,0
2000-11-17,118.760002,118.760002,118.760002,118.760002,118.760002,0
2000-11-20,116.010002,116.010002,116.010002,116.010002,116.010002,0
2000-11-21,119.000000,119.000000,119.000000,119.000000,119.000000,0
2000-11-22,116.709999,116.709999,116.709999,116.709999,116.709999,0
2000-11-24,116.120003,116.120003,116.120003,116.120003,116.120003,0
2000-11-27,110.519997,110.519997,110.519997,110.519997,110.519997,0
2000-11-28,113.169998,113.169998,113.169998,113.169998,113.169998,0
2000-11-29,111.639999,111.639999,111.639999,111.639999,111.639999,0
2000-11-30,110.669998,110.669998,110.669998,110.669998,110.669998,0
2000-12-01,112.540001,112.540001,112.540001,112.540001,112.540001,0
2000-12-04,112.800003,112.800003,112.800003,112.800003,112.800003,0
2000-12-05,109.779999,109.779999,109.779999,109.779999,109.779999,0
2000-12-06,109.419998,109.419998,109.419998,109.419998,109.419998,0
2000-12-07,109.660004,109.660004,109.660004,109.660004,109.660004,0
2000-12-08,112.559998,112.559998,112.559998,112.559998,112.559998,0
2000-12-11,109.459999,109.459999,109.459999,109.459999,109.459999,0
2000-12-12,113.110001,113.110001,113.110001,113.110001,113.110001,0
2000-12-13,113.349998,113.349998,113.349998,113.349998,113.349998,0
2000-12-14,113.300003,113.300003,113.300003,113.300003,113.300003,0
2000-12-15,111.970001,111.970001,111.970001,111.970001,111.970001,0
2000-12-18,112.260002,112.260002,112.260002,112.260002,112.260002,0
2000-12-19,112.150002,112.150002,112.150002,112.150002,112.150002,0
2000-12-20,110.160004,110.160004,110.160004,110.160004,110.160004,0
2000-12-21,110.510002,110.510002,110.510002,110.510002,110.510002,0
2000-12-22,111.300003,111.300003,111.300003,111.300003,111.300003,0
2000-12-26,110.779999,110.779999,110.779999,110.779999,110.779999,0
2000-12-27,111.360001,111.360001,111.360001,111.360001,111.360001,0
2000-12-28,110.470001,110.470001,110.470001,110.470001,110.470001,0
2000-12-29,111.040001,111.040001,111.040001,111.040001,111.040001,0
2001-01-02,109.650002,109.650002,109.650002,109.650002,109.650002,0
2001-01-03,110.940002,110.940002,110.940002,110.940002,110.940002,0
2001-01-04,110.400002,110.400002,110.400002,110.400002,110.400002,0
2001-01-05,109.919998,109.919998,109.919998,109.919998,109.919998,0
2001-01-08,109.599998,109.599998,109.599998,109.599998,109.599998,0
2001-01-09,111.070000,111.070000,111.070000,111.070000,111.070000,0
2001-01-10,112.180000,112.180000,112.180000,112.180000,112.180000,0
2001-01-11,110.050003,110.050003,110.050003,110.050003,110.050003,0
2001-01-12,110.430000,110.430000,110.430000,110.430000,110.430000,0
2001-01-16,110.699997,110.699997,110.699997,110.699997,110.699997,0
2001-01-17,116.940002,116.940002,116.940002,116.940002,116.940002,0
2001-01-18,111.120003,111.120003,111.120003,111.120003,111.120003,0
2001-01-19,112.250000,112.250000,112.250000,112.250000,112.250000,0
2001-01-22,112.760002,112.760002,112.760002,112.760002,112.760002,0
2001-01-23,111.589996,111.589996,111.589996,111.589996,111.589996,0
2001-01-24,111.430000,111.430000,111.430000,111.430000,111.430000,0
2001-01-25,110.980003,110.980003,110.980003,110.980003,110.980003,0
2001-01-26,111.750000,111.750000,111.750000,111.750000,111.750000,0
2001-01-29,111.220001,111.220001,111.220001,111.220001,111.220001,0
2001-01-30,111.379997,111.379997,111.379997,111.379997,111.379997,0
2001-01-31,112.330002,112.330002,112.330002,112.330002,112.330002,0
2001-02-01,113.000000,113.000000,113.000000,113.000000,113.000000,0
2001-02-02,112.199997,112.199997,112.199997,112.199997,112.199997,0
2001-02-05,111.820000,111.820000,111.820000,111.820000,111.820000,0
2001-02-06,112.279999,112.279999,112.279999,112.279999,112.279999,0
2001-02-07,111.800003,111.800003,111.800003,111.800003,111.800003,0
2001-02-08,111.750000,111.750000,111.750000,111.750000,111.750000,0
2001-02-09,111.730003,111.730003,111.730003,111.730003,111.730003,0
2001-02-12,111.010002,111.010002,111.010002,111.010002,111.010002,0
2001-02-13,112.070000,112.070000,112.070000,112.070000,112.070000,0
2001-02-14,113.089996,113.089996,113.089996,113.089996,113.089996,0
2001-02-15,114.500000,114.500000,114.500000,114.500000,114.500000,0
2001-02-16,112.290001,112.290001,112.290001,112.290001,112.290001,0
2001-02-20,112.099998,112.099998,112.099998,112.099998,112.099998,0
2001-02-21,112.470001,112.470001,112.470001,112.470001,112.470001,0
2001-02-22,113.650002,113.650002,113.650002,113.650002,113.650002,0
2001-02-23,113.120003,113.120003,113.120003,113.120003,113.120003,0
2001-02-26,112.709999,112.709999,112.709999,112.709999,112.709999,0
2001-02-27,112.650002,112.650002,112.650002,112.650002,112.650002,0
2001-02-28,112.910004,112.910004,112.910004,112.910004,112.910004,0
2001-03-01,112.910004,112.910004,112.910004,112.910004,112.910004,0
2001-03-02,112.099998,112.099998,112.099998,112.099998,112.099998,0
2001-03-05,112.519997,112.519997,112.519997,112.519997,112.519997,0
2001-03-06,111.930000,111.930000,111.930000,111.930000,111.930000,0
2001-03-07,111.160004,111.160004,111.160004,111.160004,111.160004,0
2001-03-08,112.339996,112.339996,112.339996,112.339996,112.339996,0
2001-03-09,109.239998,109.239998,109.239998,109.239998,109.239998,0
2001-03-12,109.230003,109.230003,109.230003,109.230003,109.230003,0
2001-03-13,110.690002,110.690002,110.690002,110.690002,110.690002,0
2001-03-14,109.510002,109.510002,109.510002,109.510002,109.510002,0
2001-03-15,109.989998,109.989998,109.989998,109.989998,109.989998,0
2001-03-16,109.209999,109.209999,109.209999,109.209999,109.209999,0
2001-03-19,114.430000,114.430000,114.430000,114.430000,114.430000,0
2001-03-20,112.889999,112.889999,112.889999,112.889999,112.889999,0
2001-03-21,111.739998,111.739998,111.739998,111.739998,111.739998,0
2001-03-22,110.550003,110.550003,110.550003,110.550003,110.550003,0
2001-03-23,111.209999,111.209999,111.209999,111.209999,111.209999,0
2001-03-26,109.790001,109.790001,109.790001,109.790001,109.790001,0
2001-03-27,111.570000,111.570000,111.570000,111.570000,111.570000,0
2001-03-28,110.239998,110.239998,110.239998,110.239998,110.239998,0
2001-03-29,110.650002,110.650002,110.650002,110.650002,110.650002,0
2001-03-30,109.580002,109.580002,109.580002,109.580002,109.580002,0
2001-04-02,109.320000,109.320000,109.320000,109.320000,109.320000,0
2001-04-03,109.099998,109.099998,109.099998,109.099998,109.099998,0
2001-04-04,108.730003,108.730003,108.730003,108.730003,108.730003,0
2001-04-05,110.620003,110.620003,110.620003,110.620003,110.620003,0
2001-04-06,109.070000,109.070000,109.070000,109.070000,109.070000,0
2001-04-09,108.309998,108.309998,108.309998,108.309998,108.309998,0
2001-04-10,109.730003,109.730003,109.730003,109.730003,109.730003,0
2001-04-11,110.000000,110.000000,110.000000,110.000000,110.000000,0
2001-04-12,110.400002,110.400002,110.400002,110.400002,110.400002,0
2001-04-16,109.099998,109.099998,109.099998,109.099998,109.099998,0
2001-04-17,110.440002,110.440002,110.440002,110.440002,110.440002,0
2001-04-18,111.040001,111.040001,111.040001,111.040001,111.040001,0
2001-04-19,112.290001,112.290001,112.290001,112.290001,112.290001,0
2001-04-20,112.669998,112.669998,112.669998,112.669998,112.669998,0
2001-04-23,113.180000,113.180000,113.180000,113.180000,113.180000,0
2001-04-24,113.239998,113.239998,113.239998,113.239998,113.239998,0
2001-04-25,112.330002,112.330002,112.330002,112.330002,112.330002,0
2001-04-26,112.849998,112.849998,112.849998,112.849998,112.849998,0
2001-04-27,113.620003,113.620003,113.620003,113.620003,113.620003,0
2001-04-30,113.559998,113.559998,113.559998,113.559998,113.559998,0
2001-05-01,113.169998,113.169998,113.169998,113.169998,113.169998,0
2001-05-02,113.519997,113.519997,113.519997,113.519997,113.519997,0
2001-05-03,112.830002,112.830002,112.830002,112.830002,112.830002,0
2001-05-04,113.199997,113.199997,113.199997,113.199997,113.199997,0
2001-05-07,113.669998,113.669998,113.669998,113.669998,113.669998,0
2001-05-08,113.959999,113.959999,113.959999,113.959999,113.959999,0
2001-05-09,113.699997,113.699997,113.699997,113.699997,113.699997,0
2001-05-10,114.120003,114.120003,114.120003,114.120003,114.120003,0
2001-05-11,114.330002,114.330002,114.330002,114.330002,114.330002,0
2001-05-14,116.739998,116.739998,116.739998,116.739998,116.739998,0
2001-05-15,115.199997,115.199997,115.199997,115.199997,115.199997,0
2001-05-16,115.269997,115.269997,115.269997,115.269997,115.269997,0
2001-05-17,116.099998,116.099998,116.099998,116.099998,116.099998,0
2001-05-18,118.370003,118.370003,118.370003,118.370003,118.370003,0
2001-05-21,118.449997,118.449997,118.449997,118.449997,118.449997,0
2001-05-22,117.739998,117.739998,117.739998,117.739998,117.739998,0
2001-05-23,115.379997,115.379997,115.379997,115.379997,115.379997,0
2001-05-24,116.879997,116.879997,116.879997,116.879997,116.879997,0
2001-05-25,115.099998,115.099998,115.099998,115.099998,115.099998,0
2001-05-29,112.910004,112.910004,112.910004,112.910004,112.910004,0
2001-05-30,111.540001,111.540001,111.540001,111.540001,111.540001,0
2001-05-31,113.129997,113.129997,113.129997,113.129997,113.129997,0
2001-06-01,111.750000,111.750000,111.750000,111.750000,111.750000,0
2001-06-04,110.580002,110.580002,110.580002,110.580002,110.580002,0
2001-06-05,109.699997,109.699997,109.699997,109.699997,109.699997,0
2001-06-06,111.669998,111.669998,111.669998,111.669998,111.669998,0
2001-06-07,110.250000,110.250000,110.250000,110.250000,110.250000,0
2001-06-08,110.519997,110.519997,110.519997,110.519997,110.519997,0
2001-06-11,111.410004,111.410004,111.410004,111.410004,111.410004,0
2001-06-12,114.050003,114.050003,114.050003,114.050003,114.050003,0
2001-06-13,114.129997,114.129997,114.129997,114.129997,114.129997,0
2001-06-14,113.669998,113.669998,113.669998,113.669998,113.669998,0
2001-06-15,114.519997,114.519997,114.519997,114.519997,114.519997,0
2001-06-18,113.029999,113.029999,113.029999,113.029999,113.029999,0
2001-06-19,113.349998,113.349998,113.349998,113.349998,113.349998,0
2001-06-20,113.260002,113.260002,113.260002,113.260002,113.260002,0
2001-06-21,114.699997,114.699997,114.699997,114.699997,114.699997,0
2001-06-22,114.680000,114.680000,114.680000,114.680000,114.680000,0
2001-06-25,113.300003,113.300003,113.300003,113.300003,113.300003,0
2001-06-26,111.849998,111.849998,111.849998,111.849998,111.849998,0
2001-06-27,111.550003,111.550003,111.550003,111.550003,111.550003,0
2001-06-28,114.010002,114.010002,114.010002,114.010002,114.010002,0
2001-06-29,115.699997,115.699997,115.699997,115.699997,115.699997,0
2001-07-02,114.599998,114.599998,114.599998,114.599998,114.599998,0
2001-07-03,110.239998,110.239998,110.239998,110.239998,110.239998,0
2001-07-05,114.040001,114.040001,114.040001,114.040001,114.040001,0
2001-07-06,112.690002,112.690002,112.690002,112.690002,112.690002,0
2001-07-09,111.330002,111.330002,111.330002,111.330002,111.330002,0
2001-07-10,111.080002,111.080002,111.080002,111.080002,111.080002,0
2001-07-11,114.330002,114.330002,114.330002,114.330002,114.330002,0
2001-07-12,113.570000,113.570000,113.570000,113.570000,113.570000,0
2001-07-13,112.879997,112.879997,112.879997,112.879997,112.879997,0
2001-07-16,113.209999,113.209999,113.209999,113.209999,113.209999,0
2001-07-17,112.660004,112.660004,112.660004,112.660004,112.660004,0
2001-07-18,112.639999,112.639999,112.639999,112.639999,112.639999,0
2001-07-19,115.180000,115.180000,115.180000,115.180000,115.180000,0
2001-07-20,114.459999,114.459999,114.459999,114.459999,114.459999,0
2001-07-23,113.650002,113.650002,113.650002,113.650002,113.650002,0
2001-07-24,113.120003,113.120003,113.120003,113.120003,113.120003,0
2001-07-25,114.330002,114.330002,114.330002,114.330002,114.330002,0
2001-07-26,115.019997,115.019997,115.019997,115.019997,115.019997,0
2001-07-27,116.989998,116.989998,116.989998,116.989998,116.989998,0
2001-07-30,114.720001,114.720001,114.720001,114.720001,114.720001,0
2001-07-31,115.309998,115.309998,115.309998,115.309998,115.309998,0
2001-08-01,116.680000,116.680000,116.680000,116.680000,116.680000,0
2001-08-02,115.959999,115.959999,115.959999,115.959999,115.959999,0
2001-08-03,115.669998,115.669998,115.669998,115.669998,115.669998,0
2001-08-06,115.550003,115.550003,115.550003,115.550003,115.550003,0
2001-08-07,114.760002,114.760002,114.760002,114.760002,114.760002,0
2001-08-08,114.699997,114.699997,114.699997,114.699997,114.699997,0
2001-08-09,115.330002,115.330002,115.330002,115.330002,115.330002,0
2001-08-10,114.680000,114.680000,114.680000,114.680000,114.680000,0
2001-08-13,115.550003,115.550003,115.550003,115.550003,115.550003,0
2001-08-14,116.550003,116.550003,116.550003,116.550003,116.550003,0
2001-08-15,116.730003,116.730003,116.730003,116.730003,116.730003,0
2001-08-16,117.660004,117.660004,117.660004,117.660004,117.660004,0
2001-08-17,115.870003,115.870003,115.870003,115.870003,115.870003,0
2001-08-20,116.370003,116.370003,116.370003,116.370003,116.370003,0
2001-08-21,115.459999,115.459999,115.459999,115.459999,115.459999,0
2001-08-22,114.769997,114.769997,114.769997,114.769997,114.769997,0
2001-08-23,117.309998,117.309998,117.309998,117.309998,117.309998,0
2001-08-24,115.839996,115.839996,115.839996,115.839996,115.839996,0
2001-08-27,115.309998,115.309998,115.309998,115.309998,115.309998,0
2001-08-28,114.389999,114.389999,114.389999,114.389999,114.389999,0
2001-08-29,115.870003,115.870003,115.870003,115.870003,115.870003,0
2001-08-30,114.169998,114.169998,114.169998,114.169998,114.169998,0
2001-08-31,113.269997,113.269997,113.269997,113.269997,113.269997,0
2001-09-04,113.099998,113.099998,113.099998,113.099998,113.099998,0
2001-09-05,113.809998,113.809998,113.809998,113.809998,113.809998,0
2001-09-06,112.449997,112.449997,112.449997,112.449997,112.449997,0
2001-09-07,111.430000,111.430000,111.430000,111.430000,111.430000,0
2001-09-10,112.500000,112.500000,112.500000,112.500000,112.500000,0
2001-09-17,110.900002,110.900002,110.900002,110.900002,110.900002,0
2001-09-18,114.970001,114.970001,114.970001,114.970001,114.970001,0
2001-09-19,113.160004,113.160004,113.160004,113.160004,113.160004,0
2001-09-20,111.570000,111.570000,111.570000,111.570000,111.570000,0
2001-09-21,112.230003,112.230003,112.230003,112.230003,112.230003,0
2001-09-24,114.589996,114.589996,114.589996,114.589996,114.589996,0
2001-09-25,115.019997,115.019997,115.019997,115.019997,115.019997,0
2001-09-26,114.480003,114.480003,114.480003,114.480003,114.480003,0
2001-09-27,115.260002,115.260002,115.260002,115.260002,115.260002,0
2001-09-28,114.959999,114.959999,114.959999,114.959999,114.959999,0
2001-10-01,115.489998,115.489998,115.489998,115.489998,115.489998,0
2001-10-02,117.190002,117.190002,117.190002,117.190002,117.190002,0
2001-10-03,118.470001,118.470001,118.470001,118.470001,118.470001,0
2001-10-04,118.059998,118.059998,118.059998,118.059998,118.059998,0
2001-10-05,119.360001,119.360001,119.360001,119.360001,119.360001,0
2001-10-08,117.940002,117.940002,117.940002,117.940002,117.940002,0
2001-10-09,118.480003,118.480003,118.480003,118.480003,118.480003,0
2001-10-10,119.279999,119.279999,119.279999,119.279999,119.279999,0
2001-10-11,120.000000,120.000000,120.000000,120.000000,120.000000,0
2001-10-12,118.830002,118.830002,118.830002,118.830002,118.830002,0
2001-10-15,118.570000,118.570000,118.570000,118.570000,118.570000,0
2001-10-16,119.860001,119.860001,119.860001,119.860001,119.860001,0
2001-10-17,118.230003,118.230003,118.230003,118.230003,118.230003,0
2001-10-18,118.419998,118.419998,118.419998,118.419998,118.419998,0
2001-10-19,119.220001,119.220001,119.220001,119.220001,119.220001,0
2001-10-22,120.220001,120.220001,120.220001,120.220001,120.220001,0
2001-10-23,119.800003,119.800003,119.800003,119.800003,119.800003,0
2001-10-24,119.980003,119.980003,119.980003,119.980003,119.980003,0
2001-10-25,119.010002,119.010002,119.010002,119.010002,119.010002,0
2001-10-26,119.860001,119.860001,119.860001,119.860001,119.860001,0
2001-10-29,118.360001,118.360001,118.360001,118.360001,118.360001,0
2001-10-30,117.089996,117.089996,117.089996,117.089996,117.089996,0
2001-10-31,117.070000,117.070000,117.070000,117.070000,117.070000,0
2001-11-01,117.379997,117.379997,117.379997,117.379997,117.379997,0
2001-11-02,118.559998,118.559998,118.559998,118.559998,118.559998,0
2001-11-05,118.879997,118.879997,118.879997,118.879997,118.879997,0
2001-11-06,116.739998,116.739998,116.739998,116.739998,116.739998,0
2001-11-07,117.449997,117.449997,117.449997,117.449997,117.449997,0
2001-11-08,117.580002,117.580002,117.580002,117.580002,117.580002,0
2001-11-09,117.610001,117.610001,117.610001,117.610001,117.610001,0
2001-11-12,118.410004,118.410004,118.410004,118.410004,118.410004,0
2001-11-13,120.220001,120.220001,120.220001,120.220001,120.220001,0
2001-11-14,119.589996,119.589996,119.589996,119.589996,119.589996,0
2001-11-15,121.570000,121.570000,121.570000,121.570000,121.570000,0
2001-11-16,122.230003,122.230003,122.230003,122.230003,122.230003,0
2001-11-19,122.309998,122.309998,122.309998,122.309998,122.309998,0
2001-11-20,120.480003,120.480003,120.480003,120.480003,120.480003,0
2001-11-21,119.879997,119.879997,119.879997,119.879997,119.879997,0
2001-11-23,120.260002,120.260002,120.260002,120.260002,120.260002,0
2001-11-26,119.129997,119.129997,119.129997,119.129997,119.129997,0
2001-11-27,118.320000,118.320000,118.320000,118.320000,118.320000,0
2001-11-28,118.250000,118.250000,118.250000,118.250000,118.250000,0
2001-11-29,121.129997,121.129997,121.129997,121.129997,121.129997,0
2001-11-30,120.300003,120.300003,120.300003,120.300003,120.300003,0
2001-12-03,119.680000,119.680000,119.680000,119.680000,119.680000,0
2001-12-04,121.639999,121.639999,121.639999,121.639999,121.639999,0
2001-12-05,116.529999,116.529999,116.529999,116.529999,116.529999,0
2001-12-06,117.879997,117.879997,117.879997,117.879997,117.879997,0
2001-12-07,118.129997,118.129997,118.129997,118.129997,118.129997,0
2001-12-10,117.860001,117.860001,117.860001,117.860001,117.860001,0
2001-12-11,118.040001,118.040001,118.040001,118.040001,118.040001,0
2001-12-12,119.199997,119.199997,119.199997,119.199997,119.199997,0
2001-12-13,119.059998,119.059998,119.059998,119.059998,119.059998,0
2001-12-14,120.400002,120.400002,120.400002,120.400002,120.400002,0
2001-12-17,122.059998,122.059998,122.059998,122.059998,122.059998,0
2001-12-18,122.320000,122.320000,122.320000,122.320000,122.320000,0
2001-12-19,122.570000,122.570000,122.570000,122.570000,122.570000,0
2001-12-20,124.639999,124.639999,124.639999,124.639999,124.639999,0
2001-12-21,123.860001,123.860001,123.860001,123.860001,123.860001,0
2001-12-24,124.620003,124.620003,124.620003,124.620003,124.620003,0
2001-12-26,119.000000,119.000000,119.000000,119.000000,119.000000,0
2001-12-27,122.940002,122.940002,122.940002,122.940002,122.940002,0
2001-12-28,123.669998,123.669998,123.669998,123.669998,123.669998,0
2001-12-31,121.129997,121.129997,121.129997,121.129997,121.129997,0
2002-01-02,119.540001,119.540001,119.540001,119.540001,119.540001,0
2002-01-03,118.889999,118.889999,118.889999,118.889999,118.889999,0
2002-01-04,122.269997,122.269997,122.269997,122.269997,122.269997,0
2002-01-07,121.660004,121.660004,121.660004,121.660004,121.660004,0
2002-01-08,121.559998,121.559998,121.559998,121.559998,121.559998,0
2002-01-09,119.860001,119.860001,119.860001,119.860001,119.860001,0
2002-01-10,119.440002,119.440002,119.440002,119.440002,119.440002,0
2002-01-11,121.919998,121.919998,121.919998,121.919998,121.919998,0
2002-01-14,118.870003,118.870003,118.870003,118.870003,118.870003,0
2002-01-15,121.970001,121.970001,121.970001,121.970001,121.970001,0
2002-01-16,119.459999,119.459999,119.459999,119.459999,119.459999,0
2002-01-17,119.860001,119.860001,119.860001,119.860001,119.860001,0
2002-01-18,120.849998,120.849998,120.849998,120.849998,120.849998,0
2002-01-22,120.720001,120.720001,120.720001,120.720001,120.720001,0
2002-01-23,119.620003,119.620003,119.620003,119.620003,119.620003,0
2002-01-24,119.839996,119.839996,119.839996,119.839996,119.839996,0
2002-01-25,121.739998,121.739998,121.739998,121.739998,121.739998,0
2002-01-28,123.279999,123.279999,123.279999,123.279999,123.279999,0
2002-01-29,118.279999,118.279999,118.279999,118.279999,118.279999,0
2002-01-30,120.529999,120.529999,120.529999,120.529999,120.529999,0
2002-01-31,120.260002,120.260002,120.260002,120.260002,120.260002,0
2002-02-01,119.870003,119.870003,119.870003,119.870003,119.870003,0
2002-02-04,118.400002,118.400002,118.400002,118.400002,118.400002,0
2002-02-05,118.139999,118.139999,118.139999,118.139999,118.139999,0
2002-02-06,117.459999,117.459999,117.459999,117.459999,117.459999,0
2002-02-07,116.889999,116.889999,116.889999,116.889999,116.889999,0
2002-02-08,118.019997,118.019997,118.019997,118.019997,118.019997,0
2002-02-11,120.059998,120.059998,120.059998,120.059998,120.059998,0
2002-02-12,119.919998,119.919998,119.919998,119.919998,119.919998,0
2002-02-13,121.349998,121.349998,121.349998,121.349998,121.349998,0
2002-02-14,121.260002,121.260002,121.260002,121.260002,121.260002,0
2002-02-15,122.629997,122.629997,122.629997,122.629997,122.629997,0
2002-02-19,120.849998,120.849998,120.849998,120.849998,120.849998,0
2002-02-20,121.000000,121.000000,121.000000,121.000000,121.000000,0
2002-02-21,117.699997,117.699997,117.699997,117.699997,117.699997,0
2002-02-22,118.879997,118.879997,118.879997,118.879997,118.879997,0
2002-02-25,116.849998,116.849998,116.849998,116.849998,116.849998,0
2002-02-26,118.269997,118.269997,118.269997,118.269997,118.269997,0
2002-02-27,118.209999,118.209999,118.209999,118.209999,118.209999,0
2002-02-28,119.660004,119.660004,119.660004,119.660004,119.660004,0
2002-03-01,119.580002,119.580002,119.580002,119.580002,119.580002,0
2002-03-04,116.980003,116.980003,116.980003,116.980003,116.980003,0
2002-03-05,116.820000,116.820000,116.820000,116.820000,116.820000,0
2002-03-06,115.400002,115.400002,115.400002,115.400002,115.400002,0
2002-03-07,115.970001,115.970001,115.970001,115.970001,115.970001,0
2002-03-08,115.629997,115.629997,115.629997,115.629997,115.629997,0
2002-03-11,116.180000,116.180000,116.180000,116.180000,116.180000,0
2002-03-12,117.230003,117.230003,117.230003,117.230003,117.230003,0
2002-03-13,116.510002,116.510002,116.510002,116.510002,116.510002,0
2002-03-14,115.260002,115.260002,115.260002,115.260002,115.260002,0
2002-03-15,117.620003,117.620003,117.620003,117.620003,117.620003,0
2002-03-18,117.209999,117.209999,117.209999,117.209999,117.209999,0
2002-03-19,115.470001,115.470001,115.470001,115.470001,115.470001,0
2002-03-20,116.680000,116.680000,116.680000,116.680000,116.680000,0
2002-03-21,117.419998,117.419998,117.419998,117.419998,117.419998,0
2002-03-22,116.650002,116.650002,116.650002,116.650002,116.650002,0
2002-03-25,116.889999,116.889999,116.889999,116.889999,116.889999,0
2002-03-26,118.599998,118.599998,118.599998,118.599998,118.599998,0
2002-03-27,117.129997,117.129997,117.129997,117.129997,117.129997,0
2002-03-28,112.970001,112.970001,112.970001,112.970001,112.970001,0
2002-04-01,115.839996,115.839996,115.839996,115.839996,115.839996,0
2002-04-02,113.949997,113.949997,113.949997,113.949997,113.949997,0
2002-04-03,114.809998,114.809998,114.809998,114.809998,114.809998,0
2002-04-04,113.739998,113.739998,113.739998,113.739998,113.739998,0
2002-04-05,114.519997,114.519997,114.519997,114.519997,114.519997,0
2002-04-08,114.139999,114.139999,114.139999,114.139999,114.139999,0
2002-04-09,115.620003,115.620003,115.620003,115.620003,115.620003,0
2002-04-10,118.379997,118.379997,118.379997,118.379997,118.379997,0
2002-04-11,114.550003,114.550003,114.550003,114.550003,114.550003,0
2002-04-12,115.570000,115.570000,115.570000,115.570000,115.570000,0
2002-04-15,115.309998,115.309998,115.309998,115.309998,115.309998,0
2002-04-16,116.620003,116.620003,116.620003,116.620003,116.620003,0
2002-04-17,116.010002,116.010002,116.010002,116.010002,116.010002,0
2002-04-18,115.430000,115.430000,115.430000,115.430000,115.430000,0
2002-04-19,115.809998,115.809998,115.809998,115.809998,115.809998,0
2002-04-22,116.309998,116.309998,116.309998,116.309998,116.309998,0
2002-04-23,114.779999,114.779999,114.779999,114.779999,114.779999,0
2002-04-24,114.610001,114.610001,114.610001,114.610001,114.610001,0
2002-04-25,115.309998,115.309998,115.309998,115.309998,115.309998,0
2002-04-26,114.129997,114.129997,114.129997,114.129997,114.129997,0
2002-04-29,113.930000,113.930000,113.930000,113.930000,113.930000,0
2002-04-30,114.750000,114.750000,114.750000,114.750000,114.750000,0
2002-05-01,113.250000,113.250000,113.250000,113.250000,113.250000,0
2002-05-02,114.690002,114.690002,114.690002,114.690002,114.690002,0
2002-05-03,113.980003,113.980003,113.980003,113.980003,113.980003,0
2002-05-06,111.290001,111.290001,111.290001,111.290001,111.290001,0
2002-05-07,111.949997,111.949997,111.949997,111.949997,111.949997,0
2002-05-08,112.000000,112.000000,112.000000,112.000000,112.000000,0
2002-05-09,113.269997,113.269997,113.269997,113.269997,113.269997,0
2002-05-10,113.389999,113.389999,113.389999,113.389999,113.389999,0
2002-05-13,113.269997,113.269997,113.269997,113.269997,113.269997,0
2002-05-14,113.669998,113.669998,113.669998,113.669998,113.669998,0
2002-05-15,113.930000,113.930000,113.930000,113.930000,113.930000,0
2002-05-16,114.370003,114.370003,114.370003,114.370003,114.370003,0
2002-05-17,115.300003,115.300003,115.300003,115.300003,115.300003,0
2002-05-20,115.720001,115.720001,115.720001,115.720001,115.720001,0
2002-05-21,114.760002,114.760002,114.760002,114.760002,114.760002,0
2002-05-22,116.360001,116.360001,116.360001,116.360001,116.360001,0
2002-05-23,116.000000,116.000000,116.000000,116.000000,116.000000,0
2002-05-24,114.489998,114.489998,114.489998,114.489998,114.489998,0
2002-05-28,114.690002,114.690002,114.690002,114.690002,114.690002,0
2002-05-29,113.930000,113.930000,113.930000,113.930000,113.930000,0
2002-05-30,115.070000,115.070000,115.070000,115.070000,115.070000,0
2002-05-31,116.040001,116.040001,116.040001,116.040001,116.040001,0
2002-06-03,113.650002,113.650002,113.650002,113.650002,113.650002,0
2002-06-04,114.320000,114.320000,114.320000,114.320000,114.320000,0
2002-06-05,114.800003,114.800003,114.800003,114.800003,114.800003,0
2002-06-06,114.139999,114.139999,114.139999,114.139999,114.139999,0
2002-06-07,114.250000,114.250000,114.250000,114.250000,114.250000,0
2002-06-10,113.279999,113.279999,113.279999,113.279999,113.279999,0
2002-06-11,111.959999,111.959999,111.959999,111.959999,111.959999,0
2002-06-12,113.580002,113.580002,113.580002,113.580002,113.580002,0
2002-06-13,112.169998,112.169998,112.169998,112.169998,112.169998,0
2002-06-14,113.000000,113.000000,113.000000,113.000000,113.000000,0
2002-06-17,112.650002,112.650002,112.650002,112.650002,112.650002,0
2002-06-18,113.269997,113.269997,113.269997,113.269997,113.269997,0
2002-06-19,111.459999,111.459999,111.459999,111.459999,111.459999,0
2002-06-20,111.220001,111.220001,111.220001,111.220001,111.220001,0
2002-06-21,112.349998,112.349998,112.349998,112.349998,112.349998,0
2002-06-24,112.349998,112.349998,112.349998,112.349998,112.349998,0
2002-06-25,111.110001,111.110001,111.110001,111.110001,111.110001,0
2002-06-26,111.050003,111.050003,111.050003,111.050003,111.050003,0
2002-06-27,112.360001,112.360001,112.360001,112.360001,112.360001,0
2002-06-28,112.449997,112.449997,112.449997,112.449997,112.449997,0
2002-07-01,112.099998,112.099998,112.099998,112.099998,112.099998,0
2002-07-02,110.769997,110.769997,110.769997,110.769997,110.769997,0
2002-07-03,109.989998,109.989998,109.989998,109.989998,109.989998,0
2002-07-05,116.339996,116.339996,116.339996,116.339996,116.339996,0
2002-07-08,112.519997,112.519997,112.519997,112.519997,112.519997,0
2002-07-09,110.750000,110.750000,110.750000,110.750000,110.750000,0
2002-07-10,108.790001,108.790001,108.790001,108.790001,108.790001,0
2002-07-11,110.000000,110.000000,110.000000,110.000000,110.000000,0
2002-07-12,111.070000,111.070000,111.070000,111.070000,111.070000,0
2002-07-15,112.400002,112.400002,112.400002,112.400002,112.400002,0
2002-07-16,110.699997,110.699997,110.699997,110.699997,110.699997,0
2002-07-17,111.089996,111.089996,111.089996,111.089996,111.089996,0
2002-07-18,111.760002,111.760002,111.760002,111.760002,111.760002,0
2002-07-19,109.580002,109.580002,109.580002,109.580002,109.580002,0
2002-07-22,108.059998,108.059998,108.059998,108.059998,108.059998,0
2002-07-23,107.900002,107.900002,107.900002,107.900002,107.900002,0
2002-07-24,110.129997,110.129997,110.129997,110.129997,110.129997,0
2002-07-25,110.400002,110.400002,110.400002,110.400002,110.400002,0
2002-07-26,112.000000,112.000000,112.000000,112.000000,112.000000,0
2002-07-29,113.540001,113.540001,113.540001,113.540001,113.540001,0
2002-07-30,113.220001,113.220001,113.220001,113.220001,113.220001,0
2002-07-31,112.160004,112.160004,112.160004,112.160004,112.160004,0
2002-08-01,110.919998,110.919998,110.919998,110.919998,110.919998,0
2002-08-02,110.629997,110.629997,110.629997,110.629997,110.629997,0
2002-08-05,109.440002,109.440002,109.440002,109.440002,109.440002,0
2002-08-06,110.550003,110.550003,110.550003,110.550003,110.550003,0
2002-08-07,112.360001,112.360001,112.360001,112.360001,112.360001,0
2002-08-08,113.129997,113.129997,113.129997,113.129997,113.129997,0
2002-08-09,113.269997,113.269997,113.269997,113.269997,113.269997,0
2002-08-12,113.699997,113.699997,113.699997,113.699997,113.699997,0
2002-08-13,113.559998,113.559998,113.559998,113.559998,113.559998,0
2002-08-14,114.629997,114.629997,114.629997,114.629997,114.629997,0
2002-08-15,116.419998,116.419998,116.419998,116.419998,116.419998,0
2002-08-16,116.739998,116.739998,116.739998,116.739998,116.739998,0
2002-08-19,117.070000,117.070000,117.070000,117.070000,117.070000,0
2002-08-20,115.839996,115.839996,115.839996,115.839996,115.839996,0
2002-08-21,118.400002,118.400002,118.400002,118.400002,118.400002,0
2002-08-22,117.099998,117.099998,117.099998,117.099998,117.099998,0
2002-08-23,116.750000,116.750000,116.750000,116.750000,116.750000,0
2002-08-26,116.919998,116.919998,116.919998,116.919998,116.919998,0
2002-08-27,116.839996,116.839996,116.839996,116.839996,116.839996,0
2002-08-28,115.269997,115.269997,115.269997,115.269997,115.269997,0
2002-08-29,115.739998,115.739998,115.739998,115.739998,115.739998,0
2002-08-30,116.660004,116.660004,116.660004,116.660004,116.660004,0
2002-09-03,113.269997,113.269997,113.269997,113.269997,113.269997,0
2002-09-04,114.660004,114.660004,114.660004,114.660004,114.660004,0
2002-09-05,114.559998,114.559998,114.559998,114.559998,114.559998,0
2002-09-06,115.260002,115.260002,115.260002,115.260002,115.260002,0
2002-09-09,115.489998,115.489998,115.489998,115.489998,115.489998,0
2002-09-10,116.370003,116.370003,116.370003,116.370003,116.370003,0
2002-09-11,115.860001,115.860001,115.860001,115.860001,115.860001,0
2002-09-12,114.839996,114.839996,114.839996,114.839996,114.839996,0
2002-09-13,115.199997,115.199997,115.199997,115.199997,115.199997,0
2002-09-16,115.919998,115.919998,115.919998,115.919998,115.919998,0
2002-09-17,114.449997,114.449997,114.449997,114.449997,114.449997,0
2002-09-18,113.769997,113.769997,113.769997,113.769997,113.769997,0
2002-09-19,112.150002,112.150002,112.150002,112.150002,112.150002,0
2002-09-20,112.889999,112.889999,112.889999,112.889999,112.889999,0
2002-09-23,111.559998,111.559998,111.559998,111.559998,111.559998,0
2002-09-24,110.470001,110.470001,110.470001,110.470001,110.470001,0
2002-09-25,111.010002,111.010002,111.010002,111.010002,111.010002,0
2002-09-26,111.459999,111.459999,111.459999,111.459999,111.459999,0
2002-09-27,109.550003,109.550003,109.550003,109.550003,109.550003,0
2002-09-30,109.089996,109.089996,109.089996,109.089996,109.089996,0
2002-10-01,110.559998,110.559998,110.559998,110.559998,110.559998,0
2002-10-02,109.639999,109.639999,109.639999,109.639999,109.639999,0
2002-10-03,108.849998,108.849998,108.849998,108.849998,108.849998,0
2002-10-04,108.120003,108.120003,108.120003,108.120003,108.120003,0
2002-10-07,107.169998,107.169998,107.169998,107.169998,107.169998,0
2002-10-08,107.389999,107.389999,107.389999,107.389999,107.389999,0
2002-10-09,106.510002,106.510002,106.510002,106.510002,106.510002,0
2002-10-10,108.010002,108.010002,108.010002,108.010002,108.010002,0
2002-10-11,109.639999,109.639999,109.639999,109.639999,109.639999,0
2002-10-14,109.910004,109.910004,109.910004,109.910004,109.910004,0
2002-10-15,111.900002,111.900002,111.900002,111.900002,111.900002,0
2002-10-16,110.660004,110.660004,110.660004,110.660004,110.660004,0
2002-10-17,111.820000,111.820000,111.820000,111.820000,111.820000,0
2002-10-18,112.570000,112.570000,112.570000,112.570000,112.570000,0
2002-10-21,113.540001,113.540001,113.540001,113.540001,113.540001,0
2002-10-22,113.589996,113.589996,113.589996,113.589996,113.589996,0
2002-10-23,114.059998,114.059998,114.059998,114.059998,114.059998,0
2002-10-24,112.949997,112.949997,112.949997,112.949997,112.949997,0
2002-10-25,114.339996,114.339996,114.339996,114.339996,114.339996,0
2002-10-28,113.339996,113.339996,113.339996,113.339996,113.339996,0
2002-10-29,112.489998,112.489998,112.489998,112.489998,112.489998,0
2002-10-30,113.400002,113.400002,113.400002,113.400002,113.400002,0
2002-10-31,114.379997,114.379997,114.379997,114.379997,114.379997,0
2002-11-01,114.860001,114.860001,114.860001,114.860001,114.860001,0
2002-11-04,113.570000,113.570000,113.570000,113.570000,113.570000,0
2002-11-05,114.430000,114.430000,114.430000,114.430000,114.430000,0
2002-11-06,112.169998,112.169998,112.169998,112.169998,112.169998,0
2002-11-07,113.110001,113.110001,113.110001,113.110001,113.110001,0
2002-11-08,114.459999,114.459999,114.459999,114.459999,114.459999,0
2002-11-11,111.839996,111.839996,111.839996,111.839996,111.839996,0
2002-11-12,113.040001,113.040001,113.040001,113.040001,113.040001,0
2002-11-13,113.110001,113.110001,113.110001,113.110001,113.110001,0
2002-11-14,112.959999,112.959999,112.959999,112.959999,112.959999,0
2002-11-15,112.339996,112.339996,112.339996,112.339996,112.339996,0
2002-11-18,113.599998,113.599998,113.599998,113.599998,113.599998,0
2002-11-19,111.660004,111.660004,111.660004,111.660004,111.660004,0
2002-11-20,114.639999,114.639999,114.639999,114.639999,114.639999,0
2002-11-21,116.339996,116.339996,116.339996,116.339996,116.339996,0
2002-11-22,114.239998,114.239998,114.239998,114.239998,114.239998,0
2002-11-25,113.480003,113.480003,113.480003,113.480003,113.480003,0
2002-11-26,113.070000,113.070000,113.070000,113.070000,113.070000,0
2002-11-27,112.739998,112.739998,112.739998,112.739998,112.739998,0
2002-11-29,112.449997,112.449997,112.449997,112.449997,112.449997,0
2002-12-02,112.440002,112.440002,112.440002,112.440002,112.440002,0
2002-12-03,111.889999,111.889999,111.889999,111.889999,111.889999,0
2002-12-04,111.889999,111.889999,111.889999,111.889999,111.889999,0
2002-12-05,112.279999,112.279999,112.279999,112.279999,112.279999,0
2002-12-06,112.800003,112.800003,112.800003,112.800003,112.800003,0
2002-12-09,111.029999,111.029999,111.029999,111.029999,111.029999,0
2002-12-10,111.330002,111.330002,111.330002,111.330002,111.330002,0
2002-12-11,111.480003,111.480003,111.480003,111.480003,111.480003,0
2002-12-12,110.400002,110.400002,110.400002,110.400002,110.400002,0
2002-12-13,111.800003,111.800003,111.800003,111.800003,111.800003,0
2002-12-16,114.760002,114.760002,114.760002,114.760002,114.760002,0
2002-12-17,112.250000,112.250000,112.250000,112.250000,112.250000,0
2002-12-18,113.809998,113.809998,113.809998,113.809998,113.809998,0
2002-12-19,115.690002,115.690002,115.690002,115.690002,115.690002,0
2002-12-20,112.709999,112.709999,112.709999,112.709999,112.709999,0
2002-12-23,111.790001,111.790001,111.790001,111.790001,111.790001,0
2002-12-24,114.459999,114.459999,114.459999,114.459999,114.459999,0
2002-12-26,114.309998,114.309998,114.309998,114.309998,114.309998,0
2002-12-27,112.860001,112.860001,112.860001,112.860001,112.860001,0
2002-12-30,114.849998,114.849998,114.849998,114.849998,114.849998,0
2002-12-31,114.339996,114.339996,114.339996,114.339996,114.339996,0
2003-01-02,116.220001,116.220001,116.220001,116.220001,116.220001,0
2003-01-03,114.639999,114.639999,114.639999,114.639999,114.639999,0
2003-01-06,113.040001,113.040001,113.040001,113.040001,113.040001,0
2003-01-07,112.790001,112.790001,112.790001,112.790001,112.790001,0
2003-01-08,112.160004,112.160004,112.160004,112.160004,112.160004,0
2003-01-09,112.599998,112.599998,112.599998,112.599998,112.599998,0
2003-01-10,112.800003,112.800003,112.800003,112.800003,112.800003,0
2003-01-13,110.610001,110.610001,110.610001,110.610001,110.610001,0
2003-01-14,114.010002,114.010002,114.010002,114.010002,114.010002,0
2003-01-15,111.570000,111.570000,111.570000,111.570000,111.570000,0
2003-01-16,114.000000,114.000000,114.000000,114.000000,114.000000,0
2003-01-17,112.680000,112.680000,112.680000,112.680000,112.680000,0
2003-01-21,112.809998,112.809998,112.809998,112.809998,112.809998,0
2003-01-22,111.320000,111.320000,111.320000,111.320000,111.320000,0
2003-01-23,110.550003,110.550003,110.550003,110.550003,110.550003,0
2003-01-24,112.070000,112.070000,112.070000,112.070000,112.070000,0
2003-01-27,111.309998,111.309998,111.309998,111.309998,111.309998,0
2003-01-28,110.239998,110.239998,110.239998,110.239998,110.239998,0
2003-01-29,109.720001,109.720001,109.720001,109.720001,109.720001,0
2003-01-30,109.449997,109.449997,109.449997,109.449997,109.449997,0
2003-01-31,109.199997,109.199997,109.199997,109.199997,109.199997,0
2003-02-03,110.660004,110.660004,110.660004,110.660004,110.660004,0
2003-02-04,109.699997,109.699997,109.699997,109.699997,109.699997,0
2003-02-05,109.820000,109.820000,109.820000,109.820000,109.820000,0
2003-02-06,110.809998,110.809998,110.809998,110.809998,110.809998,0
2003-02-07,110.650002,110.650002,110.650002,110.650002,110.650002,0
2003-02-10,111.440002,111.440002,111.440002,111.440002,111.440002,0
2003-02-11,110.930000,110.930000,110.930000,110.930000,110.930000,0
2003-02-12,110.739998,110.739998,110.739998,110.739998,110.739998,0
2003-02-13,110.769997,110.769997,110.769997,110.769997,110.769997,0
2003-02-14,111.309998,111.309998,111.309998,111.309998,111.309998,0
2003-02-18,112.940002,112.940002,112.940002,112.940002,112.940002,0
2003-02-19,112.910004,112.910004,112.910004,112.910004,112.910004,0
2003-02-20,109.970001,109.970001,109.970001,109.970001,109.970001,0
2003-02-21,110.470001,110.470001,110.470001,110.470001,110.470001,0
2003-02-24,109.800003,109.800003,109.800003,109.800003,109.800003,0
2003-02-25,110.300003,110.300003,110.300003,110.300003,110.300003,0
2003-02-26,108.889999,108.889999,108.889999,108.889999,108.889999,0
2003-02-27,109.720001,109.720001,109.720001,109.720001,109.720001,0
2003-02-28,109.580002,109.580002,109.580002,109.580002,109.580002,0
2003-03-03,109.410004,109.410004,109.410004,109.410004,109.410004,0
2003-03-04,108.820000,108.820000,108.820000,108.820000,108.820000,0
2003-03-05,108.680000,108.680000,108.680000,108.680000,108.680000,0
2003-03-06,108.010002,108.010002,108.010002,108.010002,108.010002,0
2003-03-07,107.419998,107.419998,107.419998,107.419998,107.419998,0
2003-03-10,107.320000,107.320000,107.320000,107.320000,107.320000,0
2003-03-11,106.889999,106.889999,106.889999,106.889999,106.889999,0
2003-03-12,106.559998,106.559998,106.559998,106.559998,106.559998,0
2003-03-13,107.080002,107.080002,107.080002,107.080002,107.080002,0
2003-03-14,107.050003,107.050003,107.050003,107.050003,107.050003,0
2003-03-17,109.459999,109.459999,109.459999,109.459999,109.459999,0
2003-03-18,108.410004,108.410004,108.410004,108.410004,108.410004,0
2003-03-19,109.099998,109.099998,109.099998,109.099998,109.099998,0
2003-03-20,109.620003,109.620003,109.620003,109.620003,109.620003,0
2003-03-21,110.180000,110.180000,110.180000,110.180000,110.180000,0
2003-03-24,108.959999,108.959999,108.959999,108.959999,108.959999,0
2003-03-25,109.650002,109.650002,109.650002,109.650002,109.650002,0
2003-03-26,109.279999,109.279999,109.279999,109.279999,109.279999,0
2003-03-27,109.169998,109.169998,109.169998,109.169998,109.169998,0
2003-03-28,109.080002,109.080002,109.080002,109.080002,109.080002,0
2003-03-31,108.779999,108.779999,108.779999,108.779999,108.779999,0
2003-04-01,108.809998,108.809998,108.809998,108.809998,108.809998,0
2003-04-02,108.500000,108.500000,108.500000,108.500000,108.500000,0
2003-04-03,108.500000,108.500000,108.500000,108.500000,108.500000,0
2003-04-04,108.160004,108.160004,108.160004,108.160004,108.160004,0
2003-04-07,107.820000,107.820000,107.820000,107.820000,107.820000,0
2003-04-08,108.849998,108.849998,108.849998,108.849998,108.849998,0
2003-04-09,108.629997,108.629997,108.629997,108.629997,108.629997,0
2003-04-10,107.459999,107.459999,107.459999,107.459999,107.459999,0
2003-04-11,109.290001,109.290001,109.290001,109.290001,109.290001,0
2003-04-14,111.440002,111.440002,111.440002,111.440002,111.440002,0
2003-04-15,110.779999,110.779999,110.779999,110.779999,110.779999,0
2003-04-16,111.120003,111.120003,111.120003,111.120003,111.120003,0
2003-04-17,110.190002,110.190002,110.190002,110.190002,110.190002,0
2003-04-21,110.800003,110.800003,110.800003,110.800003,110.800003,0
2003-04-22,107.940002,107.940002,107.940002,107.940002,107.940002,0
2003-04-23,110.940002,110.940002,110.940002,110.940002,110.940002,0
2003-04-24,107.980003,107.980003,107.980003,107.980003,107.980003,0
2003-04-25,109.709999,109.709999,109.709999,109.709999,109.709999,0
2003-04-28,109.809998,109.809998,109.809998,109.809998,109.809998,0
2003-04-29,109.580002,109.580002,109.580002,109.580002,109.580002,0
2003-04-30,109.349998,109.349998,109.349998,109.349998,109.349998,0
2003-05-01,109.370003,109.370003,109.370003,109.370003,109.370003,0
2003-05-02,109.980003,109.980003,109.980003,109.980003,109.980003,0
2003-05-05,110.730003,110.730003,110.730003,110.730003,110.730003,0
2003-05-06,111.779999,111.779999,111.779999,111.779999,111.779999,0
2003-05-07,109.790001,109.790001,109.790001,109.790001,109.790001,0
2003-05-08,110.540001,110.540001,110.540001,110.540001,110.540001,0
2003-05-09,112.209999,112.209999,112.209999,112.209999,112.209999,0
2003-05-12,111.440002,111.440002,111.440002,111.440002,111.440002,0
2003-05-13,111.480003,111.480003,111.480003,111.480003,111.480003,0
2003-05-14,112.050003,112.050003,112.050003,112.050003,112.050003,0
2003-05-15,111.769997,111.769997,111.769997,111.769997,111.769997,0
2003-05-16,111.489998,111.489998,111.489998,111.489998,111.489998,0
2003-05-19,111.000000,111.000000,111.000000,111.000000,111.000000,0
2003-05-20,111.540001,111.540001,111.540001,111.540001,111.540001,0
2003-05-21,111.680000,111.680000,111.680000,111.680000,111.680000,0
2003-05-22,112.440002,112.440002,112.440002,112.440002,112.440002,0
2003-05-23,112.980003,112.980003,112.980003,112.980003,112.980003,0
2003-05-27,114.220001,114.220001,114.220001,114.220001,114.220001,0
2003-05-28,113.010002,113.010002,113.010002,113.010002,113.010002,0
2003-05-29,113.250000,113.250000,113.250000,113.250000,113.250000,0
2003-05-30,111.430000,111.430000,111.430000,111.430000,111.430000,0
2003-06-02,113.500000,113.500000,113.500000,113.500000,113.500000,0
2003-06-03,113.650002,113.650002,113.650002,113.650002,113.650002,0
2003-06-04,114.129997,114.129997,114.129997,114.129997,114.129997,0
2003-06-05,114.309998,114.309998,114.309998,114.309998,114.309998,0
2003-06-06,112.250000,112.250000,112.250000,112.250000,112.250000,0
2003-06-09,111.440002,111.440002,111.440002,111.440002,111.440002,0
2003-06-10,112.489998,112.489998,112.489998,112.489998,112.489998,0
2003-06-11,112.199997,112.199997,112.199997,112.199997,112.199997,0
2003-06-12,112.440002,112.440002,112.440002,112.440002,112.440002,0
2003-06-13,109.790001,109.790001,109.790001,109.790001,109.790001,0
2003-06-16,112.889999,112.889999,112.889999,112.889999,112.889999,0
2003-06-17,111.330002,111.330002,111.330002,111.330002,111.330002,0
2003-06-18,111.690002,111.690002,111.690002,111.690002,111.690002,0
2003-06-19,113.120003,113.120003,113.120003,113.120003,113.120003,0
2003-06-20,112.070000,112.070000,112.070000,112.070000,112.070000,0
2003-06-23,112.540001,112.540001,112.540001,112.540001,112.540001,0
2003-06-24,110.870003,110.870003,110.870003,110.870003,110.870003,0
2003-06-25,110.769997,110.769997,110.769997,110.769997,110.769997,0
2003-06-26,110.620003,110.620003,110.620003,110.620003,110.620003,0
2003-06-27,111.699997,111.699997,111.699997,111.699997,111.699997,0
2003-06-30,110.860001,110.860001,110.860001,110.860001,110.860001,0
2003-07-01,113.010002,113.010002,113.010002,113.010002,113.010002,0
2003-07-02,111.019997,111.019997,111.019997,111.019997,111.019997,0
2003-07-03,110.419998,110.419998,110.419998,110.419998,110.419998,0
2003-07-07,111.410004,111.410004,111.410004,111.410004,111.410004,0
2003-07-08,111.150002,111.150002,111.150002,111.150002,111.150002,0
2003-07-09,110.680000,110.680000,110.680000,110.680000,110.680000,0
2003-07-10,109.209999,109.209999,109.209999,109.209999,109.209999,0
2003-07-11,110.599998,110.599998,110.599998,110.599998,110.599998,0
2003-07-14,109.510002,109.510002,109.510002,109.510002,109.510002,0
2003-07-15,108.910004,108.910004,108.910004,108.910004,108.910004,0
2003-07-16,109.699997,109.699997,109.699997,109.699997,109.699997,0
2003-07-17,109.779999,109.779999,109.779999,109.779999,109.779999,0
2003-07-18,109.699997,109.699997,109.699997,109.699997,109.699997,0
2003-07-21,110.349998,110.349998,110.349998,110.349998,110.349998,0
2003-07-22,110.150002,110.150002,110.150002,110.150002,110.150002,0
2003-07-23,110.230003,110.230003,110.230003,110.230003,110.230003,0
2003-07-24,108.889999,108.889999,108.889999,108.889999,108.889999,0
2003-07-25,109.860001,109.860001,109.860001,109.860001,109.860001,0
2003-07-28,110.169998,110.169998,110.169998,110.169998,110.169998,0
2003-07-29,109.559998,109.559998,109.559998,109.559998,109.559998,0
2003-07-30,108.639999,108.639999,108.639999,108.639999,108.639999,0
2003-07-31,108.269997,108.269997,108.269997,108.269997,108.269997,0
2003-08-01,109.629997,109.629997,109.629997,109.629997,109.629997,0
2003-08-04,110.470001,110.470001,110.470001,110.470001,110.470001,0
2003-08-05,109.139999,109.139999,109.139999,109.139999,109.139999,0
2003-08-06,110.720001,110.720001,110.720001,110.720001,110.720001,0
2003-08-07,113.169998,113.169998,113.169998,113.169998,113.169998,0
2003-08-08,112.949997,112.949997,112.949997,112.949997,112.949997,0
2003-08-11,113.669998,113.669998,113.669998,113.669998,113.669998,0
2003-08-12,113.970001,113.970001,113.970001,113.970001,113.970001,0
2003-08-13,112.699997,112.699997,112.699997,112.699997,112.699997,0
2003-08-14,113.739998,113.739998,113.739998,113.739998,113.739998,0
2003-08-15,114.739998,114.739998,114.739998,114.739998,114.739998,0
2003-08-18,116.290001,116.290001,116.290001,116.290001,116.290001,0
2003-08-19,116.029999,116.029999,116.029999,116.029999,116.029999,0
2003-08-20,115.449997,115.449997,115.449997,115.449997,115.449997,0
2003-08-21,115.660004,115.660004,115.660004,115.660004,115.660004,0
2003-08-22,114.709999,114.709999,114.709999,114.709999,114.709999,0
2003-08-25,114.570000,114.570000,114.570000,114.570000,114.570000,0
2003-08-26,114.470001,114.470001,114.470001,114.470001,114.470001,0
2003-08-27,114.650002,114.650002,114.650002,114.650002,114.650002,0
2003-08-28,114.750000,114.750000,114.750000,114.750000,114.750000,0
2003-08-29,114.599998,114.599998,114.599998,114.599998,114.599998,0
2003-09-02,115.900002,115.900002,115.900002,115.900002,115.900002,0
2003-09-03,114.610001,114.610001,114.610001,114.610001,114.610001,0
2003-09-04,115.110001,115.110001,115.110001,115.110001,115.110001,0
2003-09-05,114.989998,114.989998,114.989998,114.989998,114.989998,0
2003-09-08,114.150002,114.150002,114.150002,114.150002,114.150002,0
2003-09-09,114.639999,114.639999,114.639999,114.639999,114.639999,0
2003-09-10,113.779999,113.779999,113.779999,113.779999,113.779999,0
2003-09-11,113.169998,113.169998,113.169998,113.169998,113.169998,0
2003-09-12,111.360001,111.360001,111.360001,111.360001,111.360001,0
2003-09-15,113.519997,113.519997,113.519997,113.519997,113.519997,0
2003-09-16,112.790001,112.790001,112.790001,112.790001,112.790001,0
2003-09-17,113.220001,113.220001,113.220001,113.220001,113.220001,0
2003-09-18,113.639999,113.639999,113.639999,113.639999,113.639999,0
2003-09-19,113.349998,113.349998,113.349998,113.349998,113.349998,0
2003-09-22,113.849998,113.849998,113.849998,113.849998,113.849998,0
2003-09-23,114.430000,114.430000,114.430000,114.430000,114.430000,0
2003-09-24,112.940002,112.940002,112.940002,112.940002,112.940002,0
2003-09-25,111.970001,111.970001,111.970001,111.970001,111.970001,0
2003-09-26,112.860001,112.860001,112.860001,112.860001,112.860001,0
2003-09-29,113.940002,113.940002,113.940002,113.940002,113.940002,0
2003-09-30,113.190002,113.190002,113.190002,113.190002,113.190002,0
2003-10-01,114.570000,114.570000,114.570000,114.570000,114.570000,0
2003-10-02,114.730003,114.730003,114.730003,114.730003,114.730003,0
2003-10-03,113.309998,113.309998,113.309998,113.309998,113.309998,0
2003-10-06,115.760002,115.760002,115.760002,115.760002,115.760002,0
2003-10-07,115.570000,115.570000,115.570000,115.570000,115.570000,0
2003-10-08,112.730003,112.730003,112.730003,112.730003,112.730003,0
2003-10-09,112.699997,112.699997,112.699997,112.699997,112.699997,0
2003-10-10,112.250000,112.250000,112.250000,112.250000,112.250000,0
2003-10-13,114.639999,114.639999,114.639999,114.639999,114.639999,0
2003-10-14,115.300003,115.300003,115.300003,115.300003,115.300003,0
2003-10-15,115.790001,115.790001,115.790001,115.790001,115.790001,0
2003-10-16,115.010002,115.010002,115.010002,115.010002,115.010002,0
2003-10-17,112.379997,112.379997,112.379997,112.379997,112.379997,0
2003-10-20,115.370003,115.370003,115.370003,115.370003,115.370003,0
2003-10-22,113.459999,113.459999,113.459999,113.459999,113.459999,0
2003-10-23,113.199997,113.199997,113.199997,113.199997,113.199997,0
2003-10-24,117.510002,117.510002,117.510002,117.510002,117.510002,0
2003-10-27,115.839996,115.839996,115.839996,115.839996,115.839996,0
2003-10-29,117.709999,117.709999,117.709999,117.709999,117.709999,0
2003-10-30,117.760002,117.760002,117.760002,117.760002,117.760002,0
2003-10-31,116.529999,116.529999,116.529999,116.529999,116.529999,0
2003-11-03,115.769997,115.769997,115.769997,115.769997,115.769997,0
2003-11-04,115.940002,115.940002,115.940002,115.940002,115.940002,0
2003-11-05,115.010002,115.010002,115.010002,115.010002,115.010002,0
2003-11-06,117.230003,117.230003,117.230003,117.230003,117.230003,0
2003-11-07,117.160004,117.160004,117.160004,117.160004,117.160004,0
2003-11-10,116.389999,116.389999,116.389999,116.389999,116.389999,0
2003-11-11,117.089996,117.089996,117.089996,117.089996,117.089996,0
2003-11-12,118.070000,118.070000,118.070000,118.070000,118.070000,0
2003-11-13,118.949997,118.949997,118.949997,118.949997,118.949997,0
2003-11-14,119.260002,119.260002,119.260002,119.260002,119.260002,0
2003-11-17,121.550003,121.550003,121.550003,121.550003,121.550003,0
2003-11-18,116.919998,116.919998,116.919998,116.919998,116.919998,0
2003-11-19,120.040001,120.040001,120.040001,120.040001,120.040001,0
2003-11-20,119.720001,119.720001,119.720001,119.720001,119.720001,0
2003-11-21,121.699997,121.699997,121.699997,121.699997,121.699997,0
2003-11-24,123.599998,123.599998,123.599998,123.599998,123.599998,0
2003-11-25,123.360001,123.360001,123.360001,123.360001,123.360001,0
2003-11-26,126.000000,126.000000,126.000000,126.000000,126.000000,0
2003-11-28,121.070000,121.070000,121.070000,121.070000,121.070000,0
2003-12-01,123.029999,123.029999,123.029999,123.029999,123.029999,0
2003-12-02,121.169998,121.169998,121.169998,121.169998,121.169998,0
2003-12-03,118.510002,118.510002,118.510002,118.510002,118.510002,0
2003-12-04,114.269997,114.269997,114.269997,114.269997,114.269997,0
2003-12-05,120.110001,120.110001,120.110001,120.110001,120.110001,0
2003-12-08,117.440002,117.440002,117.440002,117.440002,117.440002,0
2003-12-09,120.139999,120.139999,120.139999,120.139999,120.139999,0
2003-12-10,123.129997,123.129997,123.129997,123.129997,123.129997,0
2003-12-11,124.849998,124.849998,124.849998,124.849998,124.849998,0
2003-12-12,125.860001,125.860001,125.860001,125.860001,125.860001,0
2003-12-15,125.660004,125.660004,125.660004,125.660004,125.660004,0
2003-12-16,128.699997,128.699997,128.699997,128.699997,128.699997,0
2003-12-17,127.730003,127.730003,127.730003,127.730003,127.730003,0
2003-12-18,124.040001,124.040001,124.040001,124.040001,124.040001,0
2003-12-19,123.580002,123.580002,123.580002,123.580002,123.580002,0
2003-12-22,122.930000,122.930000,122.930000,122.930000,122.930000,0
2003-12-23,123.769997,123.769997,123.769997,123.769997,123.769997,0
2003-12-24,121.870003,121.870003,121.870003,121.870003,121.870003,0
2003-12-26,124.120003,124.120003,124.120003,124.120003,124.120003,0
2003-12-29,124.650002,124.650002,124.650002,124.650002,124.650002,0
2003-12-30,123.669998,123.669998,123.669998,123.669998,123.669998,0
2003-12-31,120.400002,120.400002,120.400002,120.400002,120.400002,0
2004-01-02,123.230003,123.230003,123.230003,123.230003,123.230003,0
2004-01-05,121.150002,121.150002,121.150002,121.150002,121.150002,0
2004-01-06,125.190002,125.190002,125.190002,125.190002,125.190002,0
2004-01-07,114.989998,114.989998,114.989998,114.989998,114.989998,0
2004-01-08,119.910004,119.910004,119.910004,119.910004,119.910004,0
2004-01-09,121.169998,121.169998,121.169998,121.169998,121.169998,0
2004-01-12,122.059998,122.059998,122.059998,122.059998,122.059998,0
2004-01-13,124.690002,124.690002,124.690002,124.690002,124.690002,0
2004-01-14,123.089996,123.089996,123.089996,123.089996,123.089996,0
2004-01-15,123.040001,123.040001,123.040001,123.040001,123.040001,0
2004-01-16,125.750000,125.750000,125.750000,125.750000,125.750000,0
2004-01-20,120.059998,120.059998,120.059998,120.059998,120.059998,0
2004-01-21,118.370003,118.370003,118.370003,118.370003,118.370003,0
2004-01-22,116.720001,116.720001,116.720001,116.720001,116.720001,0
2004-01-23,115.470001,115.470001,115.470001,115.470001,115.470001,0
2004-01-26,115.809998,115.809998,115.809998,115.809998,115.809998,0
2004-01-27,113.809998,113.809998,113.809998,113.809998,113.809998,0
2004-01-28,113.099998,113.099998,113.099998,113.099998,113.099998,0
2004-01-29,112.910004,112.910004,112.910004,112.910004,112.910004,0
2004-01-30,112.160004,112.160004,112.160004,112.160004,112.160004,0
2004-02-02,114.290001,114.290001,114.290001,114.290001,114.290001,0
2004-02-03,115.290001,115.290001,115.290001,115.290001,115.290001,0
2004-02-04,113.760002,113.760002,113.760002,113.760002,113.760002,0
2004-02-05,115.629997,115.629997,115.629997,115.629997,115.629997,0
2004-02-06,115.089996,115.089996,115.089996,115.089996,115.089996,0
2004-02-09,117.050003,117.050003,117.050003,117.050003,117.050003,0
2004-02-10,118.870003,118.870003,118.870003,118.870003,118.870003,0
2004-02-11,118.190002,118.190002,118.190002,118.190002,118.190002,0
2004-02-12,118.330002,118.330002,118.330002,118.330002,118.330002,0
2004-02-13,118.010002,118.010002,118.010002,118.010002,118.010002,0
2004-02-17,117.769997,117.769997,117.769997,117.769997,117.769997,0
2004-02-18,116.180000,116.180000,116.180000,116.180000,116.180000,0
2004-02-19,115.730003,115.730003,115.730003,115.730003,115.730003,0
2004-02-20,117.940002,117.940002,117.940002,117.940002,117.940002,0
2004-02-23,115.839996,115.839996,115.839996,115.839996,115.839996,0
2004-02-24,116.660004,116.660004,116.660004,116.660004,116.660004,0
2004-02-25,115.379997,115.379997,115.379997,115.379997,115.379997,0
2004-02-26,115.180000,115.180000,115.180000,115.180000,115.180000,0
2004-02-27,111.879997,111.879997,111.879997,111.879997,111.879997,0
2004-03-01,115.709999,115.709999,115.709999,115.709999,115.709999,0
2004-03-02,117.800003,117.800003,117.800003,117.800003,117.800003,0
2004-03-03,115.559998,115.559998,115.559998,115.559998,115.559998,0
2004-03-04,115.239998,115.239998,115.239998,115.239998,115.239998,0
2004-03-05,117.949997,117.949997,117.949997,117.949997,117.949997,0
2004-03-08,114.169998,114.169998,114.169998,114.169998,114.169998,0
2004-03-09,115.739998,115.739998,115.739998,115.739998,115.739998,0
2004-03-10,114.040001,114.040001,114.040001,114.040001,114.040001,0
2004-03-11,111.389999,111.389999,111.389999,111.389999,111.389999,0
2004-03-12,118.669998,118.669998,118.669998,118.669998,118.669998,0
2004-03-15,113.449997,113.449997,113.449997,113.449997,113.449997,0
2004-03-16,116.970001,116.970001,116.970001,116.970001,116.970001,0
2004-03-17,120.410004,120.410004,120.410004,120.410004,120.410004,0
2004-03-18,122.360001,122.360001,122.360001,122.360001,122.360001,0
2004-03-19,118.529999,118.529999,118.529999,118.529999,118.529999,0
2004-03-22,117.559998,117.559998,117.559998,117.559998,117.559998,0
2004-03-23,120.849998,120.849998,120.849998,120.849998,120.849998,0
2004-03-24,118.370003,118.370003,118.370003,118.370003,118.370003,0
2004-03-25,119.790001,119.790001,119.790001,119.790001,119.790001,0
2004-03-26,121.160004,121.160004,121.160004,121.160004,121.160004,0
2004-03-29,118.419998,118.419998,118.419998,118.419998,118.419998,0
2004-03-30,120.279999,120.279999,120.279999,120.279999,120.279999,0
2004-03-31,115.870003,115.870003,115.870003,115.870003,115.870003,0
2004-04-01,119.529999,119.529999,119.529999,119.529999,119.529999,0
2004-04-02,121.809998,121.809998,121.809998,121.809998,121.809998,0
2004-04-05,123.199997,123.199997,123.199997,123.199997,123.199997,0
2004-04-06,120.470001,120.470001,120.470001,120.470001,120.470001,0
2004-04-07,119.760002,119.760002,119.760002,119.760002,119.760002,0
2004-04-08,121.419998,121.419998,121.419998,121.419998,121.419998,0
2004-04-12,118.099998,118.099998,118.099998,118.099998,118.099998,0
2004-04-13,124.339996,124.339996,124.339996,124.339996,124.339996,0
2004-04-14,118.610001,118.610001,118.610001,118.610001,118.610001,0
2004-04-15,119.940002,119.940002,119.940002,119.940002,119.940002,0
2004-04-16,121.269997,121.269997,121.269997,121.269997,121.269997,0
2004-04-19,121.139999,121.139999,121.139999,121.139999,121.139999,0
2004-04-20,116.029999,116.029999,116.029999,116.029999,116.029999,0
2004-04-21,116.989998,116.989998,116.989998,116.989998,116.989998,0
2004-04-22,117.879997,117.879997,117.879997,117.879997,117.879997,0
2004-04-23,118.309998,118.309998,118.309998,118.309998,118.309998,0
2004-04-26,116.889999,116.889999,116.889999,116.889999,116.889999,0
2004-04-27,116.680000,116.680000,116.680000,116.680000,116.680000,0
2004-04-28,114.769997,114.769997,114.769997,114.769997,114.769997,0
2004-04-29,112.309998,112.309998,112.309998,112.309998,112.309998,0
2004-04-30,111.760002,111.760002,111.760002,111.760002,111.760002,0
2004-05-03,113.199997,113.199997,113.199997,113.199997,113.199997,0
2004-05-04,113.570000,113.570000,113.570000,113.570000,113.570000,0
2004-05-05,113.760002,113.760002,113.760002,113.760002,113.760002,0
2004-05-06,112.669998,112.669998,112.669998,112.669998,112.669998,0
2004-05-07,111.519997,111.519997,111.519997,111.519997,111.519997,0
2004-05-10,115.389999,115.389999,115.389999,115.389999,115.389999,0
2004-05-11,114.669998,114.669998,114.669998,114.669998,114.669998,0
2004-05-12,115.669998,115.669998,115.669998,115.669998,115.669998,0
2004-05-13,114.900002,114.900002,114.900002,114.900002,114.900002,0
2004-05-14,114.900002,114.900002,114.900002,114.900002,114.900002,0
2004-05-17,114.839996,114.839996,114.839996,114.839996,114.839996,0
2004-05-18,116.980003,116.980003,116.980003,116.980003,116.980003,0
2004-05-19,117.250000,117.250000,117.250000,117.250000,117.250000,0
2004-05-20,117.400002,117.400002,117.400002,117.400002,117.400002,0
2004-05-21,116.070000,116.070000,116.070000,116.070000,116.070000,0
2004-05-24,116.599998,116.599998,116.599998,116.599998,116.599998,0
2004-05-25,116.480003,116.480003,116.480003,116.480003,116.480003,0
2004-05-26,118.540001,118.540001,118.540001,118.540001,118.540001,0
2004-05-27,119.980003,119.980003,119.980003,119.980003,119.980003,0
2004-05-28,118.470001,118.470001,118.470001,118.470001,118.470001,0
2004-06-01,120.809998,120.809998,120.809998,120.809998,120.809998,0
2004-06-02,121.230003,121.230003,121.230003,121.230003,121.230003,0
2004-06-03,116.750000,116.750000,116.750000,116.750000,116.750000,0
2004-06-04,122.919998,122.919998,122.919998,122.919998,122.919998,0
2004-06-07,123.639999,123.639999,123.639999,123.639999,123.639999,0
2004-06-08,128.860001,128.860001,128.860001,128.860001,128.860001,0
2004-06-09,123.989998,123.989998,123.989998,123.989998,123.989998,0
2004-06-10,134.229996,134.229996,134.229996,134.229996,134.229996,0
2004-06-14,124.860001,124.860001,124.860001,124.860001,124.860001,0
2004-06-15,127.089996,127.089996,127.089996,127.089996,127.089996,0
2004-06-16,125.639999,125.639999,125.639999,125.639999,125.639999,0
2004-06-17,123.059998,123.059998,123.059998,123.059998,123.059998,0
2004-06-18,121.959999,121.959999,121.959999,121.959999,121.959999,0
2004-06-21,122.290001,122.290001,122.290001,122.290001,122.290001,0
2004-06-22,121.540001,121.540001,121.540001,121.540001,121.540001,0
2004-06-23,123.440002,123.440002,123.440002,123.440002,123.440002,0
2004-06-24,121.120003,121.120003,121.120003,121.120003,121.120003,0
2004-06-25,119.150002,119.150002,119.150002,119.150002,119.150002,0
2004-06-28,118.620003,118.620003,118.620003,118.620003,118.620003,0
2004-06-29,117.959999,117.959999,117.959999,117.959999,117.959999,0
2004-06-30,118.620003,118.620003,118.620003,118.620003,118.620003,0
2004-07-01,117.989998,117.989998,117.989998,117.989998,117.989998,0
2004-07-02,117.919998,117.919998,117.919998,117.919998,117.919998,0
2004-07-06,116.900002,116.900002,116.900002,116.900002,116.900002,0
2004-07-07,118.860001,118.860001,118.860001,118.860001,118.860001,0
2004-07-08,114.230003,114.230003,114.230003,114.230003,114.230003,0
2004-07-09,115.320000,115.320000,115.320000,115.320000,115.320000,0
2004-07-12,119.970001,119.970001,119.970001,119.970001,119.970001,0
2004-07-13,121.250000,121.250000,121.250000,121.250000,121.250000,0
2004-07-14,115.300003,115.300003,115.300003,115.300003,115.300003,0
2004-07-15,117.120003,117.120003,117.120003,117.120003,117.120003,0
2004-07-16,120.519997,120.519997,120.519997,120.519997,120.519997,0
2004-07-19,123.419998,123.419998,123.419998,123.419998,123.419998,0
2004-07-20,125.860001,125.860001,125.860001,125.860001,125.860001,0
2004-07-21,116.849998,116.849998,116.849998,116.849998,116.849998,0
2004-07-22,118.150002,118.150002,118.150002,118.150002,118.150002,0
2004-07-23,117.910004,117.910004,117.910004,117.910004,117.910004,0
2004-07-26,116.779999,116.779999,116.779999,116.779999,116.779999,0
2004-07-27,117.800003,117.800003,117.800003,117.800003,117.800003,0
2004-07-28,118.949997,118.949997,118.949997,118.949997,118.949997,0
2004-07-29,119.000000,119.000000,119.000000,119.000000,119.000000,0
2004-07-30,116.129997,116.129997,116.129997,116.129997,116.129997,0
2004-08-02,119.690002,119.690002,119.690002,119.690002,119.690002,0
2004-08-03,118.279999,118.279999,118.279999,118.279999,118.279999,0
2004-08-04,120.040001,120.040001,120.040001,120.040001,120.040001,0
2004-08-05,117.879997,117.879997,117.879997,117.879997,117.879997,0
2004-08-06,117.550003,117.550003,117.550003,117.550003,117.550003,0
2004-08-09,117.620003,117.620003,117.620003,117.620003,117.620003,0
2004-08-10,119.620003,119.620003,119.620003,119.620003,119.620003,0
2004-08-11,121.730003,121.730003,121.730003,121.730003,121.730003,0
2004-08-12,117.650002,117.650002,117.650002,117.650002,117.650002,0
2004-08-13,117.900002,117.900002,117.900002,117.900002,117.900002,0
2004-08-16,122.559998,122.559998,122.559998,122.559998,122.559998,0
2004-08-17,120.089996,120.089996,120.089996,120.089996,120.089996,0
2004-08-18,119.500000,119.500000,119.500000,119.500000,119.500000,0
2004-08-19,120.300003,120.300003,120.300003,120.300003,120.300003,0
2004-08-20,120.669998,120.669998,120.669998,120.669998,120.669998,0
2004-08-23,120.010002,120.010002,120.010002,120.010002,120.010002,0
2004-08-24,119.790001,119.790001,119.790001,119.790001,119.790001,0
2004-08-25,120.970001,120.970001,120.970001,120.970001,120.970001,0
2004-08-26,119.050003,119.050003,119.050003,119.050003,119.050003,0
2004-08-27,118.699997,118.699997,118.699997,118.699997,118.699997,0
2004-08-30,117.709999,117.709999,117.709999,117.709999,117.709999,0
2004-08-31,118.730003,118.730003,118.730003,118.730003,118.730003,0
2004-09-01,119.169998,119.169998,119.169998,119.169998,119.169998,0
2004-09-02,122.199997,122.199997,122.199997,122.199997,122.199997,0
2004-09-03,122.269997,122.269997,122.269997,122.269997,122.269997,0
2004-09-07,122.160004,122.160004,122.160004,122.160004,122.160004,0
2004-09-08,122.489998,122.489998,122.489998,122.489998,122.489998,0
2004-09-09,125.919998,125.919998,125.919998,125.919998,125.919998,0
2004-09-10,128.330002,128.330002,128.330002,128.330002,128.330002,0
2004-09-13,120.470001,120.470001,120.470001,120.470001,120.470001,0
2004-09-14,127.519997,127.519997,127.519997,127.519997,127.519997,0
2004-09-15,125.500000,125.500000,125.500000,125.500000,125.500000,0
2004-09-16,120.129997,120.129997,120.129997,120.129997,120.129997,0
2004-09-17,117.160004,117.160004,117.160004,117.160004,117.160004,0
2004-09-20,125.150002,125.150002,125.150002,125.150002,125.150002,0
2004-09-21,123.699997,123.699997,123.699997,123.699997,123.699997,0
2004-09-22,123.180000,123.180000,123.180000,123.180000,123.180000,0
2004-09-23,118.269997,118.269997,118.269997,118.269997,118.269997,0
2004-09-24,124.860001,124.860001,124.860001,124.860001,124.860001,0
2004-09-27,122.500000,122.500000,122.500000,122.500000,122.500000,0
2004-09-28,121.250000,121.250000,121.250000,121.250000,121.250000,0
2004-09-29,118.400002,118.400002,118.400002,118.400002,118.400002,0
2004-09-30,117.559998,117.559998,117.559998,117.559998,117.559998,0
2004-10-01,120.660004,120.660004,120.660004,120.660004,120.660004,0
2004-10-04,117.690002,117.690002,117.690002,117.690002,117.690002,0
2004-10-05,118.800003,118.800003,118.800003,118.800003,118.800003,0
2004-10-06,117.449997,117.449997,117.449997,117.449997,117.449997,0
2004-10-07,116.559998,116.559998,116.559998,116.559998,116.559998,0
2004-10-08,117.099998,117.099998,117.099998,117.099998,117.099998,0
2004-10-11,122.400002,122.400002,122.400002,122.400002,122.400002,0
2004-10-12,119.599998,119.599998,119.599998,119.599998,119.599998,0
2004-10-13,116.250000,116.250000,116.250000,116.250000,116.250000,0
2004-10-14,114.849998,114.849998,114.849998,114.849998,114.849998,0
2004-10-15,116.720001,116.720001,116.720001,116.720001,116.720001,0
2004-10-18,116.430000,116.430000,116.430000,116.430000,116.430000,0
2004-10-19,116.089996,116.089996,116.089996,116.089996,116.089996,0
2004-10-20,114.750000,114.750000,114.750000,114.750000,114.750000,0
2004-10-21,115.519997,115.519997,115.519997,115.519997,115.519997,0
2004-10-22,114.410004,114.410004,114.410004,114.410004,114.410004,0
2004-10-25,114.190002,114.190002,114.190002,114.190002,114.190002,0
2004-10-26,114.309998,114.309998,114.309998,114.309998,114.309998,0
2004-10-27,116.269997,116.269997,116.269997,116.269997,116.269997,0
2004-10-28,116.730003,116.730003,116.730003,116.730003,116.730003,0
2004-10-29,116.040001,116.040001,116.040001,116.040001,116.040001,0
2004-11-01,116.739998,116.739998,116.739998,116.739998,116.739998,0
2004-11-02,114.080002,114.080002,114.080002,114.080002,114.080002,0
2004-11-03,118.260002,118.260002,118.260002,118.260002,118.260002,0
2004-11-04,117.470001,117.470001,117.470001,117.470001,117.470001,0
2004-11-05,116.360001,116.360001,116.360001,116.360001,116.360001,0
2004-11-08,111.510002,111.510002,111.510002,111.510002,111.510002,0
2004-11-09,113.330002,113.330002,113.330002,113.330002,113.330002,0
2004-11-10,111.029999,111.029999,111.029999,111.029999,111.029999,0
2004-11-11,109.389999,109.389999,109.389999,109.389999,109.389999,0
2004-11-12,111.910004,111.910004,111.910004,111.910004,111.910004,0
2004-11-15,111.260002,111.260002,111.260002,111.260002,111.260002,0
2004-11-16,110.010002,110.010002,110.010002,110.010002,110.010002,0
2004-11-17,109.559998,109.559998,109.559998,109.559998,109.559998,0
2004-11-18,110.419998,110.419998,110.419998,110.419998,110.419998,0
2004-11-19,111.589996,111.589996,111.589996,111.589996,111.589996,0
2004-11-22,111.410004,111.410004,111.410004,111.410004,111.410004,0
2004-11-23,108.419998,108.419998,108.419998,108.419998,108.419998,0
2004-11-24,114.510002,114.510002,114.510002,114.510002,114.510002,0
2004-11-26,111.529999,111.529999,111.529999,111.529999,111.529999,0
2004-11-29,111.269997,111.269997,111.269997,111.269997,111.269997,0
2004-11-30,108.849998,108.849998,108.849998,108.849998,108.849998,0
2004-12-01,111.459999,111.459999,111.459999,111.459999,111.459999,0
2004-12-02,111.760002,111.760002,111.760002,111.760002,111.760002,0
2004-12-03,114.019997,114.019997,114.019997,114.019997,114.019997,0
2004-12-06,113.070000,113.070000,113.070000,113.070000,113.070000,0
2004-12-07,110.519997,110.519997,110.519997,110.519997,110.519997,0
2004-12-08,109.730003,109.730003,109.730003,109.730003,109.730003,0
2004-12-09,111.000000,111.000000,111.000000,111.000000,111.000000,0
2004-12-10,113.860001,113.860001,113.860001,113.860001,113.860001,0
2004-12-13,115.550003,115.550003,115.550003,115.550003,115.550003,0
2004-12-14,117.000000,117.000000,117.000000,117.000000,117.000000,0
2004-12-15,117.300003,117.300003,117.300003,117.300003,117.300003,0
2004-12-16,120.269997,120.269997,120.269997,120.269997,120.269997,0
2004-12-17,117.949997,117.949997,117.949997,117.949997,117.949997,0
2004-12-20,116.959999,116.959999,116.959999,116.959999,116.959999,0
2004-12-21,119.410004,119.410004,119.410004,119.410004,119.410004,0
2004-12-22,116.099998,116.099998,116.099998,116.099998,116.099998,0
2004-12-23,117.809998,117.809998,117.809998,117.809998,117.809998,0
2004-12-27,115.029999,115.029999,115.029999,115.029999,115.029999,0
2004-12-28,114.269997,114.269997,114.269997,114.269997,114.269997,0
2004-12-29,115.169998,115.169998,115.169998,115.169998,115.169998,0
2004-12-30,116.669998,116.669998,116.669998,116.669998,116.669998,0
2004-12-31,116.010002,116.010002,116.010002,116.010002,116.010002,0
2005-01-03,118.379997,118.379997,118.379997,118.379997,118.379997,0
2005-01-04,116.029999,116.029999,116.029999,116.029999,116.029999,0
2005-01-05,114.720001,114.720001,114.720001,114.720001,114.720001,0
2005-01-06,114.150002,114.150002,114.150002,114.150002,114.150002,0
2005-01-07,114.949997,114.949997,114.949997,114.949997,114.949997,0
2005-01-10,116.919998,116.919998,116.919998,116.919998,116.919998,0
2005-01-11,115.290001,115.290001,115.290001,115.290001,115.290001,0
2005-01-12,110.889999,110.889999,110.889999,110.889999,110.889999,0
2005-01-13,112.570000,112.570000,112.570000,112.570000,112.570000,0
2005-01-14,117.019997,117.019997,117.019997,117.019997,117.019997,0
2005-01-18,117.550003,117.550003,117.550003,117.550003,117.550003,0
2005-01-19,115.400002,115.400002,115.400002,115.400002,115.400002,0
2005-01-20,115.370003,115.370003,115.370003,115.370003,115.370003,0
2005-01-21,123.580002,123.580002,123.580002,123.580002,123.580002,0
2005-01-24,120.099998,120.099998,120.099998,120.099998,120.099998,0
2005-01-25,121.290001,121.290001,121.290001,121.290001,121.290001,0
2005-01-26,121.279999,121.279999,121.279999,121.279999,121.279999,0
2005-01-27,125.010002,125.010002,125.010002,125.010002,125.010002,0
2005-01-28,119.220001,119.220001,119.220001,119.220001,119.220001,0
2005-01-31,119.870003,119.870003,119.870003,119.870003,119.870003,0
2005-02-01,119.919998,119.919998,119.919998,119.919998,119.919998,0
2005-02-02,121.199997,121.199997,121.199997,121.199997,121.199997,0
2005-02-03,118.519997,118.519997,118.519997,118.519997,118.519997,0
2005-02-04,123.180000,123.180000,123.180000,123.180000,123.180000,0
2005-02-07,119.470001,119.470001,119.470001,119.470001,119.470001,0
2005-02-08,120.750000,120.750000,120.750000,120.750000,120.750000,0
2005-02-09,118.589996,118.589996,118.589996,118.589996,118.589996,0
2005-02-10,119.709999,119.709999,119.709999,119.709999,119.709999,0
2005-02-11,123.730003,123.730003,123.730003,123.730003,123.730003,0
2005-02-14,118.900002,118.900002,118.900002,118.900002,118.900002,0
2005-02-15,121.300003,121.300003,121.300003,121.300003,121.300003,0
2005-02-16,122.099998,122.099998,122.099998,122.099998,122.099998,0
2005-02-17,123.750000,123.750000,123.750000,123.750000,123.750000,0
2005-02-18,127.870003,127.870003,127.870003,127.870003,127.870003,0
2005-02-22,124.500000,124.500000,124.500000,124.500000,124.500000,0
2005-02-23,126.820000,126.820000,126.820000,126.820000,126.820000,0
2005-02-24,125.330002,125.330002,125.330002,125.330002,125.330002,0
2005-02-25,126.889999,126.889999,126.889999,126.889999,126.889999,0
2005-02-28,119.820000,119.820000,119.820000,119.820000,119.820000,0
2005-03-01,118.150002,118.150002,118.150002,118.150002,118.150002,0
2005-03-02,116.599998,116.599998,116.599998,116.599998,116.599998,0
2005-03-03,122.870003,122.870003,122.870003,122.870003,122.870003,0
2005-03-04,121.980003,121.980003,121.980003,121.980003,121.980003,0
2005-03-07,123.860001,123.860001,123.860001,123.860001,123.860001,0
2005-03-08,127.250000,127.250000,127.250000,127.250000,127.250000,0
2005-03-09,115.849998,115.849998,115.849998,115.849998,115.849998,0
2005-03-10,118.500000,118.500000,118.500000,118.500000,118.500000,0
2005-03-11,114.639999,114.639999,114.639999,114.639999,114.639999,0
2005-03-14,113.029999,113.029999,113.029999,113.029999,113.029999,0
2005-03-15,115.410004,115.410004,115.410004,115.410004,115.410004,0
2005-03-16,112.820000,112.820000,112.820000,112.820000,112.820000,0
2005-03-17,115.019997,115.019997,115.019997,115.019997,115.019997,0
2005-03-18,121.750000,121.750000,121.750000,121.750000,121.750000,0
2005-03-21,117.720001,117.720001,117.720001,117.720001,117.720001,0
2005-03-22,117.150002,117.150002,117.150002,117.150002,117.150002,0
2005-03-23,116.349998,116.349998,116.349998,116.349998,116.349998,0
2005-03-24,119.080002,119.080002,119.080002,119.080002,119.080002,0
2005-03-28,114.209999,114.209999,114.209999,114.209999,114.209999,0
2005-03-29,117.209999,117.209999,117.209999,117.209999,117.209999,0
2005-03-30,117.360001,117.360001,117.360001,117.360001,117.360001,0
2005-03-31,118.510002,118.510002,118.510002,118.510002,118.510002,0
2005-04-01,116.279999,116.279999,116.279999,116.279999,116.279999,0
2005-04-04,117.599998,117.599998,117.599998,117.599998,117.599998,0
2005-04-05,118.070000,118.070000,118.070000,118.070000,118.070000,0
2005-04-06,115.820000,115.820000,115.820000,115.820000,115.820000,0
2005-04-07,115.809998,115.809998,115.809998,115.809998,115.809998,0
2005-04-08,114.010002,114.010002,114.010002,114.010002,114.010002,0
2005-04-11,112.550003,112.550003,112.550003,112.550003,112.550003,0
2005-04-12,111.180000,111.180000,111.180000,111.180000,111.180000,0
2005-04-13,121.010002,121.010002,121.010002,121.010002,121.010002,0
2005-04-14,115.820000,115.820000,115.820000,115.820000,115.820000,0
2005-04-15,120.410004,120.410004,120.410004,120.410004,120.410004,0
2005-04-18,117.849998,117.849998,117.849998,117.849998,117.849998,0
2005-04-19,121.860001,121.860001,121.860001,121.860001,121.860001,0
2005-04-20,119.970001,119.970001,119.970001,119.970001,119.970001,0
2005-04-21,122.800003,122.800003,122.800003,122.800003,122.800003,0
2005-04-22,120.589996,120.589996,120.589996,120.589996,120.589996,0
2005-04-25,121.680000,121.680000,121.680000,121.680000,121.680000,0
2005-04-26,118.980003,118.980003,118.980003,118.980003,118.980003,0
2005-04-27,123.910004,123.910004,123.910004,123.910004,123.910004,0
2005-04-28,117.279999,117.279999,117.279999,117.279999,117.279999,0
2005-04-29,116.120003,116.120003,116.120003,116.120003,116.120003,0
2005-05-02,119.440002,119.440002,119.440002,119.440002,119.440002,0
2005-05-03,118.290001,118.290001,118.290001,118.290001,118.290001,0
2005-05-04,120.470001,120.470001,120.470001,120.470001,120.470001,0
2005-05-05,122.820000,122.820000,122.820000,122.820000,122.820000,0
2005-05-06,119.540001,119.540001,119.540001,119.540001,119.540001,0
2005-05-09,119.570000,119.570000,119.570000,119.570000,119.570000,0
2005-05-10,117.849998,117.849998,117.849998,117.849998,117.849998,0
2005-05-11,120.910004,120.910004,120.910004,120.910004,120.910004,0
2005-05-12,117.849998,117.849998,117.849998,117.849998,117.849998,0
2005-05-13,118.220001,118.220001,118.220001,118.220001,118.220001,0
2005-05-16,125.220001,125.220001,125.220001,125.220001,125.220001,0
2005-05-17,122.019997,122.019997,122.019997,122.019997,122.019997,0
2005-05-18,125.160004,125.160004,125.160004,125.160004,125.160004,0
2005-05-19,127.389999,127.389999,127.389999,127.389999,127.389999,0
2005-05-20,128.089996,128.089996,128.089996,128.089996,128.089996,0
2005-05-23,131.229996,131.229996,131.229996,131.229996,131.229996,0
2005-05-24,130.789993,130.789993,130.789993,130.789993,130.789993,0
2005-05-25,128.600006,128.600006,128.600006,128.600006,128.600006,0
2005-05-26,129.169998,129.169998,129.169998,129.169998,129.169998,0
2005-05-27,125.919998,125.919998,125.919998,125.919998,125.919998,0
2005-05-31,120.559998,120.559998,120.559998,120.559998,120.559998,0
2005-06-01,127.650002,127.650002,127.650002,127.650002,127.650002,0
2005-06-02,127.809998,127.809998,127.809998,127.809998,127.809998,0
2005-06-03,123.589996,123.589996,123.589996,123.589996,123.589996,0
2005-06-06,122.680000,122.680000,122.680000,122.680000,122.680000,0
2005-06-07,118.379997,118.379997,118.379997,118.379997,118.379997,0
2005-06-08,121.360001,121.360001,121.360001,121.360001,121.360001,0
2005-06-09,118.889999,118.889999,118.889999,118.889999,118.889999,0
2005-06-10,118.480003,118.480003,118.480003,118.480003,118.480003,0
2005-06-13,117.059998,117.059998,117.059998,117.059998,117.059998,0
2005-06-14,120.129997,120.129997,120.129997,120.129997,120.129997,0
2005-06-15,118.550003,118.550003,118.550003,118.550003,118.550003,0
2005-06-16,119.110001,119.110001,119.110001,119.110001,119.110001,0
2005-06-17,119.510002,119.510002,119.510002,119.510002,119.510002,0
2005-06-20,121.290001,121.290001,121.290001,121.290001,121.290001,0
2005-06-21,123.750000,123.750000,123.750000,123.750000,123.750000,0
2005-06-22,123.980003,123.980003,123.980003,123.980003,123.980003,0
2005-06-23,118.550003,118.550003,118.550003,118.550003,118.550003,0
2005-06-24,115.919998,115.919998,115.919998,115.919998,115.919998,0
2005-06-27,118.019997,118.019997,118.019997,118.019997,118.019997,0
2005-06-28,119.309998,119.309998,119.309998,119.309998,119.309998,0
2005-06-29,118.459999,118.459999,118.459999,118.459999,118.459999,0
2005-06-30,118.190002,118.190002,118.190002,118.190002,118.190002,0
2005-07-01,123.580002,123.580002,123.580002,123.580002,123.580002,0
2005-07-05,123.739998,123.739998,123.739998,123.739998,123.739998,0
2005-07-06,121.080002,121.080002,121.080002,121.080002,121.080002,0
2005-07-07,121.980003,121.980003,121.980003,121.980003,121.980003,0
2005-07-08,125.019997,125.019997,125.019997,125.019997,125.019997,0
2005-07-11,121.160004,121.160004,121.160004,121.160004,121.160004,0
2005-07-12,114.080002,114.080002,114.080002,114.080002,114.080002,0
2005-07-13,117.080002,117.080002,117.080002,117.080002,117.080002,0
2005-07-14,122.320000,122.320000,122.320000,122.320000,122.320000,0
2005-07-15,122.480003,122.480003,122.480003,122.480003,122.480003,0
2005-07-18,120.339996,120.339996,120.339996,120.339996,120.339996,0
2005-07-19,122.059998,122.059998,122.059998,122.059998,122.059998,0
2005-07-20,119.559998,119.559998,119.559998,119.559998,119.559998,0
2005-07-21,118.169998,118.169998,118.169998,118.169998,118.169998,0
2005-07-22,123.709999,123.709999,123.709999,123.709999,123.709999,0
2005-07-25,124.870003,124.870003,124.870003,124.870003,124.870003,0
2005-07-26,128.460007,128.460007,128.460007,128.460007,128.460007,0
2005-07-27,123.209999,123.209999,123.209999,123.209999,123.209999,0
2005-07-28,122.620003,122.620003,122.620003,122.620003,122.620003,0
2005-07-29,121.300003,121.300003,121.300003,121.300003,121.300003,0
2005-08-01,122.040001,122.040001,122.040001,122.040001,122.040001,0
2005-08-02,124.730003,124.730003,124.730003,124.730003,124.730003,0
2005-08-03,126.599998,126.599998,126.599998,126.599998,126.599998,0
2005-08-04,123.180000,123.180000,123.180000,123.180000,123.180000,0
2005-08-05,124.870003,124.870003,124.870003,124.870003,124.870003,0
2005-08-08,125.000000,125.000000,125.000000,125.000000,125.000000,0
2005-08-09,129.160004,129.160004,129.160004,129.160004,129.160004,0
2005-08-10,124.070000,124.070000,124.070000,124.070000,124.070000,0
2005-08-11,126.870003,126.870003,126.870003,126.870003,126.870003,0
2005-08-12,130.279999,130.279999,130.279999,130.279999,130.279999,0
2005-08-15,121.099998,121.099998,121.099998,121.099998,121.099998,0
2005-08-16,124.230003,124.230003,124.230003,124.230003,124.230003,0
2005-08-17,126.120003,126.120003,126.120003,126.120003,126.120003,0
2005-08-18,126.879997,126.879997,126.879997,126.879997,126.879997,0
2005-08-19,131.419998,131.419998,131.419998,131.419998,131.419998,0
2005-08-22,128.649994,128.649994,128.649994,128.649994,128.649994,0
2005-08-23,128.470001,128.470001,128.470001,128.470001,128.470001,0
2005-08-24,129.259995,129.259995,129.259995,129.259995,129.259995,0
2005-08-25,133.490005,133.490005,133.490005,133.490005,133.490005,0
2005-08-26,135.539993,135.539993,135.539993,135.539993,135.539993,0
2005-08-29,136.639999,136.639999,136.639999,136.639999,136.639999,0
2005-08-30,127.269997,127.269997,127.269997,127.269997,127.269997,0
2005-08-31,122.610001,122.610001,122.610001,122.610001,122.610001,0
2005-09-01,123.959999,123.959999,123.959999,123.959999,123.959999,0
2005-09-02,124.849998,124.849998,124.849998,124.849998,124.849998,0
2005-09-06,124.650002,124.650002,124.650002,124.650002,124.650002,0
2005-09-07,122.839996,122.839996,122.839996,122.839996,122.839996,0
2005-09-08,121.889999,121.889999,121.889999,121.889999,121.889999,0
2005-09-09,124.370003,124.370003,124.370003,124.370003,124.370003,0
2005-09-12,122.199997,122.199997,122.199997,122.199997,122.199997,0
2005-09-13,120.110001,120.110001,120.110001,120.110001,120.110001,0
2005-09-14,126.300003,126.300003,126.300003,126.300003,126.300003,0
2005-09-15,125.000000,125.000000,125.000000,125.000000,125.000000,0
2005-09-16,122.940002,122.940002,122.940002,122.940002,122.940002,0
2005-09-19,123.849998,123.849998,123.849998,123.849998,123.849998,0
2005-09-20,121.279999,121.279999,121.279999,121.279999,121.279999,0
2005-09-21,120.400002,120.400002,120.400002,120.400002,120.400002,0
2005-09-22,121.849998,121.849998,121.849998,121.849998,121.849998,0
2005-09-23,122.160004,122.160004,122.160004,122.160004,122.160004,0
2005-09-26,123.440002,123.440002,123.440002,123.440002,123.440002,0
2005-09-27,121.379997,121.379997,121.379997,121.379997,121.379997,0
2005-09-28,121.449997,121.449997,121.449997,121.449997,121.449997,0
2005-09-29,123.989998,123.989998,123.989998,123.989998,123.989998,0
2005-09-30,115.230003,115.230003,115.230003,115.230003,115.230003,0
2005-10-03,124.349998,124.349998,124.349998,124.349998,124.349998,0
2005-10-04,116.570000,116.570000,116.570000,116.570000,116.570000,0
2005-10-05,114.110001,114.110001,114.110001,114.110001,114.110001,0
2005-10-06,115.190002,115.190002,115.190002,115.190002,115.190002,0
2005-10-07,117.010002,117.010002,117.010002,117.010002,117.010002,0
2005-10-10,117.139999,117.139999,117.139999,117.139999,117.139999,0
2005-10-11,117.989998,117.989998,117.989998,117.989998,117.989998,0
2005-10-12,117.830002,117.830002,117.830002,117.830002,117.830002,0
2005-10-13,117.820000,117.820000,117.820000,117.820000,117.820000,0
2005-10-14,121.730003,121.730003,121.730003,121.730003,121.730003,0
2005-10-17,122.730003,122.730003,122.730003,122.730003,122.730003,0
2005-10-18,120.570000,120.570000,120.570000,120.570000,120.570000,0
2005-10-19,115.269997,115.269997,115.269997,115.269997,115.269997,0
2005-10-20,122.320000,122.320000,122.320000,122.320000,122.320000,0
2005-10-21,121.190002,121.190002,121.190002,121.190002,121.190002,0
2005-10-24,126.309998,126.309998,126.309998,126.309998,126.309998,0
2005-10-25,124.620003,124.620003,124.620003,124.620003,124.620003,0
2005-10-26,122.830002,122.830002,122.830002,122.830002,122.830002,0
2005-10-27,121.330002,121.330002,121.330002,121.330002,121.330002,0
2005-10-28,118.180000,118.180000,118.180000,118.180000,118.180000,0
2005-10-31,122.500000,122.500000,122.500000,122.500000,122.500000,0
2005-11-01,126.110001,126.110001,126.110001,126.110001,126.110001,0
2005-11-02,121.019997,121.019997,121.019997,121.019997,121.019997,0
2005-11-03,122.410004,122.410004,122.410004,122.410004,122.410004,0
2005-11-04,121.769997,121.769997,121.769997,121.769997,121.769997,0
2005-11-07,120.029999,120.029999,120.029999,120.029999,120.029999,0
2005-11-08,122.330002,122.330002,122.330002,122.330002,122.330002,0
2005-11-09,122.559998,122.559998,122.559998,122.559998,122.559998,0
2005-11-10,122.959999,122.959999,122.959999,122.959999,122.959999,0
2005-11-11,123.849998,123.849998,123.849998,123.849998,123.849998,0
2005-11-14,125.849998,125.849998,125.849998,125.849998,125.849998,0
2005-11-15,120.089996,120.089996,120.089996,120.089996,120.089996,0
2005-11-16,125.410004,125.410004,125.410004,125.410004,125.410004,0
2005-11-17,123.129997,123.129997,123.129997,123.129997,123.129997,0
2005-11-18,129.470001,129.470001,129.470001,129.470001,129.470001,0
2005-11-21,125.080002,125.080002,125.080002,125.080002,125.080002,0
2005-11-22,122.000000,122.000000,122.000000,122.000000,122.000000,0
2005-11-23,123.309998,123.309998,123.309998,123.309998,123.309998,0
2005-11-25,114.919998,114.919998,114.919998,114.919998,114.919998,0
2005-11-28,120.220001,120.220001,120.220001,120.220001,120.220001,0
2005-11-29,120.690002,120.690002,120.690002,120.690002,120.690002,0
2005-11-30,114.809998,114.809998,114.809998,114.809998,114.809998,0
2005-12-01,123.160004,123.160004,123.160004,123.160004,123.160004,0
2005-12-02,123.750000,123.750000,123.750000,123.750000,123.750000,0
2005-12-05,122.800003,122.800003,122.800003,122.800003,122.800003,0
2005-12-06,117.120003,117.120003,117.120003,117.120003,117.120003,0
2005-12-07,121.980003,121.980003,121.980003,121.980003,121.980003,0
2005-12-08,122.910004,122.910004,122.910004,122.910004,122.910004,0
2005-12-09,121.449997,121.449997,121.449997,121.449997,121.449997,0
2005-12-12,119.419998,119.419998,119.419998,119.419998,119.419998,0
2005-12-13,128.589996,128.589996,128.589996,128.589996,128.589996,0
2005-12-14,119.260002,119.260002,119.260002,119.260002,119.260002,0
2005-12-15,124.629997,124.629997,124.629997,124.629997,124.629997,0
2005-12-16,120.800003,120.800003,120.800003,120.800003,120.800003,0
2005-12-19,120.070000,120.070000,120.070000,120.070000,120.070000,0
2005-12-20,122.599998,122.599998,122.599998,122.599998,122.599998,0
2005-12-21,117.879997,117.879997,117.879997,117.879997,117.879997,0
2005-12-22,118.809998,118.809998,118.809998,118.809998,118.809998,0
2005-12-23,120.139999,120.139999,120.139999,120.139999,120.139999,0
2005-12-27,115.300003,115.300003,115.300003,115.300003,115.300003,0
2005-12-28,115.269997,115.269997,115.269997,115.269997,115.269997,0
2005-12-29,115.779999,115.779999,115.779999,115.779999,115.779999,0
2005-12-30,113.000000,113.000000,113.000000,113.000000,113.000000,0
2006-01-03,114.000000,114.000000,114.000000,114.000000,114.000000,0
2006-01-04,114.080002,114.080002,114.080002,114.080002,114.080002,0
2006-01-05,113.750000,113.750000,113.750000,113.750000,113.750000,0
2006-01-06,117.300003,117.300003,117.300003,117.300003,117.300003,0
2006-01-09,115.089996,115.089996,115.089996,115.089996,115.089996,0
2006-01-10,116.790001,116.790001,116.790001,116.790001,116.790001,0
2006-01-11,119.500000,119.500000,119.500000,119.500000,119.500000,0
2006-01-12,118.620003,118.620003,118.620003,118.620003,118.620003,0
2006-01-13,119.139999,119.139999,119.139999,119.139999,119.139999,0
2006-01-17,115.040001,115.040001,115.040001,115.040001,115.040001,0
2006-01-18,115.019997,115.019997,115.019997,115.019997,115.019997,0
2006-01-19,117.550003,117.550003,117.550003,117.550003,117.550003,0
2006-01-20,123.550003,123.550003,123.550003,123.550003,123.550003,0
2006-01-23,126.589996,126.589996,126.589996,126.589996,126.589996,0
2006-01-24,128.729996,128.729996,128.729996,128.729996,128.729996,0
2006-01-25,123.059998,123.059998,123.059998,123.059998,123.059998,0
2006-01-26,126.339996,126.339996,126.339996,126.339996,126.339996,0
2006-01-27,127.589996,127.589996,127.589996,127.589996,127.589996,0
2006-01-30,120.129997,120.129997,120.129997,120.129997,120.129997,0
2006-01-31,120.989998,120.989998,120.989998,120.989998,120.989998,0
2006-02-01,117.800003,117.800003,117.800003,117.800003,117.800003,0
2006-02-02,116.980003,116.980003,116.980003,116.980003,116.980003,0
2006-02-03,116.839996,116.839996,116.839996,116.839996,116.839996,0
2006-02-06,119.370003,119.370003,119.370003,119.370003,119.370003,0
2006-02-07,116.919998,116.919998,116.919998,116.919998,116.919998,0
2006-02-08,119.489998,119.489998,119.489998,119.489998,119.489998,0
2006-02-09,119.309998,119.309998,119.309998,119.309998,119.309998,0
2006-02-10,120.190002,120.190002,120.190002,120.190002,120.190002,0
2006-02-13,120.699997,120.699997,120.699997,120.699997,120.699997,0
2006-02-14,119.300003,119.300003,119.300003,119.300003,119.300003,0
2006-02-15,126.440002,126.440002,126.440002,126.440002,126.440002,0
2006-02-16,128.990005,128.990005,128.990005,128.990005,128.990005,0
2006-02-17,133.880005,133.880005,133.880005,133.880005,133.880005,0
2006-02-21,128.570007,128.570007,128.570007,128.570007,128.570007,0
2006-02-22,130.029999,130.029999,130.029999,130.029999,130.029999,0
2006-02-23,127.080002,127.080002,127.080002,127.080002,127.080002,0
2006-02-24,128.559998,128.559998,128.559998,128.559998,128.559998,0
2006-02-27,123.529999,123.529999,123.529999,123.529999,123.529999,0
2006-02-28,124.610001,124.610001,124.610001,124.610001,124.610001,0
2006-03-01,124.250000,124.250000,124.250000,124.250000,124.250000,0
2006-03-02,123.300003,123.300003,123.300003,123.300003,123.300003,0
2006-03-03,121.870003,121.870003,121.870003,121.870003,121.870003,0
2006-03-06,116.599998,116.599998,116.599998,116.599998,116.599998,0
2006-03-07,116.209999,116.209999,116.209999,116.209999,116.209999,0
2006-03-08,117.209999,117.209999,117.209999,117.209999,117.209999,0
2006-03-09,114.199997,114.199997,114.199997,114.199997,114.199997,0
2006-03-10,116.209999,116.209999,116.209999,116.209999,116.209999,0
2006-03-13,116.540001,116.540001,116.540001,116.540001,116.540001,0
2006-03-14,114.430000,114.430000,114.430000,114.430000,114.430000,0
2006-03-15,119.120003,119.120003,119.120003,119.120003,119.120003,0
2006-03-16,142.020004,142.020004,142.020004,142.020004,142.020004,0
2006-03-17,130.059998,130.059998,130.059998,130.059998,130.059998,0
2006-03-20,124.389999,124.389999,124.389999,124.389999,124.389999,0
2006-03-21,120.690002,120.690002,120.690002,120.690002,120.690002,0
2006-03-22,121.699997,121.699997,121.699997,121.699997,121.699997,0
2006-03-23,119.230003,119.230003,119.230003,119.230003,119.230003,0
2006-03-24,124.339996,124.339996,124.339996,124.339996,124.339996,0
2006-03-27,118.230003,118.230003,118.230003,118.230003,118.230003,0
2006-03-28,118.709999,118.709999,118.709999,118.709999,118.709999,0
2006-03-29,117.940002,117.940002,117.940002,117.940002,117.940002,0
2006-03-30,116.769997,116.769997,116.769997,116.769997,116.769997,0
2006-03-31,115.720001,115.720001,115.720001,115.720001,115.720001,0
2006-04-03,115.480003,115.480003,115.480003,115.480003,115.480003,0
2006-04-04,117.059998,117.059998,117.059998,117.059998,117.059998,0
2006-04-05,117.099998,117.099998,117.099998,117.099998,117.099998,0
2006-04-06,118.029999,118.029999,118.029999,118.029999,118.029999,0
2006-04-07,115.699997,115.699997,115.699997,115.699997,115.699997,0
2006-04-10,116.510002,116.510002,116.510002,116.510002,116.510002,0
2006-04-11,113.559998,113.559998,113.559998,113.559998,113.559998,0
2006-04-12,115.709999,115.709999,115.709999,115.709999,115.709999,0
2006-04-13,117.989998,117.989998,117.989998,117.989998,117.989998,0
2006-04-17,113.559998,113.559998,113.559998,113.559998,113.559998,0
2006-04-18,116.739998,116.739998,116.739998,116.739998,116.739998,0
2006-04-19,121.699997,121.699997,121.699997,121.699997,121.699997,0
2006-04-20,130.000000,130.000000,130.000000,130.000000,130.000000,0
2006-04-21,122.050003,122.050003,122.050003,122.050003,122.050003,0
2006-04-24,128.770004,128.770004,128.770004,128.770004,128.770004,0
2006-04-25,129.660004,129.660004,129.660004,129.660004,129.660004,0
2006-04-26,126.139999,126.139999,126.139999,126.139999,126.139999,0
2006-04-27,129.210007,129.210007,129.210007,129.210007,129.210007,0
2006-04-28,125.199997,125.199997,125.199997,125.199997,125.199997,0
2006-05-01,129.669998,129.669998,129.669998,129.669998,129.669998,0
2006-05-02,124.010002,124.010002,124.010002,124.010002,124.010002,0
2006-05-03,127.459999,127.459999,127.459999,127.459999,127.459999,0
2006-05-04,125.860001,125.860001,125.860001,125.860001,125.860001,0
2006-05-05,128.059998,128.059998,128.059998,128.059998,128.059998,0
2006-05-08,125.250000,125.250000,125.250000,125.250000,125.250000,0
2006-05-09,123.019997,123.019997,123.019997,123.019997,123.019997,0
2006-05-10,119.620003,119.620003,119.620003,119.620003,119.620003,0
2006-05-11,120.680000,120.680000,120.680000,120.680000,120.680000,0
2006-05-12,123.209999,123.209999,123.209999,123.209999,123.209999,0
2006-05-15,121.860001,121.860001,121.860001,121.860001,121.860001,0
2006-05-16,130.149994,130.149994,130.149994,130.149994,130.149994,0
2006-05-17,121.870003,121.870003,121.870003,121.870003,121.870003,0
2006-05-18,123.089996,123.089996,123.089996,123.089996,123.089996,0
2006-05-19,136.929993,136.929993,136.929993,136.929993,136.929993,0
2006-05-22,126.150002,126.150002,126.150002,126.150002,126.150002,0
2006-05-23,125.150002,125.150002,125.150002,125.150002,125.150002,0
2006-05-24,127.400002,127.400002,127.400002,127.400002,127.400002,0
2006-05-25,132.350006,132.350006,132.350006,132.350006,132.350006,0
2006-05-26,128.500000,128.500000,128.500000,128.500000,128.500000,0
2006-05-30,122.669998,122.669998,122.669998,122.669998,122.669998,0
2006-05-31,121.970001,121.970001,121.970001,121.970001,121.970001,0
2006-06-01,128.020004,128.020004,128.020004,128.020004,128.020004,0
2006-06-02,127.019997,127.019997,127.019997,127.019997,127.019997,0
2006-06-05,120.419998,120.419998,120.419998,120.419998,120.419998,0
2006-06-06,121.790001,121.790001,121.790001,121.790001,121.790001,0
2006-06-07,120.809998,120.809998,120.809998,120.809998,120.809998,0
2006-06-08,120.190002,120.190002,120.190002,120.190002,120.190002,0
2006-06-09,118.739998,118.739998,118.739998,118.739998,118.739998,0
2006-06-12,121.269997,121.269997,121.269997,121.269997,121.269997,0
2006-06-13,121.550003,121.550003,121.550003,121.550003,121.550003,0
2006-06-14,124.239998,124.239998,124.239998,124.239998,124.239998,0
2006-06-15,131.600006,131.600006,131.600006,131.600006,131.600006,0
2006-06-16,128.320007,128.320007,128.320007,128.320007,128.320007,0
2006-06-19,125.309998,125.309998,125.309998,125.309998,125.309998,0
2006-06-20,126.540001,126.540001,126.540001,126.540001,126.540001,0
2006-06-21,127.360001,127.360001,127.360001,127.360001,127.360001,0
2006-06-22,125.080002,125.080002,125.080002,125.080002,125.080002,0
2006-06-23,122.550003,122.550003,122.550003,122.550003,122.550003,0
2006-06-26,124.870003,124.870003,124.870003,124.870003,124.870003,0
2006-06-27,120.300003,120.300003,120.300003,120.300003,120.300003,0
2006-06-28,118.989998,118.989998,118.989998,118.989998,118.989998,0
2006-06-29,124.110001,124.110001,124.110001,124.110001,124.110001,0
2006-06-30,118.279999,118.279999,118.279999,118.279999,118.279999,0
2006-07-03,120.930000,120.930000,120.930000,120.930000,120.930000,0
2006-07-05,120.220001,120.220001,120.220001,120.220001,120.220001,0
2006-07-06,116.809998,116.809998,116.809998,116.809998,116.809998,0
2006-07-07,114.970001,114.970001,114.970001,114.970001,114.970001,0
2006-07-10,115.889999,115.889999,115.889999,115.889999,115.889999,0
2006-07-11,119.169998,119.169998,119.169998,119.169998,119.169998,0
2006-07-12,115.970001,115.970001,115.970001,115.970001,115.970001,0
2006-07-13,115.400002,115.400002,115.400002,115.400002,115.400002,0
2006-07-14,117.480003,117.480003,117.480003,117.480003,117.480003,0
2006-07-17,118.559998,118.559998,118.559998,118.559998,118.559998,0
2006-07-18,122.900002,122.900002,122.900002,122.900002,122.900002,0
2006-07-19,121.580002,121.580002,121.580002,121.580002,121.580002,0
2006-07-20,118.550003,118.550003,118.550003,118.550003,118.550003,0
2006-07-21,118.330002,118.330002,118.330002,118.330002,118.330002,0
2006-07-24,122.029999,122.029999,122.029999,122.029999,122.029999,0
2006-07-25,120.529999,120.529999,120.529999,120.529999,120.529999,0
2006-07-26,120.860001,120.860001,120.860001,120.860001,120.860001,0
2006-07-27,119.779999,119.779999,119.779999,119.779999,119.779999,0
2006-07-28,121.400002,121.400002,121.400002,121.400002,121.400002,0
2006-07-31,121.639999,121.639999,121.639999,121.639999,121.639999,0
2006-08-01,119.489998,119.489998,119.489998,119.489998,119.489998,0
2006-08-02,117.980003,117.980003,117.980003,117.980003,117.980003,0
2006-08-03,116.790001,116.790001,116.790001,116.790001,116.790001,0
2006-08-04,117.540001,117.540001,117.540001,117.540001,117.540001,0
2006-08-07,117.019997,117.019997,117.019997,117.019997,117.019997,0
2006-08-08,118.180000,118.180000,118.180000,118.180000,118.180000,0
2006-08-09,116.269997,116.269997,116.269997,116.269997,116.269997,0
2006-08-10,118.309998,118.309998,118.309998,118.309998,118.309998,0
2006-08-11,118.089996,118.089996,118.089996,118.089996,118.089996,0
2006-08-14,118.239998,118.239998,118.239998,118.239998,118.239998,0
2006-08-15,118.879997,118.879997,118.879997,118.879997,118.879997,0
2006-08-16,120.169998,120.169998,120.169998,120.169998,120.169998,0
2006-08-17,121.419998,121.419998,121.419998,121.419998,121.419998,0
2006-08-18,125.349998,125.349998,125.349998,125.349998,125.349998,0
2006-08-21,125.660004,125.660004,125.660004,125.660004,125.660004,0
2006-08-22,124.000000,124.000000,124.000000,124.000000,124.000000,0
2006-08-23,124.199997,124.199997,124.199997,124.199997,124.199997,0
2006-08-24,123.750000,123.750000,123.750000,123.750000,123.750000,0
2006-08-25,125.010002,125.010002,125.010002,125.010002,125.010002,0
2006-08-28,122.639999,122.639999,122.639999,122.639999,122.639999,0
2006-08-29,126.529999,126.529999,126.529999,126.529999,126.529999,0
2006-08-30,125.519997,125.519997,125.519997,125.519997,125.519997,0
2006-08-31,123.220001,123.220001,123.220001,123.220001,123.220001,0
2006-09-01,124.589996,124.589996,124.589996,124.589996,124.589996,0
2006-09-05,124.309998,124.309998,124.309998,124.309998,124.309998,0
2006-09-06,123.089996,123.089996,123.089996,123.089996,123.089996,0
2006-09-07,121.660004,121.660004,121.660004,121.660004,121.660004,0
2006-09-08,124.339996,124.339996,124.339996,124.339996,124.339996,0
2006-09-11,125.989998,125.989998,125.989998,125.989998,125.989998,0
2006-09-12,126.419998,126.419998,126.419998,126.419998,126.419998,0
2006-09-13,120.440002,120.440002,120.440002,120.440002,120.440002,0
2006-09-14,119.470001,119.470001,119.470001,119.470001,119.470001,0
2006-09-15,135.250000,135.250000,135.250000,135.250000,135.250000,0
2006-09-18,127.349998,127.349998,127.349998,127.349998,127.349998,0
2006-09-19,125.029999,125.029999,125.029999,125.029999,125.029999,0
2006-09-20,122.709999,122.709999,122.709999,122.709999,122.709999,0
2006-09-21,119.680000,119.680000,119.680000,119.680000,119.680000,0
2006-09-22,118.860001,118.860001,118.860001,118.860001,118.860001,0
2006-09-25,120.750000,120.750000,120.750000,120.750000,120.750000,0
2006-09-26,121.639999,121.639999,121.639999,121.639999,121.639999,0
2006-09-27,118.430000,118.430000,118.430000,118.430000,118.430000,0
2006-09-28,118.209999,118.209999,118.209999,118.209999,118.209999,0
2006-09-29,120.089996,120.089996,120.089996,120.089996,120.089996,0
2006-10-02,119.800003,119.800003,119.800003,119.800003,119.800003,0
2006-10-03,116.930000,116.930000,116.930000,116.930000,116.930000,0
2006-10-04,118.150002,118.150002,118.150002,118.150002,118.150002,0
2006-10-05,115.480003,115.480003,115.480003,115.480003,115.480003,0
2006-10-06,117.339996,117.339996,117.339996,117.339996,117.339996,0
2006-10-09,116.190002,116.190002,116.190002,116.190002,116.190002,0
2006-10-10,118.430000,118.430000,118.430000,118.430000,118.430000,0
2006-10-11,117.160004,117.160004,117.160004,117.160004,117.160004,0
2006-10-12,117.440002,117.440002,117.440002,117.440002,117.440002,0
2006-10-13,118.739998,118.739998,118.739998,118.739998,118.739998,0
2006-10-16,116.540001,116.540001,116.540001,116.540001,116.540001,0
2006-10-17,117.699997,117.699997,117.699997,117.699997,117.699997,0
2006-10-18,114.959999,114.959999,114.959999,114.959999,114.959999,0
2006-10-19,116.800003,116.800003,116.800003,116.800003,116.800003,0
2006-10-20,117.059998,117.059998,117.059998,117.059998,117.059998,0
2006-10-23,115.279999,115.279999,115.279999,115.279999,115.279999,0
2006-10-24,114.680000,114.680000,114.680000,114.680000,114.680000,0
2006-10-25,113.720001,113.720001,113.720001,113.720001,113.720001,0
2006-10-26,112.970001,112.970001,112.970001,112.970001,112.970001,0
2006-10-27,111.459999,111.459999,111.459999,111.459999,111.459999,0
2006-10-30,114.110001,114.110001,114.110001,114.110001,114.110001,0
2006-10-31,111.480003,111.480003,111.480003,111.480003,111.480003,0
2006-11-01,112.360001,112.360001,112.360001,112.360001,112.360001,0
2006-11-02,113.080002,113.080002,113.080002,113.080002,113.080002,0
2006-11-03,112.370003,112.370003,112.370003,112.370003,112.370003,0
2006-11-06,116.760002,116.760002,116.760002,116.760002,116.760002,0
2006-11-07,115.720001,115.720001,115.720001,115.720001,115.720001,0
2006-11-08,115.860001,115.860001,115.860001,115.860001,115.860001,0
2006-11-09,113.190002,113.190002,113.190002,113.190002,113.190002,0
2006-11-10,113.870003,113.870003,113.870003,113.870003,113.870003,0
2006-11-13,113.320000,113.320000,113.320000,113.320000,113.320000,0
2006-11-14,113.750000,113.750000,113.750000,113.750000,113.750000,0
2006-11-15,111.629997,111.629997,111.629997,111.629997,111.629997,0
2006-11-16,110.870003,110.870003,110.870003,110.870003,110.870003,0
2006-11-17,117.730003,117.730003,117.730003,117.730003,117.730003,0
2006-11-20,119.019997,119.019997,119.019997,119.019997,119.019997,0
2006-11-21,118.529999,118.529999,118.529999,118.529999,118.529999,0
2006-11-22,120.860001,120.860001,120.860001,120.860001,120.860001,0
2006-11-24,118.470001,118.470001,118.470001,118.470001,118.470001,0
2006-11-27,117.959999,117.959999,117.959999,117.959999,117.959999,0
2006-11-28,121.889999,121.889999,121.889999,121.889999,121.889999,0
2006-11-29,125.379997,125.379997,125.379997,125.379997,125.379997,0
2006-11-30,124.000000,124.000000,124.000000,124.000000,124.000000,0
2006-12-01,126.199997,126.199997,126.199997,126.199997,126.199997,0
2006-12-04,124.809998,124.809998,124.809998,124.809998,124.809998,0
2006-12-05,127.139999,127.139999,127.139999,127.139999,127.139999,0
2006-12-06,125.610001,125.610001,125.610001,125.610001,125.610001,0
2006-12-07,122.860001,122.860001,122.860001,122.860001,122.860001,0
2006-12-08,124.709999,124.709999,124.709999,124.709999,124.709999,0
2006-12-11,120.650002,120.650002,120.650002,120.650002,120.650002,0
2006-12-12,124.459999,124.459999,124.459999,124.459999,124.459999,0
2006-12-13,125.760002,125.760002,125.760002,125.760002,125.760002,0
2006-12-14,132.309998,132.309998,132.309998,132.309998,132.309998,0
2006-12-15,129.809998,129.809998,129.809998,129.809998,129.809998,0
2006-12-18,128.929993,128.929993,128.929993,128.929993,128.929993,0
2006-12-19,129.550003,129.550003,129.550003,129.550003,129.550003,0
2006-12-20,126.279999,126.279999,126.279999,126.279999,126.279999,0
2006-12-21,122.050003,122.050003,122.050003,122.050003,122.050003,0
2006-12-22,121.500000,121.500000,121.500000,121.500000,121.500000,0
2006-12-26,123.400002,123.400002,123.400002,123.400002,123.400002,0
2006-12-27,123.480003,123.480003,123.480003,123.480003,123.480003,0
2006-12-28,121.699997,121.699997,121.699997,121.699997,121.699997,0
2006-12-29,121.250000,121.250000,121.250000,121.250000,121.250000,0
2007-01-03,118.769997,118.769997,118.769997,118.769997,118.769997,0
2007-01-04,118.779999,118.779999,118.779999,118.779999,118.779999,0
2007-01-05,117.269997,117.269997,117.269997,117.269997,117.269997,0
2007-01-08,119.440002,119.440002,119.440002,119.440002,119.440002,0
2007-01-09,116.279999,116.279999,116.279999,116.279999,116.279999,0
2007-01-10,117.790001,117.790001,117.790001,117.790001,117.790001,0
2007-01-11,119.129997,119.129997,119.129997,119.129997,119.129997,0
2007-01-12,119.699997,119.699997,119.699997,119.699997,119.699997,0
2007-01-16,120.779999,120.779999,120.779999,120.779999,120.779999,0
2007-01-17,120.949997,120.949997,120.949997,120.949997,120.949997,0
2007-01-18,127.699997,127.699997,127.699997,127.699997,127.699997,0
2007-01-19,127.239998,127.239998,127.239998,127.239998,127.239998,0
2007-01-22,121.129997,121.129997,121.129997,121.129997,121.129997,0
2007-01-23,122.769997,122.769997,122.769997,122.769997,122.769997,0
2007-01-24,124.339996,124.339996,124.339996,124.339996,124.339996,0
2007-01-25,119.489998,119.489998,119.489998,119.489998,119.489998,0
2007-01-26,120.260002,120.260002,120.260002,120.260002,120.260002,0
2007-01-29,117.830002,117.830002,117.830002,117.830002,117.830002,0
2007-01-30,119.529999,119.529999,119.529999,119.529999,119.529999,0
2007-01-31,118.580002,118.580002,118.580002,118.580002,118.580002,0
2007-02-01,119.570000,119.570000,119.570000,119.570000,119.570000,0
2007-02-02,121.699997,121.699997,121.699997,121.699997,121.699997,0
2007-02-05,122.480003,122.480003,122.480003,122.480003,122.480003,0
2007-02-06,122.779999,122.779999,122.779999,122.779999,122.779999,0
2007-02-07,122.940002,122.940002,122.940002,122.940002,122.940002,0
2007-02-08,122.690002,122.690002,122.690002,122.690002,122.690002,0
2007-02-09,121.019997,121.019997,121.019997,121.019997,121.019997,0
2007-02-12,119.809998,119.809998,119.809998,119.809998,119.809998,0
2007-02-13,125.320000,125.320000,125.320000,125.320000,125.320000,0
2007-02-14,123.089996,123.089996,123.089996,123.089996,123.089996,0
2007-02-15,120.550003,120.550003,120.550003,120.550003,120.550003,0
2007-02-16,121.010002,121.010002,121.010002,121.010002,121.010002,0
2007-02-20,120.989998,120.989998,120.989998,120.989998,120.989998,0
2007-02-21,119.099998,119.099998,119.099998,119.099998,119.099998,0
2007-02-22,119.580002,119.580002,119.580002,119.580002,119.580002,0
2007-02-23,117.709999,117.709999,117.709999,117.709999,117.709999,0
2007-02-26,117.809998,117.809998,117.809998,117.809998,117.809998,0
2007-02-27,112.500000,112.500000,112.500000,112.500000,112.500000,0
2007-02-28,121.360001,121.360001,121.360001,121.360001,121.360001,0
2007-03-01,120.989998,120.989998,120.989998,120.989998,120.989998,0
2007-03-02,118.760002,118.760002,118.760002,118.760002,118.760002,0
2007-03-05,118.070000,118.070000,118.070000,118.070000,118.070000,0
2007-03-06,121.139999,121.139999,121.139999,121.139999,121.139999,0
2007-03-07,119.489998,119.489998,119.489998,119.489998,119.489998,0
2007-03-08,121.080002,121.080002,121.080002,121.080002,121.080002,0
2007-03-09,121.959999,121.959999,121.959999,121.959999,121.959999,0
2007-03-12,126.349998,126.349998,126.349998,126.349998,126.349998,0
2007-03-13,130.039993,130.039993,130.039993,130.039993,130.039993,0
2007-03-14,134.250000,134.250000,134.250000,134.250000,134.250000,0
2007-03-15,136.149994,136.149994,136.149994,136.149994,136.149994,0
2007-03-16,128.300003,128.300003,128.300003,128.300003,128.300003,0
2007-03-19,122.839996,122.839996,122.839996,122.839996,122.839996,0
2007-03-20,127.349998,127.349998,127.349998,127.349998,127.349998,0
2007-03-21,130.070007,130.070007,130.070007,130.070007,130.070007,0
2007-03-22,124.989998,124.989998,124.989998,124.989998,124.989998,0
2007-03-23,125.639999,125.639999,125.639999,125.639999,125.639999,0
2007-03-26,126.449997,126.449997,126.449997,126.449997,126.449997,0
2007-03-27,122.889999,122.889999,122.889999,122.889999,122.889999,0
2007-03-28,121.279999,121.279999,121.279999,121.279999,121.279999,0
2007-03-29,121.400002,121.400002,121.400002,121.400002,121.400002,0
2007-03-30,120.889999,120.889999,120.889999,120.889999,120.889999,0
2007-04-02,122.620003,122.620003,122.620003,122.620003,122.620003,0
2007-04-03,124.180000,124.180000,124.180000,124.180000,124.180000,0
2007-04-04,123.940002,123.940002,123.940002,123.940002,123.940002,0
2007-04-05,125.400002,125.400002,125.400002,125.400002,125.400002,0
2007-04-09,125.320000,125.320000,125.320000,125.320000,125.320000,0
2007-04-10,125.940002,125.940002,125.940002,125.940002,125.940002,0
2007-04-11,127.029999,127.029999,127.029999,127.029999,127.029999,0
2007-04-12,126.919998,126.919998,126.919998,126.919998,126.919998,0
2007-04-13,128.619995,128.619995,128.619995,128.619995,128.619995,0
2007-04-16,125.489998,125.489998,125.489998,125.489998,125.489998,0
2007-04-17,130.619995,130.619995,130.619995,130.619995,130.619995,0
2007-04-18,130.350006,130.350006,130.350006,130.350006,130.350006,0
2007-04-19,126.110001,126.110001,126.110001,126.110001,126.110001,0
2007-04-20,128.369995,128.369995,128.369995,128.369995,128.369995,0
2007-04-23,123.550003,123.550003,123.550003,123.550003,123.550003,0
2007-04-24,124.169998,124.169998,124.169998,124.169998,124.169998,0
2007-04-25,122.680000,122.680000,122.680000,122.680000,122.680000,0
2007-04-26,123.250000,123.250000,123.250000,123.250000,123.250000,0
2007-04-27,124.730003,124.730003,124.730003,124.730003,124.730003,0
2007-04-30,123.370003,123.370003,123.370003,123.370003,123.370003,0
2007-05-01,125.449997,125.449997,125.449997,125.449997,125.449997,0
2007-05-02,123.139999,123.139999,123.139999,123.139999,123.139999,0
2007-05-03,123.029999,123.029999,123.029999,123.029999,123.029999,0
2007-05-04,123.110001,123.110001,123.110001,123.110001,123.110001,0
2007-05-07,123.300003,123.300003,123.300003,123.300003,123.300003,0
2007-05-08,120.739998,120.739998,120.739998,120.739998,120.739998,0
2007-05-09,121.239998,121.239998,121.239998,121.239998,121.239998,0
2007-05-10,119.500000,119.500000,119.500000,119.500000,119.500000,0
2007-05-11,121.660004,121.660004,121.660004,121.660004,121.660004,0
2007-05-14,119.779999,119.779999,119.779999,119.779999,119.779999,0
2007-05-15,121.169998,121.169998,121.169998,121.169998,121.169998,0
2007-05-16,123.400002,123.400002,123.400002,123.400002,123.400002,0
2007-05-17,123.339996,123.339996,123.339996,123.339996,123.339996,0
2007-05-18,126.750000,126.750000,126.750000,126.750000,126.750000,0
2007-05-21,126.220001,126.220001,126.220001,126.220001,126.220001,0
2007-05-22,124.739998,124.739998,124.739998,124.739998,124.739998,0
2007-05-23,123.169998,123.169998,123.169998,123.169998,123.169998,0
2007-05-24,121.709999,121.709999,121.709999,121.709999,121.709999,0
2007-05-25,124.000000,124.000000,124.000000,124.000000,124.000000,0
2007-05-29,124.050003,124.050003,124.050003,124.050003,124.050003,0
2007-05-30,124.690002,124.690002,124.690002,124.690002,124.690002,0
2007-05-31,123.839996,123.839996,123.839996,123.839996,123.839996,0
2007-06-01,124.230003,124.230003,124.230003,124.230003,124.230003,0
2007-06-04,122.260002,122.260002,122.260002,122.260002,122.260002,0
2007-06-05,122.930000,122.930000,122.930000,122.930000,122.930000,0
2007-06-06,119.290001,119.290001,119.290001,119.290001,119.290001,0
2007-06-07,117.519997,117.519997,117.519997,117.519997,117.519997,0
2007-06-08,122.080002,122.080002,122.080002,122.080002,122.080002,0
2007-06-11,119.709999,119.709999,119.709999,119.709999,119.709999,0
2007-06-12,119.510002,119.510002,119.510002,119.510002,119.510002,0
2007-06-13,121.589996,121.589996,121.589996,121.589996,121.589996,0
2007-06-14,122.419998,122.419998,122.419998,122.419998,122.419998,0
2007-06-15,121.629997,121.629997,121.629997,121.629997,121.629997,0
2007-06-18,120.459999,120.459999,120.459999,120.459999,120.459999,0
2007-06-19,123.379997,123.379997,123.379997,123.379997,123.379997,0
2007-06-20,117.559998,117.559998,117.559998,117.559998,117.559998,0
2007-06-21,117.970001,117.970001,117.970001,117.970001,117.970001,0
2007-06-22,116.519997,116.519997,116.519997,116.519997,116.519997,0
2007-06-25,116.870003,116.870003,116.870003,116.870003,116.870003,0
2007-06-26,116.029999,116.029999,116.029999,116.029999,116.029999,0
2007-06-27,118.010002,118.010002,118.010002,118.010002,118.010002,0
2007-06-28,117.470001,117.470001,117.470001,117.470001,117.470001,0
2007-06-29,115.720001,115.720001,115.720001,115.720001,115.720001,0
2007-07-02,119.680000,119.680000,119.680000,119.680000,119.680000,0
2007-07-03,119.870003,119.870003,119.870003,119.870003,119.870003,0
2007-07-05,120.589996,120.589996,120.589996,120.589996,120.589996,0
2007-07-06,120.849998,120.849998,120.849998,120.849998,120.849998,0
2007-07-09,120.629997,120.629997,120.629997,120.629997,120.629997,0
2007-07-10,117.480003,117.480003,117.480003,117.480003,117.480003,0
2007-07-11,121.690002,121.690002,121.690002,121.690002,121.690002,0
2007-07-12,119.989998,119.989998,119.989998,119.989998,119.989998,0
2007-07-13,119.589996,119.589996,119.589996,119.589996,119.589996,0
2007-07-16,117.879997,117.879997,117.879997,117.879997,117.879997,0
2007-07-17,117.989998,117.989998,117.989998,117.989998,117.989998,0
2007-07-18,120.349998,120.349998,120.349998,120.349998,120.349998,0
2007-07-19,119.239998,119.239998,119.239998,119.239998,119.239998,0
2007-07-20,117.400002,117.400002,117.400002,117.400002,117.400002,0
2007-07-23,118.839996,118.839996,118.839996,118.839996,118.839996,0
2007-07-24,116.129997,116.129997,116.129997,116.129997,116.129997,0
2007-07-25,116.389999,116.389999,116.389999,116.389999,116.389999,0
2007-07-26,116.269997,116.269997,116.269997,116.269997,116.269997,0
2007-07-27,113.230003,113.230003,113.230003,113.230003,113.230003,0
2007-07-30,115.419998,115.419998,115.419998,115.419998,115.419998,0
2007-07-31,115.529999,115.529999,115.529999,115.529999,115.529999,0
2007-08-01,119.940002,119.940002,119.940002,119.940002,119.940002,0
2007-08-02,119.050003,119.050003,119.050003,119.050003,119.050003,0
2007-08-03,117.300003,117.300003,117.300003,117.300003,117.300003,0
2007-08-06,118.809998,118.809998,118.809998,118.809998,118.809998,0
2007-08-07,116.919998,116.919998,116.919998,116.919998,116.919998,0
2007-08-08,120.919998,120.919998,120.919998,120.919998,120.919998,0
2007-08-09,115.300003,115.300003,115.300003,115.300003,115.300003,0
2007-08-10,116.040001,116.040001,116.040001,116.040001,116.040001,0
2007-08-13,119.500000,119.500000,119.500000,119.500000,119.500000,0
2007-08-14,115.010002,115.010002,115.010002,115.010002,115.010002,0
2007-08-15,118.300003,118.300003,118.300003,118.300003,118.300003,0
2007-08-16,116.580002,116.580002,116.580002,116.580002,116.580002,0
2007-08-17,126.699997,126.699997,126.699997,126.699997,126.699997,0
2007-08-20,117.870003,117.870003,117.870003,117.870003,117.870003,0
2007-08-21,117.760002,117.760002,117.760002,117.760002,117.760002,0
2007-08-22,120.529999,120.529999,120.529999,120.529999,120.529999,0
2007-08-23,121.349998,121.349998,121.349998,121.349998,121.349998,0
2007-08-24,122.790001,122.790001,122.790001,122.790001,122.790001,0
2007-08-27,121.529999,121.529999,121.529999,121.529999,121.529999,0
2007-08-28,118.949997,118.949997,118.949997,118.949997,118.949997,0
2007-08-29,121.019997,121.019997,121.019997,121.019997,121.019997,0
2007-08-30,120.099998,120.099998,120.099998,120.099998,120.099998,0
2007-08-31,117.260002,117.260002,117.260002,117.260002,117.260002,0
2007-09-04,119.620003,119.620003,119.620003,119.620003,119.620003,0
2007-09-05,118.070000,118.070000,118.070000,118.070000,118.070000,0
2007-09-06,117.339996,117.339996,117.339996,117.339996,117.339996,0
2007-09-07,116.720001,116.720001,116.720001,116.720001,116.720001,0
2007-09-10,115.419998,115.419998,115.419998,115.419998,115.419998,0
2007-09-11,116.449997,116.449997,116.449997,116.449997,116.449997,0
2007-09-12,116.620003,116.620003,116.620003,116.620003,116.620003,0
2007-09-13,117.360001,117.360001,117.360001,117.360001,117.360001,0
2007-09-14,117.959999,117.959999,117.959999,117.959999,117.959999,0
2007-09-17,117.870003,117.870003,117.870003,117.870003,117.870003,0
2007-09-18,116.400002,116.400002,116.400002,116.400002,116.400002,0
2007-09-19,120.849998,120.849998,120.849998,120.849998,120.849998,0
2007-09-20,119.870003,119.870003,119.870003,119.870003,119.870003,0
2007-09-21,121.150002,121.150002,121.150002,121.150002,121.150002,0
2007-09-24,122.820000,122.820000,122.820000,122.820000,122.820000,0
2007-09-25,118.580002,118.580002,118.580002,118.580002,118.580002,0
2007-09-26,118.570000,118.570000,118.570000,118.570000,118.570000,0
2007-09-27,118.000000,118.000000,118.000000,118.000000,118.000000,0
2007-09-28,119.970001,119.970001,119.970001,119.970001,119.970001,0
2007-10-01,120.830002,120.830002,120.830002,120.830002,120.830002,0
2007-10-02,121.779999,121.779999,121.779999,121.779999,121.779999,0
2007-10-03,121.790001,121.790001,121.790001,121.790001,121.790001,0
2007-10-04,120.209999,120.209999,120.209999,120.209999,120.209999,0
2007-10-05,119.730003,119.730003,119.730003,119.730003,119.730003,0
2007-10-08,118.480003,118.480003,118.480003,118.480003,118.480003,0
2007-10-09,119.129997,119.129997,119.129997,119.129997,119.129997,0
2007-10-10,118.639999,118.639999,118.639999,118.639999,118.639999,0
2007-10-11,117.440002,117.440002,117.440002,117.440002,117.440002,0
2007-10-12,119.540001,119.540001,119.540001,119.540001,119.540001,0
2007-10-15,117.449997,117.449997,117.449997,117.449997,117.449997,0
2007-10-16,116.639999,116.639999,116.639999,116.639999,116.639999,0
2007-10-17,118.480003,118.480003,118.480003,118.480003,118.480003,0
2007-10-18,117.279999,117.279999,117.279999,117.279999,117.279999,0
2007-10-19,114.989998,114.989998,114.989998,114.989998,114.989998,0
2007-10-22,115.699997,115.699997,115.699997,115.699997,115.699997,0
2007-10-23,116.419998,116.419998,116.419998,116.419998,116.419998,0
2007-10-24,116.480003,116.480003,116.480003,116.480003,116.480003,0
2007-10-25,115.669998,115.669998,115.669998,115.669998,115.669998,0
2007-10-26,116.339996,116.339996,116.339996,116.339996,116.339996,0
2007-10-29,115.190002,115.190002,115.190002,115.190002,115.190002,0
2007-10-30,114.459999,114.459999,114.459999,114.459999,114.459999,0
2007-10-31,116.879997,116.879997,116.879997,116.879997,116.879997,0
2007-11-01,114.669998,114.669998,114.669998,114.669998,114.669998,0
2007-11-02,116.519997,116.519997,116.519997,116.519997,116.519997,0
2007-11-05,115.379997,115.379997,115.379997,115.379997,115.379997,0
2007-11-06,115.459999,115.459999,115.459999,115.459999,115.459999,0
2007-11-07,115.580002,115.580002,115.580002,115.580002,115.580002,0
2007-11-08,115.029999,115.029999,115.029999,115.029999,115.029999,0
2007-11-09,115.769997,115.769997,115.769997,115.769997,115.769997,0
2007-11-12,117.919998,117.919998,117.919998,117.919998,117.919998,0
2007-11-13,121.089996,121.089996,121.089996,121.089996,121.089996,0
2007-11-14,119.699997,119.699997,119.699997,119.699997,119.699997,0
2007-11-15,118.309998,118.309998,118.309998,118.309998,118.309998,0
2007-11-16,119.300003,119.300003,119.300003,119.300003,119.300003,0
2007-11-19,115.610001,115.610001,115.610001,115.610001,115.610001,0
2007-11-20,114.099998,114.099998,114.099998,114.099998,114.099998,0
2007-11-21,111.489998,111.489998,111.489998,111.489998,111.489998,0
2007-11-23,111.320000,111.320000,111.320000,111.320000,111.320000,0
2007-11-26,109.940002,109.940002,109.940002,109.940002,109.940002,0
2007-11-27,109.309998,109.309998,109.309998,109.309998,109.309998,0
2007-11-28,111.279999,111.279999,111.279999,111.279999,111.279999,0
2007-11-29,110.790001,110.790001,110.790001,110.790001,110.790001,0
2007-11-30,111.849998,111.849998,111.849998,111.849998,111.849998,0
2007-12-03,111.570000,111.570000,111.570000,111.570000,111.570000,0
2007-12-04,110.370003,110.370003,110.370003,110.370003,110.370003,0
2007-12-05,112.080002,112.080002,112.080002,112.080002,112.080002,0
2007-12-06,112.790001,112.790001,112.790001,112.790001,112.790001,0
2007-12-07,112.790001,112.790001,112.790001,112.790001,112.790001,0
2007-12-10,113.389999,113.389999,113.389999,113.389999,113.389999,0
2007-12-11,111.269997,111.269997,111.269997,111.269997,111.269997,0
2007-12-12,113.029999,113.029999,113.029999,113.029999,113.029999,0
2007-12-13,111.449997,111.449997,111.449997,111.449997,111.449997,0
2007-12-14,111.309998,111.309998,111.309998,111.309998,111.309998,0
2007-12-17,109.750000,109.750000,109.750000,109.750000,109.750000,0
2007-12-18,110.379997,110.379997,110.379997,110.379997,110.379997,0
2007-12-19,111.220001,111.220001,111.220001,111.220001,111.220001,0
2007-12-20,111.809998,111.809998,111.809998,111.809998,111.809998,0
2007-12-21,115.120003,115.120003,115.120003,115.120003,115.120003,0
2007-12-24,115.860001,115.860001,115.860001,115.860001,115.860001,0
2007-12-26,115.199997,115.199997,115.199997,115.199997,115.199997,0
2007-12-27,114.120003,114.120003,114.120003,114.120003,114.120003,0
2007-12-28,112.900002,112.900002,112.900002,112.900002,112.900002,0
2007-12-31,111.650002,111.650002,111.650002,111.650002,111.650002,0
2008-01-02,110.610001,110.610001,110.610001,110.610001,110.610001,0
2008-01-03,111.379997,111.379997,111.379997,111.379997,111.379997,0
2008-01-04,109.529999,109.529999,109.529999,109.529999,109.529999,0
2008-01-07,110.190002,110.190002,110.190002,110.190002,110.190002,0
2008-01-08,109.169998,109.169998,109.169998,109.169998,109.169998,0
2008-01-09,110.760002,110.760002,110.760002,110.760002,110.760002,0
2008-01-10,110.250000,110.250000,110.250000,110.250000,110.250000,0
2008-01-11,108.790001,108.790001,108.790001,108.790001,108.790001,0
2008-01-14,111.379997,111.379997,111.379997,111.379997,111.379997,0
2008-01-15,108.150002,108.150002,108.150002,108.150002,108.150002,0
2008-01-16,108.489998,108.489998,108.489998,108.489998,108.489998,0
2008-01-17,110.000000,110.000000,110.000000,110.000000,110.000000,0
2008-01-18,110.620003,110.620003,110.620003,110.620003,110.620003,0
2008-01-22,114.610001,114.610001,114.610001,114.610001,114.610001,0
2008-01-23,113.070000,113.070000,113.070000,113.070000,113.070000,0
2008-01-24,113.370003,113.370003,113.370003,113.370003,113.370003,0
2008-01-25,112.639999,112.639999,112.639999,112.639999,112.639999,0
2008-01-28,114.150002,114.150002,114.150002,114.150002,114.150002,0
2008-01-29,113.820000,113.820000,113.820000,113.820000,113.820000,0
2008-01-30,112.330002,112.330002,112.330002,112.330002,112.330002,0
2008-01-31,106.430000,106.430000,106.430000,106.430000,106.430000,0
2008-02-01,114.860001,114.860001,114.860001,114.860001,114.860001,0
2008-02-04,112.879997,112.879997,112.879997,112.879997,112.879997,0
2008-02-05,112.010002,112.010002,112.010002,112.010002,112.010002,0
2008-02-06,111.930000,111.930000,111.930000,111.930000,111.930000,0
2008-02-07,112.709999,112.709999,112.709999,112.709999,112.709999,0
2008-02-08,111.709999,111.709999,111.709999,111.709999,111.709999,0
2008-02-11,114.570000,114.570000,114.570000,114.570000,114.570000,0
2008-02-12,113.970001,113.970001,113.970001,113.970001,113.970001,0
2008-02-13,116.250000,116.250000,116.250000,116.250000,116.250000,0
2008-02-14,114.190002,114.190002,114.190002,114.190002,114.190002,0
2008-02-15,112.029999,112.029999,112.029999,112.029999,112.029999,0
2008-02-19,113.570000,113.570000,113.570000,113.570000,113.570000,0
2008-02-20,112.239998,112.239998,112.239998,112.239998,112.239998,0
2008-02-21,112.440002,112.440002,112.440002,112.440002,112.440002,0
2008-02-22,113.580002,113.580002,113.580002,113.580002,113.580002,0
2008-02-25,113.419998,113.419998,113.419998,113.419998,113.419998,0
2008-02-26,112.389999,112.389999,112.389999,112.389999,112.389999,0
2008-02-27,111.610001,111.610001,111.610001,111.610001,111.610001,0
2008-02-28,111.330002,111.330002,111.330002,111.330002,111.330002,0
2008-02-29,110.190002,110.190002,110.190002,110.190002,110.190002,0
2008-03-03,110.400002,110.400002,110.400002,110.400002,110.400002,0
2008-03-04,110.070000,110.070000,110.070000,110.070000,110.070000,0
2008-03-05,110.239998,110.239998,110.239998,110.239998,110.239998,0
2008-03-06,110.459999,110.459999,110.459999,110.459999,110.459999,0
2008-03-07,110.279999,110.279999,110.279999,110.279999,110.279999,0
2008-03-10,109.889999,109.889999,109.889999,109.889999,109.889999,0
2008-03-11,112.709999,112.709999,112.709999,112.709999,112.709999,0
2008-03-12,111.470001,111.470001,111.470001,111.470001,111.470001,0
2008-03-13,112.580002,112.580002,112.580002,112.580002,112.580002,0
2008-03-14,110.589996,110.589996,110.589996,110.589996,110.589996,0
2008-03-17,113.510002,113.510002,113.510002,113.510002,113.510002,0
2008-03-18,112.400002,112.400002,112.400002,112.400002,112.400002,0
2008-03-19,113.110001,113.110001,113.110001,113.110001,113.110001,0
2008-03-20,113.709999,113.709999,113.709999,113.709999,113.709999,0
2008-03-24,114.559998,114.559998,114.559998,114.559998,114.559998,0
2008-03-25,114.870003,114.870003,114.870003,114.870003,114.870003,0
2008-03-26,112.080002,112.080002,112.080002,112.080002,112.080002,0
2008-03-27,111.779999,111.779999,111.779999,111.779999,111.779999,0
2008-03-28,110.779999,110.779999,110.779999,110.779999,110.779999,0
2008-03-31,110.360001,110.360001,110.360001,110.360001,110.360001,0
2008-04-01,111.309998,111.309998,111.309998,111.309998,111.309998,0
2008-04-02,112.080002,112.080002,112.080002,112.080002,112.080002,0
2008-04-03,111.879997,111.879997,111.879997,111.879997,111.879997,0
2008-04-04,111.480003,111.480003,111.480003,111.480003,111.480003,0
2008-04-07,111.570000,111.570000,111.570000,111.570000,111.570000,0
2008-04-08,112.129997,112.129997,112.129997,112.129997,112.129997,0
2008-04-09,110.959999,110.959999,110.959999,110.959999,110.959999,0
2008-04-10,110.820000,110.820000,110.820000,110.820000,110.820000,0
2008-04-11,109.900002,109.900002,109.900002,109.900002,109.900002,0
2008-04-14,109.620003,109.620003,109.620003,109.620003,109.620003,0
2008-04-15,109.900002,109.900002,109.900002,109.900002,109.900002,0
2008-04-16,112.470001,112.470001,112.470001,112.470001,112.470001,0
2008-04-17,113.519997,113.519997,113.519997,113.519997,113.519997,0
2008-04-18,115.349998,115.349998,115.349998,115.349998,115.349998,0
2008-04-21,115.309998,115.309998,115.309998,115.309998,115.309998,0
2008-04-22,114.419998,114.419998,114.419998,114.419998,114.419998,0
2008-04-23,113.330002,113.330002,113.330002,113.330002,113.330002,0
2008-04-24,114.269997,114.269997,114.269997,114.269997,114.269997,0
2008-04-25,114.489998,114.489998,114.489998,114.489998,114.489998,0
2008-04-28,114.610001,114.610001,114.610001,114.610001,114.610001,0
2008-04-29,114.580002,114.580002,114.580002,114.580002,114.580002,0
2008-04-30,112.480003,112.480003,112.480003,112.480003,112.480003,0
2008-05-01,116.000000,116.000000,116.000000,116.000000,116.000000,0
2008-05-02,117.489998,117.489998,117.489998,117.489998,117.489998,0
2008-05-05,115.320000,115.320000,115.320000,115.320000,115.320000,0
2008-05-06,117.629997,117.629997,117.629997,117.629997,117.629997,0
2008-05-07,116.239998,116.239998,116.239998,116.239998,116.239998,0
2008-05-08,114.989998,114.989998,114.989998,114.989998,114.989998,0
2008-05-09,117.769997,117.769997,117.769997,117.769997,117.769997,0
2008-05-12,117.419998,117.419998,117.419998,117.419998,117.419998,0
2008-05-13,117.930000,117.930000,117.930000,117.930000,117.930000,0
2008-05-14,118.919998,118.919998,118.919998,118.919998,118.919998,0
2008-05-15,121.050003,121.050003,121.050003,121.050003,121.050003,0
2008-05-16,119.489998,119.489998,119.489998,119.489998,119.489998,0
2008-05-19,117.959999,117.959999,117.959999,117.959999,117.959999,0
2008-05-20,117.440002,117.440002,117.440002,117.440002,117.440002,0
2008-05-21,114.510002,114.510002,114.510002,114.510002,114.510002,0
2008-05-22,114.410004,114.410004,114.410004,114.410004,114.410004,0
2008-05-23,113.110001,113.110001,113.110001,113.110001,113.110001,0
2008-05-27,113.379997,113.379997,113.379997,113.379997,113.379997,0
2008-05-28,113.930000,113.930000,113.930000,113.930000,113.930000,0
2008-05-29,114.830002,114.830002,114.830002,114.830002,114.830002,0
2008-05-30,113.529999,113.529999,113.529999,113.529999,113.529999,0
2008-06-02,114.389999,114.389999,114.389999,114.389999,114.389999,0
2008-06-03,114.599998,114.599998,114.599998,114.599998,114.599998,0
2008-06-04,114.370003,114.370003,114.370003,114.370003,114.370003,0
2008-06-05,114.760002,114.760002,114.760002,114.760002,114.760002,0
2008-06-06,113.550003,113.550003,113.550003,113.550003,113.550003,0
2008-06-09,114.980003,114.980003,114.980003,114.980003,114.980003,0
2008-06-10,114.300003,114.300003,114.300003,114.300003,114.300003,0
2008-06-11,113.199997,113.199997,113.199997,113.199997,113.199997,0
2008-06-12,113.970001,113.970001,113.970001,113.970001,113.970001,0
2008-06-13,113.769997,113.769997,113.769997,113.769997,113.769997,0
2008-06-16,114.709999,114.709999,114.709999,114.709999,114.709999,0
2008-06-17,115.709999,115.709999,115.709999,115.709999,115.709999,0
2008-06-18,112.739998,112.739998,112.739998,112.739998,112.739998,0
2008-06-19,113.440002,113.440002,113.440002,113.440002,113.440002,0
2008-06-20,113.129997,113.129997,113.129997,113.129997,113.129997,0
2008-06-23,113.589996,113.589996,113.589996,113.589996,113.589996,0
2008-06-24,112.199997,112.199997,112.199997,112.199997,112.199997,0
2008-06-25,110.699997,110.699997,110.699997,110.699997,110.699997,0
2008-06-26,109.669998,109.669998,109.669998,109.669998,109.669998,0
2008-06-27,110.519997,110.519997,110.519997,110.519997,110.519997,0
2008-06-30,112.000000,112.000000,112.000000,112.000000,112.000000,0
2008-07-01,112.690002,112.690002,112.690002,112.690002,112.690002,0
2008-07-02,110.959999,110.959999,110.959999,110.959999,110.959999,0
2008-07-03,111.720001,111.720001,111.720001,111.720001,111.720001,0
2008-07-07,111.750000,111.750000,111.750000,111.750000,111.750000,0
2008-07-08,112.209999,112.209999,112.209999,112.209999,112.209999,0
2008-07-09,110.250000,110.250000,110.250000,110.250000,110.250000,0
2008-07-10,110.910004,110.910004,110.910004,110.910004,110.910004,0
2008-07-11,110.870003,110.870003,110.870003,110.870003,110.870003,0
2008-07-14,111.110001,111.110001,111.110001,111.110001,111.110001,0
2008-07-15,110.809998,110.809998,110.809998,110.809998,110.809998,0
2008-07-16,111.930000,111.930000,111.930000,111.930000,111.930000,0
2008-07-17,113.930000,113.930000,113.930000,113.930000,113.930000,0
2008-07-18,113.849998,113.849998,113.849998,113.849998,113.849998,0
2008-07-21,114.099998,114.099998,114.099998,114.099998,114.099998,0
2008-07-22,113.199997,113.199997,113.199997,113.199997,113.199997,0
2008-07-23,115.059998,115.059998,115.059998,115.059998,115.059998,0
2008-07-24,113.190002,113.190002,113.190002,113.190002,113.190002,0
2008-07-25,113.900002,113.900002,113.900002,113.900002,113.900002,0
2008-07-28,111.489998,111.489998,111.489998,111.489998,111.489998,0
2008-07-29,112.180000,112.180000,112.180000,112.180000,112.180000,0
2008-07-30,112.110001,112.110001,112.110001,112.110001,112.110001,0
2008-07-31,110.660004,110.660004,110.660004,110.660004,110.660004,0
2008-08-01,111.379997,111.379997,111.379997,111.379997,111.379997,0
2008-08-04,111.199997,111.199997,111.199997,111.199997,111.199997,0
2008-08-05,109.690002,109.690002,109.690002,109.690002,109.690002,0
2008-08-06,113.220001,113.220001,113.220001,113.220001,113.220001,0
2008-08-07,111.970001,111.970001,111.970001,111.970001,111.970001,0
2008-08-08,113.330002,113.330002,113.330002,113.330002,113.330002,0
2008-08-11,111.550003,111.550003,111.550003,111.550003,111.550003,0
2008-08-12,111.260002,111.260002,111.260002,111.260002,111.260002,0
2008-08-13,111.760002,111.760002,111.760002,111.760002,111.760002,0
2008-08-14,113.070000,113.070000,113.070000,113.070000,113.070000,0
2008-08-15,113.209999,113.209999,113.209999,113.209999,113.209999,0
2008-08-18,112.290001,112.290001,112.290001,112.290001,112.290001,0
2008-08-19,111.400002,111.400002,111.400002,111.400002,111.400002,0
2008-08-20,111.949997,111.949997,111.949997,111.949997,111.949997,0
2008-08-21,111.900002,111.900002,111.900002,111.900002,111.900002,0
2008-08-22,111.800003,111.800003,111.800003,111.800003,111.800003,0
2008-08-25,110.339996,110.339996,110.339996,110.339996,110.339996,0
2008-08-26,110.800003,110.800003,110.800003,110.800003,110.800003,0
2008-08-27,110.510002,110.510002,110.510002,110.510002,110.510002,0
2008-08-28,111.209999,111.209999,111.209999,111.209999,111.209999,0
2008-08-29,110.580002,110.580002,110.580002,110.580002,110.580002,0
2008-09-02,110.379997,110.379997,110.379997,110.379997,110.379997,0
2008-09-03,110.500000,110.500000,110.500000,110.500000,110.500000,0
2008-09-04,110.480003,110.480003,110.480003,110.480003,110.480003,0
2008-09-05,109.459999,109.459999,109.459999,109.459999,109.459999,0
2008-09-08,109.099998,109.099998,109.099998,109.099998,109.099998,0
2008-09-09,108.570000,108.570000,108.570000,108.570000,108.570000,0
2008-09-10,109.489998,109.489998,109.489998,109.489998,109.489998,0
2008-09-11,110.500000,110.500000,110.500000,110.500000,110.500000,0
2008-09-12,110.150002,110.150002,110.150002,110.150002,110.150002,0
2008-09-15,110.739998,110.739998,110.739998,110.739998,110.739998,0
2008-09-16,112.290001,112.290001,112.290001,112.290001,112.290001,0
2008-09-17,112.970001,112.970001,112.970001,112.970001,112.970001,0
2008-09-18,117.419998,117.419998,117.419998,117.419998,117.419998,0
2008-09-19,114.480003,114.480003,114.480003,114.480003,114.480003,0
2008-09-22,114.320000,114.320000,114.320000,114.320000,114.320000,0
2008-09-23,111.629997,111.629997,111.629997,111.629997,111.629997,0
2008-09-24,111.580002,111.580002,111.580002,111.580002,111.580002,0
2008-09-25,112.529999,112.529999,112.529999,112.529999,112.529999,0
2008-09-26,110.559998,110.559998,110.559998,110.559998,110.559998,0
2008-09-29,111.330002,111.330002,111.330002,111.330002,111.330002,0
2008-09-30,111.430000,111.430000,111.430000,111.430000,111.430000,0
2008-10-01,112.139999,112.139999,112.139999,112.139999,112.139999,0
2008-10-02,112.239998,112.239998,112.239998,112.239998,112.239998,0
2008-10-03,114.169998,114.169998,114.169998,114.169998,114.169998,0
2008-10-06,112.089996,112.089996,112.089996,112.089996,112.089996,0
2008-10-07,110.199997,110.199997,110.199997,110.199997,110.199997,0
2008-10-08,111.040001,111.040001,111.040001,111.040001,111.040001,0
2008-10-09,109.580002,109.580002,109.580002,109.580002,109.580002,0
2008-10-10,107.230003,107.230003,107.230003,107.230003,107.230003,0
2008-10-13,109.730003,109.730003,109.730003,109.730003,109.730003,0
2008-10-14,113.550003,113.550003,113.550003,113.550003,113.550003,0
2008-10-15,118.940002,118.940002,118.940002,118.940002,118.940002,0
2008-10-16,113.180000,113.180000,113.180000,113.180000,113.180000,0
2008-10-17,118.809998,118.809998,118.809998,118.809998,118.809998,0
2008-10-20,124.830002,124.830002,124.830002,124.830002,124.830002,0
2008-10-21,120.379997,120.379997,120.379997,120.379997,120.379997,0
2008-10-22,119.339996,119.339996,119.339996,119.339996,119.339996,0
2008-10-23,120.690002,120.690002,120.690002,120.690002,120.690002,0
2008-10-24,116.669998,116.669998,116.669998,116.669998,116.669998,0
2008-10-27,116.940002,116.940002,116.940002,116.940002,116.940002,0
2008-10-28,125.949997,125.949997,125.949997,125.949997,125.949997,0
2008-10-29,120.150002,120.150002,120.150002,120.150002,120.150002,0
2008-10-30,124.019997,124.019997,124.019997,124.019997,124.019997,0
2008-10-31,122.190002,122.190002,122.190002,122.190002,122.190002,0
2008-11-03,117.129997,117.129997,117.129997,117.129997,117.129997,0
2008-11-04,117.779999,117.779999,117.779999,117.779999,117.779999,0
2008-11-05,129.350006,129.350006,129.350006,129.350006,129.350006,0
2008-11-06,122.150002,122.150002,122.150002,122.150002,122.150002,0
2008-11-07,122.849998,122.849998,122.849998,122.849998,122.849998,0
2008-11-10,126.269997,126.269997,126.269997,126.269997,126.269997,0
2008-11-11,120.669998,120.669998,120.669998,120.669998,120.669998,0
2008-11-12,121.110001,121.110001,121.110001,121.110001,121.110001,0
2008-11-13,124.980003,124.980003,124.980003,124.980003,124.980003,0
2008-11-14,118.589996,118.589996,118.589996,118.589996,118.589996,0
2008-11-17,113.400002,113.400002,113.400002,113.400002,113.400002,0
2008-11-18,116.050003,116.050003,116.050003,116.050003,116.050003,0
2008-11-19,115.860001,115.860001,115.860001,115.860001,115.860001,0
2008-11-20,114.930000,114.930000,114.930000,114.930000,114.930000,0
2008-11-21,118.879997,118.879997,118.879997,118.879997,118.879997,0
2008-11-24,116.160004,116.160004,116.160004,116.160004,116.160004,0
2008-11-25,114.099998,114.099998,114.099998,114.099998,114.099998,0
2008-11-26,113.300003,113.300003,113.300003,113.300003,113.300003,0
2008-11-28,113.120003,113.120003,113.120003,113.120003,113.120003,0
2008-12-01,112.750000,112.750000,112.750000,112.750000,112.750000,0
2008-12-02,112.199997,112.199997,112.199997,112.199997,112.199997,0
2008-12-03,112.550003,112.550003,112.550003,112.550003,112.550003,0
2008-12-04,111.769997,111.769997,111.769997,111.769997,111.769997,0
2008-12-05,116.449997,116.449997,116.449997,116.449997,116.449997,0
2008-12-08,120.769997,120.769997,120.769997,120.769997,120.769997,0
2008-12-09,118.580002,118.580002,118.580002,118.580002,118.580002,0
2008-12-10,119.510002,119.510002,119.510002,119.510002,119.510002,0
2008-12-11,121.830002,121.830002,121.830002,121.830002,121.830002,0
2008-12-12,116.239998,116.239998,116.239998,116.239998,116.239998,0
2008-12-15,115.860001,115.860001,115.860001,115.860001,115.860001,0
2008-12-16,119.250000,119.250000,119.250000,119.250000,119.250000,0
2008-12-17,115.070000,115.070000,115.070000,115.070000,115.070000,0
2008-12-18,116.550003,116.550003,116.550003,116.550003,116.550003,0
2008-12-19,118.730003,118.730003,118.730003,118.730003,118.730003,0
2008-12-22,115.160004,115.160004,115.160004,115.160004,115.160004,0
2008-12-23,112.010002,112.010002,112.010002,112.010002,112.010002,0
2008-12-24,112.309998,112.309998,112.309998,112.309998,112.309998,0
2008-12-26,112.559998,112.559998,112.559998,112.559998,112.559998,0
2008-12-29,113.769997,113.769997,113.769997,113.769997,113.769997,0
2008-12-30,116.080002,116.080002,116.080002,116.080002,116.080002,0
2008-12-31,116.500000,116.500000,116.500000,116.500000,116.500000,0
2009-01-02,124.209999,124.209999,124.209999,124.209999,124.209999,0
2009-01-05,116.120003,116.120003,116.120003,116.120003,116.120003,0
2009-01-06,115.489998,115.489998,115.489998,115.489998,115.489998,0
2009-01-07,118.209999,118.209999,118.209999,118.209999,118.209999,0
2009-01-08,118.239998,118.239998,118.239998,118.239998,118.239998,0
2009-01-09,118.820000,118.820000,118.820000,118.820000,118.820000,0
2009-01-12,118.360001,118.360001,118.360001,118.360001,118.360001,0
2009-01-13,118.220001,118.220001,118.220001,118.220001,118.220001,0
2009-01-14,119.989998,119.989998,119.989998,119.989998,119.989998,0
2009-01-15,124.699997,124.699997,124.699997,124.699997,124.699997,0
2009-01-16,126.050003,126.050003,126.050003,126.050003,126.050003,0
2009-01-20,119.169998,119.169998,119.169998,119.169998,119.169998,0
2009-01-21,120.580002,120.580002,120.580002,120.580002,120.580002,0
2009-01-22,117.760002,117.760002,117.760002,117.760002,117.760002,0
2009-01-23,121.309998,121.309998,121.309998,121.309998,121.309998,0
2009-01-26,120.650002,120.650002,120.650002,120.650002,120.650002,0
2009-01-27,119.680000,119.680000,119.680000,119.680000,119.680000,0
2009-01-28,122.389999,122.389999,122.389999,122.389999,122.389999,0
2009-01-29,119.919998,119.919998,119.919998,119.919998,119.919998,0
2009-01-30,115.879997,115.879997,115.879997,115.879997,115.879997,0
2009-02-02,123.949997,123.949997,123.949997,123.949997,123.949997,0
2009-02-03,125.250000,125.250000,125.250000,125.250000,125.250000,0
2009-02-04,127.680000,127.680000,127.680000,127.680000,127.680000,0
2009-02-05,122.629997,122.629997,122.629997,122.629997,122.629997,0
2009-02-06,122.269997,122.269997,122.269997,122.269997,122.269997,0
2009-02-09,122.620003,122.620003,122.620003,122.620003,122.620003,0
2009-02-10,118.940002,118.940002,118.940002,118.940002,118.940002,0
2009-02-11,122.570000,122.570000,122.570000,122.570000,122.570000,0
2009-02-12,114.510002,114.510002,114.510002,114.510002,114.510002,0
2009-02-13,120.580002,120.580002,120.580002,120.580002,120.580002,0
2009-02-17,118.099998,118.099998,118.099998,118.099998,118.099998,0
2009-02-18,127.010002,127.010002,127.010002,127.010002,127.010002,0
2009-02-19,119.410004,119.410004,119.410004,119.410004,119.410004,0
2009-02-20,119.930000,119.930000,119.930000,119.930000,119.930000,0
2009-02-23,116.629997,116.629997,116.629997,116.629997,116.629997,0
2009-02-24,114.199997,114.199997,114.199997,114.199997,114.199997,0
2009-02-25,114.970001,114.970001,114.970001,114.970001,114.970001,0
2009-02-26,113.959999,113.959999,113.959999,113.959999,113.959999,0
2009-02-27,114.250000,114.250000,114.250000,114.250000,114.250000,0
2009-03-02,115.419998,115.419998,115.419998,115.419998,115.419998,0
2009-03-03,113.769997,113.769997,113.769997,113.769997,113.769997,0
2009-03-04,118.160004,118.160004,118.160004,118.160004,118.160004,0
2009-03-05,113.730003,113.730003,113.730003,113.730003,113.730003,0
2009-03-06,115.449997,115.449997,115.449997,115.449997,115.449997,0
2009-03-09,113.110001,113.110001,113.110001,113.110001,113.110001,0
2009-03-10,115.589996,115.589996,115.589996,115.589996,115.589996,0
2009-03-11,112.709999,112.709999,112.709999,112.709999,112.709999,0
2009-03-12,112.959999,112.959999,112.959999,112.959999,112.959999,0
2009-03-13,113.940002,113.940002,113.940002,113.940002,113.940002,0
2009-03-16,114.279999,114.279999,114.279999,114.279999,114.279999,0
2009-03-17,118.320000,118.320000,118.320000,118.320000,118.320000,0
2009-03-18,117.300003,117.300003,117.300003,117.300003,117.300003,0
2009-03-19,116.529999,116.529999,116.529999,116.529999,116.529999,0
2009-03-20,117.059998,117.059998,117.059998,117.059998,117.059998,0
2009-03-23,117.949997,117.949997,117.949997,117.949997,117.949997,0
2009-03-24,112.120003,112.120003,112.120003,112.120003,112.120003,0
2009-03-25,114.220001,114.220001,114.220001,114.220001,114.220001,0
2009-03-26,113.750000,113.750000,113.750000,113.750000,113.750000,0
2009-03-27,111.089996,111.089996,111.089996,111.089996,111.089996,0
2009-03-30,113.709999,113.709999,113.709999,113.709999,113.709999,0
2009-03-31,112.870003,112.870003,112.870003,112.870003,112.870003,0
2009-04-01,114.489998,114.489998,114.489998,114.489998,114.489998,0
2009-04-02,111.900002,111.900002,111.900002,111.900002,111.900002,0
2009-04-03,112.040001,112.040001,112.040001,112.040001,112.040001,0
2009-04-06,114.389999,114.389999,114.389999,114.389999,114.389999,0
2009-04-07,111.160004,111.160004,111.160004,111.160004,111.160004,0
2009-04-08,111.489998,111.489998,111.489998,111.489998,111.489998,0
2009-04-09,108.180000,108.180000,108.180000,108.180000,108.180000,0
2009-04-13,110.389999,110.389999,110.389999,110.389999,110.389999,0
2009-04-14,109.230003,109.230003,109.230003,109.230003,109.230003,0
2009-04-15,108.620003,108.620003,108.620003,108.620003,108.620003,0
2009-04-16,114.449997,114.449997,114.449997,114.449997,114.449997,0
2009-04-17,111.750000,111.750000,111.750000,111.750000,111.750000,0
2009-04-20,113.989998,113.989998,113.989998,113.989998,113.989998,0
2009-04-21,114.629997,114.629997,114.629997,114.629997,114.629997,0
2009-04-22,112.720001,112.720001,112.720001,112.720001,112.720001,0
2009-04-23,113.400002,113.400002,113.400002,113.400002,113.400002,0
2009-04-24,114.599998,114.599998,114.599998,114.599998,114.599998,0
2009-04-27,114.120003,114.120003,114.120003,114.120003,114.120003,0
2009-04-28,114.129997,114.129997,114.129997,114.129997,114.129997,0
2009-04-29,114.599998,114.599998,114.599998,114.599998,114.599998,0
2009-04-30,114.860001,114.860001,114.860001,114.860001,114.860001,0
2009-05-01,115.209999,115.209999,115.209999,115.209999,115.209999,0
2009-05-04,115.400002,115.400002,115.400002,115.400002,115.400002,0
2009-05-05,113.650002,113.650002,113.650002,113.650002,113.650002,0
2009-05-06,113.339996,113.339996,113.339996,113.339996,113.339996,0
2009-05-07,112.699997,112.699997,112.699997,112.699997,112.699997,0
2009-05-08,114.959999,114.959999,114.959999,114.959999,114.959999,0
2009-05-11,113.989998,113.989998,113.989998,113.989998,113.989998,0
2009-05-12,115.660004,115.660004,115.660004,115.660004,115.660004,0
2009-05-13,116.320000,116.320000,116.320000,116.320000,116.320000,0
2009-05-14,116.500000,116.500000,116.500000,116.500000,116.500000,0
2009-05-15,119.059998,119.059998,119.059998,119.059998,119.059998,0
2009-05-18,119.209999,119.209999,119.209999,119.209999,119.209999,0
2009-05-19,117.919998,117.919998,117.919998,117.919998,117.919998,0
2009-05-20,113.959999,113.959999,113.959999,113.959999,113.959999,0
2009-05-21,117.099998,117.099998,117.099998,117.099998,117.099998,0
2009-05-22,118.809998,118.809998,118.809998,118.809998,118.809998,0
2009-05-26,120.889999,120.889999,120.889999,120.889999,120.889999,0
2009-05-27,120.040001,120.040001,120.040001,120.040001,120.040001,0
2009-05-28,122.330002,122.330002,122.330002,122.330002,122.330002,0
2009-05-29,122.989998,122.989998,122.989998,122.989998,122.989998,0
2009-06-01,122.089996,122.089996,122.089996,122.089996,122.089996,0
2009-06-02,120.940002,120.940002,120.940002,120.940002,120.940002,0
2009-06-03,121.190002,121.190002,121.190002,121.190002,121.190002,0
2009-06-04,119.370003,119.370003,119.370003,119.370003,119.370003,0
2009-06-05,118.830002,118.830002,118.830002,118.830002,118.830002,0
2009-06-08,119.440002,119.440002,119.440002,119.440002,119.440002,0
2009-06-09,119.239998,119.239998,119.239998,119.239998,119.239998,0
2009-06-10,121.610001,121.610001,121.610001,121.610001,121.610001,0
2009-06-11,117.879997,117.879997,117.879997,117.879997,117.879997,0
2009-06-12,120.980003,120.980003,120.980003,120.980003,120.980003,0
2009-06-15,118.199997,118.199997,118.199997,118.199997,118.199997,0
2009-06-16,125.050003,125.050003,125.050003,125.050003,125.050003,0
2009-06-17,123.169998,123.169998,123.169998,123.169998,123.169998,0
2009-06-18,123.720001,123.720001,123.720001,123.720001,123.720001,0
2009-06-19,123.779999,123.779999,123.779999,123.779999,123.779999,0
2009-06-22,116.790001,116.790001,116.790001,116.790001,116.790001,0
2009-06-23,116.010002,116.010002,116.010002,116.010002,116.010002,0
2009-06-24,116.970001,116.970001,116.970001,116.970001,116.970001,0
2009-06-25,115.510002,115.510002,115.510002,115.510002,115.510002,0
2009-06-26,115.720001,115.720001,115.720001,115.720001,115.720001,0
2009-06-29,117.160004,117.160004,117.160004,117.160004,117.160004,0
2009-06-30,117.029999,117.029999,117.029999,117.029999,117.029999,0
2009-07-01,116.680000,116.680000,116.680000,116.680000,116.680000,0
2009-07-02,115.080002,115.080002,115.080002,115.080002,115.080002,0
2009-07-06,118.410004,118.410004,118.410004,118.410004,118.410004,0
2009-07-07,116.349998,116.349998,116.349998,116.349998,116.349998,0
2009-07-08,114.250000,114.250000,114.250000,114.250000,114.250000,0
2009-07-09,115.199997,115.199997,115.199997,115.199997,115.199997,0
2009-07-10,113.199997,113.199997,113.199997,113.199997,113.199997,0
2009-07-13,113.300003,113.300003,113.300003,113.300003,113.300003,0
2009-07-14,115.440002,115.440002,115.440002,115.440002,115.440002,0
2009-07-15,115.750000,115.750000,115.750000,115.750000,115.750000,0
2009-07-16,116.889999,116.889999,116.889999,116.889999,116.889999,0
2009-07-17,116.430000,116.430000,116.430000,116.430000,116.430000,0
2009-07-20,116.309998,116.309998,116.309998,116.309998,116.309998,0
2009-07-21,116.790001,116.790001,116.790001,116.790001,116.790001,0
2009-07-22,112.410004,112.410004,112.410004,112.410004,112.410004,0
2009-07-23,112.070000,112.070000,112.070000,112.070000,112.070000,0
2009-07-24,114.040001,114.040001,114.040001,114.040001,114.040001,0
2009-07-27,114.050003,114.050003,114.050003,114.050003,114.050003,0
2009-07-28,116.180000,116.180000,116.180000,116.180000,116.180000,0
2009-07-29,116.739998,116.739998,116.739998,116.739998,116.739998,0
2009-07-30,115.410004,115.410004,115.410004,115.410004,115.410004,0
2009-07-31,108.940002,108.940002,108.940002,108.940002,108.940002,0
2009-08-03,114.029999,114.029999,114.029999,114.029999,114.029999,0
2009-08-04,114.940002,114.940002,114.940002,114.940002,114.940002,0
2009-08-05,117.110001,117.110001,117.110001,117.110001,117.110001,0
2009-08-06,115.220001,115.220001,115.220001,115.220001,115.220001,0
2009-08-07,113.769997,113.769997,113.769997,113.769997,113.769997,0
2009-08-10,117.019997,117.019997,117.019997,117.019997,117.019997,0
2009-08-11,117.610001,117.610001,117.610001,117.610001,117.610001,0
2009-08-12,119.639999,119.639999,119.639999,119.639999,119.639999,0
2009-08-13,121.849998,121.849998,121.849998,121.849998,121.849998,0
2009-08-14,118.750000,118.750000,118.750000,118.750000,118.750000,0
2009-08-17,116.580002,116.580002,116.580002,116.580002,116.580002,0
2009-08-18,118.110001,118.110001,118.110001,118.110001,118.110001,0
2009-08-19,121.730003,121.730003,121.730003,121.730003,121.730003,0
2009-08-20,121.529999,121.529999,121.529999,121.529999,121.529999,0
2009-08-21,122.900002,122.900002,122.900002,122.900002,122.900002,0
2009-08-24,121.160004,121.160004,121.160004,121.160004,121.160004,0
2009-08-25,119.050003,119.050003,119.050003,119.050003,119.050003,0
2009-08-26,118.709999,118.709999,118.709999,118.709999,118.709999,0
2009-08-27,117.709999,117.709999,117.709999,117.709999,117.709999,0
2009-08-28,117.669998,117.669998,117.669998,117.669998,117.669998,0
2009-08-31,120.139999,120.139999,120.139999,120.139999,120.139999,0
2009-09-01,118.260002,118.260002,118.260002,118.260002,118.260002,0
2009-09-02,118.410004,118.410004,118.410004,118.410004,118.410004,0
2009-09-03,119.379997,119.379997,119.379997,119.379997,119.379997,0
2009-09-04,119.730003,119.730003,119.730003,119.730003,119.730003,0
2009-09-08,120.550003,120.550003,120.550003,120.550003,120.550003,0
2009-09-09,120.830002,120.830002,120.830002,120.830002,120.830002,0
2009-09-10,121.260002,121.260002,121.260002,121.260002,121.260002,0
2009-09-11,120.230003,120.230003,120.230003,120.230003,120.230003,0
2009-09-14,121.000000,121.000000,121.000000,121.000000,121.000000,0
2009-09-15,118.459999,118.459999,118.459999,118.459999,118.459999,0
2009-09-16,113.620003,113.620003,113.620003,113.620003,113.620003,0
2009-09-17,118.949997,118.949997,118.949997,118.949997,118.949997,0
2009-09-18,117.019997,117.019997,117.019997,117.019997,117.019997,0
2009-09-21,119.139999,119.139999,119.139999,119.139999,119.139999,0
2009-09-22,118.160004,118.160004,118.160004,118.160004,118.160004,0
2009-09-23,117.440002,117.440002,117.440002,117.440002,117.440002,0
2009-09-24,116.650002,116.650002,116.650002,116.650002,116.650002,0
2009-09-25,118.010002,118.010002,118.010002,118.010002,118.010002,0
2009-09-28,119.099998,119.099998,119.099998,119.099998,119.099998,0
2009-09-29,119.839996,119.839996,119.839996,119.839996,119.839996,0
2009-09-30,120.860001,120.860001,120.860001,120.860001,120.860001,0
2009-10-01,117.809998,117.809998,117.809998,117.809998,117.809998,0
2009-10-02,118.550003,118.550003,118.550003,118.550003,118.550003,0
2009-10-05,118.500000,118.500000,118.500000,118.500000,118.500000,0
2009-10-06,117.820000,117.820000,117.820000,117.820000,117.820000,0
2009-10-07,117.650002,117.650002,117.650002,117.650002,117.650002,0
2009-10-08,119.919998,119.919998,119.919998,119.919998,119.919998,0
2009-10-09,120.870003,120.870003,120.870003,120.870003,120.870003,0
2009-10-12,119.550003,119.550003,119.550003,119.550003,119.550003,0
2009-10-13,120.769997,120.769997,120.769997,120.769997,120.769997,0
2009-10-14,121.309998,121.309998,121.309998,121.309998,121.309998,0
2009-10-15,120.029999,120.029999,120.029999,120.029999,120.029999,0
2009-10-16,119.050003,119.050003,119.050003,119.050003,119.050003,0
2009-10-19,117.250000,117.250000,117.250000,117.250000,117.250000,0
2009-10-20,116.900002,116.900002,116.900002,116.900002,116.900002,0
2009-10-21,118.599998,118.599998,118.599998,118.599998,118.599998,0
2009-10-22,118.089996,118.089996,118.089996,118.089996,118.089996,0
2009-10-23,117.510002,117.510002,117.510002,117.510002,117.510002,0
2009-10-26,118.330002,118.330002,118.330002,118.330002,118.330002,0
2009-10-27,118.900002,118.900002,118.900002,118.900002,118.900002,0
2009-10-28,118.370003,118.370003,118.370003,118.370003,118.370003,0
2009-10-29,120.820000,120.820000,120.820000,120.820000,120.820000,0
2009-10-30,122.750000,122.750000,122.750000,122.750000,122.750000,0
2009-11-02,121.900002,121.900002,121.900002,121.900002,121.900002,0
2009-11-03,118.529999,118.529999,118.529999,118.529999,118.529999,0
2009-11-04,119.750000,119.750000,119.750000,119.750000,119.750000,0
2009-11-05,119.830002,119.830002,119.830002,119.830002,119.830002,0
2009-11-06,120.139999,120.139999,120.139999,120.139999,120.139999,0
2009-11-09,114.400002,114.400002,114.400002,114.400002,114.400002,0
2009-11-10,119.650002,119.650002,119.650002,119.650002,119.650002,0
2009-11-11,119.209999,119.209999,119.209999,119.209999,119.209999,0
2009-11-12,118.379997,118.379997,118.379997,118.379997,118.379997,0
2009-11-13,120.720001,120.720001,120.720001,120.720001,120.720001,0
2009-11-16,114.529999,114.529999,114.529999,114.529999,114.529999,0
2009-11-17,119.320000,119.320000,119.320000,119.320000,119.320000,0
2009-11-18,114.750000,114.750000,114.750000,114.750000,114.750000,0
2009-11-19,119.349998,119.349998,119.349998,119.349998,119.349998,0
2009-11-20,120.589996,120.589996,120.589996,120.589996,120.589996,0
2009-11-23,122.849998,122.849998,122.849998,122.849998,122.849998,0
2009-11-24,122.470001,122.470001,122.470001,122.470001,122.470001,0
2009-11-25,121.980003,121.980003,121.980003,121.980003,121.980003,0
2009-11-27,120.820000,120.820000,120.820000,120.820000,120.820000,0
2009-11-30,122.910004,122.910004,122.910004,122.910004,122.910004,0
2009-12-01,122.959999,122.959999,122.959999,122.959999,122.959999,0
2009-12-02,119.000000,119.000000,119.000000,119.000000,119.000000,0
2009-12-03,117.040001,117.040001,117.040001,117.040001,117.040001,0
2009-12-04,118.010002,118.010002,118.010002,118.010002,118.010002,0
2009-12-07,117.169998,117.169998,117.169998,117.169998,117.169998,0
2009-12-08,117.889999,117.889999,117.889999,117.889999,117.889999,0
2009-12-09,118.750000,118.750000,118.750000,118.750000,118.750000,0
2009-12-10,121.349998,121.349998,121.349998,121.349998,121.349998,0
2009-12-11,121.589996,121.589996,121.589996,121.589996,121.589996,0
2009-12-14,125.300003,125.300003,125.300003,125.300003,125.300003,0
2009-12-15,123.839996,123.839996,123.839996,123.839996,123.839996,0
2009-12-16,117.129997,117.129997,117.129997,117.129997,117.129997,0
2009-12-17,121.830002,121.830002,121.830002,121.830002,121.830002,0
2009-12-18,122.290001,122.290001,122.290001,122.290001,122.290001,0
2009-12-21,124.330002,124.330002,124.330002,124.330002,124.330002,0
2009-12-22,127.889999,127.889999,127.889999,127.889999,127.889999,0
2009-12-23,127.150002,127.150002,127.150002,127.150002,127.150002,0
2009-12-24,128.160004,128.160004,128.160004,128.160004,128.160004,0
2009-12-28,125.790001,125.790001,125.790001,125.790001,125.790001,0
2009-12-29,125.709999,125.709999,125.709999,125.709999,125.709999,0
2009-12-30,125.650002,125.650002,125.650002,125.650002,125.650002,0
2010-01-04,123.839996,123.839996,123.839996,123.839996,123.839996,0
2010-01-05,122.989998,122.989998,122.989998,122.989998,122.989998,0
2010-01-06,121.629997,121.629997,121.629997,121.629997,121.629997,0
2010-01-07,120.169998,120.169998,120.169998,120.169998,120.169998,0
2010-01-08,120.150002,120.150002,120.150002,120.150002,120.150002,0
2010-01-11,119.099998,119.099998,119.099998,119.099998,119.099998,0
2010-01-12,120.660004,120.660004,120.660004,120.660004,120.660004,0
2010-01-13,125.889999,125.889999,125.889999,125.889999,125.889999,0
2010-01-14,125.059998,125.059998,125.059998,125.059998,125.059998,0
2010-01-15,124.320000,124.320000,124.320000,124.320000,124.320000,0
2010-01-19,124.279999,124.279999,124.279999,124.279999,124.279999,0
2010-01-20,124.099998,124.099998,124.099998,124.099998,124.099998,0
2010-01-21,121.989998,121.989998,121.989998,121.989998,121.989998,0
2010-01-22,122.879997,122.879997,122.879997,122.879997,122.879997,0
2010-01-25,122.540001,122.540001,122.540001,122.540001,122.540001,0
2010-01-26,118.410004,118.410004,118.410004,118.410004,118.410004,0
2010-01-27,118.980003,118.980003,118.980003,118.980003,118.980003,0
2010-01-28,117.980003,117.980003,117.980003,117.980003,117.980003,0
2010-01-29,117.500000,117.500000,117.500000,117.500000,117.500000,0
2010-02-01,119.220001,119.220001,119.220001,119.220001,119.220001,0
2010-02-02,120.459999,120.459999,120.459999,120.459999,120.459999,0
2010-02-03,119.949997,119.949997,119.949997,119.949997,119.949997,0
2010-02-04,116.019997,116.019997,116.019997,116.019997,116.019997,0
2010-02-05,118.750000,118.750000,118.750000,118.750000,118.750000,0
2010-02-08,117.680000,117.680000,117.680000,117.680000,117.680000,0
2010-02-09,120.430000,120.430000,120.430000,120.430000,120.430000,0
2010-02-10,118.510002,118.510002,118.510002,118.510002,118.510002,0
2010-02-11,120.129997,120.129997,120.129997,120.129997,120.129997,0
2010-02-12,113.709999,113.709999,113.709999,113.709999,113.709999,0
2010-02-16,120.889999,120.889999,120.889999,120.889999,120.889999,0
2010-02-17,119.629997,119.629997,119.629997,119.629997,119.629997,0
2010-02-18,122.559998,122.559998,122.559998,122.559998,122.559998,0
2010-02-19,118.529999,118.529999,118.529999,118.529999,118.529999,0
2010-02-22,121.330002,121.330002,121.330002,121.330002,121.330002,0
2010-02-23,120.820000,120.820000,120.820000,120.820000,120.820000,0
2010-02-24,120.610001,120.610001,120.610001,120.610001,120.610001,0
2010-02-25,121.279999,121.279999,121.279999,121.279999,121.279999,0
2010-02-26,120.129997,120.129997,120.129997,120.129997,120.129997,0
2010-03-01,120.800003,120.800003,120.800003,120.800003,120.800003,0
2010-03-02,120.279999,120.279999,120.279999,120.279999,120.279999,0
2010-03-03,119.029999,119.029999,119.029999,119.029999,119.029999,0
2010-03-04,120.750000,120.750000,120.750000,120.750000,120.750000,0
2010-03-05,118.029999,118.029999,118.029999,118.029999,118.029999,0
2010-03-08,117.559998,117.559998,117.559998,117.559998,117.559998,0
2010-03-09,116.639999,116.639999,116.639999,116.639999,116.639999,0
2010-03-10,117.980003,117.980003,117.980003,117.980003,117.980003,0
2010-03-11,117.480003,117.480003,117.480003,117.480003,117.480003,0
2010-03-12,118.959999,118.959999,118.959999,118.959999,118.959999,0
2010-03-15,120.629997,120.629997,120.629997,120.629997,120.629997,0
2010-03-16,123.510002,123.510002,123.510002,123.510002,123.510002,0
2010-03-17,119.660004,119.660004,119.660004,119.660004,119.660004,0
2010-03-18,120.269997,120.269997,120.269997,120.269997,120.269997,0
2010-03-19,121.970001,121.970001,121.970001,121.970001,121.970001,0
2010-03-22,123.629997,123.629997,123.629997,123.629997,123.629997,0
2010-03-23,121.180000,121.180000,121.180000,121.180000,121.180000,0
2010-03-24,122.669998,122.669998,122.669998,122.669998,122.669998,0
2010-03-25,122.139999,122.139999,122.139999,122.139999,122.139999,0
2010-03-26,123.139999,123.139999,123.139999,123.139999,123.139999,0
2010-03-29,123.199997,123.199997,123.199997,123.199997,123.199997,0
2010-03-30,124.029999,124.029999,124.029999,124.029999,124.029999,0
2010-03-31,123.699997,123.699997,123.699997,123.699997,123.699997,0
2010-04-01,123.930000,123.930000,123.930000,123.930000,123.930000,0
2010-04-05,123.779999,123.779999,123.779999,123.779999,123.779999,0
2010-04-06,123.290001,123.290001,123.290001,123.290001,123.290001,0
2010-04-07,123.269997,123.269997,123.269997,123.269997,123.269997,0
2010-04-08,122.669998,122.669998,122.669998,122.669998,122.669998,0
2010-04-09,124.360001,124.360001,124.360001,124.360001,124.360001,0
2010-04-12,123.160004,123.160004,123.160004,123.160004,123.160004,0
2010-04-13,125.540001,125.540001,125.540001,125.540001,125.540001,0
2010-04-14,125.769997,125.769997,125.769997,125.769997,125.769997,0
2010-04-15,126.290001,126.290001,126.290001,126.290001,126.290001,0
2010-04-16,131.330002,131.330002,131.330002,131.330002,131.330002,0
2010-04-19,131.139999,131.139999,131.139999,131.139999,131.139999,0
2010-04-20,134.190002,134.190002,134.190002,134.190002,134.190002,0
2010-04-21,129.839996,129.839996,129.839996,129.839996,129.839996,0
2010-04-22,127.480003,127.480003,127.480003,127.480003,127.480003,0
2010-04-23,126.129997,126.129997,126.129997,126.129997,126.129997,0
2010-04-26,124.250000,124.250000,124.250000,124.250000,124.250000,0
2010-04-27,124.980003,124.980003,124.980003,124.980003,124.980003,0
2010-04-28,128.399994,128.399994,128.399994,128.399994,128.399994,0
2010-04-29,129.279999,129.279999,129.279999,129.279999,129.279999,0
2010-04-30,125.410004,125.410004,125.410004,125.410004,125.410004,0
2010-05-03,125.349998,125.349998,125.349998,125.349998,125.349998,0
2010-05-04,124.860001,124.860001,124.860001,124.860001,124.860001,0
2010-05-05,122.820000,122.820000,122.820000,122.820000,122.820000,0
2010-05-06,122.160004,122.160004,122.160004,122.160004,122.160004,0
2010-05-07,123.860001,123.860001,123.860001,123.860001,123.860001,0
2010-05-10,128.639999,128.639999,128.639999,128.639999,128.639999,0
2010-05-11,127.089996,127.089996,127.089996,127.089996,127.089996,0
2010-05-12,124.260002,124.260002,124.260002,124.260002,124.260002,0
2010-05-13,126.199997,126.199997,126.199997,126.199997,126.199997,0
2010-05-14,128.470001,128.470001,128.470001,128.470001,128.470001,0
2010-05-17,128.869995,128.869995,128.869995,128.869995,128.869995,0
2010-05-18,123.879997,123.879997,123.879997,123.879997,123.879997,0
2010-05-19,126.330002,126.330002,126.330002,126.330002,126.330002,0
2010-05-20,123.360001,123.360001,123.360001,123.360001,123.360001,0
2010-05-21,125.559998,125.559998,125.559998,125.559998,125.559998,0
2010-05-24,125.000000,125.000000,125.000000,125.000000,125.000000,0
2010-05-25,123.279999,123.279999,123.279999,123.279999,123.279999,0
2010-05-26,121.480003,121.480003,121.480003,121.480003,121.480003,0
2010-05-27,125.730003,125.730003,125.730003,125.730003,125.730003,0
2010-05-28,123.129997,123.129997,123.129997,123.129997,123.129997,0
2010-06-01,119.629997,119.629997,119.629997,119.629997,119.629997,0
2010-06-02,123.690002,123.690002,123.690002,123.690002,123.690002,0
2010-06-03,123.830002,123.830002,123.830002,123.830002,123.830002,0
2010-06-04,121.110001,121.110001,121.110001,121.110001,121.110001,0
2010-06-07,119.209999,119.209999,119.209999,119.209999,119.209999,0
2010-06-08,120.739998,120.739998,120.739998,120.739998,120.739998,0
2010-06-09,119.970001,119.970001,119.970001,119.970001,119.970001,0
2010-06-10,122.339996,122.339996,122.339996,122.339996,122.339996,0
2010-06-11,122.809998,122.809998,122.809998,122.809998,122.809998,0
2010-06-14,121.690002,121.690002,121.690002,121.690002,121.690002,0
2010-06-15,124.800003,124.800003,124.800003,124.800003,124.800003,0
2010-06-16,121.480003,121.480003,121.480003,121.480003,121.480003,0
2010-06-17,122.129997,122.129997,122.129997,122.129997,122.129997,0
2010-06-18,122.980003,122.980003,122.980003,122.980003,122.980003,0
2010-06-21,121.730003,121.730003,121.730003,121.730003,121.730003,0
2010-06-22,120.419998,120.419998,120.419998,120.419998,120.419998,0
2010-06-23,119.839996,119.839996,119.839996,119.839996,119.839996,0
2010-06-24,119.559998,119.559998,119.559998,119.559998,119.559998,0
2010-06-25,119.370003,119.370003,119.370003,119.370003,119.370003,0
2010-06-28,120.300003,120.300003,120.300003,120.300003,120.300003,0
2010-06-29,118.129997,118.129997,118.129997,118.129997,118.129997,0
2010-06-30,116.870003,116.870003,116.870003,116.870003,116.870003,0
2010-07-01,116.760002,116.760002,116.760002,116.760002,116.760002,0
2010-07-02,114.650002,114.650002,114.650002,114.650002,114.650002,0
2010-07-06,116.010002,116.010002,116.010002,116.010002,116.010002,0
2010-07-07,117.769997,117.769997,117.769997,117.769997,117.769997,0
2010-07-08,117.220001,117.220001,117.220001,117.220001,117.220001,0
2010-07-09,117.970001,117.970001,117.970001,117.970001,117.970001,0
2010-07-12,118.720001,118.720001,118.720001,118.720001,118.720001,0
2010-07-13,119.330002,119.330002,119.330002,119.330002,119.330002,0
2010-07-14,120.070000,120.070000,120.070000,120.070000,120.070000,0
2010-07-15,118.580002,118.580002,118.580002,118.580002,118.580002,0
2010-07-16,118.669998,118.669998,118.669998,118.669998,118.669998,0
2010-07-19,118.779999,118.779999,118.779999,118.779999,118.779999,0
2010-07-20,119.070000,119.070000,119.070000,119.070000,119.070000,0
2010-07-21,117.290001,117.290001,117.290001,117.290001,117.290001,0
2010-07-22,118.220001,118.220001,118.220001,118.220001,118.220001,0
2010-07-23,119.690002,119.690002,119.690002,119.690002,119.690002,0
2010-07-26,119.290001,119.290001,119.290001,119.290001,119.290001,0
2010-07-27,121.320000,121.320000,121.320000,121.320000,121.320000,0
2010-07-28,121.910004,121.910004,121.910004,121.910004,121.910004,0
2010-07-29,119.360001,119.360001,119.360001,119.360001,119.360001,0
2010-07-30,119.529999,119.529999,119.529999,119.529999,119.529999,0
2010-08-02,122.500000,122.500000,122.500000,122.500000,122.500000,0
2010-08-03,121.389999,121.389999,121.389999,121.389999,121.389999,0
2010-08-04,120.989998,120.989998,120.989998,120.989998,120.989998,0
2010-08-05,120.430000,120.430000,120.430000,120.430000,120.430000,0
2010-08-06,119.669998,119.669998,119.669998,119.669998,119.669998,0
2010-08-09,123.750000,123.750000,123.750000,123.750000,123.750000,0
2010-08-10,122.790001,122.790001,122.790001,122.790001,122.790001,0
2010-08-11,118.449997,118.449997,118.449997,118.449997,118.449997,0
2010-08-12,115.180000,115.180000,115.180000,115.180000,115.180000,0
2010-08-13,115.279999,115.279999,115.279999,115.279999,115.279999,0
2010-08-16,121.099998,121.099998,121.099998,121.099998,121.099998,0
2010-08-17,121.959999,121.959999,121.959999,121.959999,121.959999,0
2010-08-18,121.260002,121.260002,121.260002,121.260002,121.260002,0
2010-08-19,120.260002,120.260002,120.260002,120.260002,120.260002,0
2010-08-20,119.620003,119.620003,119.620003,119.620003,119.620003,0
2010-08-23,118.379997,118.379997,118.379997,118.379997,118.379997,0
2010-08-24,117.389999,117.389999,117.389999,117.389999,117.389999,0
2010-08-25,117.010002,117.010002,117.010002,117.010002,117.010002,0
2010-08-26,115.989998,115.989998,115.989998,115.989998,115.989998,0
2010-08-27,116.029999,116.029999,116.029999,116.029999,116.029999,0
2010-08-30,115.059998,115.059998,115.059998,115.059998,115.059998,0
2010-08-31,115.019997,115.019997,115.019997,115.019997,115.019997,0
2010-09-01,116.360001,116.360001,116.360001,116.360001,116.360001,0
2010-09-02,116.739998,116.739998,116.739998,116.739998,116.739998,0
2010-09-03,119.110001,119.110001,119.110001,119.110001,119.110001,0
2010-09-07,118.730003,118.730003,118.730003,118.730003,118.730003,0
2010-09-08,120.300003,120.300003,120.300003,120.300003,120.300003,0
2010-09-09,119.309998,119.309998,119.309998,119.309998,119.309998,0
2010-09-10,121.089996,121.089996,121.089996,121.089996,121.089996,0
2010-09-13,121.889999,121.889999,121.889999,121.889999,121.889999,0
2010-09-14,120.980003,120.980003,120.980003,120.980003,120.980003,0
2010-09-15,119.739998,119.739998,119.739998,119.739998,119.739998,0
2010-09-16,124.320000,124.320000,124.320000,124.320000,124.320000,0
2010-09-17,124.900002,124.900002,124.900002,124.900002,124.900002,0
2010-09-20,124.879997,124.879997,124.879997,124.879997,124.879997,0
2010-09-21,122.809998,122.809998,122.809998,122.809998,122.809998,0
2010-09-22,121.750000,121.750000,121.750000,121.750000,121.750000,0
2010-09-23,121.570000,121.570000,121.570000,121.570000,121.570000,0
2010-09-24,123.000000,123.000000,123.000000,123.000000,123.000000,0
2010-09-27,120.209999,120.209999,120.209999,120.209999,120.209999,0
2010-09-28,121.690002,121.690002,121.690002,121.690002,121.690002,0
2010-09-29,119.269997,119.269997,119.269997,119.269997,119.269997,0
2010-09-30,120.480003,120.480003,120.480003,120.480003,120.480003,0
2010-10-01,119.610001,119.610001,119.610001,119.610001,119.610001,0
2010-10-04,118.290001,118.290001,118.290001,118.290001,118.290001,0
2010-10-05,117.769997,117.769997,117.769997,117.769997,117.769997,0
2010-10-06,116.570000,116.570000,116.570000,116.570000,116.570000,0
2010-10-07,116.690002,116.690002,116.690002,116.690002,116.690002,0
2010-10-08,117.959999,117.959999,117.959999,117.959999,117.959999,0
2010-10-11,115.870003,115.870003,115.870003,115.870003,115.870003,0
2010-10-12,117.019997,117.019997,117.019997,117.019997,117.019997,0
2010-10-13,118.430000,118.430000,118.430000,118.430000,118.430000,0
2010-10-14,120.239998,120.239998,120.239998,120.239998,120.239998,0
2010-10-15,121.480003,121.480003,121.480003,121.480003,121.480003,0
2010-10-18,120.570000,120.570000,120.570000,120.570000,120.570000,0
2010-10-19,119.570000,119.570000,119.570000,119.570000,119.570000,0
2010-10-20,120.040001,120.040001,120.040001,120.040001,120.040001,0
2010-10-21,118.169998,118.169998,118.169998,118.169998,118.169998,0
2010-10-22,117.379997,117.379997,117.379997,117.379997,117.379997,0
2010-10-25,116.449997,116.449997,116.449997,116.449997,116.449997,0
2010-10-26,116.440002,116.440002,116.440002,116.440002,116.440002,0
2010-10-27,116.970001,116.970001,116.970001,116.970001,116.970001,0
2010-10-28,116.290001,116.290001,116.290001,116.290001,116.290001,0
2010-10-29,116.040001,116.040001,116.040001,116.040001,116.040001,0
2010-11-01,116.830002,116.830002,116.830002,116.830002,116.830002,0
2010-11-02,116.139999,116.139999,116.139999,116.139999,116.139999,0
2010-11-03,118.209999,118.209999,118.209999,118.209999,118.209999,0
2010-11-04,116.589996,116.589996,116.589996,116.589996,116.589996,0
2010-11-05,116.980003,116.980003,116.980003,116.980003,116.980003,0
2010-11-08,118.269997,118.269997,118.269997,118.269997,118.269997,0
2010-11-09,119.610001,119.610001,119.610001,119.610001,119.610001,0
2010-11-10,122.160004,122.160004,122.160004,122.160004,122.160004,0
2010-11-11,123.589996,123.589996,123.589996,123.589996,123.589996,0
2010-11-12,121.720001,121.720001,121.720001,121.720001,121.720001,0
2010-11-15,122.040001,122.040001,122.040001,122.040001,122.040001,0
2010-11-16,120.860001,120.860001,120.860001,120.860001,120.860001,0
2010-11-17,120.339996,120.339996,120.339996,120.339996,120.339996,0
2010-11-18,121.730003,121.730003,121.730003,121.730003,121.730003,0
2010-11-19,121.260002,121.260002,121.260002,121.260002,121.260002,0
2010-11-22,122.339996,122.339996,122.339996,122.339996,122.339996,0
2010-11-23,119.860001,119.860001,119.860001,119.860001,119.860001,0
2010-11-24,122.160004,122.160004,122.160004,122.160004,122.160004,0
2010-11-26,119.019997,119.019997,119.019997,119.019997,119.019997,0
2010-11-29,118.540001,118.540001,118.540001,118.540001,118.540001,0
2010-11-30,116.709999,116.709999,116.709999,116.709999,116.709999,0
2010-12-01,118.690002,118.690002,118.690002,118.690002,118.690002,0
2010-12-02,120.879997,120.879997,120.879997,120.879997,120.879997,0
2010-12-03,120.419998,120.419998,120.419998,120.419998,120.419998,0
2010-12-06,121.150002,121.150002,121.150002,121.150002,121.150002,0
2010-12-07,118.129997,118.129997,118.129997,118.129997,118.129997,0
2010-12-08,119.529999,119.529999,119.529999,119.529999,119.529999,0
2010-12-09,123.930000,123.930000,123.930000,123.930000,123.930000,0
2010-12-10,123.010002,123.010002,123.010002,123.010002,123.010002,0
2010-12-13,120.739998,120.739998,120.739998,120.739998,120.739998,0
2010-12-14,121.989998,121.989998,121.989998,121.989998,121.989998,0
2010-12-15,121.980003,121.980003,121.980003,121.980003,121.980003,0
2010-12-16,124.809998,124.809998,124.809998,124.809998,124.809998,0
2010-12-17,125.239998,125.239998,125.239998,125.239998,125.239998,0
2010-12-20,125.839996,125.839996,125.839996,125.839996,125.839996,0
2010-12-21,124.870003,124.870003,124.870003,124.870003,124.870003,0
2010-12-22,123.650002,123.650002,123.650002,123.650002,123.650002,0
2010-12-23,125.349998,125.349998,125.349998,125.349998,125.349998,0
2010-12-27,123.860001,123.860001,123.860001,123.860001,123.860001,0
2010-12-28,123.529999,123.529999,123.529999,123.529999,123.529999,0
2010-12-29,122.400002,122.400002,122.400002,122.400002,122.400002,0
2010-12-30,122.169998,122.169998,122.169998,122.169998,122.169998,0
2010-12-31,120.739998,120.739998,120.739998,120.739998,120.739998,0
2011-01-03,122.680000,122.680000,122.680000,122.680000,122.680000,0
2011-01-04,121.959999,121.959999,121.959999,121.959999,121.959999,0
2011-01-05,121.230003,121.230003,121.230003,121.230003,121.230003,0
2011-01-06,121.010002,121.010002,121.010002,121.010002,121.010002,0
2011-01-07,121.220001,121.220001,121.220001,121.220001,121.220001,0
2011-01-10,121.470001,121.470001,121.470001,121.470001,121.470001,0
2011-01-11,122.290001,122.290001,122.290001,122.290001,122.290001,0
2011-01-12,121.940002,121.940002,121.940002,121.940002,121.940002,0
2011-01-13,121.290001,121.290001,121.290001,121.290001,121.290001,0
2011-01-14,123.519997,123.519997,123.519997,123.519997,123.519997,0
2011-01-18,128.160004,128.160004,128.160004,128.160004,128.160004,0
2011-01-19,123.410004,123.410004,123.410004,123.410004,123.410004,0
2011-01-20,126.190002,126.190002,126.190002,126.190002,126.190002,0
2011-01-21,133.990005,133.990005,133.990005,133.990005,133.990005,0
2011-01-24,131.860001,131.860001,131.860001,131.860001,131.860001,0
2011-01-25,134.610001,134.610001,134.610001,134.610001,134.610001,0
2011-01-26,131.759995,131.759995,131.759995,131.759995,131.759995,0
2011-01-27,130.559998,130.559998,130.559998,130.559998,130.559998,0
2011-01-28,128.229996,128.229996,128.229996,128.229996,128.229996,0
2011-01-31,130.300003,130.300003,130.300003,130.300003,130.300003,0
2011-02-01,129.000000,129.000000,129.000000,129.000000,129.000000,0
2011-02-02,127.519997,127.519997,127.519997,127.519997,127.519997,0
2011-02-03,127.129997,127.129997,127.129997,127.129997,127.129997,0
2011-02-04,127.449997,127.449997,127.449997,127.449997,127.449997,0
2011-02-07,127.629997,127.629997,127.629997,127.629997,127.629997,0
2011-02-08,129.539993,129.539993,129.539993,129.539993,129.539993,0
2011-02-09,129.330002,129.330002,129.330002,129.330002,129.330002,0
2011-02-10,129.240005,129.240005,129.240005,129.240005,129.240005,0
2011-02-11,131.309998,131.309998,131.309998,131.309998,131.309998,0
2011-02-14,127.410004,127.410004,127.410004,127.410004,127.410004,0
2011-02-15,131.779999,131.779999,131.779999,131.779999,131.779999,0
2011-02-16,130.690002,130.690002,130.690002,130.690002,130.690002,0
2011-02-17,130.970001,130.970001,130.970001,130.970001,130.970001,0
2011-02-18,136.429993,136.429993,136.429993,136.429993,136.429993,0
2011-02-22,125.900002,125.900002,125.900002,125.900002,125.900002,0
2011-02-23,124.529999,124.529999,124.529999,124.529999,124.529999,0
2011-02-24,124.680000,124.680000,124.680000,124.680000,124.680000,0
2011-02-25,128.759995,128.759995,128.759995,128.759995,128.759995,0
2011-02-28,129.369995,129.369995,129.369995,129.369995,129.369995,0
2011-03-01,122.430000,122.430000,122.430000,122.430000,122.430000,0
2011-03-02,123.059998,123.059998,123.059998,123.059998,123.059998,0
2011-03-03,125.709999,125.709999,125.709999,125.709999,125.709999,0
2011-03-04,125.900002,125.900002,125.900002,125.900002,125.900002,0
2011-03-07,122.949997,122.949997,122.949997,122.949997,122.949997,0
2011-03-08,123.370003,123.370003,123.370003,123.370003,123.370003,0
2011-03-09,122.599998,122.599998,122.599998,122.599998,122.599998,0
2011-03-10,119.260002,119.260002,119.260002,119.260002,119.260002,0
2011-03-11,118.540001,118.540001,118.540001,118.540001,118.540001,0
2011-03-14,121.519997,121.519997,121.519997,121.519997,121.519997,0
2011-03-15,121.519997,121.519997,121.519997,121.519997,121.519997,0
2011-03-16,122.459999,122.459999,122.459999,122.459999,122.459999,0
2011-03-17,125.849998,125.849998,125.849998,125.849998,125.849998,0
2011-03-18,126.809998,126.809998,126.809998,126.809998,126.809998,0
2011-03-21,124.589996,124.589996,124.589996,124.589996,124.589996,0
2011-03-22,120.830002,120.830002,120.830002,120.830002,120.830002,0
2011-03-23,120.750000,120.750000,120.750000,120.750000,120.750000,0
2011-03-24,119.970001,119.970001,119.970001,119.970001,119.970001,0
2011-03-25,121.430000,121.430000,121.430000,121.430000,121.430000,0
2011-03-28,122.680000,122.680000,122.680000,122.680000,122.680000,0
2011-03-29,124.110001,124.110001,124.110001,124.110001,124.110001,0
2011-03-30,123.500000,123.500000,123.500000,123.500000,123.500000,0
2011-03-31,124.639999,124.639999,124.639999,124.639999,124.639999,0
2011-04-01,128.639999,128.639999,128.639999,128.639999,128.639999,0
2011-04-04,128.050003,128.050003,128.050003,128.050003,128.050003,0
2011-04-05,128.059998,128.059998,128.059998,128.059998,128.059998,0
2011-04-06,125.180000,125.180000,125.180000,125.180000,125.180000,0
2011-04-07,126.459999,126.459999,126.459999,126.459999,126.459999,0
2011-04-08,125.919998,125.919998,125.919998,125.919998,125.919998,0
2011-04-11,122.940002,122.940002,122.940002,122.940002,122.940002,0
2011-04-12,121.940002,121.940002,121.940002,121.940002,121.940002,0
2011-04-13,124.550003,124.550003,124.550003,124.550003,124.550003,0
2011-04-14,125.089996,125.089996,125.089996,125.089996,125.089996,0
2011-04-15,130.449997,130.449997,130.449997,130.449997,130.449997,0
2011-04-18,129.369995,129.369995,129.369995,129.369995,129.369995,0
2011-04-19,129.399994,129.399994,129.399994,129.399994,129.399994,0
2011-04-20,131.130005,131.130005,131.130005,131.130005,131.130005,0
2011-04-21,131.779999,131.779999,131.779999,131.779999,131.779999,0
2011-04-25,130.880005,130.880005,130.880005,130.880005,130.880005,0
2011-04-26,127.449997,127.449997,127.449997,127.449997,127.449997,0
2011-04-27,126.930000,126.930000,126.930000,126.930000,126.930000,0
2011-04-28,124.989998,124.989998,124.989998,124.989998,124.989998,0
2011-04-29,127.449997,127.449997,127.449997,127.449997,127.449997,0
2011-05-02,124.150002,124.150002,124.150002,124.150002,124.150002,0
2011-05-03,127.489998,127.489998,127.489998,127.489998,127.489998,0
2011-05-04,125.290001,125.290001,125.290001,125.290001,125.290001,0
2011-05-05,124.889999,124.889999,124.889999,124.889999,124.889999,0
2011-05-06,124.610001,124.610001,124.610001,124.610001,124.610001,0
2011-05-09,124.669998,124.669998,124.669998,124.669998,124.669998,0
2011-05-10,126.230003,126.230003,126.230003,126.230003,126.230003,0
2011-05-11,126.230003,126.230003,126.230003,126.230003,126.230003,0
2011-05-12,122.589996,122.589996,122.589996,122.589996,122.589996,0
2011-05-13,121.900002,121.900002,121.900002,121.900002,121.900002,0
2011-05-16,123.580002,123.580002,123.580002,123.580002,123.580002,0
2011-05-17,121.139999,121.139999,121.139999,121.139999,121.139999,0
2011-05-18,121.139999,121.139999,121.139999,121.139999,121.139999,0
2011-05-19,127.160004,127.160004,127.160004,127.160004,127.160004,0
2011-05-20,129.149994,129.149994,129.149994,129.149994,129.149994,0
2011-05-23,124.779999,124.779999,124.779999,124.779999,124.779999,0
2011-05-24,123.129997,123.129997,123.129997,123.129997,123.129997,0
2011-05-25,123.139999,123.139999,123.139999,123.139999,123.139999,0
2011-05-26,125.430000,125.430000,125.430000,125.430000,125.430000,0
2011-05-27,125.430000,125.430000,125.430000,125.430000,125.430000,0
2011-05-31,123.910004,123.910004,123.910004,123.910004,123.910004,0
2011-06-01,119.330002,119.330002,119.330002,119.330002,119.330002,0
2011-06-02,119.199997,119.199997,119.199997,119.199997,119.199997,0
2011-06-03,116.800003,116.800003,116.800003,116.800003,116.800003,0
2011-06-06,116.019997,116.019997,116.019997,116.019997,116.019997,0
2011-06-07,116.070000,116.070000,116.070000,116.070000,116.070000,0
2011-06-08,118.760002,118.760002,118.760002,118.760002,118.760002,0
2011-06-09,117.269997,117.269997,117.269997,117.269997,117.269997,0
2011-06-10,122.650002,122.650002,122.650002,122.650002,122.650002,0
2011-06-13,120.989998,120.989998,120.989998,120.989998,120.989998,0
2011-06-14,125.300003,125.300003,125.300003,125.300003,125.300003,0
2011-06-15,124.320000,124.320000,124.320000,124.320000,124.320000,0
2011-06-16,122.349998,122.349998,122.349998,122.349998,122.349998,0
2011-06-17,122.349998,122.349998,122.349998,122.349998,122.349998,0
2011-06-20,117.440002,117.440002,117.440002,117.440002,117.440002,0
2011-06-21,116.519997,116.519997,116.519997,116.519997,116.519997,0
2011-06-22,114.739998,114.739998,114.739998,114.739998,114.739998,0
2011-06-23,116.790001,116.790001,116.790001,116.790001,116.790001,0
2011-06-24,115.919998,115.919998,115.919998,115.919998,115.919998,0
2011-06-27,119.459999,119.459999,119.459999,119.459999,119.459999,0
2011-06-28,122.150002,122.150002,122.150002,122.150002,122.150002,0
2011-06-29,128.729996,128.729996,128.729996,128.729996,128.729996,0
2011-06-30,122.089996,122.089996,122.089996,122.089996,122.089996,0
2011-07-01,119.629997,119.629997,119.629997,119.629997,119.629997,0
2011-07-05,121.779999,121.779999,121.779999,121.779999,121.779999,0
2011-07-06,121.510002,121.510002,121.510002,121.510002,121.510002,0
2011-07-07,121.860001,121.860001,121.860001,121.860001,121.860001,0
2011-07-08,119.680000,119.680000,119.680000,119.680000,119.680000,0
2011-07-11,123.080002,123.080002,123.080002,123.080002,123.080002,0
2011-07-12,119.209999,119.209999,119.209999,119.209999,119.209999,0
2011-07-13,124.790001,124.790001,124.790001,124.790001,124.790001,0
2011-07-14,126.629997,126.629997,126.629997,126.629997,126.629997,0
2011-07-15,129.240005,129.240005,129.240005,129.240005,129.240005,0
2011-07-18,123.919998,123.919998,123.919998,123.919998,123.919998,0
2011-07-19,126.120003,126.120003,126.120003,126.120003,126.120003,0
2011-07-20,122.970001,122.970001,122.970001,122.970001,122.970001,0
2011-07-21,122.419998,122.419998,122.419998,122.419998,122.419998,0
2011-07-22,121.589996,121.589996,121.589996,121.589996,121.589996,0
2011-07-25,119.449997,119.449997,119.449997,119.449997,119.449997,0
2011-07-26,120.120003,120.120003,120.120003,120.120003,120.120003,0
2011-07-27,119.440002,119.440002,119.440002,119.440002,119.440002,0
2011-07-28,120.360001,120.360001,120.360001,120.360001,120.360001,0
2011-07-29,120.650002,120.650002,120.650002,120.650002,120.650002,0
2011-08-01,118.639999,118.639999,118.639999,118.639999,118.639999,0
2011-08-02,116.080002,116.080002,116.080002,116.080002,116.080002,0
2011-08-03,117.269997,117.269997,117.269997,117.269997,117.269997,0
2011-08-04,113.169998,113.169998,113.169998,113.169998,113.169998,0
2011-08-05,119.360001,119.360001,119.360001,119.360001,119.360001,0
2011-08-08,121.059998,121.059998,121.059998,121.059998,121.059998,0
2011-08-09,124.510002,124.510002,124.510002,124.510002,124.510002,0
2011-08-10,118.650002,118.650002,118.650002,118.650002,118.650002,0
2011-08-11,119.989998,119.989998,119.989998,119.989998,119.989998,0
2011-08-12,119.790001,119.790001,119.790001,119.790001,119.790001,0
2011-08-15,121.760002,121.760002,121.760002,121.760002,121.760002,0
2011-08-16,122.410004,122.410004,122.410004,122.410004,122.410004,0
2011-08-17,126.160004,126.160004,126.160004,126.160004,126.160004,0
2011-08-18,124.440002,124.440002,124.440002,124.440002,124.440002,0
2011-08-19,124.050003,124.050003,124.050003,124.050003,124.050003,0
2011-08-22,119.400002,119.400002,119.400002,119.400002,119.400002,0
2011-08-23,124.050003,124.050003,124.050003,124.050003,124.050003,0
2011-08-24,123.370003,123.370003,123.370003,123.370003,123.370003,0
2011-08-25,120.809998,120.809998,120.809998,120.809998,120.809998,0
2011-08-26,122.970001,122.970001,122.970001,122.970001,122.970001,0
2011-08-29,122.970001,122.970001,122.970001,122.970001,122.970001,0
2011-08-30,119.900002,119.900002,119.900002,119.900002,119.900002,0
2011-08-31,120.010002,120.010002,120.010002,120.010002,120.010002,0
2011-09-01,120.230003,120.230003,120.230003,120.230003,120.230003,0
2011-09-02,119.330002,119.330002,119.330002,119.330002,119.330002,0
2011-09-06,121.040001,121.040001,121.040001,121.040001,121.040001,0
2011-09-07,118.750000,118.750000,118.750000,118.750000,118.750000,0
2011-09-08,118.589996,118.589996,118.589996,118.589996,118.589996,0
2011-09-09,116.900002,116.900002,116.900002,116.900002,116.900002,0
2011-09-12,117.230003,117.230003,117.230003,117.230003,117.230003,0
2011-09-13,118.050003,118.050003,118.050003,118.050003,118.050003,0
2011-09-14,115.730003,115.730003,115.730003,115.730003,115.730003,0
2011-09-15,120.000000,120.000000,120.000000,120.000000,120.000000,0
2011-09-16,123.269997,123.269997,123.269997,123.269997,123.269997,0
2011-09-19,120.760002,120.760002,120.760002,120.760002,120.760002,0
2011-09-20,120.610001,120.610001,120.610001,120.610001,120.610001,0
2011-09-21,120.180000,120.180000,120.180000,120.180000,120.180000,0
2011-09-22,119.370003,119.370003,119.370003,119.370003,119.370003,0
2011-09-23,118.239998,118.239998,118.239998,118.239998,118.239998,0
2011-09-26,120.339996,120.339996,120.339996,120.339996,120.339996,0
2011-09-27,119.550003,119.550003,119.550003,119.550003,119.550003,0
2011-09-28,118.209999,118.209999,118.209999,118.209999,118.209999,0
2011-09-29,118.970001,118.970001,118.970001,118.970001,118.970001,0
2011-09-30,114.830002,114.830002,114.830002,114.830002,114.830002,0
2011-10-03,113.089996,113.089996,113.089996,113.089996,113.089996,0
2011-10-04,115.279999,115.279999,115.279999,115.279999,115.279999,0
2011-10-05,113.870003,113.870003,113.870003,113.870003,113.870003,0
2011-10-06,115.419998,115.419998,115.419998,115.419998,115.419998,0
2011-10-07,116.099998,116.099998,116.099998,116.099998,116.099998,0
2011-10-10,116.809998,116.809998,116.809998,116.809998,116.809998,0
2011-10-11,118.910004,118.910004,118.910004,118.910004,118.910004,0
2011-10-12,121.599998,121.599998,121.599998,121.599998,121.599998,0
2011-10-13,121.980003,121.980003,121.980003,121.980003,121.980003,0
2011-10-14,121.900002,121.900002,121.900002,121.900002,121.900002,0
2011-10-17,124.459999,124.459999,124.459999,124.459999,124.459999,0
2011-10-18,127.989998,127.989998,127.989998,127.989998,127.989998,0
2011-10-19,122.570000,122.570000,122.570000,122.570000,122.570000,0
2011-10-20,122.570000,122.570000,122.570000,122.570000,122.570000,0
2011-10-21,127.190002,127.190002,127.190002,127.190002,127.190002,0
2011-10-24,124.849998,124.849998,124.849998,124.849998,124.849998,0
2011-10-25,122.650002,122.650002,122.650002,122.650002,122.650002,0
2011-10-26,122.650002,122.650002,122.650002,122.650002,122.650002,0
2011-10-27,122.820000,122.820000,122.820000,122.820000,122.820000,0
2011-10-28,121.180000,121.180000,121.180000,121.180000,121.180000,0
2011-10-31,120.690002,120.690002,120.690002,120.690002,120.690002,0
2011-11-01,126.650002,126.650002,126.650002,126.650002,126.650002,0
2011-11-02,123.949997,123.949997,123.949997,123.949997,123.949997,0
2011-11-03,124.190002,124.190002,124.190002,124.190002,124.190002,0
2011-11-04,123.559998,123.559998,123.559998,123.559998,123.559998,0
2011-11-07,124.930000,124.930000,124.930000,124.930000,124.930000,0
2011-11-08,124.769997,124.769997,124.769997,124.769997,124.769997,0
2011-11-09,122.870003,122.870003,122.870003,122.870003,122.870003,0
2011-11-10,125.239998,125.239998,125.239998,125.239998,125.239998,0
2011-11-11,124.559998,124.559998,124.559998,124.559998,124.559998,0
2011-11-14,124.559998,124.559998,124.559998,124.559998,124.559998,0
2011-11-15,124.970001,124.970001,124.970001,124.970001,124.970001,0
2011-11-16,122.919998,122.919998,122.919998,122.919998,122.919998,0
2011-11-17,121.589996,121.589996,121.589996,121.589996,121.589996,0
2011-11-18,120.040001,120.040001,120.040001,120.040001,120.040001,0
2011-11-21,115.150002,115.150002,115.150002,115.150002,115.150002,0
2011-11-22,114.919998,114.919998,114.919998,114.919998,114.919998,0
2011-11-23,116.779999,116.779999,116.779999,116.779999,116.779999,0
2011-11-25,114.769997,114.769997,114.769997,114.769997,114.769997,0
2011-11-28,118.629997,118.629997,118.629997,118.629997,118.629997,0
2011-11-29,116.449997,116.449997,116.449997,116.449997,116.449997,0
2011-11-30,116.559998,116.559998,116.559998,116.559998,116.559998,0
2011-12-01,116.900002,116.900002,116.900002,116.900002,116.900002,0
2011-12-02,116.309998,116.309998,116.309998,116.309998,116.309998,0
2011-12-05,116.139999,116.139999,116.139999,116.139999,116.139999,0
2011-12-06,115.160004,115.160004,115.160004,115.160004,115.160004,0
2011-12-07,115.870003,115.870003,115.870003,115.870003,115.870003,0
2011-12-08,115.370003,115.370003,115.370003,115.370003,115.370003,0
2011-12-09,116.830002,116.830002,116.830002,116.830002,116.830002,0
2011-12-12,120.260002,120.260002,120.260002,120.260002,120.260002,0
2011-12-13,119.440002,119.440002,119.440002,119.440002,119.440002,0
2011-12-14,120.660004,120.660004,120.660004,120.660004,120.660004,0
2011-12-15,122.349998,122.349998,122.349998,122.349998,122.349998,0
2011-12-16,119.220001,119.220001,119.220001,119.220001,119.220001,0
2011-12-19,116.580002,116.580002,116.580002,116.580002,116.580002,0
2011-12-20,120.660004,120.660004,120.660004,120.660004,120.660004,0
2011-12-21,115.160004,115.160004,115.160004,115.160004,115.160004,0
2011-12-22,115.559998,115.559998,115.559998,115.559998,115.559998,0
2011-12-23,117.139999,117.139999,117.139999,117.139999,117.139999,0
2011-12-27,116.529999,116.529999,116.529999,116.529999,116.529999,0
2011-12-28,116.320000,116.320000,116.320000,116.320000,116.320000,0
2011-12-29,116.570000,116.570000,116.570000,116.570000,116.570000,0
2011-12-30,116.209999,116.209999,116.209999,116.209999,116.209999,0
2012-01-03,117.099998,117.099998,117.099998,117.099998,117.099998,0
2012-01-04,117.629997,117.629997,117.629997,117.629997,117.629997,0
2012-01-05,117.760002,117.760002,117.760002,117.760002,117.760002,0
2012-01-06,118.290001,118.290001,118.290001,118.290001,118.290001,0
2012-01-09,119.070000,119.070000,119.070000,119.070000,119.070000,0
2012-01-10,118.989998,118.989998,118.989998,118.989998,118.989998,0
2012-01-11,120.199997,120.199997,120.199997,120.199997,120.199997,0
2012-01-12,120.779999,120.779999,120.779999,120.779999,120.779999,0
2012-01-13,121.919998,121.919998,121.919998,121.919998,121.919998,0
2012-01-17,125.629997,125.629997,125.629997,125.629997,125.629997,0
2012-01-18,130.779999,130.779999,130.779999,130.779999,130.779999,0
2012-01-19,129.600006,129.600006,129.600006,129.600006,129.600006,0
2012-01-20,129.240005,129.240005,129.240005,129.240005,129.240005,0
2012-01-23,125.830002,125.830002,125.830002,125.830002,125.830002,0
2012-01-24,127.379997,127.379997,127.379997,127.379997,127.379997,0
2012-01-25,125.220001,125.220001,125.220001,125.220001,125.220001,0
2012-01-26,122.959999,122.959999,122.959999,122.959999,122.959999,0
2012-01-27,121.500000,121.500000,121.500000,121.500000,121.500000,0
2012-01-30,121.989998,121.989998,121.989998,121.989998,121.989998,0
2012-01-31,121.959999,121.959999,121.959999,121.959999,121.959999,0
2012-02-01,121.389999,121.389999,121.389999,121.389999,121.389999,0
2012-02-02,122.260002,122.260002,122.260002,122.260002,122.260002,0
2012-02-03,122.139999,122.139999,122.139999,122.139999,122.139999,0
2012-02-06,123.629997,123.629997,123.629997,123.629997,123.629997,0
2012-02-07,123.019997,123.019997,123.019997,123.019997,123.019997,0
2012-02-08,124.760002,124.760002,124.760002,124.760002,124.760002,0
2012-02-09,126.480003,126.480003,126.480003,126.480003,126.480003,0
2012-02-10,129.589996,129.589996,129.589996,129.589996,129.589996,0
2012-02-13,127.889999,127.889999,127.889999,127.889999,127.889999,0
2012-02-14,129.960007,129.960007,129.960007,129.960007,129.960007,0
2012-02-15,128.880005,128.880005,128.880005,128.880005,128.880005,0
2012-02-16,130.289993,130.289993,130.289993,130.289993,130.289993,0
2012-02-17,129.539993,129.539993,129.539993,129.539993,129.539993,0
2012-02-21,128.460007,128.460007,128.460007,128.460007,128.460007,0
2012-02-22,127.699997,127.699997,127.699997,127.699997,127.699997,0
2012-02-23,127.809998,127.809998,127.809998,127.809998,127.809998,0
2012-02-24,128.720001,128.720001,128.720001,128.720001,128.720001,0
2012-02-27,126.980003,126.980003,126.980003,126.980003,126.980003,0
2012-02-28,125.650002,125.650002,125.650002,125.650002,125.650002,0
2012-02-29,124.589996,124.589996,124.589996,124.589996,124.589996,0
2012-03-01,127.629997,127.629997,127.629997,127.629997,127.629997,0
2012-03-02,125.199997,125.199997,125.199997,125.199997,125.199997,0
2012-03-05,126.230003,126.230003,126.230003,126.230003,126.230003,0
2012-03-06,126.489998,126.489998,126.489998,126.489998,126.489998,0
2012-03-07,126.019997,126.019997,126.019997,126.019997,126.019997,0
2012-03-08,125.080002,125.080002,125.080002,125.080002,125.080002,0
2012-03-09,124.779999,124.779999,124.779999,124.779999,124.779999,0
2012-03-12,139.250000,139.250000,139.250000,139.250000,139.250000,0
2012-03-13,122.889999,122.889999,122.889999,122.889999,122.889999,0
2012-03-14,118.820000,118.820000,118.820000,118.820000,118.820000,0
2012-03-15,136.509995,136.509995,136.509995,136.509995,136.509995,0
2012-03-16,138.429993,138.429993,138.429993,138.429993,138.429993,0
2012-03-19,128.850006,128.850006,128.850006,128.850006,128.850006,0
2012-03-20,128.020004,128.020004,128.020004,128.020004,128.020004,0
2012-03-21,124.599998,124.599998,124.599998,124.599998,124.599998,0
2012-03-22,121.169998,121.169998,121.169998,121.169998,121.169998,0
2012-03-23,122.980003,122.980003,122.980003,122.980003,122.980003,0
2012-03-26,118.019997,118.019997,118.019997,118.019997,118.019997,0
2012-03-27,121.129997,121.129997,121.129997,121.129997,121.129997,0
2012-03-28,121.610001,121.610001,121.610001,121.610001,121.610001,0
2012-03-29,121.690002,121.690002,121.690002,121.690002,121.690002,0
2012-03-30,124.970001,124.970001,124.970001,124.970001,124.970001,0
2012-04-02,123.129997,123.129997,123.129997,123.129997,123.129997,0
2012-04-03,123.839996,123.839996,123.839996,123.839996,123.839996,0
2012-04-04,121.000000,121.000000,121.000000,121.000000,121.000000,0
2012-04-05,120.610001,120.610001,120.610001,120.610001,120.610001,0
2012-04-09,119.050003,119.050003,119.050003,119.050003,119.050003,0
2012-04-10,119.269997,119.269997,119.269997,119.269997,119.269997,0
2012-04-11,118.430000,118.430000,118.430000,118.430000,118.430000,0
2012-04-12,119.870003,119.870003,119.870003,119.870003,119.870003,0
2012-04-13,118.190002,118.190002,118.190002,118.190002,118.190002,0
2012-04-16,116.669998,116.669998,116.669998,116.669998,116.669998,0
2012-04-17,121.830002,121.830002,121.830002,121.830002,121.830002,0
2012-04-18,119.500000,119.500000,119.500000,119.500000,119.500000,0
2012-04-19,117.599998,117.599998,117.599998,117.599998,117.599998,0
2012-04-20,118.050003,118.050003,118.050003,118.050003,118.050003,0
2012-04-23,117.190002,117.190002,117.190002,117.190002,117.190002,0
2012-04-24,118.360001,118.360001,118.360001,118.360001,118.360001,0
2012-04-25,122.529999,122.529999,122.529999,122.529999,122.529999,0
2012-04-26,121.029999,121.029999,121.029999,121.029999,121.029999,0
2012-04-27,120.080002,120.080002,120.080002,120.080002,120.080002,0
2012-04-30,119.830002,119.830002,119.830002,119.830002,119.830002,0
2012-05-01,120.180000,120.180000,120.180000,120.180000,120.180000,0
2012-05-02,119.940002,119.940002,119.940002,119.940002,119.940002,0
2012-05-03,116.180000,116.180000,116.180000,116.180000,116.180000,0
2012-05-04,115.830002,115.830002,115.830002,115.830002,115.830002,0
2012-05-07,116.680000,116.680000,116.680000,116.680000,116.680000,0
2012-05-08,117.230003,117.230003,117.230003,117.230003,117.230003,0
2012-05-09,115.050003,115.050003,115.050003,115.050003,115.050003,0
2012-05-10,115.110001,115.110001,115.110001,115.110001,115.110001,0
2012-05-11,114.699997,114.699997,114.699997,114.699997,114.699997,0
2012-05-14,119.180000,119.180000,119.180000,119.180000,119.180000,0
2012-05-15,120.040001,120.040001,120.040001,120.040001,120.040001,0
2012-05-16,118.470001,118.470001,118.470001,118.470001,118.470001,0
2012-05-17,119.540001,119.540001,119.540001,119.540001,119.540001,0
2012-05-18,119.279999,119.279999,119.279999,119.279999,119.279999,0
2012-05-21,119.559998,119.559998,119.559998,119.559998,119.559998,0
2012-05-22,119.309998,119.309998,119.309998,119.309998,119.309998,0
2012-05-23,119.519997,119.519997,119.519997,119.519997,119.519997,0
2012-05-24,120.639999,120.639999,120.639999,120.639999,120.639999,0
2012-05-25,120.379997,120.379997,120.379997,120.379997,120.379997,0
2012-05-29,122.389999,122.389999,122.389999,122.389999,122.389999,0
2012-05-30,118.540001,118.540001,118.540001,118.540001,118.540001,0
2012-05-31,119.320000,119.320000,119.320000,119.320000,119.320000,0
2012-06-01,116.349998,116.349998,116.349998,116.349998,116.349998,0
2012-06-04,116.660004,116.660004,116.660004,116.660004,116.660004,0
2012-06-05,117.070000,117.070000,117.070000,117.070000,117.070000,0
2012-06-06,119.660004,119.660004,119.660004,119.660004,119.660004,0
2012-06-07,120.010002,120.010002,120.010002,120.010002,120.010002,0
2012-06-08,122.089996,122.089996,122.089996,122.089996,122.089996,0
2012-06-11,119.279999,119.279999,119.279999,119.279999,119.279999,0
2012-06-12,121.820000,121.820000,121.820000,121.820000,121.820000,0
2012-06-13,120.370003,120.370003,120.370003,120.370003,120.370003,0
2012-06-14,115.050003,115.050003,115.050003,115.050003,115.050003,0
2012-06-15,126.080002,126.080002,126.080002,126.080002,126.080002,0
2012-06-18,121.199997,121.199997,121.199997,121.199997,121.199997,0
2012-06-19,123.089996,123.089996,123.089996,123.089996,123.089996,0
2012-06-20,122.059998,122.059998,122.059998,122.059998,122.059998,0
2012-06-21,118.400002,118.400002,118.400002,118.400002,118.400002,0
2012-06-22,116.370003,116.370003,116.370003,116.370003,116.370003,0
2012-06-25,116.290001,116.290001,116.290001,116.290001,116.290001,0
2012-06-26,114.690002,114.690002,114.690002,114.690002,114.690002,0
2012-06-27,115.849998,115.849998,115.849998,115.849998,115.849998,0
2012-06-28,116.900002,116.900002,116.900002,116.900002,116.900002,0
2012-06-29,119.089996,119.089996,119.089996,119.089996,119.089996,0
2012-07-02,118.889999,118.889999,118.889999,118.889999,118.889999,0
2012-07-03,118.330002,118.330002,118.330002,118.330002,118.330002,0
2012-07-05,117.910004,117.910004,117.910004,117.910004,117.910004,0
2012-07-06,118.449997,118.449997,118.449997,118.449997,118.449997,0
2012-07-09,119.620003,119.620003,119.620003,119.620003,119.620003,0
2012-07-10,119.339996,119.339996,119.339996,119.339996,119.339996,0
2012-07-11,117.300003,117.300003,117.300003,117.300003,117.300003,0
2012-07-12,116.129997,116.129997,116.129997,116.129997,116.129997,0
2012-07-13,119.129997,119.129997,119.129997,119.129997,119.129997,0
2012-07-16,115.089996,115.089996,115.089996,115.089996,115.089996,0
2012-07-17,117.220001,117.220001,117.220001,117.220001,117.220001,0
2012-07-18,116.589996,116.589996,116.589996,116.589996,116.589996,0
2012-07-19,114.190002,114.190002,114.190002,114.190002,114.190002,0
2012-07-20,116.519997,116.519997,116.519997,116.519997,116.519997,0
2012-07-23,120.260002,120.260002,120.260002,120.260002,120.260002,0
2012-07-24,119.129997,119.129997,119.129997,119.129997,119.129997,0
2012-07-25,118.580002,118.580002,118.580002,118.580002,118.580002,0
2012-07-26,116.919998,116.919998,116.919998,116.919998,116.919998,0
2012-07-27,114.400002,114.400002,114.400002,114.400002,114.400002,0
2012-07-30,114.860001,114.860001,114.860001,114.860001,114.860001,0
2012-07-31,113.989998,113.989998,113.989998,113.989998,113.989998,0
2012-08-01,114.589996,114.589996,114.589996,114.589996,114.589996,0
2012-08-02,114.349998,114.349998,114.349998,114.349998,114.349998,0
2012-08-03,120.250000,120.250000,120.250000,120.250000,120.250000,0
2012-08-06,114.790001,114.790001,114.790001,114.790001,114.790001,0
2012-08-07,113.550003,113.550003,113.550003,113.550003,113.550003,0
2012-08-08,115.360001,115.360001,115.360001,115.360001,115.360001,0
2012-08-09,119.839996,119.839996,119.839996,119.839996,119.839996,0
2012-08-10,117.889999,117.889999,117.889999,117.889999,117.889999,0
2012-08-13,121.650002,121.650002,121.650002,121.650002,121.650002,0
2012-08-14,122.050003,122.050003,122.050003,122.050003,122.050003,0
2012-08-15,119.889999,119.889999,119.889999,119.889999,119.889999,0
2012-08-16,121.940002,121.940002,121.940002,121.940002,121.940002,0
2012-08-17,123.790001,123.790001,123.790001,123.790001,123.790001,0
2012-08-20,125.839996,125.839996,125.839996,125.839996,125.839996,0
2012-08-21,129.990005,129.990005,129.990005,129.990005,129.990005,0
2012-08-22,125.320000,125.320000,125.320000,125.320000,125.320000,0
2012-08-23,122.410004,122.410004,122.410004,122.410004,122.410004,0
2012-08-24,123.739998,123.739998,123.739998,123.739998,123.739998,0
2012-08-27,121.529999,121.529999,121.529999,121.529999,121.529999,0
2012-08-28,120.279999,120.279999,120.279999,120.279999,120.279999,0
2012-08-29,120.550003,120.550003,120.550003,120.550003,120.550003,0
2012-08-30,119.000000,119.000000,119.000000,119.000000,119.000000,0
2012-08-31,120.779999,120.779999,120.779999,120.779999,120.779999,0
2012-09-04,119.589996,119.589996,119.589996,119.589996,119.589996,0
2012-09-05,120.489998,120.489998,120.489998,120.489998,120.489998,0
2012-09-06,119.309998,119.309998,119.309998,119.309998,119.309998,0
2012-09-07,120.699997,120.699997,120.699997,120.699997,120.699997,0
2012-09-10,122.370003,122.370003,122.370003,122.370003,122.370003,0
2012-09-11,122.820000,122.820000,122.820000,122.820000,122.820000,0
2012-09-12,123.379997,123.379997,123.379997,123.379997,123.379997,0
2012-09-13,115.690002,115.690002,115.690002,115.690002,115.690002,0
2012-09-14,117.260002,117.260002,117.260002,117.260002,117.260002,0
2012-09-17,122.690002,122.690002,122.690002,122.690002,122.690002,0
2012-09-18,127.379997,127.379997,127.379997,127.379997,127.379997,0
2012-09-19,122.440002,122.440002,122.440002,122.440002,122.440002,0
2012-09-20,128.029999,128.029999,128.029999,128.029999,128.029999,0
2012-09-21,130.600006,130.600006,130.600006,130.600006,130.600006,0
2012-09-24,129.119995,129.119995,129.119995,129.119995,129.119995,0
2012-09-25,125.449997,125.449997,125.449997,125.449997,125.449997,0
2012-09-26,124.059998,124.059998,124.059998,124.059998,124.059998,0
2012-09-27,127.559998,127.559998,127.559998,127.559998,127.559998,0
2012-09-28,125.870003,125.870003,125.870003,125.870003,125.870003,0
2012-10-01,128.169998,128.169998,128.169998,128.169998,128.169998,0
2012-10-02,127.099998,127.099998,127.099998,127.099998,127.099998,0
2012-10-03,125.400002,125.400002,125.400002,125.400002,125.400002,0
2012-10-04,120.389999,120.389999,120.389999,120.389999,120.389999,0
2012-10-05,123.849998,123.849998,123.849998,123.849998,123.849998,0
2012-10-08,122.059998,122.059998,122.059998,122.059998,122.059998,0
2012-10-09,121.209999,121.209999,121.209999,121.209999,121.209999,0
2012-10-10,120.459999,120.459999,120.459999,120.459999,120.459999,0
2012-10-11,120.830002,120.830002,120.830002,120.830002,120.830002,0
2012-10-12,120.970001,120.970001,120.970001,120.970001,120.970001,0
2012-10-15,122.449997,122.449997,122.449997,122.449997,122.449997,0
2012-10-16,122.519997,122.519997,122.519997,122.519997,122.519997,0
2012-10-17,124.949997,124.949997,124.949997,124.949997,124.949997,0
2012-10-18,124.580002,124.580002,124.580002,124.580002,124.580002,0
2012-10-19,125.389999,125.389999,125.389999,125.389999,125.389999,0
2012-10-22,122.989998,122.989998,122.989998,122.989998,122.989998,0
2012-10-23,120.160004,120.160004,120.160004,120.160004,120.160004,0
2012-10-24,119.330002,119.330002,119.330002,119.330002,119.330002,0
2012-10-25,120.889999,120.889999,120.889999,120.889999,120.889999,0
2012-10-26,119.309998,119.309998,119.309998,119.309998,119.309998,0
2012-10-31,115.040001,115.040001,115.040001,115.040001,115.040001,0
2012-11-01,117.849998,117.849998,117.849998,117.849998,117.849998,0
2012-11-02,115.779999,115.779999,115.779999,115.779999,115.779999,0
2012-11-05,115.519997,115.519997,115.519997,115.519997,115.519997,0
2012-11-06,116.339996,116.339996,116.339996,116.339996,116.339996,0
2012-11-07,116.099998,116.099998,116.099998,116.099998,116.099998,0
2012-11-08,116.690002,116.690002,116.690002,116.690002,116.690002,0
2012-11-09,115.400002,115.400002,115.400002,115.400002,115.400002,0
2012-11-12,114.230003,114.230003,114.230003,114.230003,114.230003,0
2012-11-13,114.809998,114.809998,114.809998,114.809998,114.809998,0
2012-11-14,113.230003,113.230003,113.230003,113.230003,113.230003,0
2012-11-15,113.650002,113.650002,113.650002,113.650002,113.650002,0
2012-11-16,115.849998,115.849998,115.849998,115.849998,115.849998,0
2012-11-19,113.459999,113.459999,113.459999,113.459999,113.459999,0
2012-11-20,117.250000,117.250000,117.250000,117.250000,117.250000,0
2012-11-21,116.620003,116.620003,116.620003,116.620003,116.620003,0
2012-11-23,117.820000,117.820000,117.820000,117.820000,117.820000,0
2012-11-26,116.959999,116.959999,116.959999,116.959999,116.959999,0
2012-11-27,116.650002,116.650002,116.650002,116.650002,116.650002,0
2012-11-28,116.120003,116.120003,116.120003,116.120003,116.120003,0
2012-11-29,117.349998,117.349998,117.349998,117.349998,117.349998,0
2012-11-30,117.070000,117.070000,117.070000,117.070000,117.070000,0
2012-12-03,115.980003,115.980003,115.980003,115.980003,115.980003,0
2012-12-04,115.309998,115.309998,115.309998,115.309998,115.309998,0
2012-12-05,114.550003,114.550003,114.550003,114.550003,114.550003,0
2012-12-06,115.739998,115.739998,115.739998,115.739998,115.739998,0
2012-12-07,115.230003,115.230003,115.230003,115.230003,115.230003,0
2012-12-10,114.769997,114.769997,114.769997,114.769997,114.769997,0
2012-12-11,115.919998,115.919998,115.919998,115.919998,115.919998,0
2012-12-12,116.489998,116.489998,116.489998,116.489998,116.489998,0
2012-12-13,116.239998,116.239998,116.239998,116.239998,116.239998,0
2012-12-14,118.919998,118.919998,118.919998,118.919998,118.919998,0
2012-12-17,118.059998,118.059998,118.059998,118.059998,118.059998,0
2012-12-18,117.860001,117.860001,117.860001,117.860001,117.860001,0
2012-12-19,120.760002,120.760002,120.760002,120.760002,120.760002,0
2012-12-20,124.470001,124.470001,124.470001,124.470001,124.470001,0
2012-12-21,127.080002,127.080002,127.080002,127.080002,127.080002,0
2012-12-24,124.470001,124.470001,124.470001,124.470001,124.470001,0
2012-12-26,122.180000,122.180000,122.180000,122.180000,122.180000,0
2012-12-27,119.599998,119.599998,119.599998,119.599998,119.599998,0
2012-12-28,118.379997,118.379997,118.379997,118.379997,118.379997,0
2012-12-31,121.269997,121.269997,121.269997,121.269997,121.269997,0
2013-01-02,121.769997,121.769997,121.769997,121.769997,121.769997,0
2013-01-03,117.930000,117.930000,117.930000,117.930000,117.930000,0
2013-01-04,115.529999,115.529999,115.529999,115.529999,115.529999,0
2013-01-07,116.779999,116.779999,116.779999,116.779999,116.779999,0
2013-01-08,118.150002,118.150002,118.150002,118.150002,118.150002,0
2013-01-09,117.889999,117.889999,117.889999,117.889999,117.889999,0
2013-01-10,118.529999,118.529999,118.529999,118.529999,118.529999,0
2013-01-11,119.139999,119.139999,119.139999,119.139999,119.139999,0
2013-01-14,117.190002,117.190002,117.190002,117.190002,117.190002,0
2013-01-15,120.900002,120.900002,120.900002,120.900002,120.900002,0
2013-01-16,120.129997,120.129997,120.129997,120.129997,120.129997,0
2013-01-17,120.529999,120.529999,120.529999,120.529999,120.529999,0
2013-01-18,124.790001,124.790001,124.790001,124.790001,124.790001,0
2013-01-22,126.730003,126.730003,126.730003,126.730003,126.730003,0
2013-01-23,126.580002,126.580002,126.580002,126.580002,126.580002,0
2013-01-24,125.470001,125.470001,125.470001,125.470001,125.470001,0
2013-01-25,124.709999,124.709999,124.709999,124.709999,124.709999,0
2013-01-28,122.949997,122.949997,122.949997,122.949997,122.949997,0
2013-01-29,123.949997,123.949997,123.949997,123.949997,123.949997,0
2013-01-30,121.919998,121.919998,121.919998,121.919998,121.919998,0
2013-01-31,121.639999,121.639999,121.639999,121.639999,121.639999,0
2013-02-01,122.550003,122.550003,122.550003,122.550003,122.550003,0
2013-02-04,122.599998,122.599998,122.599998,122.599998,122.599998,0
2013-02-05,123.220001,123.220001,123.220001,123.220001,123.220001,0
2013-02-06,122.449997,122.449997,122.449997,122.449997,122.449997,0
2013-02-07,125.349998,125.349998,125.349998,125.349998,125.349998,0
2013-02-08,125.669998,125.669998,125.669998,125.669998,125.669998,0
2013-02-11,125.529999,125.529999,125.529999,125.529999,125.529999,0
2013-02-12,126.120003,126.120003,126.120003,126.120003,126.120003,0
2013-02-13,126.680000,126.680000,126.680000,126.680000,126.680000,0
2013-02-14,127.190002,127.190002,127.190002,127.190002,127.190002,0
2013-02-15,130.460007,130.460007,130.460007,130.460007,130.460007,0
2013-02-19,130.149994,130.149994,130.149994,130.149994,130.149994,0
2013-02-20,124.470001,124.470001,124.470001,124.470001,124.470001,0
2013-02-21,122.580002,122.580002,122.580002,122.580002,122.580002,0
2013-02-22,125.370003,125.370003,125.370003,125.370003,125.370003,0
2013-02-25,121.500000,121.500000,121.500000,121.500000,121.500000,0
2013-02-26,122.919998,122.919998,122.919998,122.919998,122.919998,0
2013-02-27,124.959999,124.959999,124.959999,124.959999,124.959999,0
2013-02-28,126.860001,126.860001,126.860001,126.860001,126.860001,0
2013-03-01,128.190002,128.190002,128.190002,128.190002,128.190002,0
2013-03-04,128.649994,128.649994,128.649994,128.649994,128.649994,0
2013-03-05,128.649994,128.649994,128.649994,128.649994,128.649994,0
2013-03-06,126.620003,126.620003,126.620003,126.620003,126.620003,0
2013-03-07,125.279999,125.279999,125.279999,125.279999,125.279999,0
2013-03-08,124.459999,124.459999,124.459999,124.459999,124.459999,0
2013-03-11,125.209999,125.209999,125.209999,125.209999,125.209999,0
2013-03-12,128.660004,128.660004,128.660004,128.660004,128.660004,0
2013-03-13,127.129997,127.129997,127.129997,127.129997,127.129997,0
2013-03-14,128.960007,128.960007,128.960007,128.960007,128.960007,0
2013-03-15,129.119995,129.119995,129.119995,129.119995,129.119995,0
2013-03-18,126.169998,126.169998,126.169998,126.169998,126.169998,0
2013-03-19,127.080002,127.080002,127.080002,127.080002,127.080002,0
2013-03-20,123.730003,123.730003,123.730003,123.730003,123.730003,0
2013-03-21,121.690002,121.690002,121.690002,121.690002,121.690002,0
2013-03-22,122.180000,122.180000,122.180000,122.180000,122.180000,0
2013-03-25,122.029999,122.029999,122.029999,122.029999,122.029999,0
2013-03-26,122.470001,122.470001,122.470001,122.470001,122.470001,0
2013-03-27,121.989998,121.989998,121.989998,121.989998,121.989998,0
2013-03-28,122.930000,122.930000,122.930000,122.930000,122.930000,0
2013-04-01,121.209999,121.209999,121.209999,121.209999,121.209999,0
2013-04-02,122.839996,122.839996,122.839996,122.839996,122.839996,0
2013-04-03,120.919998,120.919998,120.919998,120.919998,120.919998,0
2013-04-04,120.790001,120.790001,120.790001,120.790001,120.790001,0
2013-04-05,118.339996,118.339996,118.339996,118.339996,118.339996,0
2013-04-08,119.209999,119.209999,119.209999,119.209999,119.209999,0
2013-04-09,118.629997,118.629997,118.629997,118.629997,118.629997,0
2013-04-10,118.339996,118.339996,118.339996,118.339996,118.339996,0
2013-04-11,117.239998,117.239998,117.239998,117.239998,117.239998,0
2013-04-12,117.839996,117.839996,117.839996,117.839996,117.839996,0
2013-04-15,119.919998,119.919998,119.919998,119.919998,119.919998,0
2013-04-16,124.099998,124.099998,124.099998,124.099998,124.099998,0
2013-04-17,120.699997,120.699997,120.699997,120.699997,120.699997,0
2013-04-18,121.279999,121.279999,121.279999,121.279999,121.279999,0
2013-04-19,122.610001,122.610001,122.610001,122.610001,122.610001,0
2013-04-22,120.519997,120.519997,120.519997,120.519997,120.519997,0
2013-04-23,121.559998,121.559998,121.559998,121.559998,121.559998,0
2013-04-24,119.839996,119.839996,119.839996,119.839996,119.839996,0
2013-04-25,119.830002,119.830002,119.830002,119.830002,119.830002,0
2013-04-26,118.860001,118.860001,118.860001,118.860001,118.860001,0
2013-04-29,118.849998,118.849998,118.849998,118.849998,118.849998,0
2013-04-30,119.050003,119.050003,119.050003,119.050003,119.050003,0
2013-05-01,118.050003,118.050003,118.050003,118.050003,118.050003,0
2013-05-02,117.949997,117.949997,117.949997,117.949997,117.949997,0
2013-05-03,118.180000,118.180000,118.180000,118.180000,118.180000,0
2013-05-06,116.930000,116.930000,116.930000,116.930000,116.930000,0
2013-05-07,119.760002,119.760002,119.760002,119.760002,119.760002,0
2013-05-08,117.349998,117.349998,117.349998,117.349998,117.349998,0
2013-05-09,119.080002,119.080002,119.080002,119.080002,119.080002,0
2013-05-10,117.970001,117.970001,117.970001,117.970001,117.970001,0
2013-05-13,119.160004,119.160004,119.160004,119.160004,119.160004,0
2013-05-14,116.160004,116.160004,116.160004,116.160004,116.160004,0
2013-05-15,119.410004,119.410004,119.410004,119.410004,119.410004,0
2013-05-16,121.220001,121.220001,121.220001,121.220001,121.220001,0
2013-05-17,127.849998,127.849998,127.849998,127.849998,127.849998,0
2013-05-20,117.669998,117.669998,117.669998,117.669998,117.669998,0
2013-05-21,117.080002,117.080002,117.080002,117.080002,117.080002,0
2013-05-22,117.160004,117.160004,117.160004,117.160004,117.160004,0
2013-05-23,116.919998,116.919998,116.919998,116.919998,116.919998,0
2013-05-24,118.169998,118.169998,118.169998,118.169998,118.169998,0
2013-05-28,112.470001,112.470001,112.470001,112.470001,112.470001,0
2013-05-29,116.199997,116.199997,116.199997,116.199997,116.199997,0
2013-05-30,117.750000,117.750000,117.750000,117.750000,117.750000,0
2013-05-31,119.510002,119.510002,119.510002,119.510002,119.510002,0
2013-06-03,119.160004,119.160004,119.160004,119.160004,119.160004,0
2013-06-04,116.870003,116.870003,116.870003,116.870003,116.870003,0
2013-06-05,116.570000,116.570000,116.570000,116.570000,116.570000,0
2013-06-07,116.199997,116.199997,116.199997,116.199997,116.199997,0
2013-06-10,116.199997,116.199997,116.199997,116.199997,116.199997,0
2013-06-11,116.980003,116.980003,116.980003,116.980003,116.980003,0
2013-06-12,115.559998,115.559998,115.559998,115.559998,115.559998,0
2013-06-13,117.279999,117.279999,117.279999,117.279999,117.279999,0
2013-06-14,116.290001,116.290001,116.290001,116.290001,116.290001,0
2013-06-17,116.739998,116.739998,116.739998,116.739998,116.739998,0
2013-06-18,118.699997,118.699997,118.699997,118.699997,118.699997,0
2013-06-19,117.839996,117.839996,117.839996,117.839996,117.839996,0
2013-06-20,117.519997,117.519997,117.519997,117.519997,117.519997,0
2013-06-21,117.360001,117.360001,117.360001,117.360001,117.360001,0
2013-06-24,116.080002,116.080002,116.080002,116.080002,116.080002,0
2013-06-25,115.230003,115.230003,115.230003,115.230003,115.230003,0
2013-06-26,115.809998,115.809998,115.809998,115.809998,115.809998,0
2013-06-27,116.010002,116.010002,116.010002,116.010002,116.010002,0
2013-06-28,116.529999,116.529999,116.529999,116.529999,116.529999,0
2013-07-01,114.849998,114.849998,114.849998,114.849998,114.849998,0
2013-07-02,115.220001,115.220001,115.220001,115.220001,115.220001,0
2013-07-03,113.129997,113.129997,113.129997,113.129997,113.129997,0
2013-07-05,117.120003,117.120003,117.120003,117.120003,117.120003,0
2013-07-08,117.129997,117.129997,117.129997,117.129997,117.129997,0
2013-07-09,115.190002,115.190002,115.190002,115.190002,115.190002,0
2013-07-10,117.080002,117.080002,117.080002,117.080002,117.080002,0
2013-07-15,114.419998,114.419998,114.419998,114.419998,114.419998,0
2013-07-16,115.260002,115.260002,115.260002,115.260002,115.260002,0
2013-07-17,115.269997,115.269997,115.269997,115.269997,115.269997,0
2013-07-18,115.580002,115.580002,115.580002,115.580002,115.580002,0
2013-07-19,113.070000,113.070000,113.070000,113.070000,113.070000,0
2013-07-22,112.900002,112.900002,112.900002,112.900002,112.900002,0
2013-07-23,113.139999,113.139999,113.139999,113.139999,113.139999,0
2013-07-24,118.720001,118.720001,118.720001,118.720001,118.720001,0
2013-07-25,117.849998,117.849998,117.849998,117.849998,117.849998,0
2013-07-26,118.230003,118.230003,118.230003,118.230003,118.230003,0
2013-07-29,118.930000,118.930000,118.930000,118.930000,118.930000,0
2013-07-30,119.389999,119.389999,119.389999,119.389999,119.389999,0
2013-07-31,117.849998,117.849998,117.849998,117.849998,117.849998,0
2013-08-01,115.059998,115.059998,115.059998,115.059998,115.059998,0
2013-08-02,116.889999,116.889999,116.889999,116.889999,116.889999,0
2013-08-05,116.529999,116.529999,116.529999,116.529999,116.529999,0
2013-08-06,119.089996,119.089996,119.089996,119.089996,119.089996,0
2013-08-07,118.309998,118.309998,118.309998,118.309998,118.309998,0
2013-08-08,118.470001,118.470001,118.470001,118.470001,118.470001,0
2013-08-09,122.300003,122.300003,122.300003,122.300003,122.300003,0
2013-08-12,115.440002,115.440002,115.440002,115.440002,115.440002,0
2013-08-13,115.809998,115.809998,115.809998,115.809998,115.809998,0
2013-08-14,119.330002,119.330002,119.330002,119.330002,119.330002,0
2013-08-15,115.820000,115.820000,115.820000,115.820000,115.820000,0
2013-08-16,117.209999,117.209999,117.209999,117.209999,117.209999,0
2013-08-19,118.150002,118.150002,118.150002,118.150002,118.150002,0
2013-08-20,118.070000,118.070000,118.070000,118.070000,118.070000,0
2013-08-21,117.169998,117.169998,117.169998,117.169998,117.169998,0
2013-08-22,119.209999,119.209999,119.209999,119.209999,119.209999,0
2013-08-23,120.129997,120.129997,120.129997,120.129997,120.129997,0
2013-08-26,118.690002,118.690002,118.690002,118.690002,118.690002,0
2013-08-27,118.070000,118.070000,118.070000,118.070000,118.070000,0
2013-08-28,117.510002,117.510002,117.510002,117.510002,117.510002,0
2013-08-29,117.209999,117.209999,117.209999,117.209999,117.209999,0
2013-08-30,117.480003,117.480003,117.480003,117.480003,117.480003,0
2013-09-03,116.720001,116.720001,116.720001,116.720001,116.720001,0
2013-09-04,116.970001,116.970001,116.970001,116.970001,116.970001,0
2013-09-05,117.370003,117.370003,117.370003,117.370003,117.370003,0
2013-09-06,118.669998,118.669998,118.669998,118.669998,118.669998,0
2013-09-09,119.000000,119.000000,119.000000,119.000000,119.000000,0
2013-09-10,119.940002,119.940002,119.940002,119.940002,119.940002,0
2013-09-11,120.680000,120.680000,120.680000,120.680000,120.680000,0
2013-09-13,120.120003,120.120003,120.120003,120.120003,120.120003,0
2013-09-16,118.839996,118.839996,118.839996,118.839996,118.839996,0
2013-09-17,121.589996,121.589996,121.589996,121.589996,121.589996,0
2013-09-18,114.220001,114.220001,114.220001,114.220001,114.220001,0
2013-09-19,115.690002,115.690002,115.690002,115.690002,115.690002,0
2013-09-20,115.870003,115.870003,115.870003,115.870003,115.870003,0
2013-09-23,119.080002,119.080002,119.080002,119.080002,119.080002,0
2013-09-24,119.309998,119.309998,119.309998,119.309998,119.309998,0
2013-09-25,117.449997,117.449997,117.449997,117.449997,117.449997,0
2013-09-26,122.029999,122.029999,122.029999,122.029999,122.029999,0
2013-09-27,124.480003,124.480003,124.480003,124.480003,124.480003,0
2013-09-30,123.459999,123.459999,123.459999,123.459999,123.459999,0
2013-10-01,123.739998,123.739998,123.739998,123.739998,123.739998,0
2013-10-02,123.519997,123.519997,123.519997,123.519997,123.519997,0
2013-10-03,122.309998,122.309998,122.309998,122.309998,122.309998,0
2013-10-04,123.980003,123.980003,123.980003,123.980003,123.980003,0
2013-10-07,123.230003,123.230003,123.230003,123.230003,123.230003,0
2013-10-08,120.720001,120.720001,120.720001,120.720001,120.720001,0
2013-10-09,122.620003,122.620003,122.620003,122.620003,122.620003,0
2013-10-10,120.250000,120.250000,120.250000,120.250000,120.250000,0
2013-10-11,130.970001,130.970001,130.970001,130.970001,130.970001,0
2013-10-14,129.139999,129.139999,129.139999,129.139999,129.139999,0
2013-10-15,131.009995,131.009995,131.009995,131.009995,131.009995,0
2013-10-16,125.239998,125.239998,125.239998,125.239998,125.239998,0
2013-10-17,126.680000,126.680000,126.680000,126.680000,126.680000,0
2013-10-18,131.350006,131.350006,131.350006,131.350006,131.350006,0
2013-10-21,130.669998,130.669998,130.669998,130.669998,130.669998,0
2013-10-22,129.169998,129.169998,129.169998,129.169998,129.169998,0
2013-10-23,134.470001,134.470001,134.470001,134.470001,134.470001,0
2013-10-24,135.419998,135.419998,135.419998,135.419998,135.419998,0
2013-10-25,135.059998,135.059998,135.059998,135.059998,135.059998,0
2013-10-28,127.580002,127.580002,127.580002,127.580002,127.580002,0
2013-10-29,127.580002,127.580002,127.580002,127.580002,127.580002,0
2013-10-30,127.949997,127.949997,127.949997,127.949997,127.949997,0
2013-10-31,132.330002,132.330002,132.330002,132.330002,132.330002,0
2013-11-01,129.839996,129.839996,129.839996,129.839996,129.839996,0
2013-11-04,125.570000,125.570000,125.570000,125.570000,125.570000,0
2013-11-05,122.980003,122.980003,122.980003,122.980003,122.980003,0
2013-11-06,118.690002,118.690002,118.690002,118.690002,118.690002,0
2013-11-07,123.830002,123.830002,123.830002,123.830002,123.830002,0
2013-11-08,126.370003,126.370003,126.370003,126.370003,126.370003,0
2013-11-11,125.550003,125.550003,125.550003,125.550003,125.550003,0
2013-11-12,129.660004,129.660004,129.660004,129.660004,129.660004,0
2013-11-13,131.009995,131.009995,131.009995,131.009995,131.009995,0
2013-11-14,133.029999,133.029999,133.029999,133.029999,133.029999,0
2013-11-15,133.460007,133.460007,133.460007,133.460007,133.460007,0
2013-11-18,137.059998,137.059998,137.059998,137.059998,137.059998,0
2013-11-19,133.619995,133.619995,133.619995,133.619995,133.619995,0
2013-11-20,133.250000,133.250000,133.250000,133.250000,133.250000,0
2013-11-21,124.629997,124.629997,124.629997,124.629997,124.629997,0
2013-11-22,133.759995,133.759995,133.759995,133.759995,133.759995,0
2013-11-25,134.229996,134.229996,134.229996,134.229996,134.229996,0
2013-11-26,133.639999,133.639999,133.639999,133.639999,133.639999,0
2013-11-27,133.820007,133.820007,133.820007,133.820007,133.820007,0
2013-11-29,130.820007,130.820007,130.820007,130.820007,130.820007,0
2013-12-02,131.639999,131.639999,131.639999,131.639999,131.639999,0
2013-12-03,132.380005,132.380005,132.380005,132.380005,132.380005,0
2013-12-04,131.630005,131.630005,131.630005,131.630005,131.630005,0
2013-12-05,128.009995,128.009995,128.009995,128.009995,128.009995,0
2013-12-06,128.009995,128.009995,128.009995,128.009995,128.009995,0
2013-12-09,126.089996,126.089996,126.089996,126.089996,126.089996,0
2013-12-10,126.680000,126.680000,126.680000,126.680000,126.680000,0
2013-12-11,126.739998,126.739998,126.739998,126.739998,126.739998,0
2013-12-12,125.089996,125.089996,125.089996,125.089996,125.089996,0
2013-12-13,126.220001,126.220001,126.220001,126.220001,126.220001,0
2013-12-17,128.750000,128.750000,128.750000,128.750000,128.750000,0
2013-12-18,135.580002,135.580002,135.580002,135.580002,135.580002,0
2013-12-19,137.860001,137.860001,137.860001,137.860001,137.860001,0
2013-12-20,143.199997,143.199997,143.199997,143.199997,143.199997,0
2013-12-23,138.110001,138.110001,138.110001,138.110001,138.110001,0
2013-12-24,137.880005,137.880005,137.880005,137.880005,137.880005,0
2013-12-26,136.649994,136.649994,136.649994,136.649994,136.649994,0
2013-12-27,136.720001,136.720001,136.720001,136.720001,136.720001,0
2013-12-30,134.360001,134.360001,134.360001,134.360001,134.360001,0
2013-12-31,133.630005,133.630005,133.630005,133.630005,133.630005,0
2014-01-02,133.729996,133.729996,133.729996,133.729996,133.729996,0
2014-01-03,134.460007,134.460007,134.460007,134.460007,134.460007,0
2014-01-06,131.990005,131.990005,131.990005,131.990005,131.990005,0
2014-01-07,129.100006,129.100006,129.100006,129.100006,129.100006,0
2014-01-08,129.460007,129.460007,129.460007,129.460007,129.460007,0
2014-01-09,130.869995,130.869995,130.869995,130.869995,130.869995,0
2014-01-10,126.150002,126.150002,126.150002,126.150002,126.150002,0
2014-01-13,130.589996,130.589996,130.589996,130.589996,130.589996,0
2014-01-14,133.440002,133.440002,133.440002,133.440002,133.440002,0
2014-01-15,132.690002,132.690002,132.690002,132.690002,132.690002,0
2014-01-16,136.350006,136.350006,136.350006,136.350006,136.350006,0
2014-01-17,139.619995,139.619995,139.619995,139.619995,139.619995,0
2014-01-21,138.770004,138.770004,138.770004,138.770004,138.770004,0
2014-01-22,138.919998,138.919998,138.919998,138.919998,138.919998,0
2014-01-23,135.710007,135.710007,135.710007,135.710007,135.710007,0
2014-01-24,131.610001,131.610001,131.610001,131.610001,131.610001,0
2014-01-27,128.729996,128.729996,128.729996,128.729996,128.729996,0
2014-01-28,128.300003,128.300003,128.300003,128.300003,128.300003,0
2014-01-29,126.709999,126.709999,126.709999,126.709999,126.709999,0
2014-01-30,127.910004,127.910004,127.910004,127.910004,127.910004,0
2014-01-31,128.369995,128.369995,128.369995,128.369995,128.369995,0
2014-02-03,126.169998,126.169998,126.169998,126.169998,126.169998,0
2014-02-04,127.260002,127.260002,127.260002,127.260002,127.260002,0
2014-02-05,127.790001,127.790001,127.790001,127.790001,127.790001,0
2014-02-06,124.680000,124.680000,124.680000,124.680000,124.680000,0
2014-02-07,129.009995,129.009995,129.009995,129.009995,129.009995,0
2014-02-10,126.260002,126.260002,126.260002,126.260002,126.260002,0
2014-02-11,126.699997,126.699997,126.699997,126.699997,126.699997,0
2014-02-12,127.839996,127.839996,127.839996,127.839996,127.839996,0
2014-02-13,128.570007,128.570007,128.570007,128.570007,128.570007,0
2014-02-14,129.250000,129.250000,129.250000,129.250000,129.250000,0
2014-02-18,124.250000,124.250000,124.250000,124.250000,124.250000,0
2014-02-19,129.119995,129.119995,129.119995,129.119995,129.119995,0
2014-02-20,134.369995,134.369995,134.369995,134.369995,134.369995,0
2014-02-21,138.789993,138.789993,138.789993,138.789993,138.789993,0
2014-02-24,134.470001,134.470001,134.470001,134.470001,134.470001,0
2014-02-25,121.919998,121.919998,121.919998,121.919998,121.919998,0
2014-02-26,132.220001,132.220001,132.220001,132.220001,132.220001,0
2014-02-27,137.240005,137.240005,137.240005,137.240005,137.240005,0
2014-02-28,137.169998,137.169998,137.169998,137.169998,137.169998,0
2014-03-03,129.119995,129.119995,129.119995,129.119995,129.119995,0
2014-03-04,131.649994,131.649994,131.649994,131.649994,131.649994,0
2014-03-05,126.620003,126.620003,126.620003,126.620003,126.620003,0
2014-03-06,133.460007,133.460007,133.460007,133.460007,133.460007,0
2014-03-07,130.490005,130.490005,130.490005,130.490005,130.490005,0
2014-03-10,131.350006,131.350006,131.350006,131.350006,131.350006,0
2014-03-11,130.080002,130.080002,130.080002,130.080002,130.080002,0
2014-03-12,132.330002,132.330002,132.330002,132.330002,132.330002,0
2014-03-13,127.660004,127.660004,127.660004,127.660004,127.660004,0
2014-03-14,112.660004,112.660004,112.660004,112.660004,112.660004,0
2014-03-17,143.270004,143.270004,143.270004,143.270004,143.270004,0
2014-03-18,129.369995,129.369995,129.369995,129.369995,129.369995,0
2014-03-19,129.369995,129.369995,129.369995,129.369995,129.369995,0
2014-03-20,134.020004,134.020004,134.020004,134.020004,134.020004,0
2014-03-21,132.820007,132.820007,132.820007,132.820007,132.820007,0
2014-03-24,132.699997,132.699997,132.699997,132.699997,132.699997,0
2014-03-25,121.809998,121.809998,121.809998,121.809998,121.809998,0
2014-03-26,119.050003,119.050003,119.050003,119.050003,119.050003,0
2014-03-27,117.959999,117.959999,117.959999,117.959999,117.959999,0
2014-03-28,124.980003,124.980003,124.980003,124.980003,124.980003,0
2014-03-31,123.250000,123.250000,123.250000,123.250000,123.250000,0
2014-04-01,128.080002,128.080002,128.080002,128.080002,128.080002,0
2014-04-02,127.300003,127.300003,127.300003,127.300003,127.300003,0
2014-04-03,128.130005,128.130005,128.130005,128.130005,128.130005,0
2014-04-04,126.610001,126.610001,126.610001,126.610001,126.610001,0
2014-04-07,123.919998,123.919998,123.919998,123.919998,123.919998,0
2014-04-08,124.339996,124.339996,124.339996,124.339996,124.339996,0
2014-04-09,130.789993,130.789993,130.789993,130.789993,130.789993,0
2014-04-10,125.110001,125.110001,125.110001,125.110001,125.110001,0
2014-04-11,122.589996,122.589996,122.589996,122.589996,122.589996,0
2014-04-14,122.589996,122.589996,122.589996,122.589996,122.589996,0
2014-04-15,129.240005,129.240005,129.240005,129.240005,129.240005,0
2014-04-16,125.430000,125.430000,125.430000,125.430000,125.430000,0
2014-04-17,127.930000,127.930000,127.930000,127.930000,127.930000,0
2014-04-21,119.110001,119.110001,119.110001,119.110001,119.110001,0
2014-04-22,126.510002,126.510002,126.510002,126.510002,126.510002,0
2014-04-23,126.110001,126.110001,126.110001,126.110001,126.110001,0
2014-04-24,126.110001,126.110001,126.110001,126.110001,126.110001,0
2014-04-25,121.949997,121.949997,121.949997,121.949997,121.949997,0
2014-04-28,123.690002,123.690002,123.690002,123.690002,123.690002,0
2014-04-29,123.440002,123.440002,123.440002,123.440002,123.440002,0
2014-04-30,124.529999,124.529999,124.529999,124.529999,124.529999,0
2014-05-01,124.900002,124.900002,124.900002,124.900002,124.900002,0
2014-05-02,124.129997,124.129997,124.129997,124.129997,124.129997,0
2014-05-05,123.559998,123.559998,123.559998,123.559998,123.559998,0
2014-05-06,121.180000,121.180000,121.180000,121.180000,121.180000,0
2014-05-07,123.269997,123.269997,123.269997,123.269997,123.269997,0
2014-05-08,123.930000,123.930000,123.930000,123.930000,123.930000,0
2014-05-09,125.599998,125.599998,125.599998,125.599998,125.599998,0
2014-05-12,125.279999,125.279999,125.279999,125.279999,125.279999,0
2014-05-13,124.300003,124.300003,124.300003,124.300003,124.300003,0
2014-05-14,122.750000,122.750000,122.750000,122.750000,122.750000,0
2014-05-15,123.599998,123.599998,123.599998,123.599998,123.599998,0
2014-05-16,127.230003,127.230003,127.230003,127.230003,127.230003,0
2014-05-19,128.179993,128.179993,128.179993,128.179993,128.179993,0
2014-05-20,127.470001,127.470001,127.470001,127.470001,127.470001,0
2014-05-21,123.889999,123.889999,123.889999,123.889999,123.889999,0
2014-05-22,123.680000,123.680000,123.680000,123.680000,123.680000,0
2014-05-23,125.129997,125.129997,125.129997,125.129997,125.129997,0
2014-05-27,123.639999,123.639999,123.639999,123.639999,123.639999,0
2014-05-28,124.180000,124.180000,124.180000,124.180000,124.180000,0
2014-05-29,125.809998,125.809998,125.809998,125.809998,125.809998,0
2014-05-30,124.360001,124.360001,124.230003,124.230003,124.230003,0
2014-06-02,123.330002,123.330002,123.330002,123.330002,123.330002,0
2014-06-03,121.790001,121.790001,121.790001,121.790001,121.790001,0
2014-06-04,121.480003,121.480003,121.480003,121.480003,121.480003,0
2014-06-05,122.209999,122.209999,122.209999,122.209999,122.209999,0
2014-06-06,122.879997,122.879997,122.879997,122.879997,122.879997,0
2014-06-09,124.669998,124.669998,124.669998,124.669998,124.669998,0
2014-06-10,125.379997,125.379997,125.379997,125.379997,125.379997,0
2014-06-11,126.709999,126.709999,126.709999,126.709999,126.709999,0
2014-06-12,127.820000,127.820000,127.820000,127.820000,127.820000,0
2014-06-13,127.779999,127.779999,127.779999,127.779999,127.779999,0
2014-06-16,127.669998,127.669998,127.669998,127.669998,127.669998,0
2014-06-17,130.179993,130.179993,130.179993,130.179993,130.179993,0
2014-06-18,129.529999,129.529999,129.529999,129.529999,129.529999,0
2014-06-19,138.610001,138.610001,138.610001,138.610001,138.610001,0
2014-06-20,143.259995,143.259995,143.259995,143.259995,143.259995,0
2014-06-23,139.410004,139.410004,139.410004,139.410004,139.410004,0
2014-06-24,134.649994,134.649994,134.649994,134.649994,134.649994,0
2014-06-25,131.820007,131.820007,131.820007,131.820007,131.820007,0
2014-06-26,132.809998,132.809998,132.809998,132.809998,132.809998,0
2014-06-27,135.360001,135.360001,135.360001,135.360001,135.360001,0
2014-06-30,139.350006,139.350006,139.350006,139.350006,139.350006,0
2014-07-01,139.360001,139.360001,139.360001,139.360001,139.360001,0
2014-07-02,140.369995,140.369995,140.369995,140.369995,140.369995,0
2014-07-03,142.279999,142.279999,142.279999,142.279999,142.279999,0
2014-07-07,137.759995,137.759995,137.759995,137.759995,137.759995,0
2014-07-08,134.199997,134.199997,134.199997,134.199997,134.199997,0
2014-07-09,135.800003,135.800003,135.800003,135.800003,135.800003,0
2014-07-10,134.429993,134.429993,134.429993,134.429993,134.429993,0
2014-07-11,138.740005,138.740005,138.740005,138.740005,138.740005,0
2014-07-14,139.940002,139.940002,139.940002,139.940002,139.940002,0
2014-07-15,136.919998,136.919998,136.919998,136.919998,136.919998,0
2014-07-16,134.860001,134.860001,134.860001,134.860001,134.860001,0
2014-07-17,131.649994,131.649994,131.649994,131.649994,131.649994,0
2014-07-18,141.190002,141.190002,141.190002,141.190002,141.190002,0
2014-07-21,138.750000,138.750000,138.750000,138.750000,138.750000,0
2014-07-22,136.369995,136.369995,136.369995,136.369995,136.369995,0
2014-07-23,132.550003,132.550003,132.550003,132.550003,132.550003,0
2014-07-24,133.800003,133.800003,133.800003,133.800003,133.800003,0
2014-07-25,135.259995,135.259995,135.259995,135.259995,135.259995,0
2014-07-28,135.020004,135.020004,135.020004,135.020004,135.020004,0
2014-07-29,132.350006,132.350006,132.350006,132.350006,132.350006,0
2014-07-30,130.539993,130.539993,130.539993,130.539993,130.539993,0
2014-07-31,128.710007,128.710007,128.710007,128.710007,128.710007,0
2014-08-01,128.929993,128.929993,128.929993,128.929993,128.929993,0
2014-08-04,126.860001,126.860001,126.860001,126.860001,126.860001,0
2014-08-05,126.860001,126.860001,126.860001,126.860001,126.860001,0
2014-08-06,124.410004,124.410004,124.410004,124.410004,124.410004,0
2014-08-07,124.680000,124.680000,124.680000,124.680000,124.680000,0
2014-08-08,120.360001,120.360001,120.360001,120.360001,120.360001,0
2014-08-11,124.239998,124.239998,124.239998,124.239998,124.239998,0
2014-08-12,123.690002,123.690002,123.690002,123.690002,123.690002,0
2014-08-13,126.930000,126.930000,126.930000,126.930000,126.930000,0
2014-08-14,132.460007,132.460007,132.460007,132.460007,132.460007,0
2014-08-15,135.429993,135.429993,135.429993,135.429993,135.429993,0
2014-08-18,138.460007,138.460007,138.460007,138.460007,138.460007,0
2014-08-19,138.690002,138.690002,138.690002,138.690002,138.690002,0
2014-08-20,135.460007,135.460007,135.460007,135.460007,135.460007,0
2014-08-21,135.750000,135.750000,135.750000,135.750000,135.750000,0
2014-08-22,135.100006,135.100006,135.100006,135.100006,135.100006,0
2014-08-25,135.419998,135.419998,135.419998,135.419998,135.419998,0
2014-08-26,133.539993,133.539993,133.539993,133.539993,133.539993,0
2014-08-27,135.410004,135.410004,135.410004,135.410004,135.410004,0
2014-08-28,137.949997,137.949997,137.949997,137.949997,137.949997,0
2014-08-29,127.010002,127.010002,127.010002,127.010002,127.010002,0
2014-09-02,131.720001,131.720001,131.720001,131.720001,131.720001,0
2014-09-03,131.550003,131.550003,131.550003,131.550003,131.550003,0
2014-09-04,130.149994,130.149994,130.149994,130.149994,130.149994,0
2014-09-05,137.490005,137.490005,137.490005,137.490005,137.490005,0
2014-09-08,132.910004,132.910004,132.910004,132.910004,132.910004,0
2014-09-09,136.880005,136.880005,136.880005,136.880005,136.880005,0
2014-09-10,130.529999,130.529999,130.529999,130.529999,130.529999,0
2014-09-11,132.720001,132.720001,132.720001,132.720001,132.720001,0
2014-09-12,127.370003,127.370003,127.370003,127.370003,127.370003,0
2014-09-15,127.089996,127.089996,127.089996,127.089996,127.089996,0
2014-09-16,126.809998,126.809998,126.809998,126.809998,126.809998,0
2014-09-17,138.130005,138.130005,138.130005,138.130005,138.130005,0
2014-09-18,142.100006,142.100006,142.100006,142.100006,142.100006,0
2014-09-19,146.080002,146.080002,146.080002,146.080002,146.080002,0
2014-09-22,139.850006,139.850006,139.850006,139.850006,139.850006,0
2014-09-23,132.460007,132.460007,132.460007,132.460007,132.460007,0
2014-09-24,126.900002,126.900002,126.900002,126.900002,126.900002,0
2014-09-25,132.240005,132.240005,132.240005,132.240005,132.240005,0
2014-09-26,130.490005,130.490005,130.490005,130.490005,130.490005,0
2014-09-29,131.669998,131.669998,131.669998,131.669998,131.669998,0
2014-09-30,127.730003,127.730003,127.730003,127.730003,127.730003,0
2014-10-01,123.169998,123.169998,123.169998,123.169998,123.169998,0
2014-10-02,125.349998,125.349998,125.349998,125.349998,125.349998,0
2014-10-03,122.529999,122.529999,122.529999,122.529999,122.529999,0
2014-10-06,126.959999,126.959999,126.959999,126.959999,126.959999,0
2014-10-07,120.849998,120.849998,120.849998,120.849998,120.849998,0
2014-10-08,128.080002,128.080002,128.080002,128.080002,128.080002,0
2014-10-09,123.580002,123.580002,123.580002,123.580002,123.580002,0
2014-10-10,130.820007,130.820007,130.820007,130.820007,130.820007,0
2014-10-13,130.360001,130.360001,130.360001,130.360001,130.360001,0
2014-10-14,127.779999,127.779999,127.779999,127.779999,127.779999,0
2014-10-15,111.309998,111.309998,111.309998,111.309998,111.309998,0
2014-10-16,127.970001,127.970001,127.970001,127.970001,127.970001,0
2014-10-17,131.710007,131.710007,131.710007,131.710007,131.710007,0
2014-10-20,120.620003,120.620003,120.620003,120.620003,120.620003,0
2014-10-21,129.179993,129.179993,129.179993,129.179993,129.179993,0
2014-10-22,127.040001,127.040001,127.040001,127.040001,127.040001,0
2014-10-23,128.770004,128.770004,128.770004,128.770004,128.770004,0
2014-10-24,125.570000,125.570000,125.570000,125.570000,125.570000,0
2014-10-27,123.769997,123.769997,123.769997,123.769997,123.769997,0
2014-10-28,127.559998,127.559998,127.559998,127.559998,127.559998,0
2014-10-29,124.180000,124.180000,124.180000,124.180000,124.180000,0
2014-10-30,121.019997,121.019997,121.019997,121.019997,121.019997,0
2014-10-31,124.750000,124.750000,124.750000,124.750000,124.750000,0
2014-11-03,124.639999,124.639999,124.639999,124.639999,124.639999,0
2014-11-04,124.190002,124.190002,124.190002,124.190002,124.190002,0
2014-11-05,125.660004,125.660004,125.660004,125.660004,125.660004,0
2014-11-06,124.930000,124.930000,124.930000,124.930000,124.930000,0
2014-11-07,127.080002,127.080002,127.080002,127.080002,127.080002,0
2014-11-10,130.509995,130.509995,130.509995,130.509995,130.509995,0
2014-11-11,127.110001,127.110001,127.110001,127.110001,127.110001,0
2014-11-12,125.709999,125.709999,125.709999,125.709999,125.709999,0
2014-11-13,128.960007,128.960007,128.960007,128.960007,128.960007,0
2014-11-14,128.679993,128.679993,128.679993,128.679993,128.679993,0
2014-11-17,123.690002,123.690002,123.690002,123.690002,123.690002,0
2014-11-18,132.029999,132.029999,132.029999,132.029999,132.029999,0
2014-11-19,124.660004,124.660004,124.660004,124.660004,124.660004,0
2014-11-20,136.350006,136.350006,136.350006,136.350006,136.350006,0
2014-11-21,138.460007,138.460007,138.460007,138.460007,138.460007,0
2014-11-24,140.179993,140.179993,140.179993,140.179993,140.179993,0
2014-11-25,126.269997,126.269997,126.269997,126.269997,126.269997,0
2014-11-26,139.860001,139.860001,139.860001,139.860001,139.860001,0
2014-11-28,131.889999,131.889999,131.889999,131.889999,131.889999,0
2014-12-01,127.949997,127.949997,127.949997,127.949997,127.949997,0
2014-12-02,121.639999,121.639999,121.639999,121.639999,121.639999,0
2014-12-03,134.440002,134.440002,134.440002,134.440002,134.440002,0
2014-12-04,128.729996,128.729996,128.729996,128.729996,128.729996,0
2014-12-05,131.410004,131.410004,131.410004,131.410004,131.410004,0
2014-12-08,137.619995,137.619995,137.619995,137.619995,137.619995,0
2014-12-09,136.690002,136.690002,136.690002,136.690002,136.690002,0
2014-12-10,130.880005,130.880005,130.880005,130.880005,130.880005,0
2014-12-11,130.729996,130.729996,130.729996,130.729996,130.729996,0
2014-12-12,131.470001,131.470001,131.470001,131.470001,131.470001,0
2014-12-15,135.119995,135.119995,135.119995,135.119995,135.119995,0
2014-12-16,131.210007,131.210007,131.210007,131.210007,131.210007,0
2014-12-17,125.480003,125.480003,125.480003,125.480003,125.480003,0
2014-12-18,126.239998,126.239998,126.239998,126.239998,126.239998,0
2014-12-19,138.630005,138.630005,138.630005,138.630005,138.630005,0
2014-12-22,136.610001,136.610001,136.610001,136.610001,136.610001,0
2014-12-23,136.929993,136.929993,136.929993,136.929993,136.929993,0
2014-12-24,135.649994,135.649994,135.649994,135.649994,135.649994,0
2014-12-26,135.029999,135.029999,135.029999,135.029999,135.029999,0
2014-12-29,127.599998,127.599998,127.599998,127.599998,127.599998,0
2014-12-30,136.389999,136.389999,136.389999,136.389999,136.389999,0
2014-12-31,133.839996,133.839996,133.839996,133.839996,133.839996,0
2015-01-02,128.660004,128.660004,128.660004,128.660004,128.660004,0
2015-01-05,127.790001,127.790001,127.790001,127.790001,127.790001,0
2015-01-06,125.269997,125.269997,125.269997,125.269997,125.269997,0
2015-01-07,123.559998,123.559998,123.559998,123.559998,123.559998,0
2015-01-08,124.769997,124.769997,124.769997,124.769997,124.769997,0
2015-01-09,121.690002,121.690002,121.690002,121.690002,121.690002,0
2015-01-12,121.089996,121.089996,121.089996,121.089996,121.089996,0
2015-01-13,122.199997,122.199997,122.199997,122.199997,122.199997,0
2015-01-14,132.660004,132.660004,132.660004,132.660004,132.660004,0
2015-01-15,120.769997,120.769997,120.769997,120.769997,120.769997,0
2015-01-16,131.389999,131.389999,131.389999,131.389999,131.389999,0
2015-01-20,123.629997,123.629997,123.629997,123.629997,123.629997,0
2015-01-21,134.300003,134.300003,134.300003,134.300003,134.300003,0
2015-01-22,139.130005,139.130005,139.130005,139.130005,139.130005,0
2015-01-23,132.089996,132.089996,132.089996,132.089996,132.089996,0
2015-01-26,135.020004,135.020004,135.020004,135.020004,135.020004,0
2015-01-27,128.429993,128.429993,128.429993,128.429993,128.429993,0
2015-01-28,123.760002,123.760002,123.760002,123.760002,123.760002,0
2015-01-29,130.449997,130.449997,130.449997,130.449997,130.449997,0
2015-01-30,125.360001,125.360001,125.360001,125.360001,125.360001,0
2015-02-02,129.979996,129.979996,129.979996,129.979996,129.979996,0
2015-02-03,129.779999,129.779999,129.779999,129.779999,129.779999,0
2015-02-04,126.199997,126.199997,126.199997,126.199997,126.199997,0
2015-02-05,127.540001,127.540001,127.540001,127.540001,127.540001,0
2015-02-06,125.620003,125.620003,125.620003,125.620003,125.620003,0
2015-02-09,129.850006,129.850006,129.850006,129.850006,129.850006,0
2015-02-10,126.510002,126.510002,126.510002,126.510002,126.510002,0
2015-02-11,128.389999,128.389999,128.389999,128.389999,128.389999,0
2015-02-12,129.949997,129.949997,129.949997,129.949997,129.949997,0
2015-02-13,126.040001,126.040001,126.040001,126.040001,126.040001,0
2015-02-17,127.419998,127.419998,127.419998,127.419998,127.419998,0
2015-02-18,127.419998,127.419998,127.419998,127.419998,127.419998,0
2015-02-19,131.300003,131.300003,131.300003,131.300003,131.300003,0
2015-02-20,125.239998,125.239998,125.239998,125.239998,125.239998,0
2015-02-23,134.660004,134.660004,134.660004,134.660004,134.660004,0
2015-02-24,136.259995,136.259995,136.259995,136.259995,136.259995,0
2015-02-25,136.330002,136.330002,136.330002,136.330002,136.330002,0
2015-02-26,126.199997,126.199997,126.199997,126.199997,126.199997,0
2015-02-27,126.400002,126.400002,126.400002,126.400002,126.400002,0
2015-03-02,126.010002,126.010002,126.010002,126.010002,126.010002,0
2015-03-03,123.089996,123.089996,123.089996,123.089996,123.089996,0
2015-03-04,127.889999,127.889999,127.889999,127.889999,127.889999,0
2015-03-05,127.260002,127.260002,127.260002,127.260002,127.260002,0
2015-03-06,124.650002,124.650002,124.650002,124.650002,124.650002,0
2015-03-09,124.160004,124.160004,124.160004,124.160004,124.160004,0
2015-03-10,123.529999,123.529999,123.529999,123.529999,123.529999,0
2015-03-11,123.720001,123.720001,123.720001,123.720001,123.720001,0
2015-03-12,121.529999,121.529999,121.529999,121.529999,121.529999,0
2015-03-13,120.599998,120.599998,120.599998,120.599998,120.599998,0
2015-03-16,122.830002,122.830002,122.830002,122.830002,122.830002,0
2015-03-17,125.440002,125.440002,125.440002,125.440002,125.440002,0
2015-03-18,128.509995,128.509995,128.509995,128.509995,128.509995,0
2015-03-19,127.949997,127.949997,127.949997,127.949997,127.949997,0
2015-03-20,131.089996,131.089996,131.089996,131.089996,131.089996,0
2015-03-23,127.120003,127.120003,127.120003,127.120003,127.120003,0
2015-03-24,126.820000,126.820000,126.820000,126.820000,126.820000,0
2015-03-25,122.959999,122.959999,122.959999,122.959999,122.959999,0
2015-03-26,122.860001,122.860001,122.860001,122.860001,122.860001,0
2015-03-27,121.800003,121.800003,121.800003,121.800003,121.800003,0
2015-03-30,122.690002,122.690002,122.690002,122.690002,122.690002,0
2015-03-31,120.349998,120.349998,120.349998,120.349998,120.349998,0
2015-04-01,120.760002,120.760002,120.760002,120.760002,120.760002,0
2015-04-02,119.919998,119.919998,119.919998,119.919998,119.919998,0
2015-04-06,120.050003,120.050003,120.050003,120.050003,120.050003,0
2015-04-07,121.339996,121.339996,121.339996,121.339996,121.339996,0
2015-04-08,124.239998,124.239998,124.239998,124.239998,124.239998,0
2015-04-09,125.870003,125.870003,125.870003,125.870003,125.870003,0
2015-04-10,127.220001,127.220001,127.220001,127.220001,127.220001,0
2015-04-13,117.459999,117.459999,117.459999,117.459999,117.459999,0
2015-04-14,123.639999,123.639999,123.639999,123.639999,123.639999,0
2015-04-15,119.709999,119.709999,119.709999,119.709999,119.709999,0
2015-04-16,120.370003,120.370003,120.370003,120.370003,120.370003,0
2015-04-17,122.239998,122.239998,122.239998,122.239998,122.239998,0
2015-04-20,124.160004,124.160004,124.160004,124.160004,124.160004,0
2015-04-21,122.769997,122.769997,122.769997,122.769997,122.769997,0
2015-04-22,124.070000,124.070000,124.070000,124.070000,124.070000,0
2015-04-23,123.260002,123.260002,123.260002,123.260002,123.260002,0
2015-04-24,119.949997,119.949997,119.949997,119.949997,119.949997,0
2015-04-27,122.839996,122.839996,122.839996,122.839996,122.839996,0
2015-04-28,124.019997,124.019997,124.019997,124.019997,124.019997,0
2015-04-29,125.360001,125.360001,125.360001,125.360001,125.360001,0
2015-04-30,115.959999,115.959999,115.959999,115.959999,115.959999,0
2015-05-01,122.370003,122.370003,122.370003,122.370003,122.370003,0
2015-05-04,121.680000,121.680000,121.680000,121.680000,121.680000,0
2015-05-05,122.220001,122.220001,122.220001,122.220001,122.220001,0
2015-05-06,119.739998,119.739998,119.739998,119.739998,119.739998,0
2015-05-07,120.730003,120.730003,120.730003,120.730003,120.730003,0
2015-05-08,122.930000,122.930000,122.930000,122.930000,122.930000,0
2015-05-11,115.959999,115.959999,115.959999,115.959999,115.959999,0
2015-05-12,123.919998,123.919998,123.919998,123.919998,123.919998,0
2015-05-13,126.040001,126.040001,126.040001,126.040001,126.040001,0
2015-05-14,127.629997,127.629997,127.629997,127.629997,127.629997,0
2015-05-15,127.559998,127.559998,127.559998,127.559998,127.559998,0
2015-05-18,126.910004,126.910004,126.910004,126.910004,126.910004,0
2015-05-19,126.279999,126.279999,126.279999,126.279999,126.279999,0
2015-05-20,125.010002,125.010002,125.010002,125.010002,125.010002,0
2015-05-21,121.110001,121.110001,121.110001,121.110001,121.110001,0
2015-05-22,124.860001,124.860001,124.860001,124.860001,124.860001,0
2015-05-26,123.059998,123.059998,123.059998,123.059998,123.059998,0
2015-05-27,123.599998,123.599998,123.599998,123.599998,123.599998,0
2015-05-28,125.370003,125.370003,125.370003,125.370003,125.370003,0
2015-05-29,122.500000,122.500000,122.500000,122.500000,122.500000,0
2015-06-01,122.430000,122.430000,122.430000,122.430000,122.430000,0
2015-06-02,121.169998,121.169998,121.169998,121.169998,121.169998,0
2015-06-03,124.589996,124.589996,124.589996,124.589996,124.589996,0
2015-06-04,121.980003,121.980003,121.980003,121.980003,121.980003,0
2015-06-05,119.620003,119.620003,119.620003,119.620003,119.620003,0
2015-06-08,118.330002,118.330002,118.330002,118.330002,118.330002,0
2015-06-09,119.400002,119.400002,119.400002,119.400002,119.400002,0
2015-06-10,120.830002,120.830002,120.830002,120.830002,120.830002,0
2015-06-11,125.320000,125.320000,125.320000,125.320000,125.320000,0
2015-06-12,119.260002,119.260002,119.260002,119.260002,119.260002,0
2015-06-15,119.250000,119.250000,119.250000,119.250000,119.250000,0
2015-06-16,120.230003,120.230003,120.230003,120.230003,120.230003,0
2015-06-17,119.089996,119.089996,119.089996,119.089996,119.089996,0
2015-06-18,120.169998,120.169998,120.169998,120.169998,120.169998,0
2015-06-19,119.500000,119.500000,119.500000,119.500000,119.500000,0
2015-06-22,120.519997,120.519997,120.519997,120.519997,120.519997,0
2015-06-23,122.779999,122.779999,122.779999,122.779999,122.779999,0
2015-06-24,119.519997,119.519997,119.519997,119.519997,119.519997,0
2015-06-25,122.680000,122.680000,122.680000,122.680000,122.680000,0
2015-06-26,123.070000,123.070000,123.070000,123.070000,123.070000,0
2015-06-29,124.540001,124.540001,124.540001,124.540001,124.540001,0
2015-06-30,123.879997,123.879997,123.879997,123.879997,123.879997,0
2015-07-01,120.139999,120.139999,120.139999,120.139999,120.139999,0
2015-07-02,121.519997,121.519997,121.519997,121.519997,121.519997,0
2015-07-06,118.680000,118.680000,118.680000,118.680000,118.680000,0
2015-07-07,117.370003,117.370003,117.370003,117.370003,117.370003,0
2015-07-08,118.250000,118.250000,118.250000,118.250000,118.250000,0
2015-07-09,120.339996,120.339996,120.339996,120.339996,120.339996,0
2015-07-10,118.519997,118.519997,118.519997,118.519997,118.519997,0
2015-07-13,121.570000,121.570000,121.570000,121.570000,121.570000,0
2015-07-14,123.110001,123.110001,123.110001,123.110001,123.110001,0
2015-07-15,123.059998,123.059998,123.059998,123.059998,123.059998,0
2015-07-16,124.669998,124.669998,124.669998,124.669998,124.669998,0
2015-07-17,127.910004,127.910004,127.910004,127.910004,127.910004,0
2015-07-20,125.059998,125.059998,125.059998,125.059998,125.059998,0
2015-07-21,124.900002,124.900002,124.900002,124.900002,124.900002,0
2015-07-22,130.419998,130.419998,130.419998,130.419998,130.419998,0
2015-07-23,123.180000,123.180000,123.180000,123.180000,123.180000,0
2015-07-24,126.320000,126.320000,126.320000,126.320000,126.320000,0
2015-07-27,126.669998,126.669998,126.669998,126.669998,126.669998,0
2015-07-28,123.519997,123.519997,123.519997,123.519997,123.519997,0
2015-07-29,121.029999,121.029999,121.029999,121.029999,121.029999,0
2015-07-30,122.059998,122.059998,122.059998,122.059998,122.059998,0
2015-07-31,124.199997,124.199997,124.199997,124.199997,124.199997,0
2015-08-03,119.320000,119.320000,119.320000,119.320000,119.320000,0
2015-08-04,119.790001,119.790001,119.790001,119.790001,119.790001,0
2015-08-05,119.099998,119.099998,119.099998,119.099998,119.099998,0
2015-08-06,126.089996,126.089996,126.089996,126.089996,126.089996,0
2015-08-07,117.820000,117.820000,117.820000,117.820000,117.820000,0
2015-08-10,121.540001,121.540001,121.540001,121.540001,121.540001,0
2015-08-11,124.370003,124.370003,124.370003,124.370003,124.370003,0
2015-08-12,119.970001,119.970001,119.970001,119.970001,119.970001,0
2015-08-13,119.959999,119.959999,119.959999,119.959999,119.959999,0
2015-08-14,119.370003,119.370003,119.370003,119.370003,119.370003,0
2015-08-17,120.269997,120.269997,120.269997,120.269997,120.269997,0
2015-08-18,124.339996,124.339996,124.339996,124.339996,124.339996,0
2015-08-19,122.139999,122.139999,122.139999,122.139999,122.139999,0
2015-08-20,118.760002,118.760002,118.760002,118.760002,118.760002,0
2015-08-24,129.460007,129.460007,129.460007,129.460007,129.460007,0
2015-08-25,126.779999,126.779999,126.779999,126.779999,126.779999,0
2015-08-26,124.349998,124.349998,124.349998,124.349998,124.349998,0
2015-08-27,126.309998,126.309998,126.309998,126.309998,126.309998,0
2015-08-28,130.380005,130.380005,130.380005,130.380005,130.380005,0
2015-08-31,129.360001,129.360001,129.360001,129.360001,129.360001,0
2015-09-01,125.349998,125.349998,125.349998,125.349998,125.349998,0
2015-09-02,125.349998,125.349998,125.349998,125.349998,125.349998,0
2015-09-03,132.429993,132.429993,132.429993,132.429993,132.429993,0
2015-09-04,142.190002,142.190002,142.190002,142.190002,142.190002,0
2015-09-08,132.369995,132.369995,132.369995,132.369995,132.369995,0
2015-09-09,137.029999,137.029999,137.029999,137.029999,137.029999,0
2015-09-10,131.419998,131.419998,131.419998,131.419998,131.419998,0
2015-09-11,118.180000,118.180000,118.180000,118.180000,118.180000,0
2015-09-14,142.929993,142.929993,142.929993,142.929993,142.929993,0
2015-09-15,136.000000,136.000000,136.000000,136.000000,136.000000,0
2015-09-16,142.160004,142.160004,142.160004,142.160004,142.160004,0
2015-09-17,137.490005,137.490005,137.490005,137.490005,137.490005,0
2015-09-18,119.470001,119.470001,119.470001,119.470001,119.470001,0
2015-09-21,135.449997,135.449997,135.449997,135.449997,135.449997,0
2015-09-22,135.940002,135.940002,135.940002,135.940002,135.940002,0
2015-09-23,136.710007,136.710007,136.710007,136.710007,136.710007,0
2015-09-24,134.029999,134.029999,134.029999,134.029999,134.029999,0
2015-09-25,135.160004,135.160004,135.160004,135.160004,135.160004,0
2015-09-28,134.179993,134.179993,134.179993,134.179993,134.179993,0
2015-09-29,136.710007,136.710007,136.710007,136.710007,136.710007,0
2015-09-30,113.900002,113.900002,113.900002,113.900002,113.900002,0
2015-10-01,124.809998,124.809998,124.809998,124.809998,124.809998,0
2015-10-02,115.750000,115.750000,115.750000,115.750000,115.750000,0
2015-10-05,132.830002,132.830002,132.830002,132.830002,132.830002,0
2015-10-06,129.320007,129.320007,129.320007,129.320007,129.320007,0
2015-10-07,132.389999,132.389999,132.389999,132.389999,132.389999,0
2015-10-08,136.690002,136.690002,136.690002,136.690002,136.690002,0
2015-10-09,134.660004,134.660004,134.660004,134.660004,134.660004,0
2015-10-12,148.919998,148.919998,148.919998,148.919998,148.919998,0
2015-10-13,133.809998,133.809998,133.809998,133.809998,133.809998,0
2015-10-14,135.820007,135.820007,135.820007,135.820007,135.820007,0
2015-10-15,151.220001,151.220001,151.220001,151.220001,151.220001,0
2015-10-16,135.039993,135.039993,135.039993,135.039993,135.039993,0
2015-10-19,139.919998,139.919998,139.919998,139.919998,139.919998,0
2015-10-20,140.699997,140.699997,140.699997,140.699997,140.699997,0
2015-10-21,133.070007,133.070007,133.070007,133.070007,133.070007,0
2015-10-22,121.019997,121.019997,121.019997,121.019997,121.019997,0
2015-10-23,135.619995,135.619995,135.619995,135.619995,135.619995,0
2015-10-26,132.289993,132.289993,132.289993,132.289993,132.289993,0
2015-10-27,132.169998,132.169998,132.169998,132.169998,132.169998,0
2015-10-28,134.429993,134.429993,134.429993,134.429993,134.429993,0
2015-10-29,134.639999,134.639999,134.639999,134.639999,134.639999,0
2015-10-30,125.769997,125.769997,125.769997,125.769997,125.769997,0
2015-11-02,138.779999,138.779999,138.779999,138.779999,138.779999,0
2015-11-03,137.399994,137.399994,137.399994,137.399994,137.399994,0
2015-11-04,134.440002,134.440002,134.440002,134.440002,134.440002,0
2015-11-05,135.210007,135.210007,135.210007,135.210007,135.210007,0
2015-11-06,137.750000,137.750000,137.750000,137.750000,137.750000,0
2015-11-09,134.339996,134.339996,134.339996,134.339996,134.339996,0
2015-11-10,132.240005,132.240005,132.240005,132.240005,132.240005,0
2015-11-11,132.440002,132.440002,132.440002,132.440002,132.440002,0
2015-11-12,136.929993,136.929993,136.929993,136.929993,136.929993,0
2015-11-13,139.500000,139.500000,139.500000,139.500000,139.500000,0
2015-11-16,131.770004,131.770004,131.770004,131.770004,131.770004,0
2015-11-17,136.970001,136.970001,136.970001,136.970001,136.970001,0
2015-11-18,136.860001,136.860001,136.860001,136.860001,136.860001,0
2015-11-19,139.169998,139.169998,139.169998,139.169998,139.169998,0
2015-11-20,126.860001,126.860001,126.860001,126.860001,126.860001,0
2015-11-23,139.509995,139.509995,139.509995,139.509995,139.509995,0
2015-11-24,138.169998,138.169998,138.169998,138.169998,138.169998,0
2015-11-25,139.449997,139.449997,139.449997,139.449997,139.449997,0
2015-11-27,137.660004,137.660004,137.660004,137.660004,137.660004,0
2015-11-30,127.250000,127.250000,127.250000,127.250000,127.250000,0
2015-12-01,135.570007,135.570007,135.570007,135.570007,135.570007,0
2015-12-02,132.660004,132.660004,132.660004,132.660004,132.660004,0
2015-12-03,135.259995,135.259995,135.259995,135.259995,135.259995,0
2015-12-04,136.309998,136.309998,136.309998,136.309998,136.309998,0
2015-12-07,136.770004,136.770004,136.770004,136.770004,136.770004,0
2015-12-08,131.250000,131.250000,131.250000,131.250000,131.250000,0
2015-12-09,134.259995,134.259995,134.259995,134.259995,134.259995,0
2015-12-10,134.940002,134.940002,134.940002,134.940002,134.940002,0
2015-12-11,146.529999,146.529999,146.529999,146.529999,146.529999,0
2015-12-14,140.919998,140.919998,140.919998,140.919998,140.919998,0
2015-12-15,143.350006,143.350006,143.350006,143.350006,143.350006,0
2015-12-16,135.500000,135.500000,135.500000,135.500000,135.500000,0
2015-12-17,131.199997,131.199997,131.199997,131.199997,131.199997,0
2015-12-21,125.180000,125.180000,125.180000,125.180000,125.180000,0
2015-12-22,133.630005,133.630005,133.630005,133.630005,133.630005,0
2015-12-23,134.690002,134.690002,134.690002,134.690002,134.690002,0
2015-12-24,128.779999,128.779999,128.779999,128.779999,128.779999,0
2015-12-28,136.289993,136.289993,136.289993,136.289993,136.289993,0
2015-12-29,139.259995,139.259995,139.259995,139.259995,139.259995,0
2015-12-30,143.000000,143.000000,143.000000,143.000000,143.000000,0
2015-12-31,124.430000,124.430000,124.430000,124.430000,124.430000,0
2016-01-04,140.000000,140.000000,140.000000,140.000000,140.000000,0
2016-01-05,135.070007,135.070007,135.070007,135.070007,135.070007,0
2016-01-07,135.940002,135.940002,135.940002,135.940002,135.940002,0
2016-01-08,138.830002,138.830002,138.830002,138.830002,138.830002,0
2016-01-11,142.520004,142.520004,142.520004,142.520004,142.520004,0
2016-01-12,138.669998,138.669998,138.669998,138.669998,138.669998,0
2016-01-13,145.880005,145.880005,145.880005,145.880005,145.880005,0
2016-01-14,138.789993,138.789993,138.789993,138.789993,138.789993,0
2016-01-15,145.029999,145.029999,145.029999,145.029999,145.029999,0
2016-01-19,137.899994,137.899994,137.899994,137.899994,137.899994,0
2016-01-20,134.820007,134.820007,134.820007,134.820007,134.820007,0
2016-01-21,132.990005,132.990005,132.990005,132.990005,132.990005,0
2016-01-22,133.639999,133.639999,133.639999,133.639999,133.639999,0
2016-01-25,132.270004,132.270004,132.270004,132.270004,132.270004,0
2016-01-26,129.529999,129.529999,129.529999,129.529999,129.529999,0
2016-01-27,129.059998,129.059998,129.059998,129.059998,129.059998,0
2016-01-28,129.229996,129.229996,129.229996,129.229996,129.229996,0
2016-01-29,120.860001,120.860001,120.860001,120.860001,120.860001,0
2016-02-01,126.379997,126.379997,126.379997,126.379997,126.379997,0
2016-02-02,119.830002,119.830002,119.830002,119.830002,119.830002,0
2016-02-03,122.040001,122.040001,122.040001,122.040001,122.040001,0
2016-02-04,122.690002,122.690002,122.690002,122.690002,122.690002,0
2016-02-05,119.010002,119.010002,119.010002,119.010002,119.010002,0
2016-02-08,120.250000,120.250000,120.250000,120.250000,120.250000,0
2016-02-09,120.739998,120.739998,120.739998,120.739998,120.739998,0
2016-02-10,120.360001,120.360001,120.360001,120.360001,120.360001,0
2016-02-11,122.379997,122.379997,122.379997,122.379997,122.379997,0
2016-02-12,117.750000,117.750000,117.750000,117.750000,117.750000,0
2016-02-16,125.769997,125.769997,125.769997,125.769997,125.769997,0
2016-02-17,124.989998,124.989998,124.989998,124.989998,124.989998,0
2016-02-18,125.330002,125.330002,125.330002,125.330002,125.330002,0
2016-02-19,123.610001,123.610001,123.610001,123.610001,123.610001,0
2016-02-22,117.459999,117.459999,117.459999,117.459999,117.459999,0
2016-02-23,119.669998,119.669998,119.669998,119.669998,119.669998,0
2016-02-24,119.459999,119.459999,119.459999,119.459999,119.459999,0
2016-02-25,122.019997,122.019997,122.019997,122.019997,122.019997,0
2016-02-26,118.650002,118.650002,118.650002,118.650002,118.650002,0
2016-02-29,117.680000,117.680000,117.680000,117.680000,117.680000,0
2016-03-01,119.809998,119.809998,119.809998,119.809998,119.809998,0
2016-03-02,122.349998,122.349998,122.349998,122.349998,122.349998,0
2016-03-03,125.269997,125.269997,125.269997,125.269997,125.269997,0
2016-03-04,125.269997,125.269997,125.269997,125.269997,125.269997,0
2016-03-07,124.010002,124.010002,124.010002,124.010002,124.010002,0
2016-03-08,123.529999,123.529999,123.529999,123.529999,123.529999,0
2016-03-09,123.470001,123.470001,123.470001,123.470001,123.470001,0
2016-03-10,130.039993,130.039993,130.039993,130.039993,130.039993,0
2016-03-11,128.990005,128.990005,128.990005,128.990005,128.990005,0
2016-03-14,133.300003,133.300003,133.300003,133.300003,133.300003,0
2016-03-15,132.449997,132.449997,132.449997,132.449997,132.449997,0
2016-03-16,125.419998,125.419998,125.419998,125.419998,125.419998,0
2016-03-17,126.650002,126.650002,126.650002,126.650002,126.650002,0
2016-03-18,126.750000,126.750000,126.750000,126.750000,126.750000,0
2016-03-21,129.350006,129.350006,129.350006,129.350006,129.350006,0
2016-03-22,130.990005,130.990005,130.990005,130.990005,130.990005,0
2016-03-23,129.669998,129.669998,129.669998,129.669998,129.669998,0
2016-03-24,119.019997,119.019997,119.019997,119.019997,119.019997,0
2016-03-28,127.739998,127.739998,127.739998,127.739998,127.739998,0
2016-03-29,132.610001,132.610001,132.610001,132.610001,132.610001,0
2016-03-30,128.669998,128.669998,128.669998,128.669998,128.669998,0
2016-03-31,122.029999,122.029999,122.029999,122.029999,122.029999,0
2016-04-01,124.029999,124.029999,124.029999,124.029999,124.029999,0
2016-04-04,125.230003,125.230003,125.230003,125.230003,125.230003,0
2016-04-05,120.269997,120.269997,120.269997,120.269997,120.269997,0
2016-04-06,125.059998,125.059998,125.059998,125.059998,125.059998,0
2016-04-07,125.129997,125.129997,125.129997,125.129997,125.129997,0
2016-04-08,113.839996,113.839996,113.839996,113.839996,113.839996,0
2016-04-11,119.129997,119.129997,119.129997,119.129997,119.129997,0
2016-04-12,126.169998,126.169998,126.169998,126.169998,126.169998,0
2016-04-13,127.129997,127.129997,127.129997,127.129997,127.129997,0
2016-04-14,126.230003,126.230003,126.230003,126.230003,126.230003,0
2016-04-15,123.099998,123.099998,123.099998,123.099998,123.099998,0
2016-04-18,120.550003,120.550003,120.550003,120.550003,120.550003,0
2016-04-19,126.190002,126.190002,126.190002,126.190002,126.190002,0
2016-04-20,126.199997,126.199997,126.199997,126.199997,126.199997,0
2016-04-21,127.059998,127.059998,127.059998,127.059998,127.059998,0
2016-04-22,123.250000,123.250000,123.250000,123.250000,123.250000,0
2016-04-25,126.779999,126.779999,126.779999,126.779999,126.779999,0
2016-04-26,127.400002,127.400002,127.400002,127.400002,127.400002,0
2016-04-27,126.089996,126.089996,126.089996,126.089996,126.089996,0
2016-04-28,125.440002,125.440002,125.440002,125.440002,125.440002,0
2016-04-29,126.489998,126.489998,126.489998,126.489998,126.489998,0
2016-05-02,127.669998,127.669998,127.669998,127.669998,127.669998,0
2016-05-03,125.940002,125.940002,125.940002,125.940002,125.940002,0
2016-05-04,124.309998,124.309998,124.309998,124.309998,124.309998,0
2016-05-05,123.739998,123.739998,123.739998,123.739998,123.739998,0
2016-05-06,120.820000,120.820000,120.820000,120.820000,120.820000,0
2016-05-09,123.169998,123.169998,123.169998,123.169998,123.169998,0
2016-05-10,124.099998,124.099998,124.099998,124.099998,124.099998,0
2016-05-11,122.190002,122.190002,122.190002,122.190002,122.190002,0
2016-05-12,123.519997,123.519997,123.519997,123.519997,123.519997,0
2016-05-13,121.459999,121.459999,121.459999,121.459999,121.459999,0
2016-05-16,124.129997,124.129997,124.129997,124.129997,124.129997,0
2016-05-17,122.959999,122.959999,122.959999,122.959999,122.959999,0
2016-05-18,122.220001,122.220001,122.220001,122.220001,122.220001,0
2016-05-19,123.660004,123.660004,123.660004,123.660004,123.660004,0
2016-05-20,125.610001,125.610001,125.610001,125.610001,125.610001,0
2016-05-23,124.739998,124.739998,124.739998,124.739998,124.739998,0
2016-05-24,124.739998,124.739998,124.739998,124.739998,124.739998,0
2016-05-25,127.129997,127.129997,127.129997,127.129997,127.129997,0
2016-05-26,129.279999,129.279999,129.279999,129.279999,129.279999,0
2016-05-27,129.610001,129.610001,129.610001,129.610001,129.610001,0
2016-05-31,127.699997,127.699997,127.699997,127.699997,127.699997,0
2016-06-01,132.460007,132.460007,132.460007,132.460007,132.460007,0
2016-06-02,134.149994,134.149994,134.149994,134.149994,134.149994,0
2016-06-03,125.040001,125.040001,125.040001,125.040001,125.040001,0
2016-06-06,125.570000,125.570000,125.570000,125.570000,125.570000,0
2016-06-07,128.539993,128.539993,128.539993,128.539993,128.539993,0
2016-06-08,129.229996,129.229996,129.229996,129.229996,129.229996,0
2016-06-09,129.309998,129.309998,129.309998,129.309998,129.309998,0
2016-06-10,133.669998,133.669998,133.669998,133.669998,133.669998,0
2016-06-13,137.490005,137.490005,137.490005,137.490005,137.490005,0
2016-06-14,138.020004,138.020004,138.020004,138.020004,138.020004,0
2016-06-15,140.910004,140.910004,140.910004,140.910004,140.910004,0
2016-06-16,142.500000,142.500000,142.500000,142.500000,142.500000,0
2016-06-17,137.940002,137.940002,137.940002,137.940002,137.940002,0
2016-06-20,137.809998,137.809998,137.809998,137.809998,137.809998,0
2016-06-21,135.919998,135.919998,135.919998,135.919998,135.919998,0
2016-06-22,136.479996,136.479996,136.479996,136.479996,136.479996,0
2016-06-23,145.699997,145.699997,145.699997,145.699997,145.699997,0
2016-06-24,142.919998,142.919998,142.919998,142.919998,142.919998,0
2016-06-27,136.429993,136.429993,136.429993,136.429993,136.429993,0
2016-06-28,153.660004,153.660004,153.660004,153.660004,153.660004,0
2016-06-29,136.460007,136.460007,136.460007,136.460007,136.460007,0
2016-06-30,140.580002,140.580002,140.580002,140.580002,140.580002,0
2016-07-01,128.529999,128.529999,128.529999,128.529999,128.529999,0
2016-07-05,125.349998,125.349998,125.349998,125.349998,125.349998,0
2016-07-06,123.139999,123.139999,123.139999,123.139999,123.139999,0
2016-07-07,124.720001,124.720001,124.720001,124.720001,124.720001,0
2016-07-08,127.199997,127.199997,127.199997,127.199997,127.199997,0
2016-07-11,125.029999,125.029999,125.029999,125.029999,125.029999,0
2016-07-12,126.099998,126.099998,126.099998,126.099998,126.099998,0
2016-07-13,127.290001,127.290001,127.290001,127.290001,127.290001,0
2016-07-14,128.279999,128.279999,128.279999,128.279999,128.279999,0
2016-07-15,129.759995,129.759995,129.759995,129.759995,129.759995,0
2016-07-18,125.379997,125.379997,125.379997,125.379997,125.379997,0
2016-07-19,129.919998,129.919998,129.919998,129.919998,129.919998,0
2016-07-20,128.490005,128.490005,128.490005,128.490005,128.490005,0
2016-07-21,128.009995,128.009995,128.009995,128.009995,128.009995,0
2016-07-22,128.360001,128.360001,128.360001,128.360001,128.360001,0
2016-07-25,129.649994,129.649994,129.649994,129.649994,129.649994,0
2016-07-26,130.020004,130.020004,130.020004,130.020004,130.020004,0
2016-07-27,125.680000,125.680000,125.680000,125.680000,125.680000,0
2016-07-28,128.509995,128.509995,128.509995,128.509995,128.509995,0
2016-07-29,128.250000,128.250000,128.250000,128.250000,128.250000,0
2016-08-01,128.009995,128.009995,128.009995,128.009995,128.009995,0
2016-08-02,129.250000,129.250000,129.250000,129.250000,129.250000,0
2016-08-03,129.990005,129.990005,129.990005,129.990005,129.990005,0
2016-08-04,127.059998,127.059998,127.059998,127.059998,127.059998,0
2016-08-05,130.600006,130.600006,130.600006,130.600006,130.600006,0
2016-08-08,132.940002,132.940002,132.940002,132.940002,132.940002,0
2016-08-09,135.559998,135.559998,135.559998,135.559998,135.559998,0
2016-08-10,133.250000,133.250000,133.250000,133.250000,133.250000,0
2016-08-11,131.279999,131.279999,131.279999,131.279999,131.279999,0
2016-08-12,132.130005,132.130005,132.130005,132.130005,132.130005,0
2016-08-15,134.449997,134.449997,134.449997,134.449997,134.449997,0
2016-08-16,132.270004,132.270004,132.270004,132.270004,132.270004,0
2016-08-17,136.710007,136.710007,136.710007,136.710007,136.710007,0
2016-08-18,134.869995,134.869995,134.869995,134.869995,134.869995,0
2016-08-19,136.580002,136.580002,136.580002,136.580002,136.580002,0
2016-08-22,135.199997,135.199997,135.199997,135.199997,135.199997,0
2016-08-23,131.789993,131.789993,131.789993,131.789993,131.789993,0
2016-08-24,130.429993,130.429993,130.429993,130.429993,130.429993,0
2016-08-25,131.059998,131.059998,131.059998,131.059998,131.059998,0
2016-08-26,132.399994,132.399994,132.399994,132.399994,132.399994,0
2016-08-29,131.300003,131.300003,131.300003,131.300003,131.300003,0
2016-08-30,136.139999,136.139999,136.139999,136.139999,136.139999,0
2016-08-31,129.250000,129.250000,129.250000,129.250000,129.250000,0
2016-09-01,129.830002,129.830002,129.830002,129.830002,129.830002,0
2016-09-02,128.399994,128.399994,128.399994,128.399994,128.399994,0
2016-09-06,131.160004,131.160004,131.160004,131.160004,131.160004,0
2016-09-07,130.940002,130.940002,130.940002,130.940002,130.940002,0
2016-09-08,129.740005,129.740005,129.740005,129.740005,129.740005,0
2016-09-09,125.250000,125.250000,125.250000,125.250000,125.250000,0
2016-09-12,134.179993,134.179993,134.179993,134.179993,134.179993,0
2016-09-13,131.559998,131.559998,131.559998,131.559998,131.559998,0
2016-09-14,127.400002,127.400002,127.400002,127.400002,127.400002,0
2016-09-15,130.570007,130.570007,130.570007,130.570007,130.570007,0
2016-09-19,125.809998,125.809998,125.809998,125.809998,125.809998,0
2016-09-20,126.849998,126.849998,126.849998,126.849998,126.849998,0
2016-09-21,122.129997,122.129997,122.129997,122.129997,122.129997,0
2016-09-22,124.290001,124.290001,124.290001,124.290001,124.290001,0
2016-09-23,125.129997,125.129997,125.129997,125.129997,125.129997,0
2016-09-26,121.720001,121.720001,121.720001,121.720001,121.720001,0
2016-09-27,123.739998,123.739998,123.739998,123.739998,123.739998,0
2016-09-28,126.849998,126.849998,126.849998,126.849998,126.849998,0
2016-09-29,122.669998,122.669998,122.669998,122.669998,122.669998,0
2016-09-30,124.580002,124.580002,124.580002,124.580002,124.580002,0
2016-10-03,122.860001,122.860001,122.860001,122.860001,122.860001,0
2016-10-04,119.669998,119.669998,119.669998,119.669998,119.669998,0
2016-10-05,121.540001,121.540001,121.540001,121.540001,121.540001,0
2016-10-06,120.480003,120.480003,120.480003,120.480003,120.480003,0
2016-10-07,119.949997,119.949997,119.949997,119.949997,119.949997,0
2016-10-10,123.839996,123.839996,123.839996,123.839996,123.839996,0
2016-10-11,119.790001,119.790001,119.790001,119.790001,119.790001,0
2016-10-12,122.339996,122.339996,122.339996,122.339996,122.339996,0
2016-10-13,123.320000,123.320000,123.320000,123.320000,123.320000,0
2016-10-14,121.860001,121.860001,121.860001,121.860001,121.860001,0
2016-10-17,124.080002,124.080002,124.080002,124.080002,124.080002,0
2016-10-18,122.760002,122.760002,122.760002,122.760002,122.760002,0
2016-10-19,122.559998,122.559998,122.559998,122.559998,122.559998,0
2016-10-20,123.910004,123.910004,123.910004,123.910004,123.910004,0
2016-10-21,123.000000,123.000000,123.000000,123.000000,123.000000,0
2016-10-24,124.599998,124.599998,124.599998,124.599998,124.599998,0
2016-10-25,122.830002,122.830002,122.830002,122.830002,122.830002,0
2016-10-26,123.309998,123.309998,123.309998,123.309998,123.309998,0
2016-10-27,122.349998,122.349998,122.349998,122.349998,122.349998,0
2016-10-28,126.349998,126.349998,126.349998,126.349998,126.349998,0
2016-10-31,126.120003,126.120003,126.120003,126.120003,126.120003,0
2016-11-01,124.459999,124.459999,124.459999,124.459999,124.459999,0
2016-11-02,126.150002,126.150002,126.150002,126.150002,126.150002,0
2016-11-03,141.179993,141.179993,141.179993,141.179993,141.179993,0
2016-11-04,133.029999,133.029999,133.029999,133.029999,133.029999,0
2016-11-07,134.910004,134.910004,134.910004,134.910004,134.910004,0
2016-11-08,135.600006,135.600006,135.600006,135.600006,135.600006,0
2016-11-09,134.610001,134.610001,134.610001,134.610001,134.610001,0
2016-11-10,127.000000,127.000000,127.000000,127.000000,127.000000,0
2016-11-11,121.709999,121.709999,121.709999,121.709999,121.709999,0
2016-11-14,122.709999,122.709999,122.709999,122.709999,122.709999,0
2016-11-15,119.790001,119.790001,119.790001,119.790001,119.790001,0
2016-11-16,123.769997,123.769997,123.769997,123.769997,123.769997,0
2016-11-17,123.059998,123.059998,123.059998,123.059998,123.059998,0
2016-11-18,126.379997,126.379997,126.379997,126.379997,126.379997,0
2016-11-21,124.010002,124.010002,124.010002,124.010002,124.010002,0
2016-11-22,127.980003,127.980003,127.980003,127.980003,127.980003,0
2016-11-23,125.330002,125.330002,125.330002,125.330002,125.330002,0
2016-11-25,126.269997,126.269997,126.269997,126.269997,126.269997,0
2016-11-28,125.750000,125.750000,125.750000,125.750000,125.750000,0
2016-11-29,128.309998,128.309998,128.309998,128.309998,128.309998,0
2016-11-30,126.389999,126.389999,126.389999,126.389999,126.389999,0
2016-12-01,128.369995,128.369995,128.369995,128.369995,128.369995,0
2016-12-02,128.990005,128.990005,128.990005,128.990005,128.990005,0
2016-12-05,128.350006,128.350006,128.350006,128.350006,128.350006,0
2016-12-06,130.919998,130.919998,130.919998,130.919998,130.919998,0
2016-12-07,123.610001,123.610001,123.610001,123.610001,123.610001,0
2016-12-08,119.080002,119.080002,119.080002,119.080002,119.080002,0
2016-12-09,119.510002,119.510002,119.510002,119.510002,119.510002,0
2016-12-12,123.279999,123.279999,123.279999,123.279999,123.279999,0
2016-12-13,119.339996,119.339996,119.339996,119.339996,119.339996,0
2016-12-14,125.430000,125.430000,125.430000,125.430000,125.430000,0
2016-12-15,129.440002,129.440002,129.440002,129.440002,129.440002,0
2016-12-16,131.949997,131.949997,131.949997,131.949997,131.949997,0
2016-12-19,130.470001,130.470001,130.470001,130.470001,130.470001,0
2016-12-20,122.089996,122.089996,122.089996,122.089996,122.089996,0
2016-12-21,124.900002,124.900002,124.900002,124.900002,124.900002,0
2016-12-22,128.020004,128.020004,128.020004,128.020004,128.020004,0
2016-12-23,120.510002,120.510002,120.510002,120.510002,120.510002,0
2016-12-27,123.650002,123.650002,123.650002,123.650002,123.650002,0
2016-12-28,122.370003,122.370003,122.370003,122.370003,122.370003,0
2016-12-29,124.570000,124.570000,124.570000,124.570000,124.570000,0
2016-12-30,127.260002,127.260002,127.260002,127.260002,127.260002,0
2017-01-03,125.790001,125.790001,125.790001,125.790001,125.790001,0
2017-01-04,124.400002,124.400002,124.400002,124.400002,124.400002,0
2017-01-05,128.210007,128.210007,128.210007,128.210007,128.210007,0
2017-01-06,123.669998,123.669998,123.669998,123.669998,123.669998,0
2017-01-09,122.589996,122.589996,122.589996,122.589996,122.589996,0
2017-01-10,121.839996,121.839996,121.839996,121.839996,121.839996,0
2017-01-11,123.059998,123.059998,123.059998,123.059998,123.059998,0
2017-01-12,126.220001,126.220001,126.220001,126.220001,126.220001,0
2017-01-13,132.320007,132.320007,132.320007,132.320007,132.320007,0
2017-01-17,131.550003,131.550003,131.550003,131.550003,131.550003,0
2017-01-18,143.429993,143.429993,143.429993,143.429993,143.429993,0
2017-01-19,141.029999,141.029999,141.029999,141.029999,141.029999,0
2017-01-20,146.330002,146.330002,146.330002,146.330002,146.330002,0
2017-01-23,137.779999,137.779999,137.779999,137.779999,137.779999,0
2017-01-24,138.160004,138.160004,138.160004,138.160004,138.160004,0
2017-01-25,128.800003,128.800003,128.800003,128.800003,128.800003,0
2017-01-26,129.580002,129.580002,129.580002,129.580002,129.580002,0
2017-01-27,129.949997,129.949997,129.949997,129.949997,129.949997,0
2017-01-30,134.320007,134.320007,134.320007,134.320007,134.320007,0
2017-01-31,138.080002,138.080002,138.080002,138.080002,138.080002,0
2017-02-01,133.970001,133.970001,133.970001,133.970001,133.970001,0
2017-02-02,136.649994,136.649994,136.649994,136.649994,136.649994,0
2017-02-03,133.250000,133.250000,133.250000,133.250000,133.250000,0
2017-02-06,131.410004,131.410004,131.410004,131.410004,131.410004,0
2017-02-07,130.460007,130.460007,130.460007,130.460007,130.460007,0
2017-02-08,134.009995,134.009995,134.009995,134.009995,134.009995,0
2017-02-09,129.190002,129.190002,129.190002,129.190002,129.190002,0
2017-02-10,130.470001,130.470001,130.470001,130.470001,130.470001,0
2017-02-13,130.100006,130.100006,130.100006,130.100006,130.100006,0
2017-02-14,133.660004,133.660004,133.660004,133.660004,133.660004,0
2017-02-15,137.550003,137.550003,137.550003,137.550003,137.550003,0
2017-02-16,141.410004,141.410004,141.410004,141.410004,141.410004,0
2017-02-17,141.130005,141.130005,141.130005,141.130005,141.130005,0
2017-02-21,136.929993,136.929993,136.929993,136.929993,136.929993,0
2017-02-22,138.240005,138.240005,138.240005,138.240005,138.240005,0
2017-02-23,137.910004,137.910004,137.910004,137.910004,137.910004,0
2017-02-24,138.660004,138.660004,138.660004,138.660004,138.660004,0
2017-02-27,134.389999,134.389999,134.389999,134.389999,134.389999,0
2017-02-28,131.979996,131.979996,131.979996,131.979996,131.979996,0
2017-03-01,132.160004,132.160004,132.160004,132.160004,132.160004,0
2017-03-02,133.360001,133.360001,133.360001,133.360001,133.360001,0
2017-03-03,136.100006,136.100006,136.100006,136.100006,136.100006,0
2017-03-06,140.169998,140.169998,140.169998,140.169998,140.169998,0
2017-03-07,138.850006,138.850006,138.850006,138.850006,138.850006,0
2017-03-08,139.630005,139.630005,139.630005,139.630005,139.630005,0
2017-03-09,139.479996,139.479996,139.479996,139.479996,139.479996,0
2017-03-10,138.990005,138.990005,138.990005,138.990005,138.990005,0
2017-03-13,145.750000,145.750000,145.750000,145.750000,145.750000,0
2017-03-14,146.110001,146.110001,146.110001,146.110001,146.110001,0
2017-03-15,147.199997,147.199997,147.199997,147.199997,147.199997,0
2017-03-16,149.490005,149.490005,149.490005,149.490005,149.490005,0
2017-03-17,154.339996,154.339996,154.339996,154.339996,154.339996,0
2017-03-20,152.929993,152.929993,152.929993,152.929993,152.929993,0
2017-03-21,141.020004,141.020004,141.020004,141.020004,141.020004,0
2017-03-22,136.070007,136.070007,136.070007,136.070007,136.070007,0
2017-03-23,132.539993,132.539993,132.539993,132.539993,132.539993,0
2017-03-24,136.619995,136.619995,136.619995,136.619995,136.619995,0
2017-03-27,135.369995,135.369995,135.369995,135.369995,135.369995,0
2017-03-28,134.429993,134.429993,134.429993,134.429993,134.429993,0
2017-03-29,132.369995,132.369995,132.369995,132.369995,132.369995,0
2017-03-30,138.839996,138.839996,138.839996,138.839996,138.839996,0
2017-03-31,138.309998,138.309998,138.309998,138.309998,138.309998,0
2017-04-03,135.229996,135.229996,135.229996,135.229996,135.229996,0
2017-04-04,132.279999,132.279999,132.279999,132.279999,132.279999,0
2017-04-05,130.910004,130.910004,130.910004,130.910004,130.910004,0
2017-04-06,131.270004,131.270004,131.270004,131.270004,131.270004,0
2017-04-07,132.699997,132.699997,132.699997,132.699997,132.699997,0
2017-04-10,132.860001,132.860001,132.860001,132.860001,132.860001,0
2017-04-11,136.660004,136.660004,136.660004,136.660004,136.660004,0
2017-04-12,131.929993,131.929993,131.929993,131.929993,131.929993,0
2017-04-13,134.360001,134.360001,134.360001,134.360001,134.360001,0
2017-04-17,139.630005,139.630005,139.630005,139.630005,139.630005,0
2017-04-18,137.199997,137.199997,137.199997,137.199997,137.199997,0
2017-04-19,140.199997,140.199997,140.199997,140.199997,140.199997,0
2017-04-20,146.850006,146.850006,146.850006,146.850006,146.850006,0
2017-04-21,148.419998,148.419998,148.419998,148.419998,148.419998,0
2017-04-24,144.449997,144.449997,144.449997,144.449997,144.449997,0
2017-04-25,139.039993,139.039993,139.039993,139.039993,139.039993,0
2017-04-26,142.130005,142.130005,142.130005,142.130005,142.130005,0
2017-04-27,142.550003,142.550003,142.550003,142.550003,142.550003,0
2017-04-28,146.979996,146.979996,146.979996,146.979996,146.979996,0
2017-05-01,128.460007,128.460007,128.460007,128.460007,128.460007,0
2017-05-02,127.489998,127.489998,127.489998,127.489998,127.489998,0
2017-05-03,129.389999,129.389999,129.389999,129.389999,129.389999,0
2017-05-04,130.479996,130.479996,130.479996,130.479996,130.479996,0
2017-05-05,131.360001,131.360001,131.360001,131.360001,131.360001,0
2017-05-08,128.119995,128.119995,128.119995,128.119995,128.119995,0
2017-05-09,128.279999,128.279999,128.279999,128.279999,128.279999,0
2017-05-10,128.270004,128.270004,128.270004,128.270004,128.270004,0
2017-05-11,128.210007,128.210007,128.210007,128.210007,128.210007,0
2017-05-12,129.649994,129.649994,129.649994,129.649994,129.649994,0
2017-05-15,129.440002,129.440002,129.440002,129.440002,129.440002,0
2017-05-16,131.240005,131.240005,131.240005,131.240005,131.240005,0
2017-05-17,133.509995,133.509995,133.509995,133.509995,133.509995,0
2017-05-18,137.009995,137.009995,137.009995,137.009995,137.009995,0
2017-05-19,131.389999,131.389999,131.389999,131.389999,131.389999,0
2017-05-22,128.570007,128.570007,128.570007,128.570007,128.570007,0
2017-05-23,124.540001,124.540001,124.540001,124.540001,124.540001,0
2017-05-24,123.110001,123.110001,123.110001,123.110001,123.110001,0
2017-05-25,123.650002,123.650002,123.650002,123.650002,123.650002,0
2017-05-26,125.410004,125.410004,125.410004,125.410004,125.410004,0
2017-05-30,125.370003,125.370003,125.370003,125.370003,125.370003,0
2017-05-31,125.110001,125.110001,125.110001,125.110001,125.110001,0
2017-06-01,124.550003,124.550003,124.550003,124.550003,124.550003,0
2017-06-02,124.230003,124.230003,124.230003,124.230003,124.230003,0
2017-06-05,125.050003,125.050003,125.050003,125.050003,125.050003,0
2017-06-06,125.720001,125.720001,125.720001,125.720001,125.720001,0
2017-06-07,125.980003,125.980003,125.980003,125.980003,125.980003,0
2017-06-08,127.089996,127.089996,127.089996,127.089996,127.089996,0
2017-06-09,131.259995,131.259995,131.259995,131.259995,131.259995,0
2017-06-12,136.860001,136.860001,136.860001,136.860001,136.860001,0
2017-06-13,136.410004,136.410004,136.410004,136.410004,136.410004,0
2017-06-14,135.889999,135.889999,135.889999,135.889999,135.889999,0
2017-06-15,134.119995,134.119995,134.119995,134.119995,134.119995,0
2017-06-16,135.020004,135.020004,135.020004,135.020004,135.020004,0
2017-06-19,138.770004,138.770004,138.770004,138.770004,138.770004,0
2017-06-20,133.369995,133.369995,133.369995,133.369995,133.369995,0
2017-06-21,129.889999,129.889999,129.889999,129.889999,129.889999,0
2017-06-22,130.860001,130.860001,130.860001,130.860001,130.860001,0
2017-06-23,132.759995,132.759995,132.759995,132.759995,132.759995,0
2017-06-26,128.600006,128.600006,128.600006,128.600006,128.600006,0
2017-06-27,125.459999,125.459999,125.459999,125.459999,125.459999,0
2017-06-28,126.949997,126.949997,126.949997,126.949997,126.949997,0
2017-06-29,129.149994,129.149994,129.149994,129.149994,129.149994,0
2017-06-30,129.509995,129.509995,129.509995,129.509995,129.509995,0
2017-07-03,126.629997,126.629997,126.629997,126.629997,126.629997,0
2017-07-05,128.669998,128.669998,128.669998,128.669998,128.669998,0
2017-07-06,127.250000,127.250000,127.250000,127.250000,127.250000,0
2017-07-07,131.580002,131.580002,131.580002,131.580002,131.580002,0
2017-07-10,133.399994,133.399994,133.399994,133.399994,133.399994,0
2017-07-11,132.750000,132.750000,132.750000,132.750000,132.750000,0
2017-07-12,134.949997,134.949997,134.949997,134.949997,134.949997,0
2017-07-13,138.350006,138.350006,138.350006,138.350006,138.350006,0
2017-07-14,137.710007,137.710007,137.710007,137.710007,137.710007,0
2017-07-17,139.869995,139.869995,139.869995,139.869995,139.869995,0
2017-07-18,137.529999,137.529999,137.529999,137.529999,137.529999,0
2017-07-19,136.880005,136.880005,136.880005,136.880005,136.880005,0
2017-07-20,130.880005,130.880005,130.880005,130.880005,130.880005,0
2017-07-21,134.529999,134.529999,134.529999,134.529999,134.529999,0
2017-07-24,132.669998,132.669998,132.669998,132.669998,132.669998,0
2017-07-25,135.610001,135.610001,135.610001,135.610001,135.610001,0
2017-07-26,135.610001,135.610001,135.610001,135.610001,135.610001,0
2017-07-27,140.809998,140.809998,140.809998,140.809998,140.809998,0
2017-07-28,139.910004,139.910004,139.910004,139.910004,139.910004,0
2017-07-31,139.820007,139.820007,139.820007,139.820007,139.820007,0
2017-08-01,138.720001,138.720001,138.720001,138.720001,138.720001,0
2017-08-02,142.020004,142.020004,142.020004,142.020004,142.020004,0
2017-08-03,138.320007,138.320007,138.320007,138.320007,138.320007,0
2017-08-04,139.809998,139.809998,139.809998,139.809998,139.809998,0
2017-08-07,138.910004,138.910004,138.910004,138.910004,138.910004,0
2017-08-08,140.050003,140.050003,140.050003,140.050003,140.050003,0
2017-08-09,141.199997,141.199997,141.199997,141.199997,141.199997,0
2017-08-10,136.479996,136.479996,136.479996,136.479996,136.479996,0
2017-08-11,135.429993,135.429993,135.429993,135.429993,135.429993,0
2017-08-14,142.070007,142.070007,142.070007,142.070007,142.070007,0
2017-08-15,143.229996,143.229996,143.229996,143.229996,143.229996,0
2017-08-17,142.729996,142.729996,142.729996,142.729996,142.729996,0
2017-08-18,128.860001,128.860001,128.860001,128.860001,128.860001,0
2017-08-21,131.610001,131.610001,131.610001,131.610001,131.610001,0
2017-08-22,135.720001,135.720001,135.720001,135.720001,135.720001,0
2017-08-23,129.979996,129.979996,129.979996,129.979996,129.979996,0
2017-08-24,129.949997,129.949997,129.949997,129.949997,129.949997,0
2017-08-25,130.160004,130.160004,130.160004,130.160004,130.160004,0
2017-08-28,128.320007,128.320007,128.320007,128.320007,128.320007,0
2017-08-29,131.479996,131.479996,131.479996,131.479996,131.479996,0
2017-08-30,130.529999,130.529999,130.529999,130.529999,130.529999,0
2017-08-31,134.000000,134.000000,134.000000,134.000000,134.000000,0
2017-09-01,134.850006,134.850006,134.850006,134.850006,134.850006,0
2017-09-05,133.479996,133.479996,133.479996,133.479996,133.479996,0
2017-09-06,136.479996,136.479996,136.479996,136.479996,136.479996,0
2017-09-07,135.389999,135.389999,135.389999,135.389999,135.389999,0
2017-09-08,130.570007,130.570007,130.570007,130.570007,130.570007,0
2017-09-11,136.960007,136.960007,136.960007,136.960007,136.960007,0
2017-09-12,139.600006,139.600006,139.600006,139.600006,139.600006,0
2017-09-13,142.740005,142.740005,142.740005,142.740005,142.740005,0
2017-09-15,144.539993,144.539993,144.539993,144.539993,144.539993,0
2017-09-18,143.649994,143.649994,143.649994,143.649994,143.649994,0
2017-09-19,142.639999,142.639999,142.639999,142.639999,142.639999,0
2017-09-20,138.940002,138.940002,138.940002,138.940002,138.940002,0
2017-09-21,137.869995,137.869995,137.869995,137.869995,137.869995,0
2017-09-22,137.500000,137.500000,137.500000,137.500000,137.500000,0
2017-09-25,135.070007,135.070007,135.070007,135.070007,135.070007,0
2017-09-26,134.250000,134.250000,134.250000,134.250000,134.250000,0
2017-09-27,129.490005,129.490005,129.490005,129.490005,129.490005,0
2017-09-28,132.990005,132.990005,132.990005,132.990005,132.990005,0
2017-09-29,137.750000,137.750000,137.750000,137.750000,137.750000,0
2017-10-02,138.020004,138.020004,138.020004,138.020004,138.020004,0
2017-10-03,137.149994,137.149994,137.149994,137.149994,137.149994,0
2017-10-04,144.190002,144.190002,144.190002,144.190002,144.190002,0
2017-10-05,140.330002,140.330002,140.330002,140.330002,140.330002,0
2017-10-06,140.350006,140.350006,140.350006,140.350006,140.350006,0
2017-10-09,139.830002,139.830002,139.830002,139.830002,139.830002,0
2017-10-10,139.240005,139.240005,139.240005,139.240005,139.240005,0
2017-10-11,138.740005,138.740005,138.740005,138.740005,138.740005,0
2017-10-12,136.360001,136.360001,136.360001,136.360001,136.360001,0
2017-10-13,138.279999,138.279999,138.279999,138.279999,138.279999,0
2017-10-16,147.529999,147.529999,147.529999,147.529999,147.529999,0
2017-10-17,150.119995,150.119995,150.119995,150.119995,150.119995,0
2017-10-18,147.949997,147.949997,147.949997,147.949997,147.949997,0
2017-10-19,146.160004,146.160004,146.160004,146.160004,146.160004,0
2017-10-20,148.809998,148.809998,148.809998,148.809998,148.809998,0
2017-10-23,142.460007,142.460007,142.460007,142.460007,142.460007,0
2017-10-24,142.149994,142.149994,142.149994,142.149994,142.149994,0
2017-10-25,138.000000,138.000000,138.000000,138.000000,138.000000,0
2017-10-26,135.360001,135.360001,135.360001,135.360001,135.360001,0
2017-10-27,135.699997,135.699997,135.699997,135.699997,135.699997,0
2017-10-30,132.539993,132.539993,132.539993,132.539993,132.539993,0
2017-10-31,131.809998,131.809998,131.809998,131.809998,131.809998,0
2017-11-01,129.050003,129.050003,129.050003,129.050003,129.050003,0
2017-11-02,128.970001,128.970001,128.970001,128.970001,128.970001,0
2017-11-03,130.339996,130.339996,130.339996,130.339996,130.339996,0
2017-11-06,130.520004,130.520004,130.520004,130.520004,130.520004,0
2017-11-07,129.149994,129.149994,129.149994,129.149994,129.149994,0
2017-11-08,131.500000,131.500000,131.500000,131.500000,131.500000,0
2017-11-09,128.949997,128.949997,128.949997,128.949997,128.949997,0
2017-11-10,130.559998,130.559998,130.559998,130.559998,130.559998,0
2017-11-13,129.750000,129.750000,129.750000,129.750000,129.750000,0
2017-11-14,130.149994,130.149994,130.149994,130.149994,130.149994,0
2017-11-15,135.210007,135.210007,135.210007,135.210007,135.210007,0
2017-11-16,136.300003,136.300003,136.300003,136.300003,136.300003,0
2017-11-17,137.190002,137.190002,137.190002,137.190002,137.190002,0
2017-11-20,135.830002,135.830002,135.830002,135.830002,135.830002,0
2017-11-21,133.559998,133.559998,133.559998,133.559998,133.559998,0
2017-11-22,132.520004,132.520004,132.520004,132.520004,132.520004,0
2017-11-24,130.979996,130.979996,130.979996,130.979996,130.979996,0
2017-11-27,130.179993,130.179993,130.179993,130.179993,130.179993,0
2017-11-28,124.080002,124.080002,124.080002,124.080002,124.080002,0
2017-11-29,126.279999,126.279999,126.279999,126.279999,126.279999,0
2017-11-30,128.899994,128.899994,128.899994,128.899994,128.899994,0
2017-12-01,128.830002,128.830002,128.830002,128.830002,128.830002,0
2017-12-04,132.139999,132.139999,132.139999,132.139999,132.139999,0
2017-12-05,132.070007,132.070007,132.070007,132.070007,132.070007,0
2017-12-06,130.979996,130.979996,130.979996,130.979996,130.979996,0
2017-12-07,130.839996,130.839996,130.839996,130.839996,130.839996,0
2017-12-08,132.539993,132.539993,132.539993,132.539993,132.539993,0
2017-12-11,133.979996,133.979996,133.979996,133.979996,133.979996,0
2017-12-12,133.020004,133.020004,133.020004,133.020004,133.020004,0
2017-12-13,134.710007,134.710007,134.710007,134.710007,134.710007,0
2017-12-14,134.029999,134.029999,134.029999,134.029999,134.029999,0
2017-12-15,135.729996,135.729996,135.729996,135.729996,135.729996,0
2017-12-18,132.720001,132.720001,132.720001,132.720001,132.720001,0
2017-12-19,130.690002,130.690002,130.690002,130.690002,130.690002,0
2017-12-20,133.149994,133.149994,133.149994,133.149994,133.149994,0
2017-12-21,132.630005,132.630005,132.630005,132.630005,132.630005,0
2017-12-22,134.399994,134.399994,134.399994,134.399994,134.399994,0
2017-12-26,135.600006,135.600006,135.600006,135.600006,135.600006,0
2017-12-27,138.429993,138.429993,138.429993,138.429993,138.429993,0
2017-12-28,137.820007,137.820007,137.820007,137.820007,137.820007,0
2017-12-29,137.050003,137.050003,137.050003,137.050003,137.050003,0
2018-01-02,135.369995,135.369995,135.369995,135.369995,135.369995,0
2018-01-03,133.429993,133.429993,133.429993,133.429993,133.429993,0
2018-01-04,131.240005,131.240005,131.240005,131.240005,131.240005,0
2018-01-05,127.029999,127.029999,127.029999,127.029999,127.029999,0
2018-01-08,128.000000,128.000000,128.000000,128.000000,128.000000,0
2018-01-09,126.370003,126.370003,126.370003,126.370003,126.370003,0
2018-01-10,129.119995,129.119995,129.119995,129.119995,129.119995,0
2018-01-11,126.099998,126.099998,126.099998,126.099998,126.099998,0
2018-01-12,124.949997,124.949997,124.949997,124.949997,124.949997,0
2018-01-16,128.649994,128.649994,128.649994,128.649994,128.649994,0
2018-01-17,136.190002,136.190002,136.190002,136.190002,136.190002,0
2018-01-18,131.410004,131.410004,131.410004,131.410004,131.410004,0
2018-01-19,132.279999,132.279999,132.279999,132.279999,132.279999,0
2018-01-22,127.180000,127.180000,127.180000,127.180000,127.180000,0
2018-01-23,122.949997,122.949997,122.949997,122.949997,122.949997,0
2018-01-24,120.199997,120.199997,120.199997,120.199997,120.199997,0
2018-01-25,121.870003,121.870003,121.870003,121.870003,121.870003,0
2018-01-26,117.989998,117.989998,117.989998,117.989998,117.989998,0
2018-01-29,118.800003,118.800003,118.800003,118.800003,118.800003,0
2018-01-30,122.849998,122.849998,122.849998,122.849998,122.849998,0
2018-01-31,121.230003,121.230003,121.230003,121.230003,121.230003,0
2018-02-01,120.589996,120.589996,120.589996,120.589996,120.589996,0
2018-02-02,126.449997,126.449997,126.449997,126.449997,126.449997,0
2018-02-06,129.610001,129.610001,129.610001,129.610001,129.610001,0
2018-02-07,136.899994,136.899994,136.899994,136.899994,136.899994,0
2018-02-08,130.919998,130.919998,130.919998,130.919998,130.919998,0
2018-02-09,128.509995,128.509995,128.509995,128.509995,128.509995,0
2018-02-12,148.020004,148.020004,148.020004,148.020004,148.020004,0
2018-02-13,143.070007,143.070007,143.070007,143.070007,143.070007,0
2018-02-14,127.839996,127.839996,127.839996,127.839996,127.839996,0
2018-02-15,131.669998,131.669998,131.669998,131.669998,131.669998,0
2018-02-20,131.630005,131.630005,131.630005,131.630005,131.630005,0
2018-02-21,130.029999,130.029999,130.029999,130.029999,130.029999,0
2018-02-22,134.309998,134.309998,134.309998,134.309998,134.309998,0
2018-02-23,139.199997,139.199997,139.199997,139.199997,139.199997,0
2018-02-26,131.720001,131.720001,131.720001,131.720001,131.720001,0
2018-02-27,132.270004,132.270004,132.270004,132.270004,132.270004,0
2018-02-28,138.949997,138.949997,138.949997,138.949997,138.949997,0
2018-03-01,136.539993,136.539993,136.539993,136.539993,136.539993,0
2018-03-02,127.480003,127.480003,127.480003,127.480003,127.480003,0
2018-03-05,130.119995,130.119995,130.119995,130.119995,130.119995,0
2018-03-06,128.410004,128.410004,128.410004,128.410004,128.410004,0
2018-03-07,128.169998,128.169998,128.169998,128.169998,128.169998,0
2018-03-08,129.619995,129.619995,129.619995,129.619995,129.619995,0
2018-03-09,127.790001,127.790001,127.790001,127.790001,127.790001,0
2018-03-12,141.979996,141.979996,141.979996,141.979996,141.979996,0
2018-03-13,140.429993,140.429993,140.429993,140.429993,140.429993,0
2018-03-14,141.660004,141.660004,141.660004,141.660004,141.660004,0
2018-03-15,146.550003,146.550003,146.550003,146.550003,146.550003,0
2018-03-16,147.350006,147.350006,147.350006,147.350006,147.350006,0
2018-03-19,143.960007,143.960007,143.960007,143.960007,143.960007,0
2018-03-20,139.520004,139.520004,139.520004,139.520004,139.520004,0
2018-03-22,131.520004,131.520004,131.520004,131.520004,131.520004,0
2018-03-23,130.789993,130.789993,130.789993,130.789993,130.789993,0
2018-03-26,128.960007,128.960007,128.960007,128.960007,128.960007,0
2018-03-27,128.649994,128.649994,128.649994,128.649994,128.649994,0
2018-03-28,128.330002,128.330002,128.330002,128.330002,128.330002,0
2018-03-29,119.339996,119.339996,119.339996,119.339996,119.339996,0
2018-04-02,119.680000,119.680000,119.680000,119.680000,119.680000,0
2018-04-03,118.379997,118.379997,118.379997,118.379997,118.379997,0
2018-04-04,119.230003,119.230003,119.230003,119.230003,119.230003,0
2018-04-05,121.510002,121.510002,121.510002,121.510002,121.510002,0
2018-04-06,122.389999,122.389999,122.389999,122.389999,122.389999,0
2018-04-09,119.900002,119.900002,119.900002,119.900002,119.900002,0
2018-04-10,121.250000,121.250000,121.250000,121.250000,121.250000,0
2018-04-11,122.269997,122.269997,122.269997,122.269997,122.269997,0
2018-04-12,122.290001,122.290001,122.290001,122.290001,122.290001,0
2018-04-13,126.000000,126.000000,126.000000,126.000000,126.000000,0
2018-04-16,131.470001,131.470001,131.470001,131.470001,131.470001,0
2018-04-17,130.570007,130.570007,130.570007,130.570007,130.570007,0
2018-04-18,146.259995,146.259995,146.259995,146.259995,146.259995,0
2018-04-19,138.199997,138.199997,138.199997,138.199997,138.199997,0
2018-04-20,133.070007,133.070007,133.070007,133.070007,133.070007,0
2018-04-23,126.480003,126.480003,126.480003,126.480003,126.480003,0
2018-04-24,126.500000,126.500000,126.500000,126.500000,126.500000,0
2018-04-25,124.290001,124.290001,124.290001,124.290001,124.290001,0
2018-04-26,127.080002,127.080002,127.080002,127.080002,127.080002,0
2018-04-27,128.399994,128.399994,128.399994,128.399994,128.399994,0
2018-04-30,130.770004,130.770004,130.770004,130.770004,130.770004,0
2018-05-01,128.210007,128.210007,128.210007,128.210007,128.210007,0
2018-05-02,122.419998,122.419998,122.419998,122.419998,122.419998,0
2018-05-03,126.790001,126.790001,126.790001,126.790001,126.790001,0
2018-05-04,127.370003,127.370003,127.370003,127.370003,127.370003,0
2018-05-07,123.040001,123.040001,123.040001,123.040001,123.040001,0
2018-05-08,125.099998,125.099998,125.099998,125.099998,125.099998,0
2018-05-09,126.050003,126.050003,126.050003,126.050003,126.050003,0
2018-05-10,129.350006,129.350006,129.350006,129.350006,129.350006,0
2018-05-14,133.970001,133.970001,133.970001,133.970001,133.970001,0
2018-05-15,136.759995,136.759995,136.759995,136.759995,136.759995,0
2018-05-16,134.449997,134.449997,134.449997,134.449997,134.449997,0
2018-05-17,134.779999,134.779999,134.779999,134.779999,134.779999,0
2018-05-18,133.320007,133.320007,133.320007,133.320007,133.320007,0
2018-05-21,134.020004,134.020004,134.020004,134.020004,134.020004,0
2018-05-22,134.610001,134.610001,134.610001,134.610001,134.610001,0
2018-05-23,135.610001,135.610001,135.610001,135.610001,135.610001,0
2018-05-24,139.240005,139.240005,139.240005,139.240005,139.240005,0
2018-05-25,140.779999,140.779999,140.779999,140.779999,140.779999,0
2018-05-29,141.839996,141.839996,141.839996,141.839996,141.839996,0
2018-05-30,143.889999,143.889999,143.889999,143.889999,143.889999,0
2018-06-01,134.529999,134.529999,134.529999,134.529999,134.529999,0
2018-06-04,132.699997,132.699997,132.699997,132.699997,132.699997,0
2018-06-05,132.580002,132.580002,132.580002,132.580002,132.580002,0
2018-06-06,136.570007,136.570007,136.570007,136.570007,136.570007,0
2018-06-07,133.839996,133.839996,133.839996,133.839996,133.839996,0
2018-06-08,133.110001,133.110001,133.110001,133.110001,133.110001,0
2018-06-11,138.929993,138.929993,138.929993,138.929993,138.929993,0
2018-06-12,142.820007,142.820007,142.820007,142.820007,142.820007,0
2018-06-13,141.740005,141.740005,141.740005,141.740005,141.740005,0
2018-06-14,142.389999,142.389999,142.389999,142.389999,142.389999,0
2018-06-15,140.919998,140.919998,140.919998,140.919998,140.919998,0
2018-06-18,140.919998,140.919998,140.919998,140.919998,140.919998,0
2018-06-19,139.350006,139.350006,139.350006,139.350006,139.350006,0
2018-06-20,140.820007,140.820007,140.820007,140.820007,140.820007,0
2018-06-21,139.940002,139.940002,139.940002,139.940002,139.940002,0
2018-06-22,140.539993,140.539993,140.539993,140.539993,140.539993,0
2018-06-25,134.660004,134.660004,134.660004,134.660004,134.660004,0
2018-06-26,134.919998,134.919998,134.919998,134.919998,134.919998,0
2018-06-27,131.300003,131.300003,131.300003,131.300003,131.300003,0
2018-06-28,136.339996,136.339996,136.339996,136.339996,136.339996,0
2018-06-29,141.720001,141.720001,141.720001,141.720001,141.720001,0
2018-07-02,140.889999,140.889999,140.889999,140.889999,140.889999,0
2018-07-03,134.570007,134.570007,134.570007,134.570007,134.570007,0
2018-07-05,139.860001,139.860001,139.860001,139.860001,139.860001,0
2018-07-06,141.020004,141.020004,141.020004,141.020004,141.020004,0
2018-07-09,138.960007,138.960007,138.960007,138.960007,138.960007,0
2018-07-10,139.259995,139.259995,139.259995,139.259995,139.259995,0
2018-07-11,136.850006,136.850006,136.850006,136.850006,136.850006,0
2018-07-12,138.220001,138.220001,138.220001,138.220001,138.220001,0
2018-07-13,142.479996,142.479996,142.479996,142.479996,142.479996,0
2018-07-16,148.160004,148.160004,148.160004,148.160004,148.160004,0
2018-07-17,149.580002,149.580002,149.580002,149.580002,149.580002,0
2018-07-18,154.250000,154.250000,154.250000,154.250000,154.250000,0
2018-07-19,150.979996,150.979996,150.979996,150.979996,150.979996,0
2018-07-20,152.720001,152.720001,152.720001,152.720001,152.720001,0
2018-07-23,153.779999,153.779999,153.779999,153.779999,153.779999,0
2018-07-24,145.940002,145.940002,145.940002,145.940002,145.940002,0
2018-07-25,145.089996,145.089996,145.089996,145.089996,145.089996,0
2018-07-26,142.179993,142.179993,142.179993,142.179993,142.179993,0
2018-07-27,144.570007,144.570007,144.570007,144.570007,144.570007,0
2018-07-30,141.570007,141.570007,141.570007,141.570007,141.570007,0
2018-07-31,144.490005,144.490005,144.490005,144.490005,144.490005,0
2018-08-01,142.770004,142.770004,142.770004,142.770004,142.770004,0
2018-08-02,143.830002,143.830002,143.830002,143.830002,143.830002,0
2018-08-03,146.190002,146.190002,146.190002,146.190002,146.190002,0
2018-08-06,142.009995,142.009995,142.009995,142.009995,142.009995,0
2018-08-07,138.940002,138.940002,138.940002,138.940002,138.940002,0
2018-08-08,139.839996,139.839996,139.839996,139.839996,139.839996,0
2018-08-09,138.610001,138.610001,138.610001,138.610001,138.610001,0
2018-08-10,149.199997,149.199997,149.199997,149.199997,149.199997,0
2018-08-13,159.029999,159.029999,159.029999,159.029999,159.029999,0
2018-08-14,152.410004,152.410004,152.410004,152.410004,152.410004,0
2018-08-15,148.399994,148.399994,148.399994,148.399994,148.399994,0
2018-08-16,148.449997,148.449997,148.449997,148.449997,148.449997,0
2018-08-17,146.009995,146.009995,146.009995,146.009995,146.009995,0
2018-08-20,145.550003,145.550003,145.550003,145.550003,145.550003,0
2018-08-21,144.699997,144.699997,144.699997,144.699997,144.699997,0
2018-08-22,143.750000,143.750000,143.750000,143.750000,143.750000,0
2018-08-23,147.380005,147.380005,147.380005,147.380005,147.380005,0
2018-08-24,148.199997,148.199997,148.199997,148.199997,148.199997,0
2018-08-27,144.850006,144.850006,144.850006,144.850006,144.850006,0
2018-08-28,140.880005,140.880005,140.880005,140.880005,140.880005,0
2018-08-29,140.759995,140.759995,140.759995,140.759995,140.759995,0
2018-08-30,141.820007,141.820007,141.820007,141.820007,141.820007,0
2018-08-31,146.910004,146.910004,146.910004,146.910004,146.910004,0
2018-09-04,142.179993,142.179993,142.179993,142.179993,142.179993,0
2018-09-05,142.220001,142.220001,142.220001,142.220001,142.220001,0
2018-09-06,140.559998,140.559998,140.559998,140.559998,140.559998,0
2018-09-07,145.869995,145.869995,145.869995,145.869995,145.869995,0
2018-09-10,144.880005,144.880005,144.880005,144.880005,144.880005,0
2018-09-11,147.880005,147.880005,147.880005,147.880005,147.880005,0
2018-09-12,148.750000,148.750000,148.750000,148.750000,148.750000,0
2018-09-13,150.639999,150.639999,150.639999,150.639999,150.639999,0
2018-09-14,151.589996,151.589996,151.589996,151.589996,151.589996,0
2018-09-17,150.949997,150.949997,150.949997,150.949997,150.949997,0
2018-09-18,151.369995,151.369995,151.369995,151.369995,151.369995,0
2018-09-19,145.190002,145.190002,145.190002,145.190002,145.190002,0
2018-09-20,144.839996,144.839996,144.839996,144.839996,144.839996,0
2018-09-21,141.550003,141.550003,141.550003,141.550003,141.550003,0
2018-09-24,138.839996,138.839996,138.839996,138.839996,138.839996,0
2018-09-25,137.679993,137.679993,137.679993,137.679993,137.679993,0
2018-09-26,140.979996,140.979996,140.979996,140.979996,140.979996,0
2018-09-27,142.100006,142.100006,142.100006,142.100006,142.100006,0
2018-09-28,144.429993,144.429993,144.429993,144.429993,144.429993,0
2018-10-01,141.520004,141.520004,141.520004,141.520004,141.520004,0
2018-10-02,137.979996,137.979996,137.979996,137.979996,137.979996,0
2018-10-03,136.330002,136.330002,136.330002,136.330002,136.330002,0
2018-10-05,130.279999,130.279999,130.279999,130.279999,130.279999,0
2018-10-08,129.639999,129.639999,129.639999,129.639999,129.639999,0
2018-10-09,128.979996,128.979996,128.979996,128.979996,128.979996,0
2018-10-10,127.650002,127.650002,127.650002,127.650002,127.650002,0
2018-10-11,130.850006,130.850006,130.850006,130.850006,130.850006,0
2018-10-12,125.510002,125.510002,125.510002,125.510002,125.510002,0
2018-10-15,128.320007,128.320007,128.320007,128.320007,128.320007,0
2018-10-16,132.149994,132.149994,132.149994,132.149994,132.149994,0
2018-10-17,130.649994,130.649994,130.649994,130.649994,130.649994,0
2018-10-18,125.959999,125.959999,125.959999,125.959999,125.959999,0
2018-10-19,124.940002,124.940002,124.940002,124.940002,124.940002,0
2018-10-22,125.680000,125.680000,125.680000,125.680000,125.680000,0
2018-10-23,126.540001,126.540001,126.540001,126.540001,126.540001,0
2018-10-24,128.910004,128.910004,128.910004,128.910004,128.910004,0
2018-10-25,125.260002,125.260002,125.260002,125.260002,125.260002,0
2018-10-26,121.699997,121.699997,121.699997,121.699997,121.699997,0
2018-10-29,120.830002,120.830002,120.830002,120.830002,120.830002,0
2018-10-30,118.110001,118.110001,118.110001,118.110001,118.110001,0
2018-10-31,117.639999,117.639999,117.639999,117.639999,117.639999,0
2018-11-01,118.279999,118.279999,118.279999,118.279999,118.279999,0
2018-11-02,115.730003,115.730003,115.730003,115.730003,115.730003,0
2018-11-05,118.889999,118.889999,118.889999,118.889999,118.889999,0
2018-11-06,119.930000,119.930000,119.930000,119.930000,119.930000,0
2018-11-07,120.559998,120.559998,120.559998,120.559998,120.559998,0
2018-11-08,121.849998,121.849998,121.849998,121.849998,121.849998,0
2018-11-09,120.059998,120.059998,120.059998,120.059998,120.059998,0
2018-11-13,122.059998,122.059998,122.059998,122.059998,122.059998,0
2018-11-14,120.680000,120.680000,120.680000,120.680000,120.680000,0
2018-11-15,120.760002,120.760002,120.760002,120.760002,120.760002,0
2018-11-16,118.709999,118.709999,118.709999,118.709999,118.709999,0
2018-11-19,115.790001,115.790001,115.790001,115.790001,115.790001,0
2018-11-20,119.550003,119.550003,119.550003,119.550003,119.550003,0
2018-11-21,119.309998,119.309998,119.309998,119.309998,119.309998,0
2018-11-23,117.209999,117.209999,117.209999,117.209999,117.209999,0
2018-11-26,117.570000,117.570000,117.570000,117.570000,117.570000,0
2018-11-27,115.830002,115.830002,115.830002,115.830002,115.830002,0
2018-11-28,115.959999,115.959999,115.959999,115.959999,115.959999,0
2018-11-29,115.489998,115.489998,115.489998,115.489998,115.489998,0
2018-11-30,114.709999,114.709999,114.709999,114.709999,114.709999,0
2018-12-03,118.459999,118.459999,118.459999,118.459999,118.459999,0
2018-12-04,117.760002,117.760002,117.760002,117.760002,117.760002,0
2018-12-06,116.680000,116.680000,116.680000,116.680000,116.680000,0
2018-12-07,114.300003,114.300003,114.300003,114.300003,114.300003,0
2018-12-10,117.639999,117.639999,117.639999,117.639999,117.639999,0
2018-12-11,116.800003,116.800003,116.800003,116.800003,116.800003,0
2018-12-12,116.779999,116.779999,116.779999,116.779999,116.779999,0
2018-12-13,117.029999,117.029999,117.029999,117.029999,117.029999,0
2018-12-14,118.599998,118.599998,118.599998,118.599998,118.599998,0
2018-12-17,123.959999,123.959999,123.959999,123.959999,123.959999,0
2018-12-18,124.230003,124.230003,124.230003,124.230003,124.230003,0
2018-12-19,125.379997,125.379997,125.379997,125.379997,125.379997,0
2018-12-20,124.070000,124.070000,124.070000,124.070000,124.070000,0
2018-12-21,122.169998,122.169998,122.169998,122.169998,122.169998,0
2018-12-24,118.269997,118.269997,118.269997,118.269997,118.269997,0
2018-12-26,116.470001,116.470001,116.470001,116.470001,116.470001,0
2018-12-27,115.180000,115.180000,115.180000,115.180000,115.180000,0
2018-12-28,117.260002,117.260002,117.260002,117.260002,117.260002,0
2019-01-02,116.059998,116.059998,116.059998,116.059998,116.059998,0
2019-01-03,112.220001,112.220001,112.220001,112.220001,112.220001,0
2019-01-04,111.440002,111.440002,111.440002,111.440002,111.440002,0
2019-01-07,113.559998,113.559998,113.559998,113.559998,113.559998,0
2019-01-08,115.300003,115.300003,115.300003,115.300003,115.300003,0
2019-01-09,117.010002,117.010002,117.010002,117.010002,117.010002,0
2019-01-10,117.720001,117.720001,117.720001,117.720001,117.720001,0
2019-01-11,119.089996,119.089996,119.089996,119.089996,119.089996,0
2019-01-14,125.199997,125.199997,125.199997,125.199997,125.199997,0
2019-01-15,126.870003,126.870003,126.870003,126.870003,126.870003,0
2019-01-16,131.660004,131.660004,131.660004,131.660004,131.660004,0
2019-01-17,133.020004,133.020004,133.020004,133.020004,133.020004,0
2019-01-22,122.820000,122.820000,122.820000,122.820000,122.820000,0
2019-01-23,123.879997,123.879997,123.879997,123.879997,123.879997,0
2019-01-24,130.919998,130.919998,130.919998,130.919998,130.919998,0
2019-01-25,126.110001,126.110001,126.110001,126.110001,126.110001,0
2019-01-28,123.059998,123.059998,123.059998,123.059998,123.059998,0
2019-01-29,121.900002,121.900002,121.900002,121.900002,121.900002,0
2019-01-30,123.279999,123.279999,123.279999,123.279999,123.279999,0
2019-01-31,126.529999,126.529999,126.529999,126.529999,126.529999,0
2019-02-01,126.029999,126.029999,126.029999,126.029999,126.029999,0
2019-02-04,128.399994,128.399994,128.399994,128.399994,128.399994,0
2019-02-05,123.419998,123.419998,123.419998,123.419998,123.419998,0
2019-02-06,123.720001,123.720001,123.720001,123.720001,123.720001,0
2019-02-07,124.449997,124.449997,124.449997,124.449997,124.449997,0
2019-02-08,127.720001,127.720001,127.720001,127.720001,127.720001,0
2019-02-11,129.190002,129.190002,129.190002,129.190002,129.190002,0
2019-02-12,128.600006,128.600006,128.600006,128.600006,128.600006,0
2019-02-13,127.120003,127.120003,127.120003,127.120003,127.120003,0
2019-02-14,126.889999,126.889999,126.889999,126.889999,126.889999,0
2019-02-15,129.550003,129.550003,129.550003,129.550003,129.550003,0
2019-02-19,124.680000,124.680000,124.680000,124.680000,124.680000,0
2019-02-20,123.389999,123.389999,123.389999,123.389999,123.389999,0
2019-02-21,122.419998,122.419998,122.419998,122.419998,122.419998,0
2019-02-22,121.080002,121.080002,121.080002,121.080002,121.080002,0
2019-02-25,127.669998,127.669998,127.669998,127.669998,127.669998,0
2019-02-26,125.529999,125.529999,125.529999,125.529999,125.529999,0
2019-02-27,126.440002,126.440002,126.440002,126.440002,126.440002,0
2019-02-28,126.440002,126.440002,126.440002,126.440002,126.440002,0
2019-03-01,126.970001,126.970001,126.970001,126.970001,126.970001,0
2019-03-04,125.040001,125.040001,125.040001,125.040001,125.040001,0
2019-03-05,126.400002,126.400002,126.400002,126.400002,126.400002,0
2019-03-06,125.800003,125.800003,125.800003,125.800003,125.800003,0
2019-03-07,123.139999,123.139999,123.139999,123.139999,123.139999,0
2019-03-08,125.730003,125.730003,125.730003,125.730003,125.730003,0
2019-03-11,132.929993,132.929993,132.929993,132.929993,132.929993,0
2019-03-14,130.570007,130.570007,130.570007,130.570007,130.570007,0
2019-03-15,128.759995,128.759995,128.759995,128.759995,128.759995,0
2019-03-18,127.099998,127.099998,127.099998,127.099998,127.099998,0
2019-03-19,123.129997,123.129997,123.129997,123.129997,123.129997,0
2019-03-20,120.589996,120.589996,120.589996,120.589996,120.589996,0
2019-03-21,120.669998,120.669998,120.669998,120.669998,120.669998,0
2019-03-22,117.550003,117.550003,117.550003,117.550003,117.550003,0
2019-03-25,117.599998,117.599998,117.599998,117.599998,117.599998,0
2019-03-26,117.800003,117.800003,117.800003,117.800003,117.800003,0
2019-03-27,117.660004,117.660004,117.660004,117.660004,117.660004,0
2019-03-28,119.250000,119.250000,119.250000,119.250000,119.250000,0
2019-03-29,120.959999,120.959999,120.959999,120.959999,120.959999,0
2019-04-01,126.769997,126.769997,126.769997,126.769997,126.769997,0
2019-04-02,127.309998,127.309998,127.309998,127.309998,127.309998,0
2019-04-03,127.309998,127.309998,127.309998,127.309998,127.309998,0
2019-04-04,126.230003,126.230003,126.230003,126.230003,126.230003,0
2019-04-05,128.750000,128.750000,128.750000,128.750000,128.750000,0
2019-04-08,129.130005,129.130005,129.130005,129.130005,129.130005,0
2019-04-09,127.660004,127.660004,127.660004,127.660004,127.660004,0
2019-04-10,127.610001,127.610001,127.610001,127.610001,127.610001,0
2019-04-11,126.230003,126.230003,126.230003,126.230003,126.230003,0
2019-04-12,124.220001,124.220001,124.220001,124.220001,124.220001,0
2019-04-15,127.690002,127.690002,127.690002,127.690002,127.690002,0
2019-04-16,125.809998,125.809998,125.809998,125.809998,125.809998,0
2019-04-17,125.779999,125.779999,125.779999,125.779999,125.779999,0
2019-04-18,123.599998,123.599998,123.599998,123.599998,123.599998,0
2019-04-22,124.239998,124.239998,124.239998,124.239998,124.239998,0
2019-04-23,124.650002,124.650002,124.650002,124.650002,124.650002,0
2019-04-24,123.809998,123.809998,123.809998,123.809998,123.809998,0
2019-04-25,124.180000,124.180000,124.180000,124.180000,124.180000,0
2019-04-26,126.290001,126.290001,126.290001,126.290001,126.290001,0
2019-04-29,125.790001,125.790001,125.790001,125.790001,125.790001,0
2019-04-30,126.470001,126.470001,126.470001,126.470001,126.470001,0
2019-05-01,125.320000,125.320000,125.320000,125.320000,125.320000,0
2019-05-02,124.589996,124.589996,124.589996,124.589996,124.589996,0
2019-05-03,122.220001,122.220001,122.220001,122.220001,122.220001,0
2019-05-06,123.230003,123.230003,123.230003,123.230003,123.230003,0
2019-05-07,116.879997,116.879997,116.879997,116.879997,116.879997,0
2019-05-08,117.790001,117.790001,117.790001,117.790001,117.790001,0
2019-05-09,117.680000,117.680000,117.680000,117.680000,117.680000,0
2019-05-10,118.540001,118.540001,118.540001,118.540001,118.540001,0
2019-05-13,119.360001,119.360001,119.360001,119.360001,119.360001,0
2019-05-14,119.949997,119.949997,119.949997,119.949997,119.949997,0
2019-05-15,120.870003,120.870003,120.870003,120.870003,120.870003,0
2019-05-16,121.089996,121.089996,121.089996,121.089996,121.089996,0
2019-05-17,118.690002,118.690002,118.690002,118.690002,118.690002,0
2019-05-20,115.250000,115.250000,115.250000,115.250000,115.250000,0
2019-05-21,117.169998,117.169998,117.169998,117.169998,117.169998,0
2019-05-22,115.419998,115.419998,115.419998,115.419998,115.419998,0
2019-05-23,114.709999,114.709999,114.709999,114.709999,114.709999,0
2019-05-24,114.120003,114.120003,114.120003,114.120003,114.120003,0
2019-05-28,112.580002,112.580002,112.580002,112.580002,112.580002,0
2019-05-29,111.930000,111.930000,111.930000,111.930000,111.930000,0
2019-05-30,112.680000,112.680000,112.680000,112.680000,112.680000,0
2019-05-31,112.650002,112.650002,112.650002,112.650002,112.650002,0
2019-06-03,112.320000,112.320000,112.320000,112.320000,112.320000,0
2019-06-04,112.739998,112.739998,112.739998,112.739998,112.739998,0
2019-06-05,112.910004,112.910004,112.910004,112.910004,112.910004,0
2019-06-06,113.889999,113.889999,113.889999,113.889999,113.889999,0
2019-06-07,114.669998,114.669998,114.669998,114.669998,114.669998,0
2019-06-10,114.379997,114.379997,114.379997,114.379997,114.379997,0
2019-06-11,113.809998,113.809998,113.809998,113.809998,113.809998,0
2019-06-12,114.660004,114.660004,114.660004,114.660004,114.660004,0
2019-06-13,113.330002,113.330002,113.330002,113.330002,113.330002,0
2019-06-14,113.330002,113.330002,113.330002,113.330002,113.330002,0
2019-06-17,115.300003,115.300003,115.300003,115.300003,115.300003,0
2019-06-18,116.209999,116.209999,116.209999,116.209999,116.209999,0
2019-06-19,115.930000,115.930000,115.930000,115.930000,115.930000,0
2019-06-20,119.230003,119.230003,119.230003,119.230003,119.230003,0
2019-06-21,118.459999,118.459999,118.459999,118.459999,118.459999,0
2019-06-24,117.089996,117.089996,117.089996,117.089996,117.089996,0
2019-06-25,116.830002,116.830002,116.830002,116.830002,116.830002,0
2019-06-26,117.160004,117.160004,117.160004,117.160004,117.160004,0
2019-06-27,117.500000,117.500000,117.500000,117.500000,117.500000,0
2019-06-28,117.500000,117.500000,117.500000,117.500000,117.500000,0
2019-07-01,118.120003,118.120003,118.120003,118.120003,118.120003,0
2019-07-02,122.139999,122.139999,122.139999,122.139999,122.139999,0
2019-07-03,120.820000,120.820000,120.820000,120.820000,120.820000,0
2019-07-05,126.660004,126.660004,126.660004,126.660004,126.660004,0
2019-07-08,121.419998,121.419998,121.419998,121.419998,121.419998,0
2019-07-09,120.440002,120.440002,120.440002,120.440002,120.440002,0
2019-07-10,120.660004,120.660004,120.660004,120.660004,120.660004,0
2019-07-11,122.449997,122.449997,122.449997,122.449997,122.449997,0
2019-07-12,123.650002,123.650002,123.650002,123.650002,123.650002,0
2019-07-15,126.220001,126.220001,126.220001,126.220001,126.220001,0
2019-07-16,125.150002,125.150002,125.150002,125.150002,125.150002,0
2019-07-17,123.980003,123.980003,123.980003,123.980003,123.980003,0
2019-07-18,123.980003,123.980003,123.980003,123.980003,123.980003,0
2019-07-19,125.500000,125.500000,125.500000,125.500000,125.500000,0
2019-07-22,125.360001,125.360001,125.360001,125.360001,125.360001,0
2019-07-23,124.650002,124.650002,124.650002,124.650002,124.650002,0
2019-07-24,124.650002,124.650002,124.650002,124.650002,124.650002,0
2019-07-25,121.879997,121.879997,121.879997,121.879997,121.879997,0
2019-07-26,121.879997,121.879997,121.879997,121.879997,121.879997,0
2019-07-29,123.269997,123.269997,123.269997,123.269997,123.269997,0
2019-07-30,121.940002,121.940002,121.940002,121.940002,121.940002,0
2019-07-31,121.940002,121.940002,121.940002,121.940002,121.940002,0
2019-08-01,121.709999,121.709999,121.709999,121.709999,121.709999,0
2019-08-02,117.070000,117.070000,117.070000,117.070000,117.070000,0
2019-08-05,117.250000,117.250000,117.250000,117.250000,117.250000,0
2019-08-06,113.300003,113.300003,113.300003,113.300003,113.300003,0
2019-08-07,114.199997,114.199997,114.199997,114.199997,114.199997,0
2019-08-08,113.959999,113.959999,113.959999,113.959999,113.959999,0
2019-08-09,117.709999,117.709999,117.709999,117.709999,117.709999,0
2019-08-12,116.339996,116.339996,116.339996,116.339996,116.339996,0
2019-08-13,115.150002,115.150002,115.150002,115.150002,115.150002,0
2019-08-14,117.580002,117.580002,117.580002,117.580002,117.580002,0
2019-08-15,113.480003,113.480003,113.480003,113.480003,113.480003,0
2019-08-16,112.519997,112.519997,112.519997,112.519997,112.519997,0
2019-08-19,115.839996,115.839996,115.839996,115.839996,115.839996,0
2019-08-20,116.480003,116.480003,116.480003,116.480003,116.480003,0
2019-08-21,114.779999,114.779999,114.779999,114.779999,114.779999,0
2019-08-22,114.480003,114.480003,114.480003,114.480003,114.480003,0
2019-08-23,114.459999,114.459999,114.459999,114.459999,114.459999,0
2019-08-26,112.620003,112.620003,112.620003,112.620003,112.620003,0
2019-08-27,113.070000,113.070000,113.070000,113.070000,113.070000,0
2019-08-28,113.650002,113.650002,113.650002,113.650002,113.650002,0
2019-08-29,113.650002,113.650002,113.650002,113.650002,113.650002,0
2019-08-30,115.019997,115.019997,115.019997,115.019997,115.019997,0
2019-09-03,114.680000,114.680000,114.680000,114.680000,114.680000,0
2019-09-04,115.989998,115.989998,115.989998,115.989998,115.989998,0
2019-09-05,115.989998,115.989998,115.989998,115.989998,115.989998,0
2019-09-06,118.870003,118.870003,118.870003,118.870003,118.870003,0
2019-09-09,118.790001,118.790001,118.790001,118.790001,118.790001,0
2019-09-10,119.010002,119.010002,119.010002,119.010002,119.010002,0
2019-09-11,119.949997,119.949997,119.949997,119.949997,119.949997,0
2019-09-12,119.949997,119.949997,119.949997,119.949997,119.949997,0
2019-09-13,118.400002,118.400002,118.400002,118.400002,118.400002,0
2019-09-16,119.160004,119.160004,119.160004,119.160004,119.160004,0
2019-09-17,117.940002,117.940002,117.940002,117.940002,117.940002,0
2019-09-18,117.940002,117.940002,117.940002,117.940002,117.940002,0
2019-09-19,118.769997,118.769997,118.769997,118.769997,118.769997,0
2019-09-20,118.769997,118.769997,118.769997,118.769997,118.769997,0
2019-09-23,117.500000,117.500000,117.500000,117.500000,117.500000,0
2019-09-24,118.010002,118.010002,118.010002,118.010002,118.010002,0
2019-09-25,117.980003,117.980003,117.980003,117.980003,117.980003,0
2019-09-26,117.510002,117.510002,117.510002,117.510002,117.510002,0
2019-09-27,116.610001,116.610001,116.610001,116.610001,116.610001,0
2019-09-30,116.610001,116.610001,116.610001,116.610001,116.610001,0
2019-10-01,117.669998,117.669998,117.669998,117.669998,117.669998,0
2019-10-02,114.010002,114.010002,114.010002,114.010002,114.010002,0
2019-10-03,111.470001,111.470001,111.470001,111.470001,111.470001,0
2019-10-04,114.540001,114.540001,114.540001,114.540001,114.540001,0
2019-10-07,114.540001,114.540001,114.540001,114.540001,114.540001,0
2019-10-08,118.760002,118.760002,118.760002,118.760002,118.760002,0
2019-10-09,118.419998,118.419998,118.419998,118.419998,118.419998,0
2019-10-10,119.949997,119.949997,119.949997,119.949997,119.949997,0
2019-10-11,120.849998,120.849998,120.849998,120.849998,120.849998,0
2019-10-14,122.400002,122.400002,122.400002,122.400002,122.400002,0
2019-10-15,124.849998,124.849998,124.849998,124.849998,124.849998,0
2019-10-16,127.169998,127.169998,127.169998,127.169998,127.169998,0
2019-10-17,128.009995,128.009995,128.009995,128.009995,128.009995,0
2019-10-18,128.009995,128.009995,128.009995,128.009995,128.009995,0
2019-10-21,128.440002,128.440002,128.440002,128.440002,128.440002,0
2019-10-22,125.790001,125.790001,125.790001,125.790001,125.790001,0
2019-10-23,125.790001,125.790001,125.790001,125.790001,125.790001,0
2019-10-24,125.220001,125.220001,125.220001,125.220001,125.220001,0
2019-10-25,125.699997,125.699997,125.699997,125.699997,125.699997,0
2019-10-28,125.699997,125.699997,125.699997,125.699997,125.699997,0
2019-10-29,125.260002,125.260002,125.260002,125.260002,125.260002,0
2019-10-30,127.290001,127.290001,127.290001,127.290001,127.290001,0
2019-10-31,129.639999,129.639999,129.639999,129.639999,129.639999,0
2019-11-01,130.710007,130.710007,130.710007,130.710007,130.710007,0
2019-11-04,129.740005,129.740005,129.740005,129.740005,129.740005,0
2019-11-05,129.740005,129.740005,129.740005,129.740005,129.740005,0
2019-11-06,126.779999,126.779999,126.779999,126.779999,126.779999,0
2019-11-07,124.680000,124.680000,124.680000,124.680000,124.680000,0
2019-11-08,124.680000,124.680000,124.680000,124.680000,124.680000,0
2019-11-11,123.300003,123.300003,123.300003,123.300003,123.300003,0
2019-11-12,123.849998,123.849998,123.849998,123.849998,123.849998,0
2019-11-13,123.180000,123.180000,123.180000,123.180000,123.180000,0
2019-11-14,124.610001,124.610001,124.610001,124.610001,124.610001,0
2019-11-15,126.279999,126.279999,126.279999,126.279999,126.279999,0
2019-11-18,126.589996,126.589996,126.589996,126.589996,126.589996,0
2019-11-19,127.459999,127.459999,127.459999,127.459999,127.459999,0
2019-11-20,127.459999,127.459999,127.459999,127.459999,127.459999,0
2019-11-21,125.639999,125.639999,125.639999,125.639999,125.639999,0
2019-11-22,124.870003,124.870003,124.870003,124.870003,124.870003,0
2019-11-25,125.529999,125.529999,125.529999,125.529999,125.529999,0
2019-11-26,128.649994,128.649994,128.649994,128.649994,128.649994,0
2019-11-27,130.279999,130.279999,130.279999,130.279999,130.279999,0
2019-11-29,130.369995,130.369995,130.369995,130.369995,130.369995,0
2019-12-02,129.830002,129.830002,129.830002,129.830002,129.830002,0
2019-12-03,126.349998,126.349998,126.349998,126.349998,126.349998,0
2019-12-04,123.309998,123.309998,123.309998,123.309998,123.309998,0
2019-12-05,123.639999,123.639999,123.639999,123.639999,123.639999,0
2019-12-06,131.479996,131.479996,131.479996,131.479996,131.479996,0
2019-12-09,136.559998,136.559998,136.559998,136.559998,136.559998,0
2019-12-10,135.000000,135.000000,135.000000,135.000000,135.000000,0
2019-12-11,134.369995,134.369995,134.369995,134.369995,134.369995,0
2019-12-12,132.679993,132.679993,132.679993,132.679993,132.679993,0
2019-12-13,144.509995,144.509995,144.509995,144.509995,144.509995,0
2019-12-16,143.850006,143.850006,143.850006,143.850006,143.850006,0
2019-12-17,137.479996,137.479996,137.479996,137.479996,137.479996,0
2019-12-18,144.559998,144.559998,144.559998,144.559998,144.559998,0
2019-12-19,150.139999,150.139999,150.139999,150.139999,150.139999,0
2019-12-20,147.169998,147.169998,147.169998,147.169998,147.169998,0
2019-12-23,143.910004,143.910004,143.910004,143.910004,143.910004,0
2019-12-24,143.910004,143.910004,143.910004,143.910004,143.910004,0
2019-12-26,143.070007,143.070007,143.070007,143.070007,143.070007,0
2019-12-27,143.070007,143.070007,143.070007,143.070007,143.070007,0
2019-12-30,140.289993,140.289993,140.289993,140.289993,140.289993,0
2019-12-31,139.520004,139.520004,139.520004,139.520004,139.520004,0
2020-01-02,137.699997,137.699997,137.699997,137.699997,137.699997,0
2020-01-03,133.460007,133.460007,133.460007,133.460007,133.460007,0
2020-01-06,132.509995,132.509995,132.509995,132.509995,132.509995,0
2020-01-07,129.779999,129.779999,129.779999,129.779999,129.779999,0
2020-01-08,136.419998,136.419998,136.419998,136.419998,136.419998,0
2020-01-09,133.470001,133.470001,133.470001,133.470001,133.470001,0
2020-01-10,128.149994,128.149994,128.149994,128.149994,128.149994,0
2020-01-13,131.270004,131.270004,131.270004,131.270004,131.270004,0
2020-01-14,130.820007,130.820007,130.820007,130.820007,130.820007,0
2020-01-15,130.820007,130.820007,130.820007,130.820007,130.820007,0
2020-01-16,133.130005,133.130005,133.130005,133.130005,133.130005,0
2020-01-17,134.619995,134.619995,134.619995,134.619995,134.619995,0
2020-01-21,132.699997,132.699997,132.699997,132.699997,132.699997,0
2020-01-22,129.929993,129.929993,129.929993,129.929993,129.929993,0
2020-01-23,131.759995,131.759995,131.759995,131.759995,131.759995,0
2020-01-24,127.019997,127.019997,127.019997,127.019997,127.019997,0
2020-01-27,127.019997,127.019997,127.019997,127.019997,127.019997,0
2020-01-28,127.209999,127.209999,127.209999,127.209999,127.209999,0
2020-01-29,125.150002,125.150002,125.150002,125.150002,125.150002,0
2020-01-30,125.150002,125.150002,125.150002,125.150002,125.150002,0
2020-01-31,135.729996,135.729996,135.729996,135.729996,135.729996,0
2020-02-03,127.699997,127.699997,127.699997,127.699997,127.699997,0
2020-02-04,127.699997,127.699997,127.699997,127.699997,127.699997,0
2020-02-05,129.779999,129.779999,129.779999,129.779999,129.779999,0
2020-02-06,129.779999,129.779999,129.779999,129.779999,129.779999,0
2020-02-07,134.479996,134.479996,134.479996,134.479996,134.479996,0
2020-02-10,133.289993,133.289993,133.289993,133.289993,133.289993,0
2020-02-11,133.289993,133.289993,133.289993,133.289993,133.289993,0
2020-02-12,133.199997,133.199997,133.199997,133.199997,133.199997,0
2020-02-13,133.039993,133.039993,133.039993,133.039993,133.039993,0
2020-02-14,133.039993,133.039993,133.039993,133.039993,133.039993,0
2020-02-18,137.660004,137.660004,137.660004,137.660004,137.660004,0
2020-02-19,141.809998,141.809998,141.809998,141.809998,141.809998,0
2020-02-20,137.119995,137.119995,137.119995,137.119995,137.119995,0
2020-02-21,137.119995,137.119995,137.119995,137.119995,137.119995,0
2020-02-24,135.139999,135.139999,135.139999,135.139999,135.139999,0
2020-02-25,130.789993,130.789993,130.789993,130.789993,130.789993,0
2020-02-26,130.649994,130.649994,130.649994,130.649994,130.649994,0
2020-02-27,130.649994,130.649994,130.649994,130.649994,130.649994,0
2020-02-28,130.820007,130.820007,130.820007,130.820007,130.820007,0
2020-03-02,126.839996,126.839996,126.839996,126.839996,126.839996,0
2020-03-03,123.059998,123.059998,123.059998,123.059998,123.059998,0
2020-03-04,127.379997,127.379997,127.379997,127.379997,127.379997,0
2020-03-05,123.610001,123.610001,123.610001,123.610001,123.610001,0
2020-03-06,126.080002,126.080002,126.080002,126.080002,126.080002,0
2020-03-09,121.570000,121.570000,121.570000,121.570000,121.570000,0
2020-03-10,121.379997,121.379997,121.379997,121.379997,121.379997,0
2020-03-11,121.720001,121.720001,121.720001,121.720001,121.720001,0
2020-03-12,115.790001,115.790001,115.790001,115.790001,115.790001,0
2020-03-13,115.790001,115.790001,115.790001,115.790001,115.790001,0
2020-03-16,114.660004,114.660004,114.660004,114.660004,114.660004,0
2020-03-17,116.669998,116.669998,116.669998,116.669998,116.669998,0
2020-03-18,113.540001,113.540001,113.540001,113.540001,113.540001,0
2020-03-19,115.440002,115.440002,115.440002,115.440002,115.440002,0
2020-03-20,118.120003,118.120003,118.120003,118.120003,118.120003,0
2020-03-23,117.050003,117.050003,117.050003,117.050003,117.050003,0
2020-03-24,117.750000,117.750000,117.750000,117.750000,117.750000,0
2020-03-25,116.599998,116.599998,116.599998,116.599998,116.599998,0
2020-03-26,118.970001,118.970001,118.970001,118.970001,118.970001,0
2020-03-27,117.410004,117.410004,117.410004,117.410004,117.410004,0
2020-03-30,122.180000,122.180000,122.180000,122.180000,122.180000,0
2020-03-31,125.489998,125.489998,125.489998,125.489998,125.489998,0
2020-04-01,115.480003,115.480003,115.480003,115.480003,115.480003,0
2020-04-02,118.430000,118.430000,118.430000,118.430000,118.430000,0
2020-04-03,120.570000,120.570000,120.570000,120.570000,120.570000,0
2020-04-06,121.010002,121.010002,121.010002,121.010002,121.010002,0
2020-04-07,118.480003,118.480003,118.480003,118.480003,118.480003,0
2020-04-08,119.300003,119.300003,119.300003,119.300003,119.300003,0
2020-04-09,120.849998,120.849998,120.849998,120.849998,120.849998,0
2020-04-13,119.599998,119.599998,119.599998,119.599998,119.599998,0
2020-04-14,122.330002,122.330002,122.330002,122.330002,122.330002,0
2020-04-15,122.330002,122.330002,122.330002,122.330002,122.330002,0
2020-04-16,122.330002,122.330002,122.330002,122.330002,122.330002,0
2020-04-17,126.430000,126.430000,126.430000,126.430000,126.430000,0
2020-04-20,125.339996,125.339996,125.339996,125.339996,125.339996,0
2020-04-21,123.709999,123.709999,123.709999,123.709999,123.709999,0
2020-04-22,126.190002,126.190002,126.190002,126.190002,126.190002,0
2020-04-23,125.220001,125.220001,125.220001,125.220001,125.220001,0
2020-04-24,125.220001,125.220001,125.220001,125.220001,125.220001,0
2020-04-27,129.289993,129.289993,129.289993,129.289993,129.289993,0
2020-04-28,129.229996,129.229996,129.229996,129.229996,129.229996,0
2020-04-29,132.600006,132.600006,132.600006,132.600006,132.600006,0
2020-04-30,130.380005,130.380005,130.380005,130.380005,130.380005,0
2020-05-01,129.970001,129.970001,129.970001,129.970001,129.970001,0
2020-05-04,129.970001,129.970001,129.970001,129.970001,129.970001,0
2020-05-05,131.289993,131.289993,131.289993,131.289993,131.289993,0
2020-05-06,128.589996,128.589996,128.589996,128.589996,128.589996,0
2020-05-07,130.669998,130.669998,130.669998,130.669998,130.669998,0
2020-05-08,132.210007,132.210007,132.210007,132.210007,132.210007,0
2020-05-11,132.210007,132.210007,132.210007,132.210007,132.210007,0
2020-05-12,125.970001,125.970001,125.970001,125.970001,125.970001,0
2020-05-13,123.430000,123.430000,123.430000,123.430000,123.430000,0
2020-05-14,124.349998,124.349998,124.349998,124.349998,124.349998,0
2020-05-15,124.470001,124.470001,124.470001,124.470001,124.470001,0
2020-05-18,129.229996,129.229996,129.229996,129.229996,129.229996,0
2020-05-19,127.480003,127.480003,127.480003,127.480003,127.480003,0
2020-05-20,125.949997,125.949997,125.949997,125.949997,125.949997,0
2020-05-21,124.529999,124.529999,124.529999,124.529999,124.529999,0
2020-05-22,125.779999,125.779999,125.779999,125.779999,125.779999,0
2020-05-26,129.110001,129.110001,129.110001,129.110001,129.110001,0
2020-05-27,129.960007,129.960007,129.960007,129.960007,129.960007,0
2020-05-28,130.779999,130.779999,130.779999,130.779999,130.779999,0
2020-05-29,131.720001,131.720001,131.720001,131.720001,131.720001,0
2020-06-01,132.089996,132.089996,132.089996,132.089996,132.089996,0
2020-06-02,132.610001,132.610001,132.610001,132.610001,132.610001,0
2020-06-03,131.500000,131.500000,131.500000,131.500000,131.500000,0
2020-06-04,130.770004,130.770004,130.770004,130.770004,130.770004,0
2020-06-05,129.869995,129.869995,129.869995,129.869995,129.869995,0
2020-06-08,129.110001,129.110001,129.110001,129.110001,129.110001,0
2020-06-09,129.110001,129.110001,129.110001,129.110001,129.110001,0
2020-06-10,127.739998,127.739998,127.739998,127.739998,127.739998,0
2020-06-11,127.739998,127.739998,127.739998,127.739998,127.739998,0
2020-06-12,133.539993,133.539993,133.539993,133.539993,133.539993,0
2020-06-15,133.539993,133.539993,133.539993,133.539993,133.539993,0
2020-06-16,137.330002,137.330002,137.330002,137.330002,137.330002,0
2020-06-17,133.850006,133.850006,133.850006,133.850006,133.850006,0
2020-06-18,135.490005,135.490005,135.490005,135.490005,135.490005,0
2020-06-19,134.899994,134.899994,134.899994,134.899994,134.899994,0
2020-06-22,135.539993,135.539993,135.539993,135.539993,135.539993,0
2020-06-23,135.199997,135.199997,135.199997,135.199997,135.199997,0
2020-06-24,135.199997,135.199997,135.199997,135.199997,135.199997,0
2020-06-25,131.919998,131.919998,131.919998,131.919998,131.919998,0
2020-06-26,137.470001,137.470001,137.470001,137.470001,137.470001,0
2020-06-29,135.750000,135.750000,135.750000,135.750000,135.750000,0
2020-06-30,148.270004,148.270004,148.270004,148.270004,148.270004,0
2020-07-01,142.440002,142.440002,142.440002,142.440002,142.440002,0
2020-07-02,146.339996,146.339996,146.339996,146.339996,146.339996,0
2020-07-06,140.979996,140.979996,140.979996,140.979996,140.979996,0
2020-07-07,138.339996,138.339996,138.339996,138.339996,138.339996,0
2020-07-08,138.339996,138.339996,138.339996,138.339996,138.339996,0
2020-07-09,138.839996,138.839996,138.839996,138.839996,138.839996,0
2020-07-10,135.679993,135.679993,135.679993,135.679993,135.679993,0
2020-07-13,135.679993,135.679993,135.679993,135.679993,135.679993,0
2020-07-14,128.520004,128.520004,128.520004,128.520004,128.520004,0
2020-07-15,146.529999,146.529999,146.529999,146.529999,146.529999,0
2020-07-16,142.440002,142.440002,142.440002,142.440002,142.440002,0
2020-07-17,140.809998,140.809998,140.809998,140.809998,140.809998,0
2020-07-20,145.899994,145.899994,145.899994,145.899994,145.899994,0
2020-07-21,134.839996,134.839996,134.839996,134.839996,134.839996,0
2020-07-22,140.389999,140.389999,140.389999,140.389999,140.389999,0
2020-07-23,140.740005,140.740005,140.740005,140.740005,140.740005,0
2020-07-24,139.399994,139.399994,139.399994,139.399994,139.399994,0
2020-07-27,139.610001,139.610001,139.610001,139.610001,139.610001,0
2020-07-28,139.639999,139.639999,139.639999,139.639999,139.639999,0
2020-07-29,140.860001,140.860001,140.860001,140.860001,140.860001,0
2020-07-30,138.990005,138.990005,138.990005,138.990005,138.990005,0
2020-07-31,138.990005,138.990005,138.990005,138.990005,138.990005,0
2020-08-03,141.559998,141.559998,141.559998,141.559998,141.559998,0
2020-08-04,141.770004,141.770004,141.770004,141.770004,141.770004,0
2020-08-05,139.589996,139.589996,139.589996,139.589996,139.589996,0
2020-08-06,139.589996,139.589996,139.589996,139.589996,139.589996,0
2020-08-07,139.750000,139.750000,139.750000,139.750000,139.750000,0
2020-08-10,137.500000,137.500000,137.500000,137.500000,137.500000,0
2020-08-11,136.389999,136.389999,136.389999,136.389999,136.389999,0
2020-08-12,137.009995,137.009995,137.009995,137.009995,137.009995,0
2020-08-13,136.110001,136.110001,136.110001,136.110001,136.110001,0
2020-08-14,136.820007,136.820007,136.820007,136.820007,136.820007,0
2020-08-17,137.449997,137.449997,137.449997,137.449997,137.449997,0
2020-08-18,138.080002,138.080002,138.080002,138.080002,138.080002,0
2020-08-19,138.080002,138.080002,138.080002,138.080002,138.080002,0
2020-08-20,138.199997,138.199997,138.199997,138.199997,138.199997,0
2020-08-21,144.050003,144.050003,144.050003,144.050003,144.050003,0
2020-08-24,146.729996,146.729996,146.729996,146.729996,146.729996,0
2020-08-25,147.229996,147.229996,147.229996,147.229996,147.229996,0
2020-08-26,146.529999,146.529999,146.529999,146.529999,146.529999,0
2020-08-27,142.089996,142.089996,142.089996,142.089996,142.089996,0
2020-08-28,145.070007,145.070007,145.070007,145.070007,145.070007,0
2020-08-31,145.729996,145.729996,145.729996,145.729996,145.729996,0
2020-09-01,144.669998,144.669998,144.669998,144.669998,144.669998,0
2020-09-02,142.279999,142.279999,142.279999,142.279999,142.279999,0
2020-09-03,144.660004,144.660004,144.660004,144.660004,144.660004,0
2020-09-04,144.660004,144.660004,144.660004,144.660004,144.660004,0
2020-09-08,133.279999,133.279999,133.279999,133.279999,133.279999,0
2020-09-09,132.509995,132.509995,132.509995,132.509995,132.509995,0
2020-09-10,130.160004,130.160004,130.160004,130.160004,130.160004,0
2020-09-11,125.419998,125.419998,125.419998,125.419998,125.419998,0
2020-09-14,125.419998,125.419998,125.419998,125.419998,125.419998,0
2020-09-15,130.949997,130.949997,130.949997,130.949997,130.949997,0
2020-09-16,132.949997,132.949997,132.949997,132.949997,132.949997,0
2020-09-17,136.059998,136.059998,136.059998,136.059998,136.059998,0
2020-09-18,139.410004,139.410004,139.410004,139.410004,139.410004,0
2020-09-21,132.089996,132.089996,132.089996,132.089996,132.089996,0
2020-09-22,130.639999,130.639999,130.639999,130.639999,130.639999,0
2020-09-23,129.839996,129.839996,129.839996,129.839996,129.839996,0
2020-09-24,129.839996,129.839996,129.839996,129.839996,129.839996,0
2020-09-25,129.169998,129.169998,129.169998,129.169998,129.169998,0
2020-09-28,129.259995,129.259995,129.259995,129.259995,129.259995,0
2020-09-29,123.930000,123.930000,123.930000,123.930000,123.930000,0
2020-09-30,123.930000,123.930000,123.930000,123.930000,123.930000,0
2020-10-01,120.940002,120.940002,120.940002,120.940002,120.940002,0
2020-10-02,117.779999,117.779999,117.779999,117.779999,117.779999,0
2020-10-05,119.529999,119.529999,119.529999,119.529999,119.529999,0
2020-10-06,119.529999,119.529999,119.529999,119.529999,119.529999,0
2020-10-07,120.599998,120.599998,120.599998,120.599998,120.599998,0
2020-10-08,121.809998,121.809998,121.809998,121.809998,121.809998,0
2020-10-09,121.809998,121.809998,121.809998,121.809998,121.809998,0
2020-10-12,123.940002,123.940002,123.940002,123.940002,123.940002,0
2020-10-13,123.940002,123.940002,123.940002,123.940002,123.940002,0
2020-10-14,122.599998,122.599998,122.599998,122.599998,122.599998,0
2020-10-15,122.599998,122.599998,122.599998,122.599998,122.599998,0
2020-10-16,123.470001,123.470001,123.470001,123.470001,123.470001,0
2020-10-19,124.750000,124.750000,124.750000,124.750000,124.750000,0
2020-10-20,125.309998,125.309998,125.309998,125.309998,125.309998,0
2020-10-21,124.379997,124.379997,124.379997,124.379997,124.379997,0
2020-10-22,124.940002,124.940002,124.940002,124.940002,124.940002,0
2020-10-23,126.699997,126.699997,126.699997,126.699997,126.699997,0
2020-10-26,126.050003,126.050003,126.050003,126.050003,126.050003,0
2020-10-27,126.050003,126.050003,126.050003,126.050003,126.050003,0
2020-10-28,127.580002,127.580002,127.580002,127.580002,127.580002,0
2020-10-29,129.300003,129.300003,129.300003,129.300003,129.300003,0
2020-10-30,128.050003,128.050003,128.050003,128.050003,128.050003,0
2020-11-02,129.009995,129.009995,129.009995,129.009995,129.009995,0
2020-11-03,133.860001,133.860001,133.860001,133.860001,133.860001,0
2020-11-04,136.440002,136.440002,136.440002,136.440002,136.440002,0
2020-11-05,133.320007,133.320007,133.320007,133.320007,133.320007,0
2020-11-06,127.650002,127.650002,127.650002,127.650002,127.650002,0
2020-11-09,124.559998,124.559998,124.559998,124.559998,124.559998,0
2020-11-10,127.410004,127.410004,127.410004,127.410004,127.410004,0
2020-11-11,126.300003,126.300003,126.300003,126.300003,126.300003,0
2020-11-12,129.470001,129.470001,129.470001,129.470001,129.470001,0
2020-11-13,131.419998,131.419998,131.419998,131.419998,131.419998,0
2020-11-16,129.330002,129.330002,129.330002,129.330002,129.330002,0
2020-11-17,129.559998,129.559998,129.559998,129.559998,129.559998,0
2020-11-18,128.910004,128.910004,128.910004,128.910004,128.910004,0
2020-11-19,133.589996,133.589996,133.589996,133.589996,133.589996,0
2020-11-20,133.550003,133.550003,133.550003,133.550003,133.550003,0
2020-11-23,133.539993,133.539993,133.539993,133.539993,133.539993,0
2020-11-24,134.259995,134.259995,134.259995,134.259995,134.259995,0
2020-11-25,134.190002,134.190002,134.190002,134.190002,134.190002,0
2020-11-27,133.899994,133.899994,133.899994,133.899994,133.899994,0
2020-11-30,132.429993,132.429993,132.429993,132.429993,132.429993,0
2020-12-01,133.949997,133.949997,133.949997,133.949997,133.949997,0
2020-12-02,132.600006,132.600006,132.600006,132.600006,132.600006,0
2020-12-03,134.610001,134.610001,134.610001,134.610001,134.610001,0
2020-12-04,132.460007,132.460007,132.460007,132.460007,132.460007,0
2020-12-07,133.080002,133.080002,133.080002,133.080002,133.080002,0
2020-12-08,132.440002,132.440002,132.440002,132.440002,132.440002,0
2020-12-09,134.899994,134.899994,134.899994,134.899994,134.899994,0
2020-12-10,135.750000,135.750000,135.750000,135.750000,135.750000,0
2020-12-11,135.710007,135.710007,135.710007,135.710007,135.710007,0
2020-12-14,139.919998,139.919998,139.919998,139.919998,139.919998,0
2020-12-15,139.289993,139.289993,139.289993,139.289993,139.289993,0
2020-12-16,138.949997,138.949997,138.949997,138.949997,138.949997,0
2020-12-17,144.789993,144.789993,144.789993,144.789993,144.789993,0
2020-12-18,147.070007,147.070007,147.070007,147.070007,147.070007,0
2020-12-21,147.020004,147.020004,147.020004,147.020004,147.020004,0
2020-12-22,146.529999,146.529999,146.529999,146.529999,146.529999,0
2020-12-23,146.270004,146.270004,146.270004,146.270004,146.270004,0
2020-12-24,147.389999,147.389999,147.389999,147.389999,147.389999,0
2020-12-28,148.270004,148.270004,148.270004,148.270004,148.270004,0
2020-12-29,145.300003,145.300003,145.300003,145.300003,145.300003,0
2020-12-30,142.740005,142.740005,142.740005,142.740005,142.740005,0
2020-12-31,143.029999,143.029999,143.029999,143.029999,143.029999,0
2021-01-04,147.830002,147.830002,147.830002,147.830002,147.830002,0
2021-01-05,143.839996,143.839996,143.839996,143.839996,143.839996,0
2021-01-06,145.500000,145.500000,145.500000,145.500000,145.500000,0
2021-01-07,147.059998,147.059998,147.059998,147.059998,147.059998,0
2021-01-08,145.919998,145.919998,145.919998,145.919998,145.919998,0
2021-01-11,139.250000,139.250000,139.250000,139.250000,139.250000,0
2021-01-12,134.699997,134.699997,134.699997,134.699997,134.699997,0
2021-01-13,139.990005,139.990005,139.990005,139.990005,139.990005,0
2021-01-14,139.929993,139.929993,139.929993,139.929993,139.929993,0
2021-01-15,138.059998,138.059998,138.059998,138.059998,138.059998,0
2021-01-19,136.699997,136.699997,136.699997,136.699997,136.699997,0
2021-01-20,141.320007,141.320007,141.320007,141.320007,141.320007,0
2021-01-21,146.660004,146.660004,146.660004,146.660004,146.660004,0
2021-01-22,144.199997,144.199997,144.199997,144.199997,144.199997,0
2021-01-25,145.550003,145.550003,145.550003,145.550003,145.550003,0
2021-01-26,143.309998,143.309998,143.309998,143.309998,143.309998,0
2021-01-27,143.309998,143.309998,143.309998,143.309998,143.309998,0
2021-01-28,137.929993,137.929993,137.929993,137.929993,137.929993,0
2021-01-29,145.839996,145.839996,145.839996,145.839996,145.839996,0
2021-02-01,134.300003,134.300003,134.300003,134.300003,134.300003,0
2021-02-02,141.630005,141.630005,141.630005,141.630005,141.630005,0
2021-02-03,141.149994,141.149994,141.149994,141.149994,141.149994,0
2021-02-04,136.589996,136.589996,136.589996,136.589996,136.589996,0
2021-02-05,136.009995,136.009995,136.009995,136.009995,136.009995,0
2021-02-08,135.089996,135.089996,135.089996,135.089996,135.089996,0
2021-02-09,136.649994,136.649994,136.649994,136.649994,136.649994,0
2021-02-10,140.059998,140.059998,140.059998,140.059998,140.059998,0
2021-02-11,139.330002,139.330002,139.330002,139.330002,139.330002,0
2021-02-12,137.600006,137.600006,137.600006,137.600006,137.600006,0
2021-02-16,137.660004,137.660004,137.660004,137.660004,137.660004,0
2021-02-17,140.169998,140.169998,140.169998,140.169998,140.169998,0
2021-02-18,144.449997,144.449997,144.449997,144.449997,144.449997,0
2021-02-19,142.550003,142.550003,142.550003,142.550003,142.550003,0
2021-02-22,141.529999,141.529999,141.529999,141.529999,141.529999,0
2021-02-23,138.820007,138.820007,138.820007,138.820007,138.820007,0
2021-02-24,136.639999,136.639999,136.639999,136.639999,136.639999,0
2021-02-25,138.520004,138.520004,138.520004,138.520004,138.520004,0
2021-02-26,142.070007,142.070007,142.070007,142.070007,142.070007,0
2021-03-01,136.229996,136.229996,136.229996,136.229996,136.229996,0
2021-03-02,141.330002,141.330002,141.330002,141.330002,141.330002,0
2021-03-03,141.679993,141.679993,141.679993,141.679993,141.679993,0
2021-03-04,140.529999,140.529999,140.529999,140.529999,140.529999,0
2021-03-05,137.190002,137.190002,137.190002,137.190002,137.190002,0
2021-03-08,135.899994,135.899994,135.899994,135.899994,135.899994,0
2021-03-09,137.009995,137.009995,137.009995,137.009995,137.009995,0
2021-03-10,134.449997,134.449997,134.449997,134.449997,134.449997,0
2021-03-11,138.570007,138.570007,138.570007,138.570007,138.570007,0
2021-03-12,139.610001,139.610001,139.610001,139.610001,139.610001,0
2021-03-15,140.289993,140.289993,140.289993,140.289993,140.289993,0
2021-03-16,141.259995,141.259995,141.259995,141.259995,141.259995,0
2021-03-17,142.559998,142.559998,142.559998,142.559998,142.559998,0
2021-03-18,143.190002,143.190002,143.190002,143.190002,143.190002,0
2021-03-19,148.110001,148.110001,148.110001,148.110001,148.110001,0
2021-03-22,141.470001,141.470001,141.470001,141.470001,141.470001,0
2021-03-23,146.139999,146.139999,146.139999,146.139999,146.139999,0
2021-03-24,143.440002,143.440002,143.440002,143.440002,143.440002,0
2021-03-25,143.699997,143.699997,143.699997,143.699997,143.699997,0
2021-03-26,140.860001,140.860001,140.860001,140.860001,140.860001,0
2021-03-29,145.460007,145.460007,145.460007,145.460007,145.460007,0
2021-03-30,143.669998,143.669998,143.669998,143.669998,143.669998,0
2021-03-31,142.199997,142.199997,142.199997,142.199997,142.199997,0
2021-04-01,140.929993,140.929993,140.929993,140.929993,140.929993,0
2021-04-05,136.289993,136.289993,136.289993,136.289993,136.289993,0
2021-04-06,139.630005,139.630005,139.630005,139.630005,139.630005,0
2021-04-07,142.440002,142.440002,142.440002,142.440002,142.440002,0
2021-04-08,140.600006,140.600006,140.600006,140.600006,140.600006,0
2021-04-09,139.039993,139.039993,139.039993,139.039993,139.039993,0
2021-04-12,132.880005,132.880005,132.880005,132.880005,132.880005,0
2021-04-13,134.289993,134.289993,134.289993,134.289993,134.289993,0
2021-04-14,134.720001,134.720001,134.720001,134.720001,134.720001,0
2021-04-15,137.669998,137.669998,137.669998,137.669998,137.669998,0
2021-04-16,139.289993,139.289993,139.289993,139.289993,139.289993,0
2021-04-19,138.330002,138.330002,138.330002,138.330002,138.330002,0
2021-04-20,137.149994,137.149994,137.149994,137.149994,137.149994,0
2021-04-21,134.869995,134.869995,134.869995,134.869995,134.869995,0
2021-04-22,139.429993,139.429993,139.429993,139.429993,139.429993,0
2021-04-23,138.089996,138.089996,138.089996,138.089996,138.089996,0
2021-04-26,140.089996,140.089996,140.089996,140.089996,140.089996,0
2021-04-27,139.089996,139.089996,139.089996,139.089996,139.089996,0
2021-04-28,139.130005,139.130005,139.130005,139.130005,139.130005,0
2021-04-29,139.369995,139.369995,139.369995,139.369995,139.369995,0
2021-04-30,139.300003,139.300003,139.300003,139.300003,139.300003,0
2021-05-03,146.320007,146.320007,146.320007,146.320007,146.320007,0
2021-05-04,143.750000,143.750000,143.750000,143.750000,143.750000,0
2021-05-05,139.229996,139.229996,139.229996,139.229996,139.229996,0
2021-05-06,142.119995,142.119995,142.119995,142.119995,142.119995,0
2021-05-07,144.470001,144.470001,144.470001,144.470001,144.470001,0
2021-05-10,145.759995,145.759995,145.759995,145.759995,145.759995,0
2021-05-11,142.720001,142.720001,142.720001,142.720001,142.720001,0
2021-05-12,140.119995,140.119995,140.119995,140.119995,140.119995,0
2021-05-13,142.600006,142.600006,142.600006,142.600006,142.600006,0
2021-05-14,139.259995,139.259995,139.259995,139.259995,139.259995,0
2021-05-17,139.050003,139.050003,139.050003,139.050003,139.050003,0
2021-05-18,138.350006,138.350006,138.350006,138.350006,138.350006,0
2021-05-19,139.460007,139.460007,139.460007,139.460007,139.460007,0
2021-05-20,143.750000,143.750000,143.750000,143.750000,143.750000,0
2021-05-21,142.960007,142.960007,142.960007,142.960007,142.960007,0
2021-05-24,144.509995,144.509995,144.509995,144.509995,144.509995,0
2021-05-25,144.639999,144.639999,144.639999,144.639999,144.639999,0
2021-05-26,144.600006,144.600006,144.600006,144.600006,144.600006,0
2021-05-27,149.820007,149.820007,149.820007,149.820007,149.820007,0
2021-05-28,149.350006,149.350006,149.350006,149.350006,149.350006,0
2021-06-01,155.309998,155.309998,155.309998,155.309998,155.309998,0
2021-06-02,149.039993,149.039993,149.039993,149.039993,149.039993,0
2021-06-03,148.589996,148.589996,148.589996,148.589996,148.589996,0
2021-06-04,145.210007,145.210007,145.210007,145.210007,145.210007,0
2021-06-07,147.759995,147.759995,147.759995,147.759995,147.759995,0
2021-06-08,151.289993,151.289993,151.289993,151.289993,151.289993,0
2021-06-09,150.699997,150.699997,150.699997,150.699997,150.699997,0
2021-06-10,150.710007,150.710007,150.710007,150.710007,150.710007,0
2021-06-11,154.809998,154.809998,154.809998,154.809998,154.809998,0
2021-06-14,159.279999,159.279999,159.279999,159.279999,159.279999,0
2021-06-15,160.639999,160.639999,160.639999,160.639999,160.639999,0
2021-06-16,161.350006,161.350006,161.350006,161.350006,161.350006,0
2021-06-17,155.970001,155.970001,155.970001,155.970001,155.970001,0
2021-06-18,161.009995,161.009995,161.009995,161.009995,161.009995,0
2021-06-21,158.360001,158.360001,158.360001,158.360001,158.360001,0
2021-06-22,160.509995,160.509995,160.509995,160.509995,160.509995,0
2021-06-23,154.850006,154.850006,154.850006,154.850006,154.850006,0
2021-06-24,161.039993,161.039993,161.039993,161.039993,161.039993,0
2021-06-25,170.550003,170.550003,170.550003,170.550003,170.550003,0
2021-06-28,162.089996,162.089996,162.089996,162.089996,162.089996,0
2021-06-29,163.839996,163.839996,163.839996,163.839996,163.839996,0
2021-06-30,161.850006,161.850006,161.850006,161.850006,161.850006,0
2021-07-01,155.649994,155.649994,155.649994,155.649994,155.649994,0
2021-07-02,157.940002,157.940002,157.940002,157.940002,157.940002,0
2021-07-06,153.750000,153.750000,153.750000,153.750000,153.750000,0
2021-07-07,152.149994,152.149994,152.149994,152.149994,152.149994,0
2021-07-08,152.820007,152.820007,152.820007,152.820007,152.820007,0
2021-07-09,155.699997,155.699997,155.699997,155.699997,155.699997,0
2021-07-12,157.929993,157.929993,157.929993,157.929993,157.929993,0
2021-07-13,154.399994,154.399994,154.399994,154.399994,154.399994,0
2021-07-14,154.309998,154.309998,154.309998,154.309998,154.309998,0
2021-07-15,154.149994,154.149994,154.149994,154.149994,154.149994,0
2021-07-16,151.940002,151.940002,151.940002,151.940002,151.940002,0
2021-07-19,155.740005,155.740005,155.740005,155.740005,155.740005,0
2021-07-20,154.500000,154.500000,154.500000,154.500000,154.500000,0
2021-07-21,155.339996,155.339996,155.339996,155.339996,155.339996,0
2021-07-22,152.630005,152.630005,152.630005,152.630005,152.630005,0
2021-07-23,159.440002,159.440002,159.440002,159.440002,159.440002,0
2021-07-26,153.199997,153.199997,153.199997,153.199997,153.199997,0
2021-07-27,151.039993,151.039993,151.039993,151.039993,151.039993,0
2021-07-28,152.229996,152.229996,152.229996,152.229996,152.229996,0
2021-07-29,149.960007,149.960007,149.960007,149.960007,149.960007,0
2021-07-30,153.710007,153.710007,153.710007,153.710007,153.710007,0
2021-08-02,153.300003,153.300003,153.300003,153.300003,153.300003,0
2021-08-03,152.559998,152.559998,152.559998,152.559998,152.559998,0
2021-08-04,151.399994,151.399994,151.399994,151.399994,151.399994,0
2021-08-05,148.270004,148.270004,148.270004,148.270004,148.270004,0
2021-08-09,153.130005,153.130005,148.270004,148.270004,148.270004,0
2021-08-11,154.320007,154.320007,154.320007,154.320007,154.320007,0
2021-08-12,157.179993,157.179993,157.179993,157.179993,157.179993,0
2021-08-13,159.660004,159.660004,159.660004,159.660004,159.660004,0
2021-08-16,152.539993,152.539993,152.539993,152.539993,152.539993,0
2021-08-17,149.050003,149.050003,149.050003,149.050003,149.050003,0
2021-08-18,148.539993,148.539993,148.539993,148.539993,148.539993,0
2021-08-19,151.190002,151.190002,151.190002,151.190002,151.190002,0
2021-08-20,153.509995,153.509995,153.509995,153.509995,153.509995,0
2021-08-23,159.020004,159.020004,159.020004,159.020004,159.020004,0
2021-08-24,157.130005,157.130005,157.130005,157.130005,157.130005,0
2021-08-25,159.509995,159.509995,159.509995,159.509995,159.509995,0
2021-08-26,157.250000,157.250000,157.250000,157.250000,157.250000,0
2021-08-27,162.429993,162.429993,162.429993,162.429993,162.429993,0
2021-08-30,157.990005,157.990005,157.990005,157.990005,157.990005,0
2021-08-31,155.910004,155.910004,155.910004,155.910004,155.910004,0
2021-09-01,154.750000,154.750000,154.750000,154.750000,154.750000,0
2021-09-02,156.979996,156.979996,156.979996,156.979996,156.979996,0
2021-09-03,162.270004,162.270004,162.270004,162.270004,162.270004,0
2021-09-08,153.389999,153.389999,153.389999,153.389999,153.389999,0
2021-09-09,149.970001,149.970001,149.970001,149.970001,149.970001,0
2021-09-10,151.160004,151.160004,151.160004,151.160004,151.160004,0
2021-09-13,148.500000,148.500000,148.500000,148.500000,148.500000,0
2021-09-14,146.729996,146.729996,146.729996,146.729996,146.729996,0
2021-09-15,154.330002,154.330002,154.330002,154.330002,154.330002,0
2021-09-16,152.880005,152.880005,152.880005,152.880005,152.880005,0
2021-09-17,149.520004,149.520004,149.520004,149.520004,149.520004,0
2021-09-20,141.570007,141.570007,141.570007,141.570007,141.570007,0
2021-09-21,139.979996,139.979996,139.979996,139.979996,139.979996,0
2021-09-22,144.119995,144.119995,144.119995,144.119995,144.119995,0
2021-09-23,146.869995,146.869995,146.869995,146.869995,146.869995,0
2021-09-24,145.669998,145.669998,145.669998,145.669998,145.669998,0
2021-09-27,144.660004,144.660004,144.660004,144.660004,144.660004,0
2021-09-28,140.080002,140.080002,140.080002,140.080002,140.080002,0
2021-09-29,137.990005,137.990005,137.990005,137.990005,137.990005,0
2021-09-30,135.550003,135.550003,135.550003,135.550003,135.550003,0
2021-10-01,135.050003,135.050003,135.050003,135.050003,135.050003,0
2021-10-04,130.869995,130.869995,130.869995,130.869995,130.869995,0
2021-10-05,131.679993,131.679993,131.679993,131.679993,131.679993,0
2021-10-06,131.509995,131.509995,131.509995,131.509995,131.509995,0
2021-10-07,133.320007,133.320007,133.320007,133.320007,133.320007,0
2021-10-11,134.699997,134.699997,134.699997,134.699997,134.699997,0
2021-10-12,134.100006,134.100006,134.100006,134.100006,134.100006,0
2021-10-13,135.770004,135.770004,135.770004,135.770004,135.770004,0
2021-10-14,143.779999,143.779999,143.779999,143.779999,143.779999,0
2021-10-15,147.270004,147.270004,147.270004,147.270004,147.270004,0
2021-10-18,143.770004,143.770004,143.770004,143.770004,143.770004,0
2021-10-19,141.009995,141.009995,141.009995,141.009995,141.009995,0
2021-10-20,141.229996,141.229996,141.229996,141.229996,141.229996,0
2021-10-21,140.940002,140.940002,140.940002,140.940002,140.940002,0
2021-10-22,139.339996,139.339996,139.339996,139.339996,139.339996,0
2021-10-25,140.940002,140.940002,140.940002,140.940002,140.940002,0
2021-10-26,141.300003,141.300003,141.300003,141.300003,141.300003,0
2021-10-27,140.600006,140.600006,140.600006,140.600006,140.600006,0
2021-10-28,144.729996,144.729996,144.729996,144.729996,144.729996,0
2021-10-29,148.089996,148.089996,148.089996,148.089996,148.089996,0
2021-11-01,145.809998,145.809998,145.809998,145.809998,145.809998,0
2021-11-02,146.679993,146.679993,146.679993,146.679993,146.679993,0
2021-11-03,149.770004,149.770004,149.770004,149.770004,149.770004,0
2021-11-04,151.669998,151.669998,151.669998,151.669998,151.669998,0
2021-11-05,148.830002,148.830002,148.830002,148.830002,148.830002,0
2021-11-08,149.240005,149.240005,149.240005,149.240005,149.240005,0
2021-11-09,144.089996,144.089996,144.089996,144.089996,144.089996,0
2021-11-10,144.889999,144.889999,144.889999,144.889999,144.889999,0
2021-11-11,144.029999,144.029999,144.029999,144.029999,144.029999,0
2021-11-12,144.369995,144.369995,144.369995,144.369995,144.369995,0
2021-11-15,142.380005,142.380005,142.380005,142.380005,142.380005,0
2021-11-16,139.559998,139.559998,139.559998,139.559998,139.559998,0
2021-11-17,141.960007,141.960007,141.960007,141.960007,141.960007,0
2021-11-18,144.800003,144.800003,144.800003,144.800003,144.800003,0
2021-11-19,148.440002,148.440002,148.440002,148.440002,148.440002,0
2021-11-22,147.440002,147.440002,147.440002,147.440002,147.440002,0
2021-11-23,146.990005,146.990005,146.990005,146.990005,146.990005,0
2021-11-24,148.149994,148.149994,148.149994,148.149994,148.149994,0
2021-11-26,142.649994,148.270004,142.649994,148.270004,148.270004,0
2021-11-29,149.929993,149.929993,149.929993,149.929993,149.929993,0
2021-11-30,150.550003,150.550003,150.550003,150.550003,150.550003,0
2021-12-01,155.210007,155.210007,155.210007,155.210007,155.210007,0
2021-12-02,151.380005,151.380005,151.380005,151.380005,151.380005,0
2021-12-03,149.639999,149.639999,149.639999,149.639999,149.639999,0
2021-12-06,151.639999,151.639999,151.639999,151.639999,151.639999,0
2021-12-07,151.660004,151.660004,151.660004,151.660004,151.660004,0
2021-12-08,151.199997,151.199997,151.199997,151.199997,151.199997,0
2021-12-09,149.660004,149.660004,149.660004,149.660004,149.660004,0
2021-12-10,147.339996,147.339996,147.339996,147.339996,147.339996,0
2021-12-13,146.070007,146.070007,146.070007,146.070007,146.070007,0
2021-12-14,137.759995,137.759995,137.759995,137.759995,137.759995,0
2021-12-15,141.750000,141.750000,141.750000,141.750000,141.750000,0
2021-12-16,140.289993,140.289993,140.289993,140.289993,140.289993,0
2021-12-17,134.940002,134.940002,134.940002,134.940002,134.940002,0
2021-12-20,131.710007,131.710007,131.710007,131.710007,131.710007,0
2021-12-21,136.330002,136.330002,136.330002,136.330002,136.330002,0
2021-12-23,150.259995,150.259995,150.259995,150.259995,150.259995,0
2021-12-27,151.869995,151.869995,151.869995,151.869995,151.869995,0
2021-12-28,153.210007,153.210007,153.210007,153.210007,153.210007,0
2021-12-29,156.240005,156.240005,156.240005,156.240005,156.240005,0
2021-12-30,155.270004,155.270004,155.270004,155.270004,155.270004,0
2021-12-31,154.380005,154.380005,154.380005,154.380005,154.380005,0
2022-01-03,151.490005,151.490005,151.490005,151.490005,151.490005,0
2022-01-04,150.360001,150.360001,150.360001,150.360001,150.360001,0
2022-01-05,143.410004,143.410004,143.410004,143.410004,143.410004,0
2022-01-06,140.770004,140.770004,140.770004,140.770004,140.770004,0
2022-01-07,139.139999,139.139999,139.139999,139.139999,139.139999,0
2022-01-10,139.240005,139.240005,139.240005,139.240005,139.240005,0
2022-01-11,138.089996,138.089996,138.089996,138.089996,138.089996,0
2022-01-12,135.729996,135.729996,135.729996,135.729996,135.729996,0
2022-01-13,133.130005,133.130005,133.130005,133.130005,133.130005,0
2022-01-14,133.850006,133.850006,133.850006,133.850006,133.850006,0
2022-01-18,129.720001,129.720001,129.720001,129.720001,129.720001,0
2022-01-19,134.729996,134.729996,134.729996,134.729996,134.729996,0
2022-01-20,127.580002,127.580002,127.580002,127.580002,127.580002,0
2022-01-21,136.179993,136.179993,136.179993,136.179993,136.179993,0
2022-01-24,136.059998,136.059998,136.059998,136.059998,136.059998,0
2022-01-25,133.899994,133.899994,133.899994,133.899994,133.899994,0
2022-01-26,133.380005,133.380005,133.380005,133.380005,133.380005,0
2022-01-27,132.220001,132.220001,132.220001,132.220001,132.220001,0
2022-01-28,132.960007,132.960007,132.960007,132.960007,132.960007,0
2022-01-31,131.440002,131.440002,131.440002,131.440002,131.440002,0
2022-02-01,133.000000,133.000000,133.000000,133.000000,133.000000,0
2022-02-03,132.750000,132.750000,132.750000,132.750000,132.750000,0
2022-02-08,127.720001,127.720001,127.720001,127.720001,127.720001,0
2022-02-09,129.779999,129.779999,129.779999,129.779999,129.779999,0
2022-02-10,128.110001,128.110001,128.110001,128.110001,128.110001,0
2022-02-11,126.809998,126.809998,126.809998,126.809998,126.809998,0
2022-02-14,128.119995,128.119995,128.119995,128.119995,128.119995,0
2022-02-15,129.759995,129.759995,129.759995,129.759995,129.759995,0
2022-02-16,132.750000,132.750000,132.750000,132.750000,132.750000,0
2022-02-17,131.309998,131.309998,131.309998,131.309998,131.309998,0
2022-02-18,128.360001,128.360001,128.360001,128.360001,128.360001,0
2022-02-22,128.330002,128.330002,128.330002,128.330002,128.330002,0
2022-02-23,126.879997,126.879997,126.879997,126.879997,126.879997,0
2022-02-24,130.479996,130.479996,130.479996,130.479996,130.479996,0
2022-02-25,132.509995,132.509995,132.509995,132.509995,132.509995,0
2022-02-28,137.360001,137.360001,137.360001,137.360001,137.360001,0
2022-03-01,134.419998,134.419998,134.419998,134.419998,134.419998,0
2022-03-02,136.110001,136.110001,136.110001,136.110001,136.110001,0
2022-03-03,133.279999,133.279999,133.279999,133.279999,133.279999,0
2022-03-07,136.690002,136.690002,136.690002,136.690002,136.690002,0
2022-03-08,135.250000,135.250000,135.250000,135.250000,135.250000,0
2022-03-09,134.119995,134.119995,134.119995,134.119995,134.119995,0
2022-03-10,130.940002,130.940002,130.940002,130.940002,130.940002,0
2022-03-11,130.699997,130.699997,130.699997,130.699997,130.699997,0
2022-03-14,131.809998,131.809998,131.809998,131.809998,131.809998,0
2022-03-15,130.660004,130.660004,130.660004,130.660004,130.660004,0
2022-03-16,132.000000,132.000000,132.000000,132.000000,132.000000,0
2022-03-17,134.929993,134.929993,134.929993,134.929993,134.929993,0
2022-03-18,136.639999,136.639999,136.639999,136.639999,136.639999,0
2022-03-21,135.729996,135.729996,135.729996,135.729996,135.729996,0
2022-03-22,139.720001,139.720001,139.720001,139.720001,139.720001,0
2022-03-23,136.710007,136.710007,136.710007,136.710007,136.710007,0
2022-03-24,138.389999,138.389999,138.389999,138.389999,138.389999,0
2022-03-25,140.259995,140.259995,140.259995,140.259995,140.259995,0
2022-03-28,138.869995,138.869995,138.869995,138.869995,138.869995,0
2022-03-29,140.000000,140.000000,140.000000,140.000000,140.000000,0
2022-03-30,139.279999,139.279999,139.279999,139.279999,139.279999,0
2022-03-31,140.729996,140.729996,140.729996,140.729996,140.729996,0
2022-04-01,145.509995,145.509995,145.509995,145.509995,145.509995,0
2022-04-04,146.479996,146.479996,146.479996,146.479996,146.479996,0
2022-04-05,141.330002,141.330002,141.330002,141.330002,141.330002,0
2022-04-06,144.270004,144.270004,144.270004,144.270004,144.270004,0
2022-04-07,139.550003,139.550003,139.550003,139.550003,139.550003,0
2022-04-08,141.509995,141.509995,141.509995,141.509995,141.509995,0
2022-04-11,137.910004,137.910004,137.910004,137.910004,137.910004,0
2022-04-12,137.619995,137.619995,137.619995,137.619995,137.619995,0
2022-04-13,139.860001,139.860001,139.860001,139.860001,139.860001,0
2022-04-14,134.389999,134.389999,134.389999,134.389999,134.389999,0
2022-04-18,130.940002,130.940002,130.940002,130.940002,130.940002,0
2022-04-20,134.179993,134.179993,134.179993,134.179993,134.179993,0
2022-04-21,132.720001,132.720001,132.720001,132.720001,132.720001,0
2022-04-22,136.220001,136.220001,136.220001,136.220001,136.220001,0
2022-04-25,133.419998,133.419998,133.419998,133.419998,133.419998,0
2022-04-27,138.089996,138.089996,138.089996,138.089996,138.089996,0
2022-04-28,136.350006,136.350006,136.350006,136.350006,136.350006,0
2022-04-29,136.690002,136.690002,136.690002,136.690002,136.690002,0
2022-05-02,131.399994,131.399994,131.399994,131.399994,131.399994,0
2022-05-03,129.000000,129.000000,129.000000,129.000000,129.000000,0
2022-05-04,127.750000,127.750000,127.750000,127.750000,127.750000,0
2022-05-05,128.649994,128.649994,128.649994,128.649994,128.649994,0
2022-05-06,126.209999,126.209999,126.209999,126.209999,126.209999,0
2022-05-09,127.050003,127.050003,127.050003,127.050003,127.050003,0
2022-05-10,125.860001,125.860001,125.860001,125.860001,125.860001,0
2022-05-11,124.510002,124.510002,124.510002,124.510002,124.510002,0
2022-05-12,119.910004,119.910004,119.910004,119.910004,119.910004,0
2022-05-13,122.089996,122.089996,122.089996,122.089996,122.089996,0
2022-05-16,117.529999,117.529999,117.529999,117.529999,117.529999,0
2022-05-17,117.680000,117.680000,117.680000,117.680000,117.680000,0
2022-05-18,123.459999,123.459999,123.459999,123.459999,123.459999,0
2022-05-19,122.660004,122.660004,122.660004,122.660004,122.660004,0
2022-05-20,122.320000,122.320000,122.320000,122.320000,122.320000,0
2022-05-23,120.550003,120.550003,120.550003,120.550003,120.550003,0
2022-05-24,122.959999,122.959999,122.959999,122.959999,122.959999,0
2022-05-25,118.849998,118.849998,118.849998,118.849998,118.849998,0
2022-05-26,122.279999,122.279999,122.279999,122.279999,122.279999,0
2022-05-27,121.250000,121.250000,121.250000,121.250000,121.250000,0
2022-05-31,119.099998,119.099998,119.099998,119.099998,119.099998,0
2022-06-01,119.300003,119.300003,119.300003,119.300003,119.300003,0
2022-06-02,121.400002,121.400002,121.400002,121.400002,121.400002,0
2022-06-03,122.250000,122.250000,122.250000,122.250000,122.250000,0
2022-06-06,122.360001,122.360001,122.360001,122.360001,122.360001,0
2022-06-07,120.660004,120.660004,120.660004,120.660004,120.660004,0
2022-06-08,119.129997,119.129997,119.129997,119.129997,119.129997,0
2022-06-09,120.660004,120.660004,120.660004,120.660004,120.660004,0
2022-06-10,121.639999,121.639999,121.639999,121.639999,121.639999,0
2022-06-13,124.139999,124.139999,124.139999,124.139999,124.139999,0
2022-06-14,125.160004,125.160004,125.160004,125.160004,125.160004,0
2022-06-15,118.360001,118.360001,118.360001,118.360001,118.360001,0
2022-06-16,122.480003,122.480003,122.480003,122.480003,122.480003,0
2022-06-17,121.150002,121.150002,121.150002,121.150002,121.150002,0
2022-06-21,121.379997,121.379997,121.379997,121.379997,121.379997,0
2022-06-22,119.220001,119.220001,119.220001,119.220001,119.220001,0
2022-06-23,121.110001,121.110001,121.110001,121.110001,121.110001,0
2022-06-24,120.430000,120.430000,120.430000,120.430000,120.430000,0
2022-06-27,119.980003,119.980003,119.980003,119.980003,119.980003,0
2022-06-28,120.459999,120.459999,120.459999,120.459999,120.459999,0
2022-06-29,119.260002,119.260002,119.260002,119.260002,119.260002,0
2022-06-30,119.940002,119.940002,119.940002,119.940002,119.940002,0
2022-07-01,118.589996,118.589996,118.589996,118.589996,118.589996,0
2022-07-05,118.190002,118.190002,118.190002,118.190002,118.190002,0
2022-07-06,117.449997,117.449997,117.449997,117.449997,117.449997,0
2022-07-07,118.760002,118.760002,118.760002,118.760002,118.760002,0
2022-07-08,118.129997,118.129997,118.129997,118.129997,118.129997,0
2022-07-11,119.800003,119.800003,119.800003,119.800003,119.800003,0
2022-07-12,121.330002,121.330002,121.330002,121.330002,121.330002,0
2022-07-13,120.410004,120.410004,120.410004,120.410004,120.410004,0
2022-07-14,121.919998,121.919998,121.919998,121.919998,121.919998,0
2022-07-15,122.480003,122.480003,122.480003,122.480003,122.480003,0
2022-07-18,120.550003,120.550003,120.550003,120.550003,120.550003,0
2022-07-19,120.040001,120.040001,120.040001,120.040001,120.040001,0
2022-07-20,117.239998,117.239998,117.239998,117.239998,117.239998,0
2022-07-21,118.709999,118.709999,118.709999,118.709999,118.709999,0
2022-07-22,119.150002,119.150002,119.150002,119.150002,119.150002,0
2022-07-25,119.459999,119.459999,119.459999,119.459999,119.459999,0
2022-07-26,121.290001,121.290001,121.290001,121.290001,121.290001,0
2022-07-27,121.919998,121.919998,121.919998,121.919998,121.919998,0
2022-07-28,122.669998,122.669998,122.669998,122.669998,122.669998,0
2022-07-29,122.290001,122.290001,122.290001,122.290001,122.290001,0
2022-08-01,122.940002,122.940002,122.940002,122.940002,122.940002,0
2022-08-02,121.779999,121.779999,121.779999,121.779999,121.779999,0
2022-08-03,121.160004,121.160004,121.160004,121.160004,121.160004,0
2022-08-04,122.809998,122.809998,122.809998,122.809998,122.809998,0
2022-08-08,123.690002,123.690002,123.690002,123.690002,123.690002,0
2022-08-09,123.910004,123.910004,123.910004,123.910004,123.910004,0
2022-08-10,125.040001,125.040001,125.040001,125.040001,125.040001,0
2022-08-11,126.839996,126.839996,126.839996,126.839996,126.839996,0
2022-08-12,129.339996,129.339996,129.339996,129.339996,129.339996,0
2022-08-15,127.620003,127.620003,127.620003,127.620003,127.620003,0
2022-08-16,126.089996,126.089996,126.089996,126.089996,126.089996,0
2022-08-17,122.059998,122.059998,122.059998,122.059998,122.059998,0
2022-08-18,124.220001,124.220001,124.220001,124.220001,124.220001,0
2022-08-19,123.680000,123.680000,123.680000,123.680000,123.680000,0
2022-08-22,123.930000,123.930000,123.930000,123.930000,123.930000,0
2022-08-23,123.830002,123.830002,123.830002,123.830002,123.830002,0
2022-08-24,122.779999,122.779999,122.779999,122.779999,122.779999,0
2022-08-25,123.099998,123.099998,123.099998,123.099998,123.099998,0
2022-08-26,124.570000,124.570000,124.570000,124.570000,124.570000,0
2022-08-29,121.970001,121.970001,121.970001,121.970001,121.970001,0
2022-08-30,121.010002,121.010002,121.010002,121.010002,121.010002,0
2022-08-31,119.709999,119.709999,119.709999,119.709999,119.709999,0
2022-09-01,120.739998,120.739998,120.739998,120.739998,120.739998,0
2022-09-02,119.809998,119.809998,119.809998,119.809998,119.809998,0
2022-09-06,119.839996,119.839996,119.839996,119.839996,119.839996,0
2022-09-07,119.050003,119.050003,119.050003,119.050003,119.050003,0
2022-09-08,119.080002,119.080002,119.080002,119.080002,119.080002,0
2022-09-09,119.660004,119.660004,119.660004,119.660004,119.660004,0
2022-09-12,121.059998,121.059998,121.059998,121.059998,121.059998,0
2022-09-13,125.459999,125.459999,125.459999,125.459999,125.459999,0
2022-09-14,120.190002,120.190002,120.190002,120.190002,120.190002,0
2022-09-15,119.970001,119.970001,119.970001,119.970001,119.970001,0
2022-09-16,117.709999,117.709999,117.709999,117.709999,117.709999,0
2022-09-19,116.260002,116.260002,116.260002,116.260002,116.260002,0
2022-09-20,116.690002,116.690002,116.690002,116.690002,116.690002,0
2022-09-21,116.209999,116.209999,116.209999,116.209999,116.209999,0
2022-09-22,115.860001,115.860001,115.860001,115.860001,115.860001,0
2022-09-23,118.989998,118.989998,118.989998,118.989998,118.989998,0
2022-09-26,120.010002,120.010002,120.010002,120.010002,120.010002,0
2022-09-27,120.389999,120.389999,120.389999,120.389999,120.389999,0
2022-09-28,120.379997,120.379997,120.379997,120.379997,120.379997,0
2022-09-29,121.540001,121.540001,121.540001,121.540001,121.540001,0
2022-10-03,121.379997,121.379997,121.379997,121.379997,121.379997,0
2022-10-04,122.459999,122.459999,122.459999,122.459999,122.459999,0
2022-10-05,121.779999,121.779999,121.779999,121.779999,121.779999,0
2022-10-06,122.440002,122.440002,122.440002,122.440002,122.440002,0
2022-10-07,121.809998,121.809998,121.809998,121.809998,121.809998,0
2022-10-10,120.070000,120.070000,120.070000,120.070000,120.070000,0
2022-10-11,120.120003,120.120003,120.120003,120.120003,120.120003,0
2022-10-12,119.989998,119.989998,119.989998,119.989998,119.989998,0
2022-10-13,117.820000,117.820000,117.820000,117.820000,117.820000,0
2022-10-14,119.300003,119.300003,119.300003,119.300003,119.300003,0
2022-10-17,116.970001,116.970001,116.970001,116.970001,116.970001,0
2022-10-18,116.879997,116.879997,116.879997,116.879997,116.879997,0
2022-10-19,117.260002,117.260002,117.260002,117.260002,117.260002,0
2022-10-20,117.410004,117.410004,117.410004,117.410004,117.410004,0
2022-10-21,116.190002,116.190002,116.190002,116.190002,116.190002,0
2022-10-24,114.970001,114.970001,114.970001,114.970001,114.970001,0
2022-10-25,114.639999,114.639999,114.639999,114.639999,114.639999,0
2022-10-26,113.860001,113.860001,113.860001,113.860001,113.860001,0
2022-10-27,113.230003,113.230003,113.230003,113.230003,113.230003,0
2022-10-28,112.059998,112.059998,112.059998,112.059998,112.059998,0
2022-10-31,111.959999,111.959999,111.959999,111.959999,111.959999,0
2022-11-01,111.440002,111.440002,111.440002,111.440002,111.440002,0
2022-11-02,111.989998,111.989998,111.989998,111.989998,111.989998,0
2022-11-03,110.339996,110.339996,110.339996,110.339996,110.339996,0
2022-11-04,111.620003,111.620003,111.620003,111.620003,111.620003,0
2022-11-07,111.669998,111.669998,111.669998,111.669998,111.669998,0
2022-11-08,113.550003,113.550003,113.550003,113.550003,113.550003,0
2022-11-09,114.360001,114.360001,114.360001,114.360001,114.360001,0
2022-11-10,111.419998,111.419998,111.419998,111.419998,111.419998,0
2022-11-11,114.089996,114.089996,114.089996,114.089996,114.089996,0
2022-11-14,113.669998,113.669998,113.669998,113.669998,113.669998,0
2022-11-15,115.940002,115.940002,115.940002,115.940002,115.940002,0
2022-11-16,115.559998,115.559998,115.559998,115.559998,115.559998,0
2022-11-17,115.239998,115.239998,115.239998,115.239998,115.239998,0
2022-11-18,114.970001,114.970001,114.970001,114.970001,114.970001,0
2022-11-21,114.519997,114.519997,114.519997,114.519997,114.519997,0
2022-11-22,116.239998,116.239998,116.239998,116.239998,116.239998,0
2022-11-23,118.650002,118.650002,118.650002,118.650002,118.650002,0
2022-11-25,119.540001,128.110001,119.540001,128.110001,128.110001,0
2022-11-28,118.470001,118.470001,118.470001,118.470001,118.470001,0
2022-11-29,120.379997,120.379997,120.379997,120.379997,120.379997,0
2022-11-30,118.470001,118.470001,118.470001,118.470001,118.470001,0
2022-12-01,117.790001,117.790001,117.790001,117.790001,117.790001,0
2022-12-02,118.110001,118.110001,118.110001,118.110001,118.110001,0
2022-12-05,117.750000,117.750000,117.750000,117.750000,117.750000,0
2022-12-06,117.110001,117.110001,117.110001,117.110001,117.110001,0
2022-12-07,117.809998,117.809998,117.809998,117.809998,117.809998,0
2022-12-08,117.540001,117.540001,117.540001,117.540001,117.540001,0
2022-12-09,119.239998,119.239998,119.239998,119.239998,119.239998,0
2022-12-12,121.860001,121.860001,121.860001,121.860001,121.860001,0
2022-12-13,122.730003,122.730003,122.730003,122.730003,122.730003,0
2022-12-14,124.230003,124.230003,124.230003,124.230003,124.230003,0
2022-12-15,124.489998,124.489998,124.489998,124.489998,124.489998,0
2022-12-16,120.040001,120.040001,120.040001,120.040001,120.040001,0
2022-12-19,117.089996,117.089996,117.089996,117.089996,117.089996,0
2022-12-20,115.570000,115.570000,115.570000,115.570000,115.570000,0
2022-12-21,114.250000,114.250000,114.250000,114.250000,114.250000,0
2022-12-22,114.419998,114.419998,114.419998,114.419998,114.419998,0
2022-12-23,114.570000,114.570000,114.570000,114.570000,114.570000,0
2022-12-27,113.440002,113.440002,113.440002,113.440002,113.440002,0
2022-12-28,112.029999,112.029999,112.029999,112.029999,112.029999,0
2022-12-29,113.269997,113.269997,113.269997,113.269997,113.269997,0
2022-12-30,113.570000,113.570000,113.570000,113.570000,113.570000,0
2023-01-03,112.739998,112.739998,112.739998,112.739998,112.739998,0
2023-01-04,112.139999,112.139999,112.139999,112.139999,112.139999,0
2023-01-05,112.669998,112.669998,112.669998,112.669998,112.669998,0
2023-01-06,113.860001,113.860001,113.860001,113.860001,113.860001,0
2023-01-09,114.419998,114.419998,114.419998,114.419998,114.419998,0
2023-01-10,114.650002,114.650002,114.650002,114.650002,114.650002,0
2023-01-11,115.099998,115.099998,115.099998,115.099998,115.099998,0
2023-01-12,117.389999,117.389999,117.389999,117.389999,117.389999,0
2023-01-13,121.699997,121.699997,121.699997,121.699997,121.699997,0
2023-01-17,120.010002,120.010002,120.010002,120.010002,120.010002,0
2023-01-18,119.910004,119.910004,119.910004,119.910004,119.910004,0
2023-01-19,121.230003,121.230003,121.230003,121.230003,121.230003,0
2023-01-20,120.190002,120.190002,120.190002,120.190002,120.190002,0
2023-01-23,120.910004,120.910004,120.910004,120.910004,120.910004,0
2023-01-24,121.339996,121.339996,121.339996,121.339996,121.339996,0
2023-01-25,121.040001,121.040001,121.040001,121.040001,121.040001,0
2023-01-26,121.489998,121.489998,121.489998,121.489998,121.489998,0
2023-01-27,121.970001,121.970001,121.970001,121.970001,121.970001,0
2023-01-30,120.690002,120.690002,120.690002,120.690002,120.690002,0
2023-01-31,123.290001,123.290001,123.290001,123.290001,123.290001,0
2023-02-01,122.190002,122.190002,122.190002,122.190002,122.190002,0
2023-02-02,123.879997,123.879997,123.879997,123.879997,123.879997,0
2023-02-03,123.080002,123.080002,123.080002,123.080002,123.080002,0
2023-02-06,123.010002,123.010002,123.010002,123.010002,123.010002,0
2023-02-07,123.360001,123.360001,123.360001,123.360001,123.360001,0
2023-02-08,121.519997,121.519997,121.519997,121.519997,121.519997,0
2023-02-09,120.580002,120.580002,120.580002,120.580002,120.580002,0
2023-02-10,120.879997,120.879997,120.879997,120.879997,120.879997,0
2023-02-13,122.480003,122.480003,122.480003,122.480003,122.480003,0
2023-02-15,121.360001,121.360001,121.360001,121.360001,121.360001,0
2023-02-16,123.089996,123.089996,123.089996,123.089996,123.089996,0
2023-02-17,122.889999,122.889999,122.889999,122.889999,122.889999,0
2023-02-21,124.089996,124.089996,124.089996,124.089996,124.089996,0
2023-02-22,122.809998,122.809998,122.809998,122.809998,122.809998,0
2023-02-23,121.849998,121.849998,121.849998,121.849998,121.849998,0
2023-02-24,121.220001,121.220001,121.220001,121.220001,121.220001,0
2023-02-27,120.540001,120.540001,120.540001,120.540001,120.540001,0
2023-02-28,120.010002,120.010002,120.010002,120.010002,120.010002,0
2023-03-01,118.889999,118.889999,118.889999,118.889999,118.889999,0
2023-03-03,118.139999,118.139999,118.139999,118.139999,118.139999,0
2023-03-06,120.190002,120.190002,120.190002,120.190002,120.190002,0
2023-03-07,120.559998,120.559998,120.559998,120.559998,120.559998,0
2023-03-09,122.220001,122.220001,122.220001,122.220001,122.220001,0
2023-03-10,130.270004,130.270004,130.270004,130.270004,130.270004,0
2023-03-13,132.139999,132.139999,132.139999,132.139999,132.139999,0
2023-03-14,132.720001,132.720001,132.720001,132.720001,132.720001,0
2023-03-15,136.619995,136.619995,136.619995,136.619995,136.619995,0
2023-03-16,134.529999,134.529999,134.529999,134.529999,134.529999,0
2023-03-17,131.339996,131.339996,131.339996,131.339996,131.339996,0
2023-03-20,129.910004,129.910004,129.910004,129.910004,129.910004,0
2023-03-21,127.459999,127.459999,127.459999,127.459999,127.459999,0
2023-03-22,123.160004,123.160004,123.160004,123.160004,123.160004,0
2023-03-24,126.879997,126.879997,126.879997,126.879997,126.879997,0
2023-03-27,126.000000,126.000000,126.000000,126.000000,126.000000,0
2023-03-28,122.900002,122.900002,122.900002,122.900002,122.900002,0
2023-03-29,123.760002,123.760002,123.760002,123.760002,123.760002,0
2023-03-30,126.309998,126.309998,126.309998,126.309998,126.309998,0
2023-03-31,125.849998,125.849998,125.849998,125.849998,125.849998,0
2023-04-03,126.209999,126.209999,126.209999,126.209999,126.209999,0
2023-04-04,127.029999,127.029999,127.029999,127.029999,127.029999,0
2023-04-05,126.980003,126.980003,126.980003,126.980003,126.980003,0
2023-04-06,124.419998,124.419998,124.419998,124.419998,124.419998,0
2023-04-10,126.959999,126.959999,126.959999,126.959999,126.959999,0
2023-04-11,127.419998,127.419998,127.419998,127.419998,127.419998,0
2023-04-12,130.000000,130.000000,130.000000,130.000000,130.000000,0
2023-04-13,132.360001,132.360001,132.360001,132.360001,132.360001,0
2023-04-14,134.649994,134.649994,134.649994,134.649994,134.649994,0
2023-04-17,135.039993,135.039993,135.039993,135.039993,135.039993,0
2023-04-18,137.119995,137.119995,137.119995,137.119995,137.119995,0
2023-04-20,133.490005,133.490005,133.490005,133.490005,133.490005,0
2023-04-21,132.940002,132.940002,132.940002,132.940002,132.940002,0
2023-04-24,132.399994,132.399994,132.399994,132.399994,132.399994,0
2023-04-25,130.289993,130.289993,130.289993,130.289993,130.289993,0
2023-04-26,130.500000,130.500000,130.500000,130.500000,130.500000,0
2023-04-27,136.600006,136.600006,136.600006,136.600006,136.600006,0
2023-04-28,138.440002,138.440002,138.440002,138.440002,138.440002,0
2023-05-01,135.660004,135.660004,135.660004,135.660004,135.660004,0
2023-05-02,131.089996,131.089996,131.089996,131.089996,131.089996,0
2023-05-03,130.410004,130.410004,130.410004,130.410004,130.410004,0
2023-05-04,130.539993,130.539993,130.539993,130.539993,130.539993,0
2023-05-05,134.320007,134.320007,134.320007,134.320007,134.320007,0
2023-05-08,132.320007,132.320007,132.320007,132.320007,132.320007,0
2023-05-09,133.880005,133.880005,133.880005,133.880005,133.880005,0
2023-05-10,138.630005,138.630005,138.630005,138.630005,138.630005,0
2023-05-12,140.259995,140.259995,140.259995,140.259995,140.259995,0
2023-05-15,138.570007,138.570007,138.570007,138.570007,138.570007,0
2023-05-16,137.320007,137.320007,137.320007,137.320007,137.320007,0
2023-05-17,137.529999,137.529999,137.529999,137.529999,137.529999,0
2023-05-18,138.059998,138.059998,138.059998,138.059998,138.059998,0
2023-05-19,135.520004,135.520004,135.520004,135.520004,135.520004,0
2023-05-22,136.240005,136.240005,136.240005,136.240005,136.240005,0
2023-05-23,136.419998,136.419998,136.419998,136.419998,136.419998,0
2023-05-24,138.369995,138.369995,138.369995,138.369995,138.369995,0
2023-05-25,140.729996,140.729996,140.729996,140.729996,140.729996,0
2023-05-30,145.139999,145.139999,145.139999,145.139999,145.139999,0
2023-05-31,158.300003,158.300003,158.300003,158.300003,158.300003,0
2023-06-01,151.979996,151.979996,151.979996,151.979996,151.979996,0
2023-06-02,142.610001,142.610001,142.610001,142.610001,142.610001,0
2023-06-05,143.179993,143.179993,143.179993,143.179993,143.179993,0
2023-06-06,146.270004,146.270004,146.270004,146.270004,146.270004,0
2023-06-07,151.009995,151.009995,151.009995,151.009995,151.009995,0
2023-06-08,155.529999,155.529999,155.529999,155.529999,155.529999,0
2023-06-09,152.779999,152.779999,152.779999,152.779999,152.779999,0
2023-06-12,157.710007,157.710007,157.710007,157.710007,157.710007,0
2023-06-13,156.440002,156.440002,156.440002,156.440002,156.440002,0
2023-06-14,150.369995,150.369995,150.369995,150.369995,150.369995,0
2023-06-15,147.860001,147.860001,147.860001,147.860001,147.860001,0
2023-06-16,143.070007,143.070007,143.070007,143.070007,143.070007,0
2023-06-20,138.750000,138.750000,138.750000,138.750000,138.750000,0
2023-06-21,133.720001,133.720001,133.720001,133.720001,133.720001,0
2023-06-22,136.149994,136.149994,136.149994,136.149994,136.149994,0
2023-06-23,137.850006,137.850006,137.850006,137.850006,137.850006,0
2023-06-26,140.089996,140.089996,140.089996,140.089996,140.089996,0
2023-06-28,138.369995,138.369995,138.369995,138.369995,138.369995,0
2023-06-29,143.050003,143.050003,143.050003,143.050003,143.050003,0
2023-06-30,149.960007,149.960007,149.960007,149.960007,149.960007,0
2023-07-05,144.080002,144.080002,144.080002,144.080002,144.080002,0
2023-07-06,148.449997,148.449997,148.449997,148.449997,148.449997,0
2023-07-07,148.130005,148.130005,148.130005,148.130005,148.130005,0
2023-07-10,142.490005,142.490005,142.490005,142.490005,142.490005,0
2023-07-12,148.320007,148.320007,148.320007,148.320007,148.320007,0
2023-07-13,147.080002,147.080002,147.080002,147.080002,147.080002,0
2023-07-14,149.479996,149.479996,149.479996,149.479996,149.479996,0
2023-07-17,142.240005,142.240005,142.240005,142.240005,142.240005,0
2023-07-18,141.860001,141.860001,141.860001,141.860001,141.860001,0
2023-07-19,141.250000,141.250000,141.250000,141.250000,141.250000,0
2023-07-20,142.820007,142.820007,142.820007,142.820007,142.820007,0
2023-07-21,142.550003,142.550003,142.550003,142.550003,142.550003,0
2023-07-24,143.750000,143.750000,143.750000,143.750000,143.750000,0
2023-07-25,142.179993,142.179993,142.179993,142.179993,142.179993,0
2023-07-26,143.580002,143.580002,143.580002,143.580002,143.580002,0
2023-07-27,147.929993,147.929993,147.929993,147.929993,147.929993,0
2023-07-28,143.479996,143.479996,143.479996,143.479996,143.479996,0
2023-07-31,145.470001,145.470001,145.470001,145.470001,145.470001,0
2023-08-01,142.570007,142.570007,142.570007,142.570007,142.570007,0
2023-08-02,145.750000,145.750000,145.750000,145.750000,145.750000,0
2023-08-03,147.380005,147.380005,147.380005,147.380005,147.380005,0
2023-08-04,153.350006,153.350006,153.350006,153.350006,153.350006,0
2023-08-07,148.539993,148.539993,148.539993,148.539993,148.539993,0
2023-08-08,142.300003,142.300003,142.300003,142.300003,142.300003,0
2023-08-09,137.119995,137.119995,137.119995,137.119995,137.119995,0
2023-08-10,136.580002,136.580002,136.580002,136.580002,136.580002,0
2023-08-11,135.160004,135.160004,135.160004,135.160004,135.160004,0
2023-08-14,136.899994,136.899994,136.899994,136.899994,136.899994,0
2023-08-15,136.690002,136.690002,136.690002,136.690002,136.690002,0
2023-08-16,132.089996,132.089996,132.089996,132.089996,132.089996,0
2023-08-17,132.509995,132.509995,132.509995,132.509995,132.509995,0
2023-08-18,134.770004,134.770004,134.770004,134.770004,134.770004,0
2023-08-21,133.589996,133.589996,133.589996,133.589996,133.589996,0
2023-08-22,134.059998,134.059998,134.059998,134.059998,134.059998,0
2023-08-23,131.820007,131.820007,131.820007,131.820007,131.820007,0
2023-08-24,132.479996,132.479996,132.479996,132.479996,132.479996,0
2023-08-25,132.270004,132.270004,132.270004,132.270004,132.270004,0
2023-08-28,130.190002,130.190002,130.190002,130.190002,130.190002,0
2023-08-29,135.229996,135.229996,135.229996,135.229996,135.229996,0
2023-08-30,142.139999,142.139999,142.139999,142.139999,142.139999,0
2023-08-31,144.699997,144.699997,144.699997,144.699997,144.699997,0
2023-09-01,144.279999,144.279999,144.279999,144.279999,144.279999,0
2023-09-05,139.619995,139.619995,139.619995,139.619995,139.619995,0
2023-09-06,137.880005,137.880005,137.880005,137.880005,137.880005,0
2023-09-07,135.589996,135.589996,135.589996,135.589996,135.589996,0
2023-09-08,138.179993,138.179993,138.179993,138.179993,138.179993,0
2023-09-11,138.210007,138.210007,138.210007,138.210007,138.210007,0
2023-09-12,136.250000,136.250000,136.250000,136.250000,136.250000,0
2023-09-13,137.419998,137.419998,137.419998,137.419998,137.419998,0
2023-09-14,144.320007,144.320007,144.320007,144.320007,144.320007,0
2023-09-15,142.919998,142.919998,142.919998,142.919998,142.919998,0
2023-09-18,137.649994,137.649994,137.649994,137.649994,137.649994,0
2023-09-19,137.309998,137.309998,137.309998,137.309998,137.309998,0
2023-09-20,135.740005,135.740005,135.740005,135.740005,135.740005,0
2023-09-21,135.940002,135.940002,135.940002,135.940002,135.940002,0
2023-09-22,137.740005,137.740005,137.740005,137.740005,137.740005,0
2023-09-25,133.059998,133.059998,133.059998,133.059998,133.059998,0
2023-09-26,136.300003,136.300003,136.300003,136.300003,136.300003,0
2023-09-27,135.380005,135.380005,135.380005,135.380005,135.380005,0
2023-09-28,133.479996,133.479996,133.479996,133.479996,133.479996,0
2023-09-29,134.500000,134.500000,134.500000,134.500000,134.500000,0
2023-10-03,129.779999,129.779999,129.779999,129.779999,129.779999,0
2023-10-04,130.679993,130.679993,130.679993,130.679993,130.679993,0
2023-10-05,129.750000,129.750000,129.750000,129.750000,129.750000,0
2023-10-06,129.360001,129.360001,129.360001,129.360001,129.360001,0
2023-10-09,133.639999,133.639999,133.639999,133.639999,133.639999,0
2023-10-10,135.169998,135.169998,135.169998,135.169998,135.169998,0
2023-10-11,137.610001,137.610001,137.610001,137.610001,137.610001,0
2023-10-12,136.130005,136.130005,136.130005,136.130005,136.130005,0
2023-10-13,144.300003,144.300003,144.300003,144.300003,144.300003,0
2023-10-16,137.949997,137.949997,137.949997,137.949997,137.949997,0
2023-10-17,138.720001,138.720001,138.720001,138.720001,138.720001,0
2023-10-18,137.100006,137.100006,137.100006,137.100006,137.100006,0
2023-10-19,137.729996,137.729996,137.729996,137.729996,137.729996,0
2023-10-20,136.740005,136.740005,136.740005,136.740005,136.740005,0
2023-10-23,133.919998,133.919998,133.919998,133.919998,133.919998,0
2023-10-24,132.440002,132.440002,132.440002,132.440002,132.440002,0
2023-10-25,132.289993,132.289993,132.289993,132.289993,132.289993,0
2023-10-26,133.380005,133.380005,133.380005,133.380005,133.380005,0
2023-10-27,132.740005,132.740005,132.740005,132.740005,132.740005,0
2023-10-30,130.130005,130.130005,130.130005,130.130005,130.130005,0
2023-10-31,128.210007,128.210007,128.210007,128.210007,128.210007,0
2023-11-01,129.820007,129.820007,129.820007,129.820007,129.820007,0
2023-11-02,133.800003,133.800003,133.800003,133.800003,133.800003,0
2023-11-06,137.889999,137.889999,137.889999,137.889999,137.889999,0
2023-11-07,139.520004,139.520004,139.520004,139.520004,139.520004,0
2023-11-08,139.410004,139.410004,139.410004,139.410004,139.410004,0
2023-11-09,139.279999,139.279999,139.279999,139.279999,139.279999,0
2023-11-13,135.270004,135.270004,135.270004,135.270004,135.270004,0
2023-11-14,138.380005,138.380005,138.380005,138.380005,138.380005,0
2023-11-15,142.979996,142.979996,142.979996,142.979996,142.979996,0
2023-11-16,154.449997,154.449997,154.449997,154.449997,154.449997,0
2023-11-17,146.880005,146.880005,146.880005,146.880005,146.880005,0
2023-11-21,140.800003,140.800003,140.800003,140.800003,140.800003,0
2023-11-22,141.550003,141.550003,141.550003,141.550003,141.550003,0
2023-11-27,142.199997,142.199997,142.199997,142.199997,142.199997,0
2023-11-28,142.679993,142.679993,142.679993,142.679993,142.679993,0
2023-11-29,139.820007,139.820007,139.820007,139.820007,139.820007,0
2023-11-30,140.910004,144.539993,140.910004,144.539993,144.539993,0
2023-12-01,138.039993,144.539993,138.039993,144.539993,144.539993,0
2023-12-04,136.039993,144.539993,136.039993,144.539993,144.539993,0
2023-12-05,134.759995,144.539993,134.759995,144.539993,144.539993,0
2023-12-06,132.500000,144.539993,132.500000,144.539993,144.539993,0
2023-12-07,130.839996,130.839996,130.839996,130.839996,130.839996,0
2023-12-08,134.100006,134.100006,134.100006,134.100006,134.100006,0
2023-12-11,140.899994,140.899994,140.899994,140.899994,140.899994,0
2023-12-12,148.830002,148.830002,148.830002,148.830002,148.830002,0
2023-12-13,152.020004,152.020004,152.020004,152.020004,152.020004,0
2023-12-14,162.509995,162.509995,162.509995,162.509995,162.509995,0
2023-12-15,153.259995,153.259995,153.259995,153.259995,153.259995,0
2023-12-18,139.360001,139.360001,139.360001,139.360001,139.360001,0
2023-12-19,133.179993,133.179993,133.179993,133.179993,133.179993,0
2023-12-20,136.860001,136.860001,136.860001,136.860001,136.860001,0
2023-12-21,138.179993,138.179993,138.179993,138.179993,138.179993,0
2023-12-22,134.460007,134.460007,134.460007,134.460007,134.460007,0
2023-12-27,135.639999,135.639999,135.639999,135.639999,135.639999,0
2023-12-28,136.899994,136.899994,136.899994,136.899994,136.899994,0
2023-12-29,138.050003,138.050003,138.050003,138.050003,138.050003,0
2024-01-02,134.800003,134.800003,134.800003,134.800003,134.800003,0
2024-01-03,134.229996,134.229996,134.229996,134.229996,134.229996,0
2024-01-04,136.600006,136.600006,136.600006,136.600006,136.600006,0
2024-01-05,132.679993,132.679993,132.679993,132.679993,132.679993,0
2024-01-08,137.050003,137.050003,137.050003,137.050003,137.050003,0
2024-01-09,140.949997,140.949997,140.949997,140.949997,140.949997,0
2024-01-10,137.399994,137.399994,137.399994,137.399994,137.399994,0
2024-01-11,140.360001,140.360001,140.360001,140.360001,140.360001,0
2024-01-12,143.809998,143.809998,143.809998,143.809998,143.809998,0
2024-01-16,139.940002,139.940002,139.940002,139.940002,139.940002,0
2024-01-17,147.759995,147.759995,147.759995,147.759995,147.759995,0
2024-01-18,148.149994,148.149994,148.149994,148.149994,148.149994,0
2024-01-22,146.009995,146.009995,146.009995,146.009995,146.009995,0
2024-01-23,148.119995,148.119995,148.119995,148.119995,148.119995,0
2024-01-24,150.250000,150.250000,150.250000,150.250000,150.250000,0
2024-01-25,153.050003,153.050003,153.050003,153.050003,153.050003,0
2024-01-26,151.360001,151.360001,151.360001,151.360001,151.360001,0
2024-01-29,149.029999,149.029999,149.029999,149.029999,149.029999,0
2024-01-30,148.729996,148.729996,148.729996,148.729996,148.729996,0
2024-01-31,150.210007,150.210007,150.210007,150.210007,150.210007,0
2024-02-01,160.080002,160.080002,160.080002,160.080002,160.080002,0
2024-02-02,160.020004,160.020004,160.020004,160.020004,160.020004,0
2024-02-05,155.490005,155.490005,155.490005,155.490005,155.490005,0
2024-02-06,152.820007,152.820007,152.820007,152.820007,152.820007,0
2024-02-07,151.410004,151.410004,151.410004,151.410004,151.410004,0
2024-02-08,150.360001,150.360001,150.360001,150.360001,150.360001,0
2024-02-09,156.619995,156.619995,156.619995,156.619995,156.619995,0
2024-02-12,152.800003,152.800003,152.800003,152.800003,152.800003,0
2024-02-13,170.520004,170.520004,170.520004,170.520004,170.520004,0
2024-02-14,160.399994,160.399994,160.399994,160.399994,160.399994,0
2024-02-15,148.899994,148.899994,148.899994,148.899994,148.899994,0
2024-02-16,142.619995,142.619995,142.619995,142.619995,142.619995,0
2024-02-20,141.449997,141.449997,141.449997,141.449997,141.449997,0
2024-02-21,142.720001,142.720001,142.720001,142.720001,142.720001,0
2024-02-22,145.910004,145.910004,145.910004,145.910004,145.910004,0
2024-02-23,144.000000,144.000000,144.000000,144.000000,144.000000,0
2024-02-26,143.600006,143.600006,143.600006,143.600006,143.600006,0
2024-02-27,147.289993,147.289993,147.289993,147.289993,147.289993,0
2024-02-28,149.089996,149.089996,149.089996,149.089996,149.089996,0
2024-02-29,149.830002,149.830002,149.830002,149.830002,149.830002,0
2024-03-01,150.419998,150.419998,150.419998,150.419998,150.419998,0
2024-03-04,145.940002,145.940002,145.940002,145.940002,145.940002,0
2024-03-05,144.899994,144.899994,144.899994,144.899994,144.899994,0
2024-03-06,143.639999,143.639999,143.639999,143.639999,143.639999,0
2024-03-07,142.940002,142.940002,142.940002,142.940002,142.940002,0
2024-03-08,141.179993,141.179993,141.179993,141.179993,141.179993,0
2024-03-11,142.270004,142.270004,142.270004,142.270004,142.270004,0
2024-03-12,142.229996,142.229996,142.229996,142.229996,142.229996,0
2024-03-13,144.169998,144.169998,144.169998,144.169998,144.169998,0
2024-03-14,143.949997,143.949997,143.949997,143.949997,143.949997,0
2024-03-15,138.910004,138.910004,138.910004,138.910004,138.910004,0
2024-03-18,139.970001,139.970001,139.970001,139.970001,139.970001,0
2024-03-19,141.610001,141.610001,141.610001,141.610001,141.610001,0
2024-03-20,141.190002,141.190002,141.190002,141.190002,141.190002,0
2024-03-21,154.000000,154.000000,154.000000,154.000000,154.000000,0
2024-03-22,155.839996,155.839996,155.839996,155.839996,155.839996,0
2024-03-25,151.600006,151.600006,151.600006,151.600006,151.600006,0
2024-03-26,157.600006,157.600006,157.600006,157.600006,157.600006,0
2024-03-27,157.110001,157.110001,157.110001,157.110001,157.110001,0
2024-03-28,155.440002,155.440002,155.440002,155.440002,155.440002,0
2024-04-01,146.330002,146.330002,146.330002,146.330002,146.330002,0
2024-04-02,142.139999,142.139999,142.139999,142.139999,142.139999,0
2024-04-03,138.520004,138.520004,138.520004,138.520004,138.520004,0
2024-04-04,142.490005,142.490005,142.490005,142.490005,142.490005,0
2024-04-05,142.639999,142.639999,142.639999,142.639999,142.639999,0
2024-04-08,140.630005,140.630005,140.630005,140.630005,140.630005,0
2024-04-09,139.279999,139.279999,139.279999,139.279999,139.279999,0
2024-04-10,139.940002,139.940002,139.940002,139.940002,139.940002,0
2024-04-11,136.160004,136.160004,136.160004,136.160004,136.160004,0
2024-04-12,142.309998,142.309998,142.309998,142.309998,142.309998,0
2024-04-15,137.720001,137.720001,137.720001,137.720001,137.720001,0
2024-04-16,135.600006,135.600006,135.600006,135.600006,135.600006,0
2024-04-17,134.380005,134.380005,134.380005,134.380005,134.380005,0
2024-04-18,131.800003,131.800003,131.800003,131.800003,131.800003,0
2024-04-19,133.399994,133.399994,133.399994,133.399994,133.399994,0
2024-04-22,131.679993,131.679993,131.679993,131.679993,131.679993,0
2024-04-23,135.610001,135.610001,135.610001,135.610001,135.610001,0
2024-04-24,135.059998,135.059998,135.059998,135.059998,135.059998,0
2024-04-26,140.860001,140.860001,140.860001,140.860001,140.860001,0
2024-04-29,138.300003,138.300003,138.300003,138.300003,138.300003,0
2024-04-30,132.399994,132.399994,132.399994,132.399994,132.399994,0
2024-05-01,133.350006,133.350006,133.350006,133.350006,133.350006,0
2024-05-02,132.119995,132.119995,132.119995,132.119995,132.119995,0
2024-05-03,135.179993,135.179993,135.179993,135.179993,135.179993,0
2024-05-06,130.080002,130.080002,130.080002,130.080002,130.080002,0
2024-05-07,133.639999,133.639999,133.639999,133.639999,133.639999,0
2024-05-08,133.240005,133.240005,133.240005,133.240005,133.240005,0
2024-05-09,136.460007,136.460007,136.460007,136.460007,136.460007,0
2024-05-10,137.300003,137.300003,137.300003,137.300003,137.300003,0
2024-05-13,139.649994,139.649994,139.649994,139.649994,139.649994,0
2024-05-14,140.179993,140.179993,140.179993,140.179993,140.179993,0
2024-05-15,140.639999,140.639999,140.639999,140.639999,140.639999,0
2024-05-16,147.850006,147.850006,147.850006,147.850006,147.850006,0
2024-05-17,143.050003,143.050003,143.050003,143.050003,143.050003,0
2024-05-20,144.539993,144.539993,144.539993,144.539993,144.539993,0
2024-05-21,149.520004,149.520004,149.520004,149.520004,149.520004,0
2024-05-22,150.139999,150.139999,150.139999,150.139999,150.139999,0
2024-05-23,153.330002,153.330002,153.330002,153.330002,153.330002,0
2024-05-24,155.860001,155.860001,155.860001,155.860001,155.860001,0
2024-05-28,152.229996,152.229996,152.229996,152.229996,152.229996,0
2024-05-29,151.800003,151.800003,151.800003,151.800003,151.800003,0
2024-05-31,148.100006,148.100006,148.100006,148.100006,148.100006,0
2024-06-03,139.009995,139.009995,139.009995,139.009995,139.009995,0
2024-06-04,138.179993,138.179993,138.179993,138.179993,138.179993,0
2024-06-05,141.399994,141.399994,141.399994,141.399994,141.399994,0
2024-06-06,140.179993,140.179993,140.179993,140.179993,140.179993,0
2024-06-07,139.610001,139.610001,139.610001,139.610001,139.610001,0
2024-06-10,141.559998,141.559998,141.559998,141.559998,141.559998,0
2024-06-11,144.699997,144.699997,144.699997,144.699997,144.699997,0
2024-06-14,156.179993,156.179993,156.179993,156.179993,156.179993,0
2024-06-17,153.839996,153.839996,153.839996,153.839996,153.839996,0
2024-06-18,142.899994,142.899994,142.899994,142.899994,142.899994,0
2024-06-20,148.600006,148.600006,148.600006,148.600006,148.600006,0
2024-06-21,151.789993,151.789993,151.789993,151.789993,151.789993,0
2024-06-24,147.130005,147.130005,147.130005,147.130005,147.130005,0
2024-06-25,146.639999,146.639999,146.639999,146.639999,146.639999,0
2024-06-26,143.490005,143.490005,143.490005,143.490005,143.490005,0
2024-06-27,143.059998,143.059998,143.059998,143.059998,143.059998,0
2024-06-28,141.789993,141.789993,141.789993,141.789993,141.789993,0
2024-07-01,145.820007,145.820007,145.820007,145.820007,145.820007,0
2024-07-02,147.160004,147.160004,147.160004,147.160004,147.160004,0
2024-07-03,148.830002,148.830002,148.830002,148.830002,148.830002,0
2024-07-05,150.199997,150.199997,150.199997,150.199997,150.199997,0
2024-07-08,148.529999,148.529999,148.529999,148.529999,148.529999,0
2024-07-09,151.089996,151.089996,151.089996,151.089996,151.089996,0
2024-07-10,156.960007,156.960007,156.960007,156.960007,156.960007,0
2024-07-11,152.229996,152.229996,152.229996,152.229996,152.229996,0
2024-07-12,150.860001,150.860001,150.860001,150.860001,150.860001,0
2024-07-15,147.399994,147.399994,147.399994,147.399994,147.399994,0
2024-07-16,151.529999,151.529999,151.529999,151.529999,151.529999,0
2024-07-17,146.389999,146.389999,146.389999,146.389999,146.389999,0
2024-07-18,151.119995,151.119995,151.119995,151.119995,151.119995,0
2024-07-19,146.990005,146.990005,146.990005,146.990005,146.990005,0
2024-07-22,141.380005,141.380005,141.380005,141.380005,141.380005,0
2024-07-23,137.000000,137.000000,137.000000,137.000000,137.000000,0
2024-07-24,136.839996,136.839996,136.839996,136.839996,136.839996,0
2024-07-25,134.169998,134.169998,134.169998,134.169998,134.169998,0
2024-07-26,131.729996,131.729996,131.729996,131.729996,131.729996,0
2024-07-29,128.929993,128.929993,128.929993,128.929993,128.929993,0
2024-07-30,127.309998,127.309998,127.309998,127.309998,127.309998,0
2024-07-31,136.690002,136.690002,136.690002,136.690002,136.690002,0
2024-08-02,139.649994,139.649994,139.649994,139.649994,139.649994,0
2024-08-05,145.300003,145.300003,145.300003,145.300003,145.300003,0
2024-08-09,144.520004,144.520004,144.520004,144.520004,144.520004,0
2024-08-12,140.820007,140.820007,140.820007,140.820007,140.820007,0
2024-08-13,143.869995,143.869995,143.869995,143.869995,143.869995,0
2024-08-14,141.820007,141.820007,141.820007,141.820007,141.820007,0
2024-08-15,143.559998,143.559998,143.559998,143.559998,143.559998,0
2024-08-16,142.550003,142.550003,142.550003,142.550003,142.550003,0
2024-08-19,141.500000,141.500000,141.500000,141.500000,141.500000,0
2024-08-20,146.259995,146.259995,146.259995,146.259995,146.259995,0
2024-08-21,149.669998,149.669998,149.669998,149.669998,149.669998,0
2024-08-22,154.160004,154.160004,154.160004,154.160004,154.160004,0
2024-08-23,153.949997,153.949997,153.949997,153.949997,153.949997,0
2024-08-26,151.500000,151.500000,151.500000,151.500000,151.500000,0
2024-08-27,151.830002,151.830002,151.830002,151.830002,151.830002,0
2024-08-28,151.679993,151.679993,151.679993,151.679993,151.679993,0
2024-08-29,153.009995,153.009995,153.009995,153.009995,153.009995,0
2024-08-30,159.000000,159.000000,159.000000,159.000000,159.000000,0
2024-09-03,163.600006,163.600006,163.600006,163.600006,163.600006,0
2024-09-04,160.899994,160.899994,160.899994,160.899994,160.899994,0
2024-09-05,156.710007,156.710007,156.710007,156.710007,156.710007,0
2024-09-06,148.979996,148.979996,148.979996,148.979996,148.979996,0
2024-09-09,140.330002,140.330002,140.330002,140.330002,140.330002,0
2024-09-10,139.750000,139.750000,139.750000,139.750000,139.750000,0
2024-09-11,139.729996,139.729996,139.729996,139.729996,139.729996,0
2024-09-12,145.880005,145.880005,145.880005,145.880005,145.880005,0
2024-09-13,149.990005,149.990005,149.990005,149.990005,149.990005,0
2024-09-16,152.169998,152.169998,152.169998,152.169998,152.169998,0
2024-09-17,157.539993,157.539993,157.539993,157.539993,157.539993,0
2024-09-18,167.419998,167.419998,167.419998,167.419998,167.419998,0
2024-09-19,171.720001,171.720001,171.720001,171.720001,171.720001,0
2024-09-20,165.750000,165.750000,165.750000,165.750000,165.750000,0
2024-09-23,165.600006,165.600006,165.600006,165.600006,165.600006,0
2024-09-25,160.479996,160.479996,160.479996,160.479996,160.479996,0
2024-09-26,158.669998,158.669998,158.669998,158.669998,158.669998,0
2024-09-27,160.990005,160.990005,160.990005,160.990005,160.990005,0
2024-09-30,154.300003,154.300003,154.300003,154.300003,154.300003,0
2024-10-02,161.500000,161.500000,161.500000,161.500000,161.500000,0
2024-10-03,162.779999,162.779999,162.779999,162.779999,162.779999,0
2024-10-04,156.429993,156.429993,156.429993,156.429993,156.429993,0
2024-10-07,155.570007,155.570007,155.570007,155.570007,155.570007,0
2024-10-08,156.279999,156.279999,156.279999,156.279999,156.279999,0
2024-10-09,156.929993,156.929993,156.929993,156.929993,156.929993,0
2024-10-10,154.089996,154.089996,154.089996,154.089996,154.089996,0
2024-10-11,159.429993,159.429993,159.429993,159.429993,159.429993,0
2024-10-14,153.080002,153.080002,153.080002,153.080002,153.080002,0
2024-10-15,159.690002,159.690002,159.690002,159.690002,159.690002,0
2024-10-16,161.850006,161.850006,161.850006,161.850006,161.850006,0
2024-10-17,165.820007,165.820007,165.820007,165.820007,165.820007,0
2024-10-18,155.550003,155.550003,155.550003,155.550003,155.550003,0
2024-10-21,150.970001,150.970001,150.970001,150.970001,150.970001,0
2024-10-22,146.800003,146.800003,146.800003,146.800003,146.800003,0
2024-10-23,146.970001,146.970001,146.970001,146.970001,146.970001,0
2024-10-24,144.710007,144.710007,144.710007,144.710007,144.710007,0
2024-10-25,148.910004,148.910004,148.910004,148.910004,148.910004,0
2024-10-28,148.460007,148.460007,148.460007,148.460007,148.460007,0
2024-10-29,150.740005,150.740005,150.740005,150.740005,150.740005,0
2024-10-30,153.449997,153.449997,153.449997,153.449997,153.449997,0
2024-10-31,152.070007,152.070007,152.070007,152.070007,152.070007,0
2024-11-01,146.660004,146.660004,146.660004,146.660004,146.660004,0
2024-11-04,148.949997,148.949997,148.949997,148.949997,148.949997,0
2024-11-05,152.679993,152.679993,152.679993,152.679993,152.679993,0
2024-11-06,148.110001,148.110001,148.110001,148.110001,148.110001,0
2024-11-07,152.119995,152.119995,152.119995,152.119995,152.119995,0
2024-11-08,150.339996,150.339996,150.339996,150.339996,150.339996,0
2024-11-11,140.320007,140.320007,140.320007,140.320007,140.320007,0
2024-11-12,141.500000,141.500000,141.500000,141.500000,141.500000,0
2024-11-13,142.919998,142.919998,142.919998,142.919998,142.919998,0
2024-11-14,147.979996,147.979996,147.979996,147.979996,147.979996,0
2024-11-15,149.550003,149.550003,149.550003,149.550003,149.550003,0
2024-11-18,147.330002,147.330002,147.330002,147.330002,147.330002,0
2024-11-19,149.460007,149.460007,149.460007,149.460007,149.460007,0
2024-11-20,153.000000,153.000000,153.000000,153.000000,153.000000,0
2024-11-21,155.720001,155.720001,155.720001,155.720001,155.720001,0
2024-11-22,161.639999,161.639999,161.639999,161.639999,161.639999,0
2024-11-25,167.279999,167.279999,167.279999,167.279999,167.279999,0
2024-11-26,166.229996,166.229996,166.229996,166.229996,166.229996,0
2024-11-27,167.940002,167.940002,167.940002,167.940002,167.940002,0
2024-11-29,167.940002,167.940002,167.940002,167.940002,167.940002,0
2024-12-02,170.649994,170.649994,170.649994,170.649994,170.649994,0
2024-12-03,170.229996,170.229996,170.229996,170.229996,170.229996,0
2024-12-04,172.449997,172.449997,172.449997,172.449997,172.449997,0
2024-12-05,173.929993,173.929993,173.929993,173.929993,173.929993,0
2024-12-06,168.050003,168.050003,168.050003,168.050003,168.050003,0
2024-12-09,163.139999,163.139999,163.139999,163.139999,163.139999,0
2024-12-10,165.119995,165.119995,165.119995,165.119995,165.119995,0
2024-12-11,169.059998,169.059998,169.059998,169.059998,169.059998,0
2024-12-12,167.429993,167.429993,167.429993,167.429993,167.429993,0
2024-12-13,169.910004,169.910004,169.910004,169.910004,169.910004,0
2024-12-16,166.789993,166.789993,166.789993,166.789993,166.789993,0
2024-12-17,173.039993,173.039993,173.039993,173.039993,173.039993,0
2024-12-18,168.919998,168.919998,168.919998,168.919998,168.919998,0
2024-12-19,163.100006,163.100006,163.100006,163.100006,163.100006,0
2024-12-20,161.210007,161.210007,161.210007,161.210007,161.210007,0
2024-12-23,170.649994,170.649994,170.649994,170.649994,170.649994,0
2024-12-24,180.089996,180.089996,180.089996,180.089996,180.089996,0
2024-12-26,173.720001,173.720001,173.720001,173.720001,173.720001,0
2024-12-27,167.919998,167.919998,167.919998,167.919998,167.919998,0
2024-12-30,161.080002,161.080002,161.080002,161.080002,161.080002,0
2024-12-31,169.160004,169.160004,169.160004,169.160004,169.160004,0
2025-01-02,157.199997,157.199997,157.199997,157.199997,157.199997,0
2025-01-03,157.320007,157.320007,157.320007,157.320007,157.320007,0
2025-01-06,152.639999,152.639999,152.639999,152.639999,152.639999,0
2025-01-07,155.100006,155.100006,155.100006,155.100006,155.100006,0
2025-01-08,154.339996,154.339996,154.339996,154.339996,154.339996,0
2025-01-10,151.449997,151.449997,151.449997,151.449997,151.449997,0
2025-01-13,170.550003,170.550003,170.550003,170.550003,170.550003,0
2025-01-14,167.639999,167.639999,167.639999,167.639999,167.639999,0
2025-01-15,163.539993,163.539993,163.539993,163.539993,163.539993,0
2025-01-16,167.410004,167.410004,167.410004,167.410004,167.410004,0
2025-01-17,165.350006,165.350006,165.350006,165.350006,165.350006,0
2025-01-21,173.000000,173.000000,173.000000,173.000000,173.000000,0
2025-01-22,179.979996,179.979996,179.979996,179.979996,179.979996,0
2025-01-23,179.320007,179.320007,179.320007,179.320007,179.320007,0
2025-01-24,173.160004,173.160004,173.160004,173.160004,173.160004,0
2025-01-27,168.550003,168.550003,168.550003,168.550003,168.550003,0
2025-01-28,163.639999,163.639999,163.639999,163.639999,163.639999,0
2025-01-29,157.429993,157.429993,157.429993,157.429993,157.429993,0
2025-01-30,156.699997,156.699997,156.699997,156.699997,156.699997,0
2025-01-31,158.470001,158.470001,158.470001,158.470001,158.470001,0
2025-02-03,155.449997,155.449997,155.449997,155.449997,155.449997,0
2025-02-04,159.440002,159.440002,159.440002,159.440002,159.440002,0
2025-02-05,162.639999,162.639999,162.639999,162.639999,162.639999,0
2025-02-06,163.570007,163.570007,163.570007,163.570007,163.570007,0
2025-02-07,166.529999,166.529999,166.529999,166.529999,166.529999,0
2025-02-10,166.949997,166.949997,166.949997,166.949997,166.949997,0
2025-02-11,168.809998,168.809998,168.809998,168.809998,168.809998,0
2025-02-12,166.100006,166.100006,166.100006,166.100006,166.100006,0
2025-02-13,163.360001,163.360001,163.360001,163.360001,163.360001,0
2025-02-14,167.970001,167.970001,167.970001,167.970001,167.970001,0
2025-02-18,183.119995,183.119995,183.119995,183.119995,183.119995,0
2025-02-19,175.759995,175.759995,175.759995,175.759995,175.759995,0
2025-02-20,178.570007,178.570007,178.570007,178.570007,178.570007,0
2025-02-21,165.000000,165.000000,165.000000,165.000000,165.000000,0
2025-02-24,156.929993,156.929993,156.929993,156.929993,156.929993,0
2025-02-25,157.600006,157.600006,157.600006,157.600006,157.600006,0
2025-02-26,153.440002,153.440002,153.440002,153.440002,153.440002,0
2025-02-27,149.320007,149.320007,149.320007,149.320007,149.320007,0
2025-02-28,157.940002,157.940002,157.940002,157.940002,157.940002,0
2025-03-03,154.259995,154.259995,154.259995,154.259995,154.259995,0
2025-03-04,151.380005,151.380005,151.380005,151.380005,151.380005,0
2025-03-05,138.880005,138.880005,138.880005,138.880005,138.880005,0
2025-03-06,137.649994,137.649994,137.649994,137.649994,137.649994,0
2025-03-07,139.940002,139.940002,139.940002,139.940002,139.940002,0
2025-03-10,146.039993,146.039993,146.039993,146.039993,146.039993,0
2025-03-11,132.789993,132.789993,132.789993,132.789993,132.789993,0
2025-03-12,128.690002,128.690002,128.690002,128.690002,128.690002,0
2025-03-13,128.860001,128.860001,128.860001,128.860001,128.860001,0
2025-03-14,130.300003,130.300003,130.300003,130.300003,130.300003,0
2025-03-17,133.899994,133.899994,133.899994,133.899994,133.899994,0
2025-03-18,136.750000,136.750000,136.750000,136.750000,136.750000,0
2025-03-19,136.449997,136.449997,136.449997,136.449997,136.449997,0
2025-03-20,140.789993,140.789993,140.789993,140.789993,140.789993,0
2025-03-21,141.729996,141.729996,141.729996,141.729996,141.729996,0
2025-03-24,144.009995,144.009995,144.009995,144.009995,144.009995,0
2025-03-25,148.679993,148.679993,148.679993,148.679993,148.679993,0
2025-03-26,144.750000,144.750000,144.750000,144.750000,144.750000,0
2025-03-27,140.850006,140.850006,140.850006,140.850006,140.850006,0
2025-03-28,139.039993,139.039993,139.039993,139.039993,139.039993,0
2025-03-31,148.580002,148.580002,148.580002,148.580002,148.580002,0
2025-04-01,143.009995,143.009995,143.009995,143.009995,143.009995,0
2025-04-02,144.270004,144.270004,144.270004,144.270004,144.270004,0
2025-04-03,139.199997,139.199997,139.199997,139.199997,139.199997,0
2025-04-04,136.539993,136.539993,136.539993,136.539993,136.539993,0
2025-04-07,133.820007,133.820007,133.820007,133.820007,133.820007,0
2025-04-08,135.679993,135.679993,135.679993,135.679993,135.679993,0
2025-04-09,142.229996,142.229996,142.229996,142.229996,142.229996,0
2025-04-10,127.540001,127.540001,127.540001,127.540001,127.540001,0
2025-04-11,128.639999,128.639999,128.639999,128.639999,128.639999,0
2025-04-14,135.710007,135.710007,135.710007,135.710007,135.710007,0
2025-04-15,135.759995,135.759995,135.759995,135.759995,135.759995,0
2025-04-16,131.320007,131.320007,131.320007,131.320007,131.320007,0
2025-04-17,130.020004,130.020004,130.020004,130.020004,130.020004,0
2025-04-21,125.769997,125.769997,125.769997,125.769997,125.769997,0
2025-04-22,125.930000,125.930000,125.930000,125.930000,125.930000,0
2025-04-23,126.669998,126.669998,126.669998,126.669998,126.669998,0
2025-04-24,129.020004,129.020004,129.020004,129.020004,129.020004,0
2025-04-25,132.369995,132.369995,132.369995,132.369995,132.369995,0
2025-04-28,131.279999,131.279999,131.279999,131.279999,131.279999,0
2025-04-29,134.289993,134.289993,134.289993,134.289993,134.289993,0
2025-04-30,132.729996,132.729996,132.729996,132.729996,132.729996,0
2025-05-01,134.070007,134.070007,134.070007,134.070007,134.070007,0
2025-05-02,134.779999,134.779999,134.779999,134.779999,134.779999,0
2025-05-05,134.119995,134.119995,134.119995,134.119995,134.119995,0
2025-05-06,133.240005,133.240005,133.240005,133.240005,133.240005,0
2025-05-07,132.210007,132.210007,132.210007,132.210007,132.210007,0
2025-05-08,131.520004,131.520004,131.520004,131.520004,131.520004,0
2025-05-09,128.399994,128.399994,128.399994,128.399994,128.399994,0
2025-05-12,137.669998,137.669998,137.669998,137.669998,137.669998,0
2025-05-13,140.520004,140.520004,140.520004,140.520004,140.520004,0
2025-05-14,138.940002,138.940002,138.940002,138.940002,138.940002,0
2025-05-15,140.850006,140.850006,140.850006,140.850006,140.850006,0
2025-05-16,136.009995,136.009995,136.009995,136.009995,136.009995,0
2025-05-19,135.940002,135.940002,135.940002,135.940002,135.940002,0
2025-05-20,137.270004,137.270004,137.270004,137.270004,137.270004,0
2025-05-21,137.279999,137.279999,137.279999,137.279999,137.279999,0
2025-05-22,139.039993,139.039993,139.039993,139.039993,139.039993,0
2025-05-23,139.339996,139.339996,139.339996,139.339996,139.339996,0
2025-05-27,140.889999,140.889999,140.889999,140.889999,140.889999,0
2025-05-28,137.649994,137.649994,137.649994,137.649994,137.649994,0
2025-05-29,137.259995,137.259995,137.259995,137.259995,137.259995,0
2025-05-30,138.250000,138.250000,138.250000,138.250000,138.250000,0
2025-06-02,141.039993,141.039993,141.039993,141.039993,141.039993,0
2025-06-03,141.600006,141.600006,141.600006,141.600006,141.600006,0
2025-06-04,137.460007,137.460007,137.460007,137.460007,137.460007,0
2025-06-05,140.089996,140.089996,140.089996,140.089996,140.089996,0
2025-06-06,138.850006,138.850006,138.850006,138.850006,138.850006,0
2025-06-09,139.179993,139.179993,139.179993,139.179993,139.179993,0
2025-06-10,141.220001,141.220001,141.220001,141.220001,141.220001,0
2025-06-11,141.389999,141.389999,141.389999,141.389999,141.389999,0
2025-06-12,145.600006,145.600006,145.600006,145.600006,145.600006,0
2025-06-13,149.649994,149.649994,149.649994,149.649994,149.649994,0
2025-06-16,156.600006,156.600006,156.600006,156.600006,156.600006,0
2025-06-17,154.360001,154.360001,154.360001,154.360001,154.360001,0
2025-06-18,148.410004,148.410004,148.410004,148.410004,148.410004,0
2025-06-20,149.190002,149.190002,149.190002,149.190002,149.190002,0
2025-06-23,154.779999,154.779999,154.779999,154.779999,154.779999,0
2025-06-24,154.970001,154.970001,154.970001,154.970001,154.970001,0
2025-06-25,152.240005,152.240005,152.240005,152.240005,152.240005,0
2025-06-26,147.460007,147.460007,147.460007,147.460007,147.460007,0
2025-06-27,143.440002,143.440002,143.440002,143.440002,143.440002,0
2025-06-30,139.649994,139.649994,139.649994,139.649994,139.649994,0
2025-07-01,140.070007,140.070007,140.070007,140.070007,140.070007,0
2025-07-02,139.279999,139.279999,139.279999,139.279999,139.279999,0
2025-07-03,141.360001,141.360001,141.360001,141.360001,141.360001,0
2025-07-07,137.960007,137.960007,137.960007,137.960007,137.960007,0
2025-07-08,140.800003,140.800003,140.800003,140.800003,140.800003,0
2025-07-09,141.750000,141.750000,141.750000,141.750000,141.750000,0
2025-07-10,143.320007,143.320007,143.320007,143.320007,143.320007,0
2025-07-11,144.960007,144.960007,144.960007,144.960007,144.960007,0
2025-07-14,147.000000,147.000000,147.000000,147.000000,147.000000,0
2025-07-15,143.720001,143.720001,143.720001,143.720001,143.720001,0
2025-07-16,146.710007,146.710007,146.710007,146.710007,146.710007,0
2025-07-17,151.119995,151.119995,151.119995,151.119995,151.119995,0
2025-07-18,150.449997,150.449997,150.449997,150.449997,150.449997,0
2025-07-21,154.830002,154.830002,154.830002,154.830002,154.830002,0
2025-07-22,153.440002,153.440002,153.440002,153.440002,153.440002,0
2025-07-23,159.289993,159.289993,159.289993,159.289993,159.289993,0
2025-07-24,159.410004,159.410004,159.410004,159.410004,159.410004,0
2025-07-25,145.570007,145.570007,145.570007,145.570007,145.570007,0
2025-07-28,147.649994,147.649994,147.649994,147.649994,147.649994,0
2025-07-29,149.119995,149.119995,149.119995,149.119995,149.119995,0
2025-07-30,154.080002,154.080002,154.080002,154.080002,154.080002,0
2025-07-31,152.289993,152.289993,152.289993,152.289993,152.289993,0
2025-08-01,155.490005,155.490005,155.490005,155.490005,155.490005,0
2025-08-04,159.309998,159.309998,159.309998,159.309998,159.309998,0
2025-08-05,149.910004,149.910004,149.910004,149.910004,149.910004,0
2025-08-06,149.710007,149.710007,149.710007,149.710007,149.710007,0
2025-08-07,147.029999,147.029999,147.029999,147.029999,147.029999,0
2025-08-08,147.529999,147.529999,147.529999,147.529999,147.529999,0
2025-08-11,148.550003,148.550003,148.550003,148.550003,148.550003,0
2025-08-12,151.449997,151.449997,151.449997,151.449997,151.449997,0
2025-08-13,153.130005,153.130005,153.130005,153.130005,153.130005,0
2025-08-14,150.619995,150.619995,150.619995,150.619995,150.619995,0
2025-08-15,153.789993,153.789993,153.789993,153.789993,153.789993,0
2025-08-18,153.949997,153.949997,153.949997,153.949997,153.949997,0
2025-08-19,153.169998,153.169998,153.169998,153.169998,153.169998,0
2025-08-20,144.559998,144.559998,144.559998,144.559998,144.559998,0
2025-08-21,144.320007,144.320007,144.320007,144.320007,144.320007,0
2025-08-22,146.389999,146.389999,146.389999,146.389999,146.389999,0
2025-08-25,149.990005,149.990005,149.990005,149.990005,149.990005,0
2025-08-26,156.529999,156.529999,156.529999,156.529999,156.529999,0
2025-08-27,150.880005,150.880005,150.880005,150.880005,150.880005,0
2025-08-28,152.500000,152.500000,152.500000,152.500000,152.500000,0
2025-08-29,152.100006,152.100006,152.100006,152.100006,152.100006,0
2025-09-02,151.479996,151.479996,151.479996,151.479996,151.479996,0
2025-09-03,150.220001,150.220001,150.220001,150.220001,150.220001,0
2025-09-04,153.960007,153.960007,153.960007,153.960007,153.960007,0
2025-09-05,148.160004,148.160004,148.160004,148.160004,148.160004,0
2025-09-08,148.820007,148.820007,148.820007,148.820007,148.820007,0
2025-09-09,150.929993,150.929993,150.929993,150.929993,150.929993,0
2025-09-10,151.919998,151.919998,151.919998,151.919998,151.919998,0
2025-09-11,147.630005,147.630005,147.630005,147.630005,147.630005,0
2025-09-12,149.490005,149.490005,149.490005,149.490005,149.490005,0
2025-09-15,152.110001,152.110001,152.110001,152.110001,152.110001,0
2025-09-16,148.210007,148.210007,148.210007,148.210007,148.210007,0
2025-09-17,146.369995,146.369995,146.369995,146.369995,146.369995,0
2025-09-18,148.190002,148.190002,148.190002,148.190002,148.190002,0
2025-09-19,146.970001,146.970001,146.970001,146.970001,146.970001,0
2025-09-22,145.460007,145.460007,145.460007,145.460007,145.460007,0
2025-09-23,146.529999,146.529999,146.529999,146.529999,146.529999,0
2025-09-24,145.869995,145.869995,145.869995,145.869995,145.869995,0
2025-09-25,145.889999,145.889999,145.889999,145.889999,145.889999,0
2025-09-26,141.509995,141.509995,141.509995,141.509995,141.509995,0
2025-09-29,143.029999,143.029999,143.029999,143.029999,143.029999,0
2025-09-30,143.440002,143.440002,143.440002,143.440002,143.440002,0
2025-10-01,143.679993,143.679993,143.679993,143.679993,143.679993,0
2025-10-02,145.929993,145.929993,145.929993,145.929993,145.929993,0
2025-10-03,144.649994,144.649994,144.649994,144.649994,144.649994,0
2025-10-06,142.500000,142.500000,142.500000,142.500000,142.500000,0
2025-10-07,145.220001,145.220001,145.220001,145.220001,145.220001,0
2025-10-08,145.759995,145.759995,145.759995,145.759995,145.759995,0
2025-10-09,145.339996,145.339996,145.339996,145.339996,145.339996,0
2025-10-10,138.860001,138.860001,138.860001,138.860001,138.860001,0
2025-10-13,142.809998,142.809998,142.809998,142.809998,142.809998,0
2025-10-14,146.479996,146.479996,146.479996,146.479996,146.479996,0
2025-10-15,144.979996,144.979996,144.979996,144.979996,144.979996,0
2025-10-16,147.139999,147.139999,147.139999,147.139999,147.139999,0
2025-10-17,147.630005,147.630005,147.630005,147.630005,147.630005,0
2025-10-20,151.309998,151.309998,151.309998,151.309998,151.309998,0
2025-10-21,149.949997,149.949997,149.949997,149.949997,149.949997,0
2025-10-22,152.850006,152.850006,152.850006,152.850006,152.850006,0
2025-10-23,154.339996,154.339996,154.339996,154.339996,154.339996,0
2025-10-24,153.490005,153.490005,153.490005,153.490005,153.490005,0
2025-10-27,148.500000,148.500000,148.500000,148.500000,148.500000,0
2025-10-28,140.369995,140.369995,140.369995,140.369995,140.369995,0
2025-10-29,139.449997,139.449997,139.449997,139.449997,139.449997,0
2025-10-30,141.149994,141.149994,141.149994,141.149994,141.149994,0
2025-10-31,142.779999,142.779999,142.779999,142.779999,142.779999,0
2025-11-03,141.990005,141.990005,141.990005,141.990005,141.990005,0
2025-11-04,144.009995,144.009995,144.009995,144.009995,144.009995,0
2025-11-05,143.639999,143.639999,143.639999,143.639999,143.639999,0
2025-11-06,143.539993,143.539993,143.539993,143.539993,143.539993,0
2025-11-07,141.270004,141.270004,141.270004,141.270004,141.270004,0
2025-11-10,142.940002,142.940002,142.940002,142.940002,142.940002,0
2025-11-11,143.449997,143.449997,143.449997,143.449997,143.449997,0
2025-11-12,138.570007,138.570007,138.570007,138.570007,138.570007,0
2025-11-13,142.490005,142.490005,142.490005,142.490005,142.490005,0
2025-11-14,137.929993,137.929993,137.929993,137.929993,137.929993,0
2025-11-17,140.899994,140.899994,140.899994,140.899994,140.899994,0
2025-11-18,142.979996,142.979996,142.979996,142.979996,142.979996,0
2025-11-19,143.050003,143.050003,143.050003,143.050003,143.050003,0
2025-11-20,144.960007,144.960007,144.960007,144.960007,144.960007,0
2025-11-21,148.339996,148.339996,148.339996,148.339996,148.339996,0
2025-11-24,148.600006,148.600006,148.600006,148.600006,148.600006,0
2025-11-25,151.679993,151.679993,151.679993,151.679993,151.679993,0
2025-11-26,145.039993,145.039993,145.039993,145.039993,145.039993,0
2025-11-28,143.000000,143.000000,143.000000,143.000000,143.000000,0
2025-12-01,144.860001,144.860001,144.860001,144.860001,144.860001,0
2025-12-02,144.940002,144.940002,144.940002,144.940002,144.940002,0
2025-12-03,149.229996,149.229996,149.229996,149.229996,149.229996,0
2025-12-04,148.910004,148.910004,148.910004,148.910004,148.910004,0
2025-12-05,148.830002,148.830002,148.830002,148.830002,148.830002,0
2025-12-08,150.630005,150.630005,150.630005,150.630005,150.630005,0
2025-12-09,150.320007,150.320007,150.320007,150.320007,150.320007,0
2025-12-10,147.550003,147.550003,147.550003,147.550003,147.550003,0
2025-12-11,148.320007,148.320007,148.320007,148.320007,148.320007,0
2025-12-12,153.589996,153.589996,153.589996,153.589996,153.589996,0
2025-12-15,161.860001,161.860001,161.860001,161.860001,161.860001,0
2025-12-16,156.990005,156.990005,156.990005,156.990005,156.990005,0
2025-12-17,153.490005,153.490005,153.490005,153.490005,153.490005,0
2025-12-18,155.380005,155.380005,155.380005,155.380005,155.380005,0
2025-12-19,155.869995,155.869995,155.869995,155.869995,155.869995,0
2025-12-22,159.929993,159.929993,159.929993,159.929993,159.929993,0
2025-12-23,160.529999,160.529999,160.529999,160.529999,160.529999,0
2025-12-24,160.529999,160.529999,160.529999,160.529999,160.529999,0
2025-12-26,151.449997,151.449997,151.449997,151.449997,151.449997,0
2025-12-29,150.470001,150.470001,150.470001,150.470001,150.470001,0
2025-12-30,148.330002,148.330002,148.330002,148.330002,148.330002,0
2025-12-31,148.699997,148.699997,148.699997,148.699997,148.699997,0
2026-01-02,141.860001,141.860001,141.860001,141.860001,141.860001,0
2026-01-05,142.449997,142.449997,142.449997,142.449997,142.449997,0
2026-01-06,146.229996,146.229996,146.229996,146.229996,146.229996,0
2026-01-07,143.570007,143.570007,143.570007,143.570007,143.570007,0
2026-01-08,147.080002,147.080002,147.080002,147.080002,147.080002,0
2026-01-09,146.039993,146.039993,146.039993,146.039993,146.039993,0
2026-01-12,149.750000,149.750000,149.750000,149.750000,149.750000,0
2026-01-13,151.600006,151.600006,151.600006,151.600006,151.600006,0
2026-01-14,152.520004,152.520004,152.520004,152.520004,152.520004,0
2026-01-15,151.570007,151.570007,151.570007,151.570007,151.570007,0
2026-01-16,153.589996,153.589996,153.589996,153.589996,153.589996,0
2026-01-20,154.960007,154.960007,154.960007,154.960007,154.960007,0
2026-01-21,144.410004,144.410004,144.410004,144.410004,144.410004,0
2026-01-22,141.309998,141.309998,141.309998,141.309998,141.309998,0
2026-01-23,144.020004,144.020004,144.020004,144.020004,144.020004,0
2026-01-26,148.100006,148.100006,148.100006,148.100006,148.100006,0
2026-01-27,147.250000,147.250000,147.250000,147.250000,147.250000,0
2026-01-28,144.979996,144.979996,144.979996,144.979996,144.979996,0
2026-01-29,143.740005,143.740005,143.740005,143.740005,143.740005,0
2026-01-30,143.649994,143.649994,143.649994,143.649994,143.649994,0
2026-02-02,146.559998,146.559998,146.559998,146.559998,146.559998,0
2026-02-03,143.850006,143.850006,143.850006,143.850006,143.850006,0
2026-02-04,143.160004,143.160004,143.160004,143.160004,143.160004,0
2026-02-05,137.160004,137.160004,137.160004,137.160004,137.160004,0
2026-02-06,140.309998,140.309998,140.309998,140.309998,140.309998,0
2026-02-09,145.229996,145.229996,145.229996,145.229996,145.229996,0
2026-02-10,145.710007,145.710007,145.710007,145.710007,145.710007,0
2026-02-11,143.779999,143.779999,143.779999,143.779999,143.779999,0
2026-02-12,142.500000,142.500000,142.500000,142.500000,142.500000,0
2026-02-13,139.350006,139.350006,139.350006,139.350006,139.350006,0
2026-02-17,140.279999,140.279999,140.279999,140.279999,140.279999,0
2026-02-18,139.169998,139.169998,139.169998,139.169998,139.169998,0
2026-02-19,141.190002,141.190002,141.190002,141.190002,141.190002,0
2026-02-20,145.520004,145.520004,145.520004,145.520004,145.520004,0
2026-02-23,141.429993,141.429993,141.429993,141.429993,141.429993,0
2026-02-24,141.940002,141.940002,141.940002,141.940002,141.940002,0
2026-02-25,146.050003,146.050003,146.050003,146.050003,146.050003,0
2026-02-26,146.570007,146.570007,146.570007,146.570007,146.570007,0
2026-02-27,146.669998,146.669998,146.669998,146.669998,146.669998,0
2026-03-02,151.779999,151.779999,151.779999,151.779999,151.779999,0
2026-03-03,152.830002,152.830002,152.830002,152.830002,152.830002,0
2026-03-04,152.869995,152.869995,152.869995,152.869995,152.869995,0
2026-03-05,153.949997,153.949997,153.949997,153.949997,153.949997,0
2026-03-06,151.800003,151.800003,151.800003,151.800003,151.800003,0
2026-03-09,157.979996,157.979996,157.979996,157.979996,157.979996,0
2026-03-10,154.460007,154.460007,154.460007,154.460007,154.460007,0
2026-03-11,152.440002,152.440002,152.440002,152.440002,152.440002,0
2026-03-12,139.940002,139.940002,139.940002,139.940002,139.940002,0
2026-03-13,137.759995,137.759995,137.759995,137.759995,137.759995,0
2026-03-16,141.490005,141.490005,141.490005,141.490005,141.490005,0
2026-03-17,145.039993,145.039993,145.039993,145.039993,145.039993,0
2026-03-18,136.539993,136.539993,136.539993,136.539993,136.539993,0
2026-03-19,138.259995,138.259995,138.259995,138.259995,138.259995,0
2026-03-20,139.119995,139.119995,139.119995,139.119995,139.119995,0
2026-03-23,142.020004,142.020004,142.020004,142.020004,142.020004,0
2026-03-24,142.630005,142.630005,142.630005,142.630005,142.630005,0
2026-03-25,140.880005,140.880005,140.880005,140.880005,140.880005,0
2026-03-26,143.990005,143.990005,143.990005,143.990005,143.990005,0
2026-03-27,139.000000,139.000000,139.000000,139.000000,139.000000,0
2026-03-30,142.229996,142.229996,142.229996,142.229996,142.229996,0
2026-03-31,145.449997,145.449997,145.449997,145.449997,145.449997,0
2026-04-01,143.770004,143.770004,143.770004,143.770004,143.770004,0
2026-04-02,146.949997,146.949997,146.949997,146.949997,146.949997,0
2026-04-06,147.600006,147.600006,147.600006,147.600006,147.600006,0
2026-04-07,148.449997,148.449997,148.449997,148.449997,148.449997,0
2026-04-08,150.360001,150.360001,150.360001,150.360001,150.360001,0
2026-04-09,143.270004,143.270004,143.270004,143.270004,143.270004,0
2026-04-10,144.179993,144.179993,144.179993,144.179993,144.179993,0
2026-04-13,156.929993,156.929993,156.929993,156.929993,156.929993,0
2026-04-14,149.940002,149.940002,149.940002,149.940002,149.940002,0
2026-04-15,139.229996,139.229996,139.229996,139.229996,139.229996,0
2026-04-16,140.740005,140.740005,140.740005,140.740005,140.740005,0
2026-04-17,141.820007,141.820007,141.820007,141.820007,141.820007,0
2026-04-20,141.899994,141.899994,141.899994,141.899994,141.899994,0
2026-04-21,140.910004,140.910004,140.910004,140.910004,140.910004,0
2026-04-22,140.839996,140.839996,140.839996,140.839996,140.839996,0
2026-04-23,139.589996,139.589996,139.589996,139.589996,139.589996,0
2026-04-24,139.080002,139.080002,139.080002,139.080002,139.080002,0
2026-04-27,139.639999,139.639999,139.639999,139.639999,139.639999,0
2026-04-28,138.160004,138.160004,138.160004,138.160004,138.160004,0
2026-04-29,141.880005,141.880005,141.880005,141.880005,141.880005,0
2026-04-30,143.330002,143.330002,143.330002,143.330002,143.330002,0
2026-05-01,141.380005,141.380005,141.380005,141.380005,141.380005,0
2026-05-04,141.740005,141.740005,141.740005,141.740005,141.740005,0
2026-05-05,138.740005,138.740005,138.740005,138.740005,138.740005,0
2026-05-06,135.419998,135.419998,135.419998,135.419998,135.419998,0
2026-05-07,136.110001,136.110001,136.110001,136.110001,136.110001,0
2026-05-08,138.210007,138.210007,138.210007,138.210007,138.210007,0
2026-05-11,140.210007,140.210007,140.210007,140.210007,140.210007,0
2026-05-12,139.410004,139.410004,139.410004,139.410004,139.410004,0
2026-05-13,141.509995,141.509995,141.509995,141.509995,141.509995,0
2026-05-14,139.320007,139.320007,139.320007,139.320007,139.320007,0
2026-05-15,145.770004,145.770004,145.770004,145.770004,145.770004,0
2026-05-18,138.399994,138.399994,138.399994,138.399994,138.399994,0
2026-05-19,135.500000,135.500000,135.500000,135.500000,135.500000,0
2026-05-20,132.309998,132.309998,132.309998,132.309998,132.309998,0
2026-05-21,136.960007,136.960007,136.960007,136.960007,136.960007,0
2026-05-22,137.389999,137.389999,137.389999,137.389999,137.389999,0
2026-05-26,139.039993,139.039993,139.039993,139.039993,139.039993,0
2026-05-27,138.570007,138.570007,138.570007,138.570007,138.570007,0
2026-05-28,139.520004,139.520004,139.520004,139.520004,139.520004,0
2026-05-29,144.179993,144.179993,144.179993,144.179993,144.179993,0
2026-06-01,142.460007,142.460007,142.460007,142.460007,142.460007,0
2026-06-02,143.240005,143.240005,143.240005,143.240005,143.240005,0
2026-06-03,136.860001,136.860001,136.860001,136.860001,136.860001,0
2026-06-04,142.149994,142.149994,142.149994,142.149994,142.149994,0
2026-06-05,152.250000,152.250000,152.250000,152.250000,152.250000,0
2026-06-08,145.000000,145.000000,145.000000,145.000000,145.000000,0
2026-06-09,141.970001,141.970001,141.970001,141.970001,141.970001,0
2026-06-10,143.080002,143.080002,143.080002,143.080002,143.080002,0
2026-06-11,142.979996,142.979996,142.979996,142.979996,142.979996,0
2026-06-12,142.600006,142.600006,142.600006,142.600006,142.600006,0
2026-06-15,144.320007,144.320007,144.320007,144.320007,144.320007,0
2026-06-16,142.660004,142.660004,142.660004,142.660004,142.660004,0
2026-06-17,142.619995,142.619995,142.619995,142.619995,142.619995,0
2026-06-18,146.720001,146.720001,146.720001,146.720001,146.720001,0
2026-06-22,141.850006,141.850006,141.850006,141.850006,141.850006,0
2026-06-23,143.139999,143.139999,143.139999,143.139999,143.139999,0
2026-06-24,145.300003,145.300003,145.300003,145.300003,145.300003,0
2026-06-25,139.889999,139.889999,139.889999,139.889999,139.889999,0
2026-06-26,139.399994,139.399994,139.399994,139.399994,139.399994,0
2026-06-29,144.460007,144.460007,144.460007,144.460007,144.460007,0
2026-06-30,149.600006,149.600006,149.600006,149.600006,149.600006,0
2026-07-01,154.820007,154.820007,154.820007,154.820007,154.820007,0
