Date,Open,High,Low,Close,Adj Close,Volume
2019-01-02,245.979996,251.210007,245.949997,250.179993,223.805954,126925200
2019-01-03,248.229996,248.570007,243.669998,244.210007,218.465347,144140700
2019-01-04,247.589996,253.110001,247.169998,252.389999,225.782959,142628800
2019-01-07,252.690002,255.949997,251.690002,254.380005,227.563217,103139100
2019-01-08,256.820007,257.309998,254.000000,256.769989,229.701233,102512600
2019-01-09,257.559998,258.910004,256.190002,257.970001,230.774719,95006600
2019-01-10,256.260010,259.160004,255.500000,258.880005,231.588821,96823900
2019-01-11,257.679993,259.010010,257.029999,258.980011,231.678268,73858100
2019-01-14,256.859985,258.299988,256.410004,257.399994,230.264847,70908200
2019-01-15,257.820007,260.700012,257.809998,260.350006,232.903854,85208300
2019-01-16,260.829987,261.970001,260.600006,260.980011,233.467468,77636700
2019-01-17,260.010010,263.920013,259.959991,262.959991,235.238663,96118400
2019-01-18,264.980011,266.980011,263.000000,266.459991,238.369690,127900300
2019-01-22,264.820007,265.059998,261.059998,262.859985,235.149170,115531200
2019-01-23,264.010010,264.790009,260.660004,263.410004,235.641266,86030300
2019-01-24,263.209991,264.200012,262.079987,263.549988,235.766464,59204100
2019-01-25,265.609985,266.700012,263.660004,265.779999,237.761414,96883400
2019-01-28,263.390015,263.829987,261.790009,263.760010,235.954330,85613700
2019-01-29,263.920013,264.549988,262.480011,263.410004,235.641266,66136300
2019-01-30,265.100006,268.519989,264.250000,267.579987,239.371674,92473700
2019-01-31,267.510010,270.470001,267.269989,269.929993,241.473938,104012100
2019-02-01,270.149994,271.200012,269.179993,270.059998,241.590225,85782500
2019-02-04,270.109985,272.029999,269.359985,271.959991,243.289963,60744800
2019-02-05,272.440002,273.440002,271.880005,273.100006,244.309738,79552800
2019-02-06,272.790009,273.339996,271.920013,272.739990,243.987625,58347800
2019-02-07,270.940002,271.549988,268.290009,270.140015,241.661743,95482000
2019-02-08,268.750000,270.579987,267.829987,270.470001,241.957001,75788900
2019-02-11,271.200012,271.489990,270.029999,270.619995,242.091217,68021400
2019-02-12,272.420013,274.519989,272.339996,274.100006,245.204330,72270200
2019-02-13,275.029999,275.929993,274.559998,274.989990,246.000519,65277200
2019-02-14,273.779999,275.640015,272.869995,274.380005,245.454742,83234400
2019-02-15,276.359985,277.410004,276.130005,277.369995,248.129562,97088700
2019-02-19,276.480011,278.579987,276.470001,277.850006,248.559021,59120800
2019-02-20,277.809998,278.920013,277.250000,278.410004,249.059982,76610800
2019-02-21,277.700012,278.100006,276.350006,277.420013,248.174240,64214700
2019-02-22,278.109985,279.359985,277.399994,279.140015,249.712997,78114600
2019-02-25,280.730011,281.309998,279.429993,279.519989,250.052933,69030700
2019-02-26,279.130005,280.299988,278.899994,279.320007,249.873962,56844100
2019-02-27,278.519989,279.589996,277.480011,279.200012,249.766632,56921600
2019-02-28,278.959991,279.450012,278.320007,278.679993,249.301468,69268300
2019-03-01,280.440002,280.880005,278.820007,280.420013,250.858078,78880500
2019-03-04,281.600006,281.869995,276.839996,279.399994,249.945526,106494600
2019-03-05,279.540009,279.760010,278.410004,279.019989,249.605591,59114600
2019-03-06,279.149994,279.160004,276.970001,277.329987,248.093811,75039800
2019-03-07,276.829987,276.989990,274.070007,275.010010,246.018387,94885100
2019-03-08,272.940002,274.649994,272.420013,274.459991,245.526337,85795800
2019-03-11,275.260010,278.619995,275.230011,278.440002,249.086823,65098900
2019-03-12,279.059998,280.070007,278.850006,279.489990,250.026215,79667500
2019-03-13,280.480011,282.380005,280.299988,281.339996,251.681015,80639200
2019-03-14,281.369995,281.839996,280.670013,281.160004,251.520050,67518400
2019-03-15,280.540009,282.209991,280.329987,281.309998,252.762650,81309000
2019-03-18,281.549988,282.660004,281.299988,282.329987,253.679169,62199800
2019-03-19,283.510010,284.359985,281.410004,282.399994,253.742065,90268100
2019-03-20,282.160004,283.500000,280.320007,281.549988,252.978378,84609200
2019-03-21,280.640015,285.179993,280.589996,284.730011,255.835663,79550400
2019-03-22,283.220001,283.799988,279.179993,279.250000,250.911728,122659300
2019-03-25,278.869995,280.190002,277.640015,279.040009,250.722992,85575200
2019-03-26,280.989990,282.179993,279.559998,281.119995,252.591995,68125900
2019-03-27,281.109985,281.760010,277.929993,279.649994,251.271149,72224700
2019-03-28,280.350006,281.209991,279.070007,280.709991,252.223526,56238500
2019-03-29,282.390015,282.839996,281.140015,282.480011,253.813950,82186800
2019-04-01,284.700012,286.160004,284.399994,285.829987,256.824005,77617900
2019-04-02,286.040009,286.230011,285.089996,285.970001,256.949738,40070400
2019-04-03,287.320007,287.760010,285.750000,286.420013,257.354126,68243200
2019-04-04,286.779999,287.459991,286.010010,287.179993,258.037079,48997500
2019-04-05,287.920013,288.630005,287.600006,288.570007,259.285980,58621700
2019-04-08,288.100006,288.910004,287.369995,288.790009,259.483551,53566300
2019-04-09,287.720001,288.079987,286.700012,287.309998,258.153900,66142300
2019-04-10,287.769989,288.390015,287.309998,288.290009,259.034363,52601500
2019-04-11,288.829987,288.839996,287.579987,288.209991,258.962433,55093100
2019-04-12,290.000000,290.470001,288.260010,290.160004,260.714539,69727800
2019-04-15,290.239990,290.350006,289.079987,289.970001,260.543823,49596700
2019-04-16,290.950012,291.010010,289.500000,290.160004,260.714539,52153200
2019-04-17,291.399994,291.429993,288.989990,289.450012,260.076782,58268300
2019-04-18,290.100006,290.320007,288.660004,290.019989,260.588806,68708500
2019-04-22,289.170013,290.440002,289.070007,290.269989,260.813446,40160100
2019-04-23,290.679993,293.140015,290.420013,292.880005,263.158539,52246600
2019-04-24,292.790009,293.160004,292.070007,292.230011,262.574524,50392900
2019-04-25,292.119995,292.779999,290.730011,292.049988,262.412842,57770900
2019-04-26,292.100006,293.489990,291.239990,293.410004,263.634796,50916400
2019-04-29,293.510010,294.450012,293.410004,293.869995,264.048096,57197700
2019-04-30,293.489990,294.339996,291.920013,294.019989,264.182892,81111700
2019-05-01,294.720001,294.950012,291.799988,291.809998,262.197174,71671900
2019-05-02,291.679993,292.700012,289.519989,291.179993,261.631165,65030200
2019-05-03,292.820007,294.339996,291.299988,294.029999,264.191895,56543700
2019-05-06,289.250000,293.309998,288.899994,292.820007,263.104614,107198100
2019-05-07,290.149994,290.809998,285.809998,287.929993,258.710876,144729900
2019-05-08,287.529999,289.429993,286.869995,287.529999,258.351471,91568300
2019-05-09,285.230011,287.329987,283.299988,286.660004,257.569763,103471100
2019-05-10,285.619995,288.940002,282.299988,288.100006,258.863586,112429300
2019-05-13,282.420013,283.489990,279.929993,280.859985,252.358337,127290500
2019-05-14,281.989990,285.100006,281.850006,283.399994,254.640564,77003200
2019-05-15,281.589996,285.769989,281.359985,285.059998,256.132172,73956400
2019-05-16,285.839996,289.209991,285.760010,287.700012,258.504181,76749600
2019-05-17,285.140015,288.600006,285.119995,285.839996,256.833008,100353000
2019-05-20,284.059998,285.959991,283.119995,283.950012,255.134796,62877600
2019-05-21,285.829987,286.929993,285.549988,286.510010,257.434967,46847100
2019-05-22,285.450012,286.690002,285.100006,285.630005,256.644348,49482500
2019-05-23,283.160004,283.209991,280.570007,282.140015,253.508453,98733800
2019-05-24,283.739990,284.200012,282.089996,282.779999,254.083496,55268100
2019-05-28,283.089996,284.149994,280.130005,280.149994,251.720413,70029400
2019-05-29,278.910004,279.359985,276.709991,278.269989,250.031158,104972900
2019-05-30,279.109985,280.040009,277.809998,279.029999,250.714050,62523800
2019-05-31,276.200012,277.119995,275.239990,275.269989,247.335632,86862800
2019-06-03,275.309998,276.549988,273.089996,274.570007,246.706650,96428000
2019-06-04,277.119995,280.679993,276.619995,280.529999,252.061813,77231900
2019-06-05,282.329987,282.989990,280.320007,282.959991,254.245178,71169700
2019-06-06,283.290009,285.549988,282.570007,284.799988,255.898468,69430400
2019-06-07,285.929993,288.850006,285.739990,287.649994,258.459290,74272200
2019-06-10,289.369995,290.820007,288.869995,288.970001,259.645416,60799100
2019-06-11,290.989990,291.399994,288.179993,288.899994,259.582550,58641300
2019-06-12,288.640015,289.260010,287.820007,288.390015,259.124146,47096300
2019-06-13,289.399994,289.980011,288.619995,289.579987,260.193481,48945200
2019-06-14,289.260010,289.929993,288.410004,289.260010,259.905975,52324700
2019-06-17,289.519989,290.220001,289.179993,289.369995,260.004822,39205700
2019-06-18,291.390015,293.570007,290.989990,292.399994,262.727295,85434800
2019-06-19,292.549988,293.649994,291.470001,293.059998,263.320312,78674400
2019-06-20,296.040009,296.309998,293.130005,295.859985,265.836121,116570000
2019-06-21,294.130005,295.519989,293.760010,294.000000,265.449768,83309500
2019-06-24,294.230011,294.579987,293.470001,293.640015,265.124664,47582700
2019-06-25,293.700012,293.730011,290.640015,290.760010,262.524445,82028700
2019-06-26,291.750000,292.309998,290.350006,290.470001,262.262512,51584900
2019-06-27,291.309998,292.059998,290.890015,291.500000,263.192444,40355200
2019-06-28,292.579987,293.549988,292.010010,293.000000,264.546783,59350900
2019-07-01,296.679993,296.920013,294.329987,295.660004,266.948547,78705600
2019-07-02,295.609985,296.489990,294.679993,296.429993,267.643707,61504500
2019-07-03,297.179993,298.820007,297.019989,298.799988,269.783569,40898900
2019-07-05,297.440002,298.640015,296.010010,298.459991,269.476562,51677300
2019-07-08,297.010010,298.260010,296.220001,296.820007,267.995850,45841800
2019-07-09,295.540009,297.519989,295.480011,297.190002,268.329987,41101300
2019-07-10,298.369995,299.660004,297.779999,298.609985,269.612061,58448500
2019-07-11,299.320007,299.579987,298.200012,299.309998,270.244080,50826100
2019-07-12,299.850006,300.730011,299.510010,300.649994,271.453979,40326000
2019-07-15,301.130005,301.130005,300.190002,300.750000,271.544189,33900000
2019-07-16,300.649994,300.880005,299.440002,299.779999,270.668457,36650100
2019-07-17,299.750000,299.929993,297.739990,297.739990,268.826508,36036300
2019-07-18,297.190002,299.250000,296.700012,298.829987,269.810608,51392600
2019-07-19,300.040009,300.070007,296.980011,297.170013,268.311859,58678600
2019-07-22,297.609985,298.500000,297.040009,297.899994,268.971069,43638100
2019-07-23,299.140015,300.029999,298.220001,300.029999,270.894165,44564500
2019-07-24,299.190002,301.440002,299.089996,301.440002,272.167145,47213200
2019-07-25,300.940002,301.000000,299.109985,300.000000,270.867096,55394100
2019-07-26,300.760010,302.230011,300.619995,302.010010,272.681946,45084100
2019-07-29,301.880005,302.010010,300.850006,301.459991,272.185272,38126500
2019-07-30,299.910004,301.170013,299.489990,300.720001,271.517120,45849000
2019-07-31,300.989990,301.200012,295.200012,297.429993,268.546600,104245200
2019-08-01,297.600006,300.869995,293.959991,294.839996,266.208221,142646600
2019-08-02,293.850006,294.119995,290.899994,292.619995,264.203705,116749700
2019-08-05,288.089996,288.209991,281.720001,283.820007,256.258270,178745400
2019-08-06,285.910004,288.040009,284.279999,287.799988,259.851776,120711700
2019-08-07,284.399994,288.820007,282.040009,287.970001,260.005310,140572300
2019-08-08,289.619995,293.619995,289.010010,293.619995,265.106567,87713900
2019-08-09,292.579987,293.239990,289.649994,291.619995,263.300812,93730000
2019-08-12,289.959991,291.609985,287.019989,288.070007,260.095520,65527600
2019-08-13,287.739990,294.149994,287.359985,292.549988,264.140442,94299800
2019-08-14,288.070007,288.739990,283.760010,283.899994,256.330505,135622100
2019-08-15,284.880005,285.640015,282.390015,284.649994,257.007782,99556600
2019-08-16,286.480011,289.329987,284.709991,288.850006,260.799866,83018300
2019-08-19,292.190002,293.079987,291.440002,292.329987,263.941895,53571800
2019-08-20,291.769989,292.359985,289.950012,290.089996,261.919434,51596400
2019-08-21,292.480011,292.859985,291.720001,292.450012,264.050201,49524700
2019-08-22,293.230011,293.929993,290.399994,292.359985,263.968964,51666400
2019-08-23,290.920013,292.760010,283.470001,284.850006,257.188324,149161500
2019-08-26,287.269989,288.000000,285.579987,288.000000,260.032379,72423800
2019-08-27,289.540009,289.950012,286.029999,286.869995,259.012085,66668900
2019-08-28,286.140015,289.070007,285.250000,288.890015,260.835938,59696700
2019-08-29,291.720001,293.160004,290.609985,292.579987,264.167633,57899400
2019-08-30,294.220001,294.239990,291.420013,292.450012,264.050201,62901200
2019-09-03,290.570007,291.579987,289.269989,290.739990,262.506287,69101400
2019-09-04,293.140015,294.059998,292.309998,294.040009,265.485901,46887300
2019-09-05,296.790009,298.829987,294.000000,297.820007,268.898743,83258100
2019-09-06,298.170013,298.760010,297.420013,298.049988,269.106445,49584300
2019-09-09,299.140015,299.239990,297.160004,298.200012,269.241852,51260300
2019-09-10,297.359985,298.200012,295.970001,298.130005,269.178711,57947100
2019-09-11,298.470001,300.339996,297.750000,300.250000,271.092804,68821100
2019-09-12,301.250000,302.459991,300.410004,301.290009,272.031769,72908700
2019-09-13,301.779999,302.170013,300.679993,301.089996,271.851196,62104800
2019-09-16,299.839996,301.140015,299.450012,300.160004,271.011536,58191200
2019-09-17,299.940002,301.019989,299.750000,300.920013,271.697784,41475500
2019-09-18,300.489990,301.220001,298.239990,301.100006,271.860168,73375800
2019-09-19,301.529999,302.630005,300.709991,301.079987,271.842102,76560500
2019-09-20,300.359985,300.670013,297.410004,298.279999,270.557861,89565000
2019-09-23,297.549988,299.000000,297.269989,298.209991,270.494385,43476800
2019-09-24,299.410004,299.839996,294.809998,295.869995,268.371857,94869400
2019-09-25,295.959991,298.109985,294.329987,297.619995,269.959137,71854000
2019-09-26,297.630005,297.859985,295.450012,297.000000,269.396729,56179700
2019-09-27,297.829987,297.950012,293.690002,295.399994,267.945404,84746600
2019-09-30,295.970001,297.549988,295.920013,296.769989,269.188049,51662400
2019-10-01,297.739990,298.459991,293.000000,293.239990,265.986145,88242400
2019-10-02,291.500000,291.510010,286.640015,288.059998,261.287567,122539500
2019-10-03,287.809998,290.450012,284.820007,290.420013,263.428314,85278800
2019-10-04,291.140015,294.630005,291.079987,294.350006,266.992981,65091200
2019-10-07,293.470001,295.260010,292.769989,293.079987,265.841003,59610500
2019-10-08,291.040009,291.850006,288.489990,288.529999,261.714020,95708100
2019-10-09,290.750000,292.299988,290.059998,291.269989,264.199310,62359400
2019-10-10,291.179993,294.209991,291.000000,293.239990,265.986145,55296300
2019-10-11,296.269989,298.739990,296.140015,296.279999,268.743683,98720400
2019-10-14,295.929993,296.670013,295.570007,295.950012,268.444366,40394800
2019-10-15,297.100006,299.700012,296.970001,298.880005,271.102081,46754500
2019-10-16,298.369995,299.160004,297.920013,298.399994,270.666687,48928200
2019-10-17,299.679993,300.239990,298.519989,299.279999,271.464874,45736600
2019-10-18,298.690002,299.399994,297.029999,297.970001,270.276581,64304000
2019-10-21,299.420013,300.209991,298.940002,299.989990,272.108795,39048600
2019-10-22,300.579987,300.899994,298.910004,299.010010,271.220001,48594700
2019-10-23,298.730011,299.940002,298.500000,299.880005,272.009094,34352200
2019-10-24,300.910004,301.070007,299.459991,300.369995,272.453491,35453100
2019-10-25,299.739990,302.200012,299.679993,301.600006,273.569214,45205400
2019-10-28,302.940002,303.850006,302.910004,303.299988,275.111176,42147000
2019-10-29,303.000000,304.230011,302.859985,303.209991,275.029572,44284900
2019-10-30,303.429993,304.549988,301.989990,304.140015,275.873199,49643900
2019-10-31,304.130005,304.130005,301.730011,303.329987,275.138336,69053800
2019-11-01,304.920013,306.190002,304.739990,306.140015,277.687286,71141500
2019-11-04,307.850006,308.000000,306.959991,307.369995,278.802979,60606900
2019-11-05,307.589996,307.920013,306.709991,307.029999,278.494598,42933200
2019-11-06,307.029999,307.399994,306.059998,307.100006,278.558075,46487100
2019-11-07,308.570007,309.649994,307.660004,308.179993,279.537750,54272300
2019-11-08,307.799988,309.000000,307.029999,308.940002,280.226959,49032100
2019-11-11,307.420013,308.540009,307.269989,308.350006,279.691956,35797300
2019-11-12,308.750000,309.989990,308.149994,309.000000,280.281464,46484600
2019-11-13,307.910004,309.540009,307.660004,309.100006,280.372253,53917700
2019-11-14,308.790009,309.640015,308.089996,309.549988,280.780365,51219900
2019-11-15,311.019989,311.839996,310.260010,311.790009,282.812195,62023600
2019-11-18,311.529999,312.279999,311.029999,312.019989,283.020813,49228000
2019-11-19,312.679993,312.690002,311.220001,311.929993,282.939178,67804700
2019-11-20,311.279999,311.850006,309.059998,310.769989,281.886902,79406200
2019-11-21,310.890015,311.010010,309.390015,310.269989,281.433441,54664700
2019-11-22,311.089996,311.239990,309.850006,310.959991,282.059296,44850200
2019-11-25,311.980011,313.369995,311.980011,313.369995,284.245331,48647200
2019-11-26,313.410004,314.279999,313.059998,314.079987,284.889282,37569000
2019-11-27,314.609985,315.480011,314.369995,315.480011,286.159241,44444600
2019-11-29,314.859985,315.130005,314.059998,314.309998,285.098022,36592700
2019-12-02,314.589996,314.660004,311.170013,311.640015,282.676178,75767800
2019-12-03,308.649994,309.640015,307.130005,309.549988,280.780365,73941700
2019-12-04,310.700012,312.119995,310.320007,311.459991,282.512848,49080000
2019-12-05,312.230011,312.250000,310.579987,312.019989,283.020813,40709000
2019-12-06,314.119995,315.309998,314.109985,314.869995,285.605865,48927000
2019-12-09,314.440002,315.179993,313.799988,313.880005,284.707916,34838500
2019-12-10,313.820007,314.549988,312.809998,313.529999,284.390411,52649800
2019-12-11,314.029999,314.700012,313.440002,314.420013,285.197754,53429100
2019-12-12,314.429993,317.989990,314.170013,317.130005,287.655853,96389600
2019-12-13,316.869995,318.670013,316.019989,317.320007,287.828186,81503900
2019-12-16,319.220001,320.149994,317.250000,319.500000,289.805603,82749700
2019-12-17,319.920013,320.250000,319.480011,319.570007,289.869171,61097700
2019-12-18,320.000000,320.250000,319.529999,319.589996,289.887177,48133000
2019-12-19,319.799988,320.980011,319.519989,320.899994,291.075409,85310500
2019-12-20,320.459991,321.970001,319.390015,320.730011,292.351593,147142100
2019-12-23,321.589996,321.649994,321.059998,321.220001,292.798309,52990000
2019-12-24,321.470001,321.519989,320.899994,321.230011,292.807343,20270000
2019-12-26,321.649994,322.950012,321.640015,322.940002,294.366058,30911200
2019-12-27,323.739990,323.799988,322.279999,322.859985,294.293091,42528800
2019-12-30,322.950012,323.100006,320.549988,321.079987,292.670654,49729100
2019-12-31,320.529999,322.130005,320.149994,321.859985,293.381561,57077300
2020-01-02,323.540009,324.890015,322.529999,324.869995,296.125275,59151200
2020-01-03,321.160004,323.640015,321.100006,322.410004,293.882904,77709700
2020-01-06,320.489990,323.730011,320.359985,323.640015,295.004181,55653900
2020-01-07,323.019989,323.540009,322.239990,322.730011,294.174652,40496400
2020-01-08,322.940002,325.779999,322.670013,324.450012,295.742493,68296000
2020-01-09,326.160004,326.730011,325.519989,326.649994,297.747833,48473300
2020-01-10,327.290009,327.459991,325.200012,325.709991,296.891022,53029300
2020-01-13,326.390015,327.959991,325.920013,327.950012,298.932800,47086800
2020-01-14,327.470001,328.619995,326.839996,327.450012,298.477051,62832800
2020-01-15,327.350006,329.019989,327.260010,328.190002,299.151672,72056600
2020-01-16,329.700012,330.920013,329.450012,330.920013,301.639984,54050300
2020-01-17,331.700012,332.179993,330.850006,331.950012,302.578857,95846000
2020-01-21,330.899994,332.179993,330.820007,331.299988,301.986298,77742400
2020-01-22,332.239990,332.950012,331.170013,331.339996,302.022827,48914900
2020-01-23,330.630005,332.170013,329.410004,331.720001,302.369293,51963000
2020-01-24,332.440002,332.529999,327.359985,328.769989,299.680237,87578400
2020-01-27,323.029999,325.119995,322.660004,323.500000,294.876495,84062500
2020-01-28,325.059998,327.850006,323.600006,326.890015,297.966553,63834000
2020-01-29,328.380005,328.630005,326.399994,326.619995,297.720490,53888900
2020-01-30,324.359985,327.910004,323.540009,327.679993,298.686615,75491800
2020-01-31,327.000000,327.170013,320.730011,321.730011,293.263092,113845600
2020-02-03,323.350006,326.160004,323.220001,324.119995,295.441711,69083000
2020-02-04,328.070007,330.010010,327.720001,329.059998,299.944550,62573200
2020-02-05,332.269989,333.089996,330.670013,332.859985,303.408295,65951100
2020-02-06,333.910004,334.190002,332.799988,333.980011,304.429352,50359700
2020-02-07,332.820007,333.989990,331.600006,332.200012,302.806702,64139400
2020-02-10,331.230011,334.750000,331.190002,334.679993,305.067322,42070000
2020-02-11,336.160004,337.019989,334.679993,335.260010,305.596008,54864500
2020-02-12,336.829987,337.649994,336.429993,337.420013,307.564941,43992700
2020-02-13,335.859985,338.119995,335.559998,337.059998,307.236725,54501900
2020-02-14,337.510010,337.730011,336.200012,337.600006,307.728943,64582200
2020-02-18,336.510010,337.670013,335.209991,336.730011,306.935944,57226200
2020-02-19,337.790009,339.079987,337.480011,338.339996,308.403534,48814700
2020-02-20,337.739990,338.640015,333.679993,336.950012,307.136444,74163400
2020-02-21,335.470001,335.809998,332.579987,333.480011,303.973480,113788200
2020-02-24,323.140015,333.559998,321.239990,322.420013,293.892029,161088400
2020-02-25,323.940002,324.609985,311.690002,312.649994,284.986481,218913200
2020-02-26,314.179993,318.109985,310.700012,311.500000,283.938324,194773800
2020-02-27,305.459991,311.559998,297.510010,297.510010,271.186066,284353500
2020-02-28,288.700012,297.890015,285.540009,296.260010,270.046722,384975800
2020-03-02,298.209991,309.160004,294.459991,309.089996,281.741516,238703600
2020-03-03,309.500000,313.839996,297.570007,300.239990,273.674561,300139100
2020-03-04,306.119995,313.100006,303.329987,312.859985,285.177917,176613400
2020-03-05,304.980011,308.470001,300.010010,302.459991,275.698059,186366800
2020-03-06,293.149994,298.779999,290.230011,297.459991,271.140564,228667200
2020-03-09,275.299988,284.190002,273.450012,274.230011,249.965958,309417300
2020-03-10,284.640015,288.519989,273.500000,288.420013,262.900360,276444100
2020-03-11,280.700012,281.940002,270.880005,274.359985,250.084549,255316300
2020-03-12,256.000000,266.660004,247.679993,248.110001,226.157120,392220700
2020-03-13,263.089996,271.480011,248.520004,269.320007,245.490417,329566100
2020-03-16,241.179993,256.899994,237.360001,239.850006,218.627945,297240000
2020-03-17,245.039993,256.170013,237.070007,252.800003,230.432037,262070500
2020-03-18,236.250000,248.369995,228.020004,240.000000,218.764648,327597100
2020-03-19,239.250000,247.380005,232.220001,240.509995,219.229507,289322000
2020-03-20,242.529999,244.470001,228.500000,228.800003,209.781998,347158800
2020-03-23,228.190002,229.679993,218.259995,222.949997,204.418243,326025200
2020-03-24,234.419998,244.100006,233.800003,243.149994,222.939209,235494500
2020-03-25,244.869995,256.350006,239.750000,246.789993,226.276657,299430300
2020-03-26,249.520004,262.799988,249.050003,261.200012,239.488892,257632800
2020-03-27,253.270004,260.809998,251.050003,253.419998,232.355515,224341200
2020-03-30,255.699997,262.429993,253.529999,261.649994,239.901413,171369500
2020-03-31,260.559998,263.329987,256.220001,257.750000,236.325653,194881100
2020-04-01,247.979996,257.660004,243.899994,246.149994,225.689865,189554600
2020-04-02,245.190002,252.679993,244.589996,251.830002,230.897766,177660400
2020-04-03,250.759995,253.320007,245.220001,248.190002,227.560257,135561200
2020-04-06,257.839996,267.000000,248.169998,264.859985,242.844650,188061200
2020-04-07,274.209991,275.029999,264.890015,265.130005,243.092224,201427200
2020-04-08,267.959991,276.000000,265.250000,274.029999,251.252487,153774500
2020-04-09,277.579987,281.200012,275.470001,278.200012,255.075912,189999200
2020-04-13,277.140015,277.510010,271.410004,275.660004,252.747009,114839100
2020-04-14,280.980011,284.899994,275.510010,283.790009,260.201141,134143400
2020-04-15,277.570007,283.940002,275.459991,277.760010,254.672409,121775000
2020-04-16,279.149994,280.029999,275.760010,279.100006,255.901138,131798300
2020-04-17,285.380005,287.299988,282.399994,286.640015,262.814301,146684800
2020-04-20,282.609985,286.790009,281.350006,281.589996,258.184082,100109300
2020-04-21,276.730011,278.040009,272.019989,273.040009,250.344742,126385700
2020-04-22,278.350006,281.000000,276.910004,279.100006,255.901138,92951600
2020-04-23,280.489990,283.940002,278.750000,279.079987,255.882675,104709700
2020-04-24,280.730011,283.700012,278.500000,282.970001,259.449310,85063200
2020-04-27,285.119995,288.269989,284.619995,287.049988,263.190155,77896600
2020-04-28,291.019989,291.399994,285.399994,285.730011,261.980042,105270000
2020-04-29,291.529999,294.880005,290.410004,293.209991,268.838135,118745600
2020-04-30,291.709991,293.320007,288.589996,290.480011,266.335144,122901700
2020-05-01,285.309998,290.660004,281.519989,282.790009,259.284363,125180000
2020-05-04,280.739990,283.899994,279.130005,283.570007,259.999512,80873200
2020-05-05,286.640015,289.250000,283.709991,286.190002,262.401642,79569900
2020-05-06,288.040009,288.459991,283.779999,284.250000,260.622925,73632600
2020-05-07,287.750000,289.779999,287.130005,287.679993,263.767822,75250400
2020-05-08,291.089996,292.950012,289.859985,292.440002,268.132202,76452400
2020-05-11,290.339996,294.000000,289.880005,292.500000,268.187256,79514200
2020-05-12,293.790009,294.239990,286.519989,286.670013,262.841827,95870800
2020-05-13,286.059998,287.190002,278.959991,281.600006,258.193176,144721100
2020-05-14,278.950012,285.109985,272.989990,284.970001,261.283173,121977900
2020-05-15,282.369995,286.329987,281.339996,286.279999,262.484192,111146300
2020-05-18,293.049988,296.750000,292.700012,295.000000,270.479401,119703800
2020-05-19,294.350006,296.209991,291.950012,291.970001,267.701172,95189300
2020-05-20,295.820007,297.869995,295.570007,296.929993,272.249023,85861700
2020-05-21,296.790009,297.670013,293.690002,294.880005,270.369385,78293900
2020-05-22,294.570007,295.630005,293.220001,295.440002,270.882812,63958200
2020-05-26,301.929993,302.190002,295.459991,299.079987,274.220276,88951400
2020-05-27,302.119995,303.570007,296.869995,303.529999,278.300385,104817400
2020-05-28,304.649994,306.839996,302.239990,302.970001,277.786987,90405200
2020-05-29,302.459991,304.959991,299.470001,304.320007,279.024811,119090800
2020-06-01,303.619995,306.209991,303.059998,305.549988,280.152496,55758300
2020-06-02,306.549988,308.130005,305.100006,308.079987,282.472168,74267200
2020-06-03,310.239990,313.220001,309.940002,312.179993,286.231293,92567600
2020-06-04,311.109985,313.000000,309.079987,311.359985,285.479553,75794400
2020-06-05,317.230011,321.269989,317.160004,319.339996,292.796234,150524700
2020-06-08,320.220001,323.410004,319.630005,323.200012,296.335388,73641200
2020-06-09,320.299988,323.279999,319.359985,320.790009,294.125763,77479200
2020-06-10,321.420013,322.390015,318.220001,319.000000,292.484497,95000800
2020-06-11,311.459991,312.149994,300.010010,300.609985,275.623108,209243600
2020-06-12,308.239990,309.079987,298.600006,304.209991,278.923828,194678900
2020-06-15,298.019989,308.279999,296.739990,307.049988,281.527802,135782700
2020-06-16,315.480011,315.640015,307.670013,312.959991,286.946533,137627500
2020-06-17,314.070007,314.390015,310.859985,311.660004,285.754639,83398900
2020-06-18,310.010010,312.299988,309.510010,311.779999,285.864624,80828700
2020-06-19,314.170013,314.380005,306.529999,308.640015,284.230988,135549600
2020-06-22,307.989990,311.049988,306.750000,310.619995,286.054382,74649400
2020-06-23,313.489990,314.500000,311.609985,312.049988,287.371216,68471200
2020-06-24,309.839996,310.510010,302.100006,304.089996,280.040833,132813500
2020-06-25,303.470001,307.640015,301.279999,307.350006,283.043030,89468000
2020-06-26,306.160004,306.390015,299.420013,300.049988,276.320251,127961000
2020-06-29,301.410004,304.609985,298.929993,304.459991,280.381470,79773300
2020-06-30,303.989990,310.200012,303.820007,308.359985,283.973053,113394800
2020-07-01,309.570007,311.890015,309.070007,310.519989,285.962311,72396500
2020-07-02,314.239990,315.700012,311.510010,312.230011,287.537018,69344200
2020-07-06,316.369995,317.679993,315.559998,317.049988,291.975830,61713800
2020-07-07,315.380005,317.519989,313.369995,313.779999,288.964478,82910000
2020-07-08,314.609985,316.299988,312.700012,316.179993,291.174683,54638600
2020-07-09,316.839996,317.100006,310.679993,314.380005,289.516937,83354200
2020-07-10,314.309998,317.880005,312.760010,317.589996,292.473175,57550400
2020-07-13,320.130005,322.709991,314.130005,314.839996,289.940582,102997500
2020-07-14,313.299988,319.760010,312.000000,318.920013,293.697937,93657000
2020-07-15,322.410004,323.040009,319.269989,321.850006,296.396301,87196500
2020-07-16,319.790009,321.279999,319.089996,320.790009,295.420105,54622500
2020-07-17,321.880005,322.570007,319.739990,321.720001,296.276489,62774900
2020-07-20,321.429993,325.130005,320.619995,324.320007,298.670959,56308800
2020-07-21,326.450012,326.929993,323.940002,325.010010,299.306335,57292200
2020-07-22,324.619995,327.200012,324.500000,326.859985,301.010010,57792900
2020-07-23,326.470001,327.230011,321.480011,322.959991,297.418396,75738000
2020-07-24,320.950012,321.989990,319.250000,320.880005,295.502930,73766600
2020-07-27,321.630005,323.410004,320.769989,323.220001,297.657867,48293000
2020-07-28,322.429993,323.640015,320.850006,321.170013,295.769958,57495000
2020-07-29,322.119995,325.730011,322.079987,325.119995,299.407593,48454200
2020-07-30,321.899994,324.410004,319.640015,323.959991,298.339325,61861700
2020-07-31,325.899994,326.630005,321.329987,326.519989,300.696838,84986800
2020-08-03,328.320007,329.619995,327.730011,328.790009,302.787384,53077900
2020-08-04,327.859985,330.059998,327.859985,330.059998,303.956909,41917900
2020-08-05,331.470001,332.390015,331.179993,332.109985,305.844788,42697700
2020-08-06,331.480011,334.459991,331.130005,334.329987,307.889160,43679400
2020-08-07,333.279999,334.880005,332.299988,334.570007,308.110260,57308300
2020-08-10,335.059998,335.769989,332.959991,335.570007,309.031189,44282100
2020-08-11,336.850006,337.540009,332.010010,332.799988,306.480194,69601100
2020-08-12,335.440002,338.279999,335.410004,337.440002,310.753235,53774400
2020-08-13,336.609985,338.250000,335.829987,336.829987,310.191528,41816100
2020-08-14,336.410004,337.420013,335.619995,336.839996,310.200806,47260400
2020-08-17,337.940002,338.339996,336.850006,337.910004,311.186096,35481000
2020-08-18,338.339996,339.100006,336.609985,338.640015,311.858398,38733900
2020-08-19,339.049988,339.609985,336.619995,337.230011,310.559845,68054200
2020-08-20,335.359985,338.799988,335.220001,338.279999,311.526794,42207800
2020-08-21,337.920013,339.720001,337.549988,339.480011,312.631958,55106600
2020-08-24,342.119995,343.000000,339.450012,342.920013,315.799866,48588700
2020-08-25,343.529999,344.209991,342.269989,344.119995,316.904938,38463400
2020-08-26,344.760010,347.859985,344.170013,347.570007,320.082092,50790200
2020-08-27,348.510010,349.899994,346.529999,348.329987,320.782043,58034100
2020-08-28,349.440002,350.720001,348.149994,350.579987,322.854004,48588900
2020-08-31,350.350006,351.299988,349.059998,349.309998,321.684601,66099200
2020-09-01,350.209991,352.709991,349.239990,352.600006,324.714386,54908700
2020-09-02,354.670013,358.750000,353.429993,357.700012,329.410980,69540000
2020-09-03,355.869995,356.380005,342.589996,345.390015,318.074524,148011100
2020-09-04,346.130005,347.829987,334.869995,342.570007,315.477539,139156300
2020-09-08,336.709991,342.640015,332.880005,333.209991,306.857819,114465300
2020-09-09,337.549988,342.459991,336.609985,339.790009,312.917389,91462300
2020-09-10,341.820007,342.529999,332.850006,333.890015,307.484070,90569500
2020-09-11,335.820007,336.970001,331.000000,334.059998,307.640594,84680200
2020-09-14,337.489990,340.380005,334.220001,338.459991,311.692566,65605700
2020-09-15,341.119995,342.019989,338.470001,340.170013,313.267456,52920900
2020-09-16,341.510010,343.059998,338.519989,338.820007,312.024139,82096000
2020-09-17,333.559998,337.700012,332.989990,335.839996,309.279724,91523300
2020-09-18,335.369995,335.489990,327.970001,330.649994,305.719147,105877900
2020-09-21,325.700012,327.130005,321.730011,326.970001,302.316681,99450800
2020-09-22,328.570007,330.899994,325.859985,330.299988,305.395599,63612100
2020-09-23,330.899994,331.200012,322.100006,322.640015,298.313080,93112200
2020-09-24,321.220001,326.799988,319.799988,323.500000,299.108246,76681300
2020-09-25,322.579987,329.579987,321.640015,328.730011,303.943939,71069400
2020-09-28,333.220001,334.959991,332.149994,334.190002,308.992310,64584600
2020-09-29,333.970001,334.769989,331.619995,332.369995,307.309448,51304000
2020-09-30,333.089996,338.290009,332.880005,334.890015,309.639496,104081100
2020-10-01,337.690002,338.739990,335.010010,337.040009,311.627350,88698700
2020-10-02,331.700012,337.010010,331.190002,333.839996,308.668610,89431100
2020-10-05,336.059998,339.959991,336.010010,339.760010,314.142303,45713100
2020-10-06,339.910004,342.170013,334.380005,334.929993,309.676453,90128900
2020-10-07,338.119995,341.630005,338.089996,340.760010,315.066895,56999600
2020-10-08,342.850006,343.850006,341.859985,343.779999,317.859253,45242500
2020-10-09,345.559998,347.350006,344.890015,346.850006,320.697632,59528600
2020-10-12,349.589996,354.019989,349.059998,352.429993,325.857025,80388500
2020-10-13,352.279999,352.470001,349.089996,350.130005,323.730377,73255500
2020-10-14,350.750000,351.929993,347.140015,347.929993,321.696198,57727900
2020-10-15,343.709991,348.019989,343.130005,347.500000,321.298645,60357700
2020-10-16,348.959991,350.750000,347.100006,347.290009,321.104523,89501900
2020-10-19,348.649994,349.329987,341.040009,342.010010,316.222687,68425600
2020-10-20,343.459991,346.880005,342.640015,343.380005,317.489288,60051900
2020-10-21,343.329987,345.670013,342.399994,342.730011,316.888367,63575000
2020-10-22,342.959991,345.239990,340.649994,344.609985,318.626617,55399300
2020-10-23,345.929993,345.989990,343.130005,345.779999,319.708405,49143900
2020-10-26,342.130005,342.980011,335.619995,339.390015,313.800140,91473000
2020-10-27,339.760010,340.119995,337.989990,338.220001,312.718414,65994100
2020-10-28,332.100006,338.250000,326.130005,326.660004,302.030090,127094300
2020-10-29,326.910004,333.399994,325.089996,329.980011,305.099640,90597700
2020-10-30,328.279999,329.690002,322.600006,326.540009,301.919067,120287300
2020-11-02,330.200012,332.359985,327.239990,330.200012,305.303223,86068300
2020-11-03,333.690002,338.250000,330.290009,336.029999,310.693542,93294200
2020-11-04,340.859985,347.940002,339.589996,343.540009,317.637268,126959700
2020-11-05,349.239990,352.190002,348.859985,350.239990,323.832092,82039700
2020-11-06,349.929993,351.510010,347.649994,350.160004,323.758148,74973000
2020-11-09,363.970001,364.380005,354.059998,354.559998,327.826355,172304200
2020-11-10,353.489990,355.179993,350.510010,354.040009,327.345581,85552000
2020-11-11,356.399994,357.559998,355.059998,356.670013,329.777313,58649000
2020-11-12,355.579987,356.720001,351.260010,353.209991,326.578064,67546200
2020-11-13,355.269989,358.899994,354.709991,358.100006,331.099426,62892200
2020-11-16,360.980011,362.779999,359.589996,362.570007,335.232391,74541100
2020-11-17,359.970001,361.920013,358.339996,360.619995,333.429504,66111000
2020-11-18,360.910004,361.500000,356.239990,356.279999,329.416626,70591300
2020-11-19,355.600006,358.179993,354.149994,357.779999,330.803711,59940900
2020-11-20,357.500000,357.720001,355.250000,355.329987,328.538269,70417300
2020-11-23,357.279999,358.820007,354.869995,357.459991,330.507660,63230600
2020-11-24,360.209991,363.809998,359.290009,363.220001,335.833374,62415900
2020-11-25,363.130005,363.160004,361.480011,362.660004,335.315613,45330900
2020-11-27,363.839996,364.179993,362.579987,363.670013,336.249451,28514100
2020-11-30,362.829987,363.119995,359.170013,362.059998,334.760864,83872700
2020-12-01,365.570007,367.679993,364.929993,366.019989,338.422241,74231400
2020-12-02,364.820007,366.959991,364.200012,366.790009,339.134277,45927000
2020-12-03,366.679993,368.190002,365.500000,366.690002,339.041779,62882000
2020-12-04,367.320007,369.850006,367.220001,369.850006,341.963562,50749900
2020-12-07,369.019989,369.619995,367.720001,369.089996,341.260864,48944300
2020-12-08,367.720001,370.779999,367.670013,370.170013,342.259369,42458900
2020-12-09,370.880005,371.049988,365.950012,366.850006,339.189728,74098300
2020-12-10,365.369995,367.859985,364.429993,366.730011,339.078766,57735400
2020-12-11,364.899994,366.739990,363.260010,366.299988,338.681152,57698600
2020-12-14,368.640015,369.799988,364.470001,364.660004,337.164886,69216200
2020-12-15,367.399994,369.589996,365.920013,369.589996,341.723145,63865300
2020-12-16,369.820007,371.160004,368.869995,370.170013,342.259369,58420500
2020-12-17,371.940002,372.459991,371.049988,372.239990,344.173340,64119500
2020-12-18,370.970001,371.149994,367.019989,369.179993,342.799103,136542300
2020-12-21,364.970001,378.459991,362.029999,367.859985,341.573456,96386700
2020-12-22,368.209991,368.329987,366.029999,367.239990,340.997711,47949000
2020-12-23,368.279999,369.619995,367.220001,367.570007,341.304138,46201400
2020-12-24,368.079987,369.029999,367.450012,369.000000,342.631989,26457900
2020-12-28,371.739990,372.589996,371.070007,372.170013,345.575439,39000400
2020-12-29,373.809998,374.000000,370.829987,371.459991,344.916168,53680500
2020-12-30,372.339996,373.100006,371.570007,371.989990,345.408234,49455300
2020-12-31,371.779999,374.660004,371.230011,373.880005,347.163239,78520700
2021-01-04,375.309998,375.450012,364.820007,368.790009,342.436920,110210800
2021-01-05,368.100006,372.500000,368.049988,371.329987,344.795410,66426200
2021-01-06,369.709991,376.980011,369.119995,373.549988,346.856781,107997700
2021-01-07,376.100006,379.899994,375.910004,379.100006,352.010254,68766800
2021-01-08,380.589996,381.489990,377.100006,381.260010,354.015900,71677200
2021-01-11,377.850006,380.579987,377.720001,378.690002,351.629395,51034700
2021-01-12,378.890015,379.859985,376.359985,378.769989,351.703857,52547700
2021-01-13,378.690002,380.859985,377.850006,379.790009,352.650879,45303600
2021-01-14,380.589996,381.130005,378.100006,378.459991,351.415833,49989100
2021-01-15,376.720001,377.579987,373.700012,375.700012,348.853119,107160000
2021-01-19,378.339996,379.230011,376.750000,378.649994,351.592377,51233300
2021-01-20,381.109985,384.790009,380.690002,383.890015,356.457947,61836100
2021-01-21,384.489990,384.950012,383.250000,384.239990,356.782837,47840100
2021-01-22,382.250000,384.130005,381.839996,382.880005,355.520081,52860500
2021-01-25,383.670013,384.769989,378.459991,384.390015,356.922150,70402000
2021-01-26,385.410004,385.850006,383.540009,383.790009,356.364990,42665300
2021-01-27,380.220001,380.320007,372.010010,374.410004,347.655304,123351100
2021-01-28,376.359985,381.929993,375.890015,377.630005,350.645233,94198100
2021-01-29,375.630005,376.670013,368.269989,370.070007,343.625488,126765100
2021-02-01,373.720001,377.339996,370.380005,376.230011,349.345306,75817600
2021-02-02,379.649994,383.220001,376.320007,381.549988,354.285065,64450700
2021-02-03,382.440002,383.700012,380.480011,381.850006,354.563690,52427100
2021-02-04,382.959991,386.239990,381.970001,386.190002,358.593536,47142600
2021-02-05,388.200012,388.470001,386.140015,387.709991,360.004944,48669800
2021-02-08,389.269989,390.559998,388.350006,390.510010,362.604889,38365200
2021-02-09,389.609985,390.890015,389.170013,390.250000,362.363434,35551100
2021-02-10,392.119995,392.279999,387.500000,390.079987,362.205505,59154400
2021-02-11,391.239990,391.690002,388.100006,390.709991,362.790527,42913300
2021-02-12,389.850006,392.899994,389.769989,392.640015,364.582672,50593300
2021-02-16,393.959991,394.170013,391.529999,392.299988,364.266968,50972400
2021-02-17,390.420013,392.660004,389.329987,392.390015,364.350555,52290600
2021-02-18,389.589996,391.519989,387.739990,390.720001,362.799896,59712800
2021-02-19,392.070007,392.380005,389.549988,390.029999,362.159119,83241000
2021-02-22,387.059998,389.619995,386.739990,387.029999,359.373444,67414200
2021-02-23,384.660004,388.950012,380.200012,387.500000,359.809967,107284100
2021-02-24,386.329987,392.230011,385.269989,391.769989,363.774841,72433900
2021-02-25,390.410004,391.880005,380.779999,382.329987,355.009338,146670500
2021-02-26,384.350006,385.579987,378.230011,380.359985,353.180115,152701600
2021-03-01,385.589996,390.920013,380.570007,389.579987,361.741302,105348800
2021-03-02,389.820007,390.070007,386.000000,386.540009,358.918549,79595300
2021-03-03,385.790009,386.829987,381.309998,381.420013,354.164490,119940200
2021-03-04,381.220001,384.000000,371.880005,376.700012,349.781647,183433000
2021-03-05,380.459991,384.760010,372.640015,383.630005,356.216461,152039600
2021-03-08,384.660004,387.679993,381.420013,381.720001,354.442963,123149200
2021-03-09,385.850006,389.910004,385.309998,387.170013,359.503540,113633600
2021-03-10,389.690002,391.399994,388.170013,389.579987,361.741302,109899400
2021-03-11,392.230011,395.649994,391.739990,393.529999,365.409058,86245000
2021-03-12,392.070007,394.209991,391.200012,394.059998,365.901215,64653600
2021-03-15,394.329987,396.690002,392.029999,396.410004,368.083191,73427200
2021-03-16,397.070007,397.829987,395.079987,395.910004,367.618988,73722500
2021-03-17,394.529999,398.119995,393.299988,397.260010,368.872528,97959300
2021-03-18,394.480011,396.720001,390.750000,391.480011,363.505524,115349100
2021-03-19,389.880005,391.570007,387.149994,389.480011,362.832977,113624500
2021-03-22,390.029999,394.070007,389.970001,392.589996,365.730164,73778600
2021-03-23,391.910004,393.459991,388.660004,389.500000,362.851624,90686600
2021-03-24,391.000000,392.750000,387.470001,387.519989,361.007050,97588600
2021-03-25,385.980011,390.549988,383.899994,389.700012,363.037872,116128600
2021-03-26,390.929993,396.410004,390.290009,395.980011,368.888214,114409100
2021-03-29,394.399994,396.750000,392.809998,395.779999,368.701874,108107600
2021-03-30,394.420013,395.450012,393.019989,394.730011,367.723846,76262200
2021-03-31,395.339996,398.000000,395.309998,396.329987,369.214264,112734200
2021-04-01,398.399994,400.670013,398.179993,400.609985,373.201416,99682900
2021-04-05,403.459991,406.940002,403.380005,406.359985,378.558075,91684800
2021-04-06,405.760010,407.239990,405.399994,406.119995,378.334442,62021000
2021-04-07,405.940002,406.959991,405.450012,406.589996,378.772400,55836300
2021-04-08,407.929993,408.579987,406.929993,408.519989,380.570312,57863100
2021-04-09,408.390015,411.670013,408.260010,411.489990,383.337036,61104600
2021-04-12,410.850006,411.929993,410.200012,411.640015,383.476868,56704900
2021-04-13,411.529999,413.529999,411.119995,412.859985,384.613373,56551000
2021-04-14,412.829987,413.959991,410.869995,411.450012,383.299896,61659900
2021-04-15,413.739990,416.160004,413.690002,415.869995,387.417389,60229800
2021-04-16,417.250000,417.910004,415.730011,417.260010,388.712372,82037300
2021-04-19,416.260010,416.739990,413.790009,415.209991,386.802582,78498500
2021-04-20,413.910004,415.089996,410.589996,412.170013,383.970459,81851800
2021-04-21,411.510010,416.290009,411.359985,416.070007,387.603760,66793000
2021-04-22,415.890015,416.779999,411.130005,412.269989,384.063690,97582800
2021-04-23,412.869995,418.250000,412.790009,416.739990,388.227936,73209200
2021-04-26,417.440002,418.220001,416.809998,417.609985,389.038330,52182400
2021-04-27,417.929993,418.140015,416.299988,417.519989,388.954498,51303100
2021-04-28,417.809998,419.010010,416.899994,417.399994,388.842682,51238900
2021-04-29,420.320007,420.720001,416.440002,420.059998,391.320740,78544300
2021-04-30,417.630005,418.540009,416.339996,417.299988,388.749603,85527000
2021-05-03,419.429993,419.839996,417.670013,418.200012,389.588013,68128300
2021-05-04,416.070007,416.600006,411.670013,415.619995,387.184540,101591200
2021-05-05,417.380005,417.630005,415.149994,415.750000,387.305664,60162200
2021-05-06,415.829987,419.209991,413.679993,419.070007,390.398560,74321400
2021-05-07,419.890015,422.820007,419.160004,422.119995,393.239807,67733800
2021-05-10,422.500000,422.739990,417.809998,417.940002,389.345825,81852400
2021-05-11,413.100006,415.269989,410.059998,414.209991,385.871063,116888000
2021-05-12,411.230011,412.589996,404.000000,405.410004,377.673096,134811000
2021-05-13,407.070007,412.350006,407.019989,410.279999,382.209808,106394000
2021-05-14,413.209991,417.489990,413.179993,416.579987,388.078735,82201600
2021-05-17,415.390015,416.390015,413.359985,415.519989,387.091309,65129200
2021-05-18,415.799988,416.059998,411.769989,411.940002,383.756287,59810200
2021-05-19,406.920013,411.049988,405.329987,410.859985,382.750183,106467100
2021-05-20,411.799988,416.630005,411.670013,415.279999,386.867889,78022200
2021-05-21,416.869995,418.200012,414.450012,414.940002,386.551025,76578700
2021-05-24,417.339996,420.320007,417.079987,419.170013,390.491638,51376700
2021-05-25,420.329987,420.709991,417.619995,418.239990,389.625244,57451400
2021-05-26,418.869995,419.609985,417.760010,419.070007,390.398560,43088600
2021-05-27,420.170013,420.720001,418.989990,419.290009,390.603455,56707700
2021-05-28,420.970001,421.250000,419.790009,420.040009,391.302155,58520200
2021-06-01,422.570007,422.720001,419.200012,419.670013,390.957520,54216600
2021-06-02,420.369995,421.230011,419.290009,420.329987,391.572296,49097100
2021-06-03,417.850006,419.989990,416.279999,418.769989,390.118988,58138800
2021-06-04,420.750000,422.920013,418.839996,422.600006,393.686981,55938800
2021-06-07,422.589996,422.779999,421.190002,422.190002,393.305023,51555000
2021-06-08,423.109985,423.209991,420.320007,422.279999,393.388824,47134300
2021-06-09,423.179993,423.260010,421.410004,421.649994,392.802002,48436300
2021-06-10,422.959991,424.630005,421.549988,423.609985,394.627869,51020100
2021-06-11,424.200012,424.429993,422.820007,424.309998,395.279999,45570800
2021-06-14,424.429993,425.369995,423.100006,425.260010,396.164978,42358500
2021-06-15,425.420013,425.459991,423.540009,424.480011,395.438385,51508500
2021-06-16,424.630005,424.869995,419.920013,422.109985,393.230469,80386100
2021-06-17,421.670013,423.019989,419.320007,421.970001,393.100098,90949700
2021-06-18,417.089996,417.829987,414.700012,414.920013,387.797028,118676300
2021-06-21,416.799988,421.059998,415.929993,420.859985,393.348663,72822000
2021-06-22,420.850006,424.000000,420.079987,423.109985,395.451599,57700300
2021-06-23,423.190002,424.049988,422.510010,422.600006,394.974945,49445400
2021-06-24,424.890015,425.549988,424.619995,425.100006,397.311554,45110300
2021-06-25,425.899994,427.089996,425.549988,426.609985,398.722778,58129500
2021-06-28,427.170013,427.649994,425.890015,427.470001,399.526611,53159600
2021-06-29,427.880005,428.559998,427.130005,427.700012,399.741577,35970500
2021-06-30,427.209991,428.779999,427.179993,428.059998,400.078003,64827900
2021-07-01,428.869995,430.600006,428.799988,430.429993,402.293152,53441000
2021-07-02,431.670013,434.100006,430.519989,433.720001,405.368103,57697700
2021-07-06,433.779999,434.010010,430.010010,432.929993,404.629669,68710400
2021-07-07,433.660004,434.760010,431.510010,434.459991,406.059692,63549500
2021-07-08,428.779999,431.730011,427.519989,430.920013,402.751160,97595200
2021-07-09,432.529999,435.839996,430.709991,435.519989,407.050354,76238600
2021-07-12,435.429993,437.350006,434.970001,437.079987,408.508362,52889600
2021-07-13,436.239990,437.839996,435.309998,435.589996,407.115723,52911300
2021-07-14,437.399994,437.920013,434.910004,436.239990,407.723328,64130400
2021-07-15,434.809998,435.529999,432.720001,434.750000,406.330719,55126400
2021-07-16,436.010010,436.059998,430.920013,431.339996,403.143616,75874700
2021-07-19,426.190002,431.410004,421.970001,424.970001,397.190002,147987000
2021-07-20,425.679993,432.420013,424.829987,431.059998,402.881897,99608200
2021-07-21,432.339996,434.700012,431.010010,434.549988,406.143738,64724400
2021-07-22,434.739990,435.720001,433.690002,435.459991,406.994263,47878500
2021-07-23,437.519989,440.299988,436.790009,439.940002,411.181488,63766600
2021-07-26,439.309998,441.029999,439.260010,441.019989,412.190887,43719200
2021-07-27,439.910004,439.940002,435.989990,439.010010,410.312256,67397100
2021-07-28,439.679993,440.299988,437.309998,438.829987,410.143951,52472400
2021-07-29,439.820007,441.799988,439.809998,440.649994,411.845032,47435300
2021-07-30,437.910004,440.059998,437.769989,438.510010,409.844940,68951200
2021-08-02,440.339996,440.929993,437.209991,437.589996,408.985107,58783300
2021-08-03,438.440002,441.279999,436.100006,441.149994,412.312286,58053900
2021-08-04,439.779999,441.119995,438.730011,438.980011,410.284149,46732200
2021-08-05,440.220001,441.850006,439.880005,441.760010,412.882416,38969700
2021-08-06,442.100006,442.940002,441.799988,442.489990,413.564728,46930000
2021-08-09,442.459991,442.799988,441.309998,442.130005,413.228271,41222600
2021-08-10,442.609985,443.440002,441.880005,442.679993,413.742279,43339300
2021-08-11,443.820007,443.880005,442.619995,443.779999,414.770416,44034300
2021-08-12,443.619995,445.260010,442.660004,445.109985,416.013428,38909400
2021-08-13,445.589996,445.940002,445.070007,445.920013,416.770538,39470300
2021-08-16,444.529999,447.109985,442.869995,446.970001,417.751892,73740000
2021-08-17,444.239990,444.959991,440.850006,444.040009,415.013489,92673900
2021-08-18,442.959991,444.630005,438.920013,439.179993,410.471161,89351900
2021-08-19,436.269989,441.140015,436.119995,439.859985,411.106659,92812200
2021-08-20,440.230011,443.709991,439.709991,443.359985,414.377869,72008700
2021-08-23,445.160004,448.230011,443.440002,447.260010,418.022919,54973000
2021-08-24,447.970001,448.540009,447.420013,447.970001,418.686584,38744700
2021-08-25,448.170013,449.459991,447.769989,448.910004,419.565125,40529700
2021-08-26,448.609985,448.859985,446.160004,446.260010,417.088287,57829600
2021-08-27,447.119995,450.649994,447.059998,450.250000,420.817505,77235100
2021-08-30,450.970001,453.070007,450.709991,452.230011,422.668121,48357400
2021-08-31,452.130005,452.489990,450.920013,451.559998,422.041901,59300200
2021-09-01,452.559998,453.109985,451.549988,451.799988,422.266205,48721400
2021-09-02,453.320007,454.049988,451.910004,453.190002,423.565308,42501000
2021-09-03,451.980011,453.630005,451.549988,453.079987,423.462494,47170500
2021-09-07,452.709991,452.809998,450.739990,451.459991,421.948364,51671500
2021-09-08,450.890015,451.670013,448.859985,450.910004,421.434326,56181900
2021-09-09,450.700012,452.570007,448.720001,448.980011,419.630554,57970400
2021-09-10,451.040009,451.489990,445.309998,445.440002,416.321869,89948200
2021-09-13,448.640015,448.920013,444.109985,446.579987,417.387390,83738600
2021-09-14,448.119995,448.339996,443.220001,444.170013,415.134949,78197100
2021-09-15,444.619995,448.410004,443.440002,447.880005,418.602448,78792200
2021-09-16,447.320007,448.359985,444.019989,447.170013,417.938812,77786700
2021-09-17,444.920013,445.369995,441.019989,441.399994,413.867645,118425000
2021-09-20,434.880005,436.559998,428.859985,434.040009,406.966766,166445500
2021-09-21,436.529999,437.910004,433.070007,433.630005,406.582367,92526100
2021-09-22,436.049988,440.029999,433.750000,437.859985,410.548370,102350100
2021-09-23,439.850006,444.890015,439.600006,443.179993,415.536682,76396000
2021-09-24,441.440002,444.670013,441.209991,443.910004,416.221069,62094800
2021-09-27,442.809998,444.049988,441.899994,442.640015,415.030334,61371100
2021-09-28,439.690002,440.040009,432.940002,433.720001,406.666779,130436300
2021-09-29,435.190002,437.040009,433.850006,434.450012,407.351135,82329200
2021-09-30,436.019989,436.769989,428.779999,429.140015,402.372406,140506000
2021-10-01,430.980011,436.029999,427.230011,434.239990,407.154297,129240100
2021-10-04,433.000000,433.959991,426.359985,428.640015,401.903564,128570000
2021-10-05,430.239990,435.489990,429.390015,433.100006,406.085419,90682500
2021-10-06,429.269989,435.119995,427.540009,434.899994,407.773071,113032200
2021-10-07,438.390015,441.679993,438.200012,438.660004,411.298584,72437500
2021-10-08,439.480011,439.890015,437.190002,437.859985,410.548370,74557400
2021-10-11,437.160004,440.260010,434.619995,434.690002,407.576233,65233300
2021-10-12,435.670013,436.100006,432.779999,433.619995,406.572937,71181200
2021-10-13,434.709991,436.049988,431.540009,435.179993,408.035675,72974000
2021-10-14,439.079987,442.660004,438.579987,442.500000,414.899078,70236800
2021-10-15,444.750000,446.260010,444.089996,445.869995,418.058838,66260200
2021-10-18,443.970001,447.549988,443.269989,447.190002,419.296539,62213200
2021-10-19,448.920013,450.709991,448.269989,450.640015,422.531281,46996800
2021-10-20,451.130005,452.730011,451.010010,452.410004,424.190918,49571600
2021-10-21,451.769989,453.829987,451.309998,453.589996,425.297363,41305400
2021-10-22,453.130005,454.670013,451.049988,453.119995,424.856659,58845100
2021-10-25,454.279999,455.899994,452.390015,455.549988,427.135040,45214500
2021-10-26,457.200012,458.489990,455.559998,455.959991,427.519440,56075100
2021-10-27,456.450012,457.160004,453.859985,453.940002,425.625488,72438000
2021-10-28,455.459991,458.399994,455.450012,458.320007,429.732269,51437900
2021-10-29,455.869995,459.559998,455.559998,459.250000,430.604309,70162400
2021-11-01,460.299988,460.700012,458.200012,460.040009,431.344971,48433600
2021-11-02,460.220001,462.230011,460.079987,461.899994,433.088989,48908400
2021-11-03,461.299988,465.149994,460.829987,464.720001,435.733093,52509800
2021-11-04,465.359985,467.000000,464.989990,466.910004,437.786530,52847100
2021-11-05,469.279999,470.649994,466.920013,468.529999,439.305481,66390600
2021-11-08,469.700012,470.230011,468.200012,468.929993,439.680542,50405200
2021-11-09,469.320007,469.570007,465.880005,467.380005,438.227203,51149100
2021-11-10,465.579987,467.380005,462.040009,463.619995,434.701752,69429700
2021-11-11,465.209991,465.290009,463.750000,463.769989,434.842316,34848500
2021-11-12,465.119995,467.859985,464.109985,467.269989,438.124054,53466700
2021-11-15,468.640015,468.809998,466.230011,467.429993,438.274109,46980500
2021-11-16,467.149994,470.489990,467.070007,469.279999,440.008667,48857500
2021-11-17,469.000000,469.190002,467.480011,468.140015,438.939789,47858300
2021-11-18,469.239990,470.010010,466.339996,469.730011,440.430664,50625600
2021-11-19,469.609985,470.940002,468.500000,468.890015,439.642975,57315600
2021-11-22,470.890015,473.540009,467.350006,467.570007,438.405304,72762000
2021-11-23,467.220001,469.100006,464.450012,468.190002,438.986633,73206500
2021-11-24,466.059998,469.570007,465.190002,469.440002,440.158661,61858800
2021-11-26,462.339996,463.899994,457.769989,458.970001,430.341766,112669600
2021-11-29,464.070007,466.559998,461.730011,464.600006,435.620605,86268800
2021-11-30,462.000000,464.029999,455.299988,455.559998,427.144409,148559600
2021-12-01,461.640015,464.670013,450.290009,450.500000,422.400024,131939200
2021-12-02,450.730011,459.070007,450.309998,457.399994,428.869659,127637800
2021-12-03,459.170013,460.299988,448.920013,453.420013,425.137909,137331600
2021-12-06,456.130005,460.790009,453.559998,458.790009,430.172974,98977500
2021-12-07,464.410004,468.880005,458.649994,468.279999,439.071045,95484700
2021-12-08,468.700012,470.000000,466.829987,469.519989,440.233704,72238800
2021-12-09,468.149994,469.630005,466.140015,466.350006,437.261353,61272600
2021-12-10,469.230011,470.899994,466.510010,470.739990,441.377563,77159800
2021-12-13,470.190002,470.559998,466.269989,466.570007,437.467682,87724700
2021-12-14,463.089996,465.739990,460.250000,463.359985,434.457886,97264100
2021-12-15,463.420013,470.859985,460.739990,470.600006,441.246307,116899300
2021-12-16,472.570007,472.869995,464.799988,466.450012,437.355194,116568600
2021-12-17,461.549988,464.739990,458.059998,459.869995,432.700409,135511600
2021-12-20,454.480011,455.399994,451.140015,454.980011,428.099335,107134800
2021-12-21,458.609985,463.209991,456.309998,463.059998,435.701965,69806300
2021-12-22,462.790009,467.809998,462.579987,467.690002,440.058472,58890200
2021-12-23,468.750000,472.190002,468.640015,470.600006,442.796478,56439700
2021-12-27,472.059998,477.309998,472.010010,477.260010,449.063080,56808600
2021-12-28,477.720001,478.809998,476.059998,476.869995,448.696136,47274600
2021-12-29,476.980011,478.559998,475.920013,477.480011,449.270111,54503000
2021-12-30,477.929993,479.000000,475.670013,476.160004,448.027985,55329000
2021-12-31,475.640015,476.859985,474.670013,474.959991,446.898926,65237400
2022-01-03,476.299988,477.850006,473.850006,477.709991,449.486481,72668200
2022-01-04,479.220001,479.980011,475.579987,477.549988,449.335968,71178700
2022-01-05,477.160004,477.980011,468.279999,468.380005,440.707733,104538900
2022-01-06,467.890015,470.820007,465.429993,467.940002,440.293640,86858900
2022-01-07,467.950012,469.200012,464.649994,466.089996,438.552948,85111600
2022-01-10,462.700012,465.739990,456.600006,465.510010,438.007233,119362000
2022-01-11,465.230011,469.850006,462.049988,469.750000,441.996704,74303100
2022-01-12,471.589996,473.200012,468.940002,471.019989,443.191681,67605400
2022-01-13,472.190002,472.880005,463.440002,464.529999,437.085114,91173100
2022-01-14,461.190002,465.089996,459.899994,464.720001,437.263885,95890900
2022-01-18,459.739990,459.959991,455.309998,456.489990,429.520142,109709100
2022-01-19,458.130005,459.609985,451.459991,451.750000,425.060211,109357600
2022-01-20,453.750000,458.739990,444.500000,446.750000,420.355591,122379700
2022-01-21,445.559998,448.059998,437.950012,437.980011,412.103699,202271200
2022-01-24,432.029999,440.380005,420.760010,439.839996,413.853851,251783900
2022-01-25,433.059998,439.720001,427.149994,434.470001,408.801147,167997300
2022-01-26,440.720001,444.040009,428.859985,433.380005,407.775513,186391100
2022-01-27,438.260010,441.589996,429.450012,431.239990,405.761932,149878300
2022-01-28,432.679993,442.000000,427.820007,441.950012,415.839203,164457400
2022-01-31,441.239990,450.279999,439.809998,449.910004,423.328888,152251400
2022-02-01,450.679993,453.630005,446.940002,452.950012,426.189362,123155400
2022-02-02,455.500000,458.119995,453.049988,457.350006,430.329407,117361000
2022-02-03,450.950012,452.970001,445.709991,446.600006,420.214386,118024400
2022-02-04,446.350006,452.779999,443.829987,448.700012,422.190399,118454400
2022-02-07,449.510010,450.989990,445.850006,447.260010,420.835449,84472900
2022-02-08,446.730011,451.920013,445.220001,450.940002,424.298004,81012000
2022-02-09,455.220001,457.880005,455.010010,457.540009,430.508148,92589900
2022-02-10,451.339996,457.709991,447.200012,449.320007,422.773773,140103700
2022-02-11,449.410004,451.609985,438.940002,440.459991,414.437195,153214600
2022-02-14,439.920013,441.600006,435.339996,439.019989,413.082306,123006300
2022-02-15,443.730011,446.279999,443.179993,446.100006,419.743927,88482700
2022-02-16,443.929993,448.059998,441.940002,446.600006,420.214386,84863600
2022-02-17,443.220001,446.570007,436.420013,437.059998,411.238068,102259100
2022-02-18,437.329987,438.660004,431.820007,434.230011,408.575256,132642900
2022-02-22,431.890015,435.500000,425.859985,429.570007,404.190643,124391800
2022-02-23,432.660004,433.260010,421.350006,421.950012,397.020752,132578000
2022-02-24,411.019989,428.760010,410.640015,428.299988,402.995636,213942900
2022-02-25,429.609985,437.839996,427.859985,437.750000,411.887329,121804500
2022-02-28,432.029999,438.200012,430.700012,436.630005,410.833466,145615000
2022-03-01,435.040009,437.170013,427.109985,429.980011,404.576416,137785900
2022-03-02,432.369995,439.720001,431.570007,437.890015,412.019043,117726500
2022-03-03,440.470001,441.109985,433.799988,435.709991,409.967865,105501700
2022-03-04,431.750000,433.369995,427.880005,432.170013,406.636993,113978200
2022-03-07,431.549988,432.299988,419.359985,419.429993,394.649719,137896600
2022-03-08,419.619995,427.209991,415.119995,416.250000,391.657593,164772700
2022-03-09,425.140015,429.510010,422.820007,427.410004,402.158173,116990800
2022-03-10,422.519989,426.429993,420.440002,425.480011,400.342194,93972700
2022-03-11,428.119995,428.769989,419.529999,420.070007,395.251862,95636300
2022-03-14,420.890015,424.549988,415.790009,417.000000,392.363251,95729200
2022-03-15,419.769989,426.839996,418.420013,426.170013,400.991455,106219100
2022-03-16,429.890015,435.679993,424.799988,435.619995,409.883209,144954800
2022-03-17,433.589996,441.070007,433.190002,441.070007,415.011261,102676900
2022-03-18,438.000000,444.859985,437.220001,444.519989,419.556702,106345500
2022-03-21,444.339996,446.459991,440.679993,444.390015,419.434052,88349800
2022-03-22,445.859985,450.579987,445.859985,449.589996,424.342010,74650400
2022-03-23,446.910004,448.489990,443.709991,443.799988,418.877106,79426100
2022-03-24,445.940002,450.500000,444.760010,450.489990,425.191406,64736900
2022-03-25,451.160004,452.980011,448.429993,452.690002,427.267883,77101300
2022-03-28,452.059998,455.910004,450.059998,455.910004,430.307129,68529800
2022-03-29,460.019989,462.070007,457.179993,461.549988,435.630249,86581500
2022-03-30,460.339996,461.200012,456.470001,458.700012,432.940460,79666900
2022-03-31,457.890015,458.760010,451.160004,451.640015,426.276825,121699900
2022-04-01,453.309998,453.459991,449.140015,452.920013,427.485016,89048800
2022-04-04,453.130005,456.910004,452.260010,456.799988,431.147125,59601000
2022-04-05,455.220001,457.829987,449.820007,451.029999,425.701111,74214500
2022-04-06,446.890015,448.929993,443.470001,446.519989,421.444366,106898000
2022-04-07,445.589996,450.690002,443.529999,448.769989,423.568085,78097200
2022-04-08,447.970001,450.630005,445.940002,447.570007,422.435394,79272700
2022-04-11,444.109985,445.000000,439.390015,439.920013,415.215057,89770500
2022-04-12,443.079987,445.750000,436.649994,438.290009,413.676575,84363600
2022-04-13,438.029999,444.109985,437.839996,443.309998,418.414673,74070400
2022-04-14,443.549988,444.730011,437.679993,437.790009,413.204681,97869500
2022-04-18,436.809998,439.750000,435.609985,437.970001,413.374603,66002500
2022-04-19,437.859985,445.799988,437.679993,445.040009,420.047485,77821000
2022-04-20,446.920013,447.570007,443.480011,444.709991,419.736053,65224400
2022-04-21,448.540009,450.010010,437.100006,438.059998,413.459503,85417300
2022-04-22,436.910004,438.079987,425.440002,426.040009,402.114563,132471800
2022-04-25,423.670013,428.690002,418.839996,428.510010,404.445831,119647700
2022-04-26,425.829987,426.040009,416.070007,416.100006,392.732727,103996300
2022-04-27,417.239990,422.920013,415.010010,417.269989,393.837036,122030000
2022-04-28,422.290009,429.640015,417.600006,427.809998,403.785126,105449100
2022-04-29,423.589996,425.869995,411.209991,412.000000,388.862946,145491100
2022-05-02,412.070007,415.920013,405.019989,414.480011,391.203735,158312500
2022-05-03,415.010010,418.929993,413.359985,416.380005,392.996979,100028200
2022-05-04,417.079987,429.660004,413.709991,429.059998,404.964935,144247900
2022-05-05,424.549988,425.000000,409.440002,413.809998,390.571320,172929100
2022-05-06,411.100006,414.799988,405.730011,411.339996,388.240021,151770800
2022-05-09,405.100006,406.410004,396.500000,398.170013,375.809692,155586100
2022-05-10,404.489990,406.079987,394.820007,399.089996,376.678009,132497200
2022-05-11,398.070007,404.040009,391.959991,392.750000,370.694031,142361000
2022-05-12,389.369995,395.799988,385.149994,392.339996,370.307037,125090800
2022-05-13,396.709991,403.179993,395.609985,401.720001,379.160339,104174400
2022-05-16,399.980011,403.970001,397.600006,400.089996,377.621857,78622400
2022-05-17,406.529999,408.570007,402.579987,408.320007,385.389679,83029700
2022-05-18,403.500000,403.799988,390.549988,391.859985,369.854034,117674500
2022-05-19,388.619995,394.140015,387.109985,389.459991,367.588684,98510700
2022-05-20,393.250000,397.029999,380.540009,389.630005,367.749268,131432200
2022-05-23,392.829987,397.730011,390.380005,396.920013,374.629913,76414900
2022-05-24,392.559998,395.149994,386.959991,393.890015,371.770050,91448800
2022-05-25,392.309998,399.450012,391.890015,397.369995,375.054535,91472900
2022-05-26,398.670013,407.040009,398.450012,405.309998,382.548676,82168300
2022-05-27,407.910004,415.380005,407.700012,415.260010,391.939850,84768700
2022-05-31,413.549988,416.459991,410.029999,412.929993,389.740692,95937000
2022-06-01,415.170013,416.239990,406.929993,409.589996,386.588379,86585800
2022-06-02,409.420013,417.440002,407.040009,417.390015,393.950287,79609600
2022-06-03,412.399994,414.040009,409.510010,410.540009,387.484924,71874300
2022-06-06,414.779999,416.609985,410.549988,411.790009,388.664764,57508900
2022-06-07,408.100006,416.220001,407.609985,415.739990,392.392883,59272400
2022-06-08,413.929993,415.820007,410.380005,411.220001,388.126740,64350000
2022-06-09,409.339996,411.739990,401.440002,401.440002,378.895996,86289800
2022-06-10,394.880005,395.779999,389.750000,389.799988,367.909760,132893900
2022-06-13,379.850006,381.809998,373.299988,375.000000,353.940826,170004900
2022-06-14,376.850006,377.940002,370.589996,373.869995,352.874237,104011800
2022-06-15,377.359985,383.899994,372.119995,379.200012,357.904907,125666800
2022-06-16,370.510010,370.940002,364.079987,366.649994,346.059723,134473300
2022-06-17,365.510010,369.380005,362.170013,365.859985,346.805756,111113900
2022-06-21,371.890015,376.529999,371.809998,375.070007,355.536102,76811900
2022-06-22,370.619995,378.720001,370.179993,374.390015,354.891449,90059400
2022-06-23,376.640015,378.829987,372.890015,378.059998,358.370331,79292100
2022-06-24,381.399994,390.089996,381.369995,390.079987,369.764313,98050300
2022-06-27,391.049988,391.359985,387.440002,388.589996,368.351990,66009600
2022-06-28,390.230011,393.160004,380.529999,380.649994,360.825470,86548900
2022-06-29,381.230011,382.269989,378.420013,380.339996,360.531586,65676000
2022-06-30,376.239990,380.660004,372.559998,377.250000,357.602539,112508300
2022-07-01,376.559998,381.700012,373.799988,381.239990,361.384735,74839700
2022-07-05,375.880005,381.980011,372.899994,381.959991,362.067230,81438000
2022-07-06,382.109985,385.869995,379.600006,383.250000,363.290070,70426200
2022-07-07,385.119995,389.829987,383.269989,388.989990,368.731110,64525900
2022-07-08,387.269989,390.640015,385.660004,388.670013,368.427826,72397800
2022-07-11,385.850006,386.869995,383.500000,384.230011,364.219025,58366900
2022-07-12,383.649994,386.160004,378.989990,380.829987,360.996124,62219200
2022-07-13,375.100006,381.920013,374.660004,378.829987,359.100311,84224600
2022-07-14,373.609985,379.049988,371.040009,377.910004,358.228210,89704800
2022-07-15,382.549988,385.250000,380.540009,385.130005,365.072144,79060400
2022-07-18,388.380005,389.089996,380.660004,381.950012,362.057770,63203600
2022-07-19,386.079987,392.869995,385.390015,392.269989,371.840302,78506000
2022-07-20,392.470001,396.260010,391.029999,394.769989,374.210052,71843800
2022-07-21,394.160004,398.839996,391.630005,398.790009,378.020782,64903900
2022-07-22,398.920013,400.179993,392.750000,395.089996,374.513458,72197300
2022-07-25,395.750000,396.470001,393.209991,395.570007,374.968506,53631500
2022-07-26,393.839996,394.059998,389.950012,390.890015,370.532166,52946400
2022-07-27,394.359985,402.880005,394.049988,401.040009,380.153564,82342100
2022-07-28,401.890015,406.799988,398.149994,406.070007,384.921631,73966600
2022-07-29,407.579987,413.029999,406.769989,411.989990,390.533234,87003700
2022-08-01,409.149994,413.410004,408.399994,410.769989,389.376862,69997500
2022-08-02,409.119995,413.000000,406.820007,408.059998,386.807922,63435400
2022-08-03,410.299988,415.679993,410.000000,414.450012,392.865173,67820600
2022-08-04,414.369995,415.089996,412.440002,414.170013,392.599731,45656600
2022-08-05,409.660004,414.149994,409.600006,413.470001,391.936188,56814900
2022-08-08,415.250000,417.619995,411.829987,412.989990,391.481262,53886100
2022-08-09,412.220001,412.750000,410.220001,411.350006,389.926575,44931800
2022-08-10,418.779999,420.140015,416.720001,419.989990,398.116638,68665700
2022-08-11,422.989990,424.950012,419.209991,419.989990,398.116638,59489700
2022-08-12,422.029999,427.209991,421.029999,427.100006,404.856354,61694500
2022-08-15,424.769989,429.410004,424.709991,428.859985,406.524628,54048300
2022-08-16,427.730011,431.730011,426.880005,429.700012,407.320923,59289000
2022-08-17,425.910004,429.500000,424.540009,426.649994,404.429810,63563400
2022-08-18,426.859985,428.609985,425.500000,427.890015,405.605194,49023200
2022-08-19,424.980011,425.260010,421.220001,422.140015,400.154663,68016900
2022-08-22,417.049988,417.230011,412.399994,413.350006,391.822449,77695600
2022-08-23,412.899994,415.420013,411.769989,412.350006,390.874481,49105200
2022-08-24,412.109985,415.109985,411.390015,413.670013,392.125824,49177800
2022-08-25,415.239990,419.559998,414.089996,419.510010,397.661621,50942300
2022-08-26,419.390015,419.959991,405.250000,405.309998,384.201172,103087000
2022-08-29,402.200012,405.839996,401.200012,402.630005,381.660736,65370800
2022-08-30,403.850006,404.100006,396.000000,398.209991,377.470978,85652400
2022-08-31,399.929993,401.239990,395.040009,395.179993,374.598755,76029700
2022-09-01,392.890015,396.779999,390.040009,396.420013,375.774170,78740100
2022-09-02,400.279999,401.559998,390.329987,392.239990,371.811829,99632100
2022-09-06,393.130005,394.119995,388.420013,390.760010,370.408997,76637400
2022-09-07,390.429993,398.589996,390.200012,397.779999,377.063263,70964200
2022-09-08,395.390015,400.859985,394.119995,400.380005,379.527893,80821700
2022-09-09,402.739990,407.510010,402.459991,406.600006,385.424011,76706900
2022-09-12,408.779999,411.730011,408.459991,410.970001,389.566345,69256300
2022-09-13,401.829987,403.100006,391.920013,393.100006,372.627045,122947100
2022-09-14,394.470001,396.200012,391.119995,394.600006,374.048981,85023700
2022-09-15,392.959991,395.959991,388.779999,390.119995,369.802216,87633800
2022-09-16,384.140015,386.250000,382.109985,385.559998,366.981079,103084800
2022-09-19,382.260010,388.549988,382.179993,388.549988,369.826996,73278500
2022-09-20,385.059998,386.119995,381.200012,384.089996,365.581879,77274900
2022-09-21,386.109985,389.309998,377.380005,377.390015,359.204773,106746600
2022-09-22,376.579987,378.299988,373.440002,374.220001,356.187561,89472600
2022-09-23,370.579987,370.619995,363.290009,367.950012,350.219696,122346900
2022-09-26,366.410004,370.209991,363.029999,364.309998,346.755066,92581200
2022-09-27,368.019989,370.399994,360.869995,363.380005,345.869873,108294100
2022-09-28,364.380005,372.299988,362.600006,370.529999,352.675354,110802200
2022-09-29,366.809998,367.109985,359.700012,362.790009,345.308319,112952300
2022-09-30,361.799988,365.910004,357.040009,357.179993,339.968567,153711200
2022-10-03,361.079987,368.549988,359.209991,366.609985,348.944244,89756500
2022-10-04,372.399994,378.000000,366.570007,377.970001,359.756805,103602800
2022-10-05,373.390015,379.459991,370.950012,377.089996,358.919250,88065700
2022-10-06,375.619995,378.720001,372.679993,373.200012,355.216705,82333500
2022-10-07,368.970001,373.290009,360.940002,362.790009,345.308319,107789500
2022-10-10,363.959991,364.209991,357.670013,360.019989,342.671814,76042800
2022-10-11,358.239990,363.029999,355.709991,357.739990,340.501648,92482800
2022-10-12,358.170013,359.820007,356.299988,356.559998,339.378540,76991800
2022-10-13,349.209991,367.510010,348.109985,365.970001,348.334961,147254500
2022-10-14,368.549988,370.260010,356.959991,357.630005,340.396942,123737000
2022-10-17,364.010010,367.980011,357.279999,366.820007,349.144104,93168200
2022-10-18,375.130005,375.450012,367.519989,371.130005,353.246429,97162900
2022-10-19,368.989990,371.850006,365.549988,368.500000,350.743164,79746900
2022-10-20,368.029999,372.670013,364.609985,365.410004,347.801971,88283100
2022-10-21,365.119995,374.799988,363.540009,374.290009,356.254150,131038400
2022-10-24,375.890015,380.059998,373.109985,378.869995,360.613434,85436900
2022-10-25,378.790009,385.250000,378.670013,384.920013,366.372040,78846300
2022-10-26,381.619995,387.579987,381.350006,382.019989,363.611603,104087300
2022-10-27,383.070007,385.000000,379.329987,379.980011,361.670044,81971800
2022-10-28,379.869995,389.519989,379.679993,389.019989,370.274323,100302000
2022-10-31,386.440002,388.399994,385.260010,386.209991,367.599731,96631300
2022-11-01,390.140015,390.390015,383.290009,384.519989,365.991180,85407600
2022-11-02,383.899994,388.630005,374.760010,374.869995,356.806213,126990400
2022-11-03,371.470001,374.200012,368.790009,371.010010,353.132202,87100100
2022-11-04,377.000000,378.869995,370.000000,376.350006,358.214905,103505200
2022-11-07,377.709991,380.570007,375.529999,379.950012,361.641449,68286900
2022-11-08,381.109985,385.119995,377.720001,382.000000,363.592621,84641100
2022-11-09,379.929993,381.140015,373.609985,374.130005,356.101898,78495500
2022-11-10,388.049988,395.040009,385.640015,394.690002,375.671234,141455800
2022-11-11,395.589996,399.350006,393.609985,398.510010,379.307007,93839900
2022-11-14,396.660004,400.179993,394.829987,395.119995,376.080475,71903500
2022-11-15,401.149994,402.309998,394.489990,398.489990,379.287994,93194500
2022-11-16,396.779999,397.779999,394.790009,395.450012,376.394470,68508500
2022-11-17,390.459991,394.950012,390.140015,394.239990,375.242859,74496300
2022-11-18,397.739990,397.809998,393.040009,396.029999,376.946503,92922500
2022-11-21,394.640015,395.820007,392.660004,394.589996,375.575958,51243200
2022-11-22,396.630005,400.070007,395.149994,399.899994,380.630096,60429000
2022-11-23,399.549988,402.929993,399.309998,402.420013,383.028687,68261600
2022-11-25,401.829987,402.910004,401.540009,402.329987,382.942993,30545400
2022-11-28,399.089996,400.809998,395.109985,395.910004,376.832336,67881600
2022-11-29,396.049988,397.299988,393.299988,395.230011,376.185120,52310000
2022-11-30,395.489990,407.679993,393.480011,407.679993,388.035187,144566700
2022-12-01,408.769989,410.000000,404.750000,407.380005,387.749603,76398200
2022-12-02,402.250000,407.859985,402.140015,406.910004,387.302338,85342700
2022-12-05,403.950012,404.929993,398.170013,399.589996,380.335022,77289800
2022-12-06,399.420013,399.989990,391.640015,393.829987,374.852600,77972200
2022-12-07,392.940002,395.640015,391.970001,393.160004,374.214905,65927900
2022-12-08,395.140015,397.359985,393.269989,396.239990,377.146454,60737900
2022-12-09,394.940002,397.619995,393.149994,393.279999,374.329102,81447700
2022-12-12,394.109985,398.950012,393.410004,398.950012,379.725922,75405800
2022-12-13,410.220001,410.489990,399.070007,401.970001,382.600372,123782500
2022-12-14,401.609985,405.500000,396.309998,399.399994,380.154205,108111300
2022-12-15,394.299988,395.250000,387.890015,389.630005,370.855011,117705900
2022-12-16,385.179993,386.579987,381.040009,383.269989,366.476624,119858000
2022-12-19,383.470001,383.820007,378.279999,380.019989,363.369019,79878100
2022-12-20,379.230011,382.230011,377.850006,380.540009,363.866241,74427200
2022-12-21,383.250000,387.410004,382.690002,386.230011,369.306946,78167400
2022-12-22,383.049988,386.209991,374.769989,380.720001,364.038361,100120900
2022-12-23,379.649994,383.059998,378.029999,382.910004,366.132416,59857300
2022-12-27,382.790009,383.149994,379.649994,381.399994,364.688538,51638200
2022-12-28,381.329987,383.390015,376.420013,376.660004,360.156250,70911500
2022-12-29,379.630005,384.350006,379.079987,383.440002,366.639160,66970900
2022-12-30,380.640015,382.579987,378.429993,382.429993,365.673340,84022200
2023-01-03,384.369995,386.429993,377.829987,380.820007,364.134003,74850700
2023-01-04,383.179993,385.880005,380.000000,383.760010,366.945190,85934100
2023-01-05,381.720001,381.839996,378.760010,379.380005,362.757111,76970500
2023-01-06,382.609985,389.250000,379.410004,388.079987,371.075836,104189600
2023-01-09,390.369995,393.700012,387.670013,387.859985,370.865509,73978100
2023-01-10,387.250000,390.649994,386.269989,390.579987,373.466278,65358100
2023-01-11,392.230011,395.600006,391.380005,395.519989,378.189819,68881100
2023-01-12,396.670013,398.489990,392.420013,396.959991,379.566742,90157700
2023-01-13,393.619995,399.100006,393.339996,398.500000,381.039307,63903900
2023-01-17,398.480011,400.230011,397.059998,397.769989,380.341248,62677300
2023-01-18,399.010010,400.119995,391.279999,391.489990,374.336487,99632300
2023-01-19,389.359985,391.079987,387.260010,388.640015,371.611359,86958900
2023-01-20,390.100006,396.040009,388.380005,395.880005,378.534088,91806400
2023-01-23,396.720001,402.649994,395.720001,400.630005,383.075989,84178800
2023-01-24,398.880005,401.149994,397.640015,400.200012,382.664795,59524900
2023-01-25,395.950012,400.700012,393.559998,400.350006,382.808197,84800300
2023-01-26,403.130005,404.920013,400.029999,404.750000,387.015442,72287400
2023-01-27,403.660004,408.160004,403.440002,405.679993,387.904694,68346200
2023-01-30,402.799988,405.130005,400.279999,400.589996,383.037659,74202000
2023-01-31,401.130005,406.529999,400.769989,406.480011,388.669647,86811800
2023-02-01,405.209991,413.670013,402.350006,410.799988,392.800354,101459200
2023-02-02,414.859985,418.309998,412.880005,416.779999,398.518311,101654500
2023-02-03,411.589996,416.970001,411.089996,412.350006,394.282440,94736800
2023-02-06,409.790009,411.290009,408.100006,409.829987,391.872925,60295300
2023-02-07,408.869995,416.489990,407.570007,415.190002,396.997955,90990700
2023-02-08,413.130005,414.529999,409.929993,410.649994,392.656921,76227500
2023-02-09,414.410004,414.570007,405.809998,407.089996,389.252899,78694900
2023-02-10,405.859985,408.440002,405.010010,408.040009,390.161285,70769700
2023-02-13,408.720001,412.970001,408.239990,412.829987,394.741394,64913500
2023-02-14,411.239990,415.049988,408.510010,412.640015,394.559814,88389300
2023-02-15,410.350006,414.059998,409.470001,413.980011,395.841034,61555700
2023-02-16,408.790009,412.910004,408.140015,408.279999,390.390778,76431500
2023-02-17,406.059998,407.510010,404.049988,407.260010,389.415466,89257800
2023-02-21,403.059998,404.160004,398.820007,399.089996,381.603455,82655900
2023-02-22,399.519989,401.130005,397.019989,398.540009,381.077484,83742300
2023-02-23,401.559998,402.200012,396.250000,400.660004,383.104706,96242400
2023-02-24,395.420013,397.250000,393.640015,396.380005,379.012177,108194400
2023-02-27,399.869995,401.290009,396.750000,397.730011,380.303070,80444700
2023-02-28,397.230011,399.279999,396.149994,396.260010,378.897430,96438600
2023-03-01,395.410004,396.690002,393.380005,394.739990,377.444000,99706800
2023-03-02,392.679993,398.690002,392.329987,397.809998,380.379486,85127800
2023-03-03,399.709991,404.450012,399.029999,404.190002,386.480011,90120000
2023-03-06,405.049988,407.450012,404.010010,404.470001,386.747711,72795900
2023-03-07,404.420013,404.670013,397.630005,398.269989,380.819366,108310600
2023-03-08,398.390015,399.709991,396.589996,398.920013,381.440918,74746600
2023-03-09,399.739990,401.480011,390.529999,391.559998,374.403351,111945300
2023-03-10,390.989990,393.160004,384.320007,385.910004,369.000946,189253000
2023-03-13,381.809998,390.390015,380.649994,385.359985,368.475006,157790000
2023-03-14,390.500000,393.450012,387.049988,391.730011,374.565948,149752400
2023-03-15,385.890015,389.489990,383.709991,389.279999,372.223328,172996900
2023-03-16,386.820007,396.470001,386.290009,396.109985,378.753967,143254200
2023-03-17,393.220001,394.399994,388.549988,389.989990,374.325409,140553400
2023-03-20,390.799988,394.170013,390.070007,393.739990,377.924744,93055800
2023-03-21,397.239990,399.410004,395.579987,398.910004,382.887054,91524200
2023-03-22,398.730011,402.489990,392.070007,392.109985,376.360168,111746600
2023-03-23,395.089996,399.290009,390.350006,393.170013,377.377625,119351300
2023-03-24,391.839996,395.839996,389.399994,395.750000,379.853973,107682400
2023-03-27,398.119995,398.920013,395.559998,396.489990,380.564270,74010400
2023-03-28,395.769989,396.489990,393.690002,395.600006,379.710022,62871700
2023-03-29,399.929993,401.600006,398.679993,401.350006,385.229095,77497900
2023-03-30,404.089996,404.350006,401.760010,403.700012,387.484650,69840000
2023-03-31,404.660004,409.700012,404.549988,409.390015,392.946136,112062600
2023-04-03,408.850006,411.369995,408.440002,410.950012,394.443451,67391100
2023-04-04,411.619995,411.920013,407.239990,408.670013,392.255096,66601500
2023-04-05,407.910004,408.700012,405.880005,407.600006,391.227997,65200200
2023-04-06,406.769989,409.480011,405.679993,409.190002,392.754120,63743300
2023-04-10,406.609985,409.690002,405.970001,409.609985,393.157318,63681000
2023-04-11,410.260010,411.179993,408.920013,409.720001,393.262848,59297900
2023-04-12,411.869995,412.170013,407.440002,408.049988,391.659851,86420400
2023-04-13,409.179993,413.839996,407.989990,413.470001,396.862213,85814800
2023-04-14,412.809998,415.089996,410.059998,412.459991,395.892792,78161500
2023-04-17,412.369995,413.959991,411.089996,413.940002,397.313324,66436400
2023-04-18,415.579987,415.720001,412.779999,414.209991,397.572540,63560000
2023-04-19,412.220001,415.079987,412.160004,414.140015,397.505310,55227300
2023-04-20,411.209991,413.700012,410.269989,411.880005,395.336090,75840400
2023-04-21,412.190002,412.679993,410.170013,412.200012,395.643250,73457400
2023-04-24,411.989990,413.070007,410.600006,412.630005,396.056030,64332100
2023-04-25,410.579987,411.160004,406.019989,406.079987,389.769043,97766700
2023-04-26,406.720001,407.839996,403.779999,404.359985,388.118134,80447000
2023-04-27,407.000000,412.690002,406.739990,412.410004,395.844910,92968400
2023-04-28,411.489990,415.940002,411.429993,415.929993,399.223328,89433100
2023-05-01,415.470001,417.619995,415.269989,415.510010,398.820251,62122300
2023-05-02,414.769989,414.820007,407.820007,410.839996,394.337860,103998500
2023-05-03,411.359985,413.869995,407.769989,408.019989,391.631134,91531800
2023-05-04,406.929993,407.269989,403.739990,405.130005,388.857178,94901900
2023-05-05,408.910004,413.720001,408.640015,412.630005,396.056030,87891800
2023-05-08,412.970001,413.239990,411.279999,412.739990,396.161560,50046800
2023-05-09,411.130005,412.089996,410.690002,410.929993,394.424255,49220100
2023-05-10,413.880005,414.540009,408.869995,412.850006,396.267120,96142900
2023-05-11,411.950012,412.429993,409.970001,412.130005,395.576019,70157100
2023-05-12,413.420013,413.640015,409.070007,411.589996,395.057739,70481500
2023-05-15,412.220001,413.429993,410.230011,413.010010,396.420715,54289400
2023-05-16,411.859985,412.820007,410.239990,410.250000,393.771576,57705500
2023-05-17,412.350006,415.859985,410.640015,415.230011,398.551544,87287000
2023-05-18,414.899994,419.670013,414.670013,419.230011,402.390900,97177200
2023-05-19,420.170013,420.720001,417.350006,418.619995,401.805420,103793300
2023-05-22,418.640015,420.390015,417.350006,418.790009,401.968567,60745400
2023-05-23,417.079987,418.720001,413.679993,414.089996,397.457336,86383500
2023-05-24,412.420013,412.820007,409.880005,411.089996,394.577820,89213700
2023-05-25,414.739990,416.160004,412.410004,414.649994,397.994843,90961600
2023-05-26,415.329987,420.769989,415.250000,420.019989,403.149109,93830000
2023-05-30,422.029999,422.579987,418.739990,420.179993,403.302673,72216000
2023-05-31,418.279999,419.220001,416.220001,417.850006,401.066345,110811800
2023-06-01,418.089996,422.920013,416.790009,421.820007,404.876862,88865000
2023-06-02,424.500000,428.739990,423.950012,427.920013,410.731842,91426200
2023-06-05,428.279999,429.619995,426.369995,427.100006,409.944794,65460200
2023-06-06,426.670013,428.579987,425.989990,428.029999,410.837433,64022200
2023-06-07,428.440002,429.619995,426.109985,426.549988,409.416840,85373300
2023-06-08,426.619995,429.600006,425.820007,429.130005,411.893280,61952800
2023-06-09,429.959991,431.989990,428.869995,429.899994,412.632355,85742800
2023-06-12,430.920013,433.880005,430.170013,433.799988,416.375610,76104300
2023-06-13,435.320007,437.329987,434.630005,436.660004,419.120758,95899700
2023-06-14,437.010010,439.059998,433.589996,437.179993,419.619873,100612100
2023-06-15,436.329987,443.899994,436.230011,442.600006,424.822174,110303100
2023-06-16,443.019989,443.609985,438.970001,439.459991,423.375183,114165800
2023-06-20,437.450012,438.369995,435.029999,437.179993,421.178619,76160400
2023-06-21,436.160004,436.989990,434.329987,434.940002,419.020599,76982300
2023-06-22,433.950012,436.619995,433.600006,436.510010,420.533112,70637200
2023-06-23,432.929993,435.059998,432.470001,433.209991,417.353912,92074500
2023-06-26,432.619995,434.609985,431.190002,431.440002,415.648682,72823600
2023-06-27,432.350006,436.809998,431.880005,436.170013,420.205597,72813700
2023-06-28,435.049988,437.440002,434.410004,436.390015,420.417511,75636000
2023-06-29,435.959991,438.279999,435.540009,438.109985,422.074493,67882300
2023-06-30,441.440002,444.299988,441.109985,443.279999,427.055298,104964000
2023-07-03,442.920013,444.079987,442.630005,443.790009,427.546692,32793400
2023-07-05,441.910004,443.890015,441.899994,443.130005,426.910858,58418400
2023-07-06,439.420013,440.100006,437.059998,439.660004,423.567810,80658300
2023-07-07,438.630005,442.640015,438.299988,438.549988,422.498413,86134200
2023-07-10,438.179993,439.839996,437.589996,439.660004,423.567810,62443500
2023-07-11,440.450012,442.970001,439.440002,442.459991,426.265320,64463800
2023-07-12,446.390015,447.480011,444.910004,446.019989,429.694977,91924500
2023-07-13,447.899994,450.380005,447.450012,449.559998,433.105469,72425200
2023-07-14,450.480011,451.359985,448.489990,449.279999,432.835785,69815800
2023-07-17,449.130005,451.929993,449.079987,450.839996,434.338623,52680200
2023-07-18,450.500000,454.859985,450.049988,454.190002,437.566071,80668200
2023-07-19,455.010010,456.429993,454.109985,455.200012,438.539001,65891700
2023-07-20,454.170013,455.100006,451.440002,452.179993,435.629547,70591600
2023-07-21,453.959991,454.170013,452.170013,452.179993,435.629547,71275600
2023-07-24,453.369995,455.040009,452.299988,454.200012,437.575684,54023400
2023-07-25,453.920013,456.739990,453.869995,455.440002,438.770264,55191200
2023-07-26,454.470001,456.989990,453.380005,455.510010,438.837708,71052900
2023-07-27,459.019989,459.440002,451.549988,452.489990,435.928253,92194400
2023-07-28,455.880005,457.779999,452.489990,456.920013,440.196075,80011800
2023-07-31,457.410004,458.160004,456.049988,457.790009,441.034271,62040400
2023-08-01,456.269989,457.250000,455.489990,456.480011,439.772217,55291500
2023-08-02,453.250000,453.519989,449.350006,450.130005,433.654602,93933400
2023-08-03,448.040009,450.790009,447.369995,448.839996,432.411774,64276100
2023-08-04,450.720001,452.899994,446.269989,446.809998,430.456116,100128900
2023-08-07,448.709991,450.869995,447.989990,450.709991,434.213379,58357500
2023-08-08,448.079987,450.700012,445.269989,448.750000,432.325134,71361300
2023-08-09,449.029999,449.200012,444.959991,445.750000,429.434937,78789600
2023-08-10,448.190002,451.700012,444.700012,445.910004,429.589081,93005500
2023-08-11,443.970001,446.700012,443.350006,445.649994,429.338593,68690900
2023-08-14,444.700012,448.109985,444.380005,448.109985,431.708527,47867400
2023-08-15,446.269989,446.640015,442.299988,442.890015,426.679626,75707500
2023-08-16,442.459991,444.179993,439.529999,439.640015,423.548553,80107200
2023-08-17,441.160004,441.429993,435.750000,436.290009,420.321136,95711300
2023-08-18,433.369995,437.570007,433.010010,436.500000,420.523499,98852000
2023-08-21,437.549988,440.109985,435.320007,439.339996,423.259491,68719000
2023-08-22,441.179993,441.179993,437.570007,438.149994,422.113068,64994200
2023-08-23,439.250000,443.670013,439.100006,443.029999,426.814423,68441000
2023-08-24,444.690002,445.220001,436.859985,436.890015,420.899231,88517300
2023-08-25,438.679993,441.299988,435.000000,439.970001,423.866455,102325100
2023-08-28,442.239990,443.399994,439.970001,442.760010,426.554413,61595400
2023-08-29,442.649994,449.450012,442.459991,449.160004,432.720154,83081900
2023-08-30,449.510010,451.670013,448.779999,451.010010,434.502411,69053900
2023-08-31,451.649994,452.829987,450.160004,450.350006,433.866608,66084600
2023-09-01,453.170013,453.670013,449.679993,451.190002,434.675781,58944100
2023-09-05,450.730011,451.059998,449.170013,449.239990,432.797150,55166200
2023-09-06,448.399994,448.510010,443.809998,446.220001,429.887726,70758500
2023-09-07,443.109985,445.549988,442.750000,444.850006,428.567841,70355400
2023-09-08,444.899994,447.109985,444.529999,445.519989,429.213348,61659700
2023-09-11,448.239990,448.769989,446.470001,448.450012,432.036102,60180100
2023-09-12,446.950012,448.529999,445.390015,445.989990,429.666077,67565400
2023-09-13,446.220001,447.709991,445.079987,446.510010,430.167114,60199300
2023-09-14,449.070007,451.079987,447.720001,450.359985,433.876221,83430800
2023-09-15,447.140015,447.480011,442.920013,443.369995,428.648712,111848900
2023-09-18,443.049988,444.970001,442.559998,443.630005,428.900055,55752200
2023-09-19,442.679993,443.290009,439.940002,442.709991,428.010620,66514600
2023-09-20,444.010010,444.440002,438.429993,438.640015,424.075775,82562600
2023-09-21,435.700012,435.970001,431.230011,431.390015,417.066498,104095800
2023-09-22,432.450012,434.100006,429.989990,430.420013,416.128693,100829700
2023-09-25,429.170013,432.269989,428.720001,432.230011,417.878601,70874500
2023-09-26,429.089996,429.820007,425.019989,425.880005,411.739410,96168400
2023-09-27,427.089996,427.670013,422.290009,426.049988,411.903778,104705800
2023-09-28,425.480011,430.250000,424.869995,428.519989,414.291779,92258300
2023-09-29,431.670013,431.850006,425.910004,427.480011,413.286255,115111300
2023-10-02,426.619995,428.600006,424.459991,427.309998,413.121979,83798600
2023-10-03,425.059998,427.369995,420.179993,421.589996,407.591919,103760600
2023-10-04,422.070007,425.429993,420.559998,424.660004,410.559937,87453000
2023-10-05,424.359985,425.369995,421.170013,424.500000,410.405212,70142700
2023-10-06,421.970001,431.130005,420.600006,429.540009,415.277954,113273300
2023-10-09,427.579987,432.880005,427.010010,432.290009,417.936615,80374400
2023-10-10,432.940002,437.220001,432.529999,434.540009,420.111938,78607300
2023-10-11,435.640015,436.579987,433.179993,436.320007,421.832794,62451700
2023-10-12,436.950012,437.339996,431.230011,433.660004,419.261078,81154200
2023-10-13,435.209991,436.450012,429.880005,431.500000,417.172821,95143100
2023-10-16,433.820007,437.140015,433.570007,436.040009,421.562103,75433200
2023-10-17,432.809998,438.140015,432.450012,436.019989,421.542755,75324700
2023-10-18,434.190002,435.179993,429.089996,430.209991,415.925659,93559800
2023-10-19,430.950012,432.820007,425.730011,426.429993,412.271179,121323000
2023-10-20,425.980011,426.540009,421.079987,421.190002,407.205170,123919900
2023-10-23,419.609985,424.450012,417.799988,420.459991,406.499390,92035100
2023-10-24,422.649994,424.820007,420.739990,423.630005,409.564117,78564200
2023-10-25,421.890015,421.920013,417.019989,417.549988,403.686035,94223200
2023-10-26,416.450012,417.329987,411.600006,412.549988,398.852081,115156800
2023-10-27,414.190002,414.600006,409.209991,410.679993,397.044067,107367700
2023-10-30,413.559998,416.679993,412.220001,415.589996,401.791107,86562700
2023-10-31,416.179993,418.529999,414.209991,418.200012,404.314484,79665200
2023-11-01,419.200012,423.500000,418.649994,422.660004,408.626343,98068100
2023-11-02,426.579987,430.920013,426.559998,430.760010,416.457367,94938900
2023-11-03,433.140015,436.290009,433.010010,434.690002,420.256958,100167800
2023-11-06,435.470001,436.149994,433.679993,435.690002,421.223694,67831700
2023-11-07,435.690002,437.589996,434.510010,436.929993,422.422546,64256100
2023-11-08,437.549988,438.089996,434.869995,437.250000,422.731903,61746000
2023-11-09,438.429993,438.470001,433.399994,433.839996,419.435150,83174400
2023-11-10,435.980011,440.929993,433.829987,440.609985,425.980347,89462200
2023-11-13,439.230011,441.329987,438.420013,440.190002,425.574310,52236100
2023-11-14,446.320007,450.059998,446.089996,448.730011,433.830780,97176900
2023-11-15,450.109985,451.380005,448.799988,449.679993,434.749237,77327600
2023-11-16,449.220001,450.559998,448.119995,450.230011,435.280914,66665800
2023-11-17,450.239990,451.420013,449.290009,450.790009,435.822327,83133200
2023-11-20,450.529999,455.130005,450.519989,454.260010,439.177216,69936200
2023-11-21,453.179993,454.130005,451.959991,453.269989,438.220001,49244600
2023-11-22,454.980011,456.380005,453.890015,455.019989,439.911835,59394900
2023-11-24,455.070007,455.500000,454.730011,455.299988,440.182587,29737400
2023-11-27,454.649994,455.489990,454.079987,454.480011,439.389893,50506000
2023-11-28,454.079987,456.269989,453.500000,454.929993,439.824890,62115000
2023-11-29,457.149994,458.320007,454.200012,454.609985,439.515503,63146000
2023-11-30,455.480011,456.760010,453.339996,456.399994,441.246094,79752700
2023-12-01,455.769989,459.649994,455.160004,459.100006,443.856506,89183400
2023-12-04,455.600006,459.119995,454.339996,456.690002,441.526459,72430900
2023-12-05,455.260010,457.589996,454.869995,456.600006,441.439453,69793500
2023-12-06,458.809998,458.839996,454.309998,454.760010,439.660553,69124700
2023-12-07,456.910004,458.899994,456.290009,458.230011,443.015289,66995400
2023-12-08,457.459991,460.750000,457.209991,460.200012,444.919891,83194400
2023-12-11,459.690002,462.170013,459.470001,461.989990,446.650513,65002200
2023-12-12,461.630005,464.200012,460.600006,464.100006,448.690399,68327600
2023-12-13,464.489990,470.760010,464.119995,470.500000,454.877930,93278000
2023-12-14,472.500000,473.730011,469.250000,472.010010,456.337769,119026000
2023-12-15,469.489990,470.700012,467.429993,469.329987,455.586456,141553700
2023-12-18,470.980011,472.980011,469.890015,471.970001,458.149139,70375300
2023-12-19,472.529999,474.920013,472.450012,474.839996,460.935089,55761800
2023-12-20,473.959991,475.899994,467.820007,468.260010,454.547791,102921000
2023-12-21,471.329987,472.980011,468.839996,472.700012,458.857819,86667500
2023-12-22,473.859985,475.380005,471.700012,473.649994,459.779938,67160400
2023-12-26,474.070007,476.579987,473.989990,475.649994,461.721344,55387000
2023-12-27,475.440002,476.660004,474.890015,476.510010,462.556183,68000300
2023-12-28,476.880005,477.549988,476.260010,476.690002,462.730896,77158100
2023-12-29,476.489990,477.029999,473.299988,475.309998,461.391327,122283100
2024-01-02,472.160004,473.670013,470.489990,472.649994,458.809204,123623700
2024-01-03,470.429993,471.190002,468.170013,468.790009,455.062317,103585900
2024-01-04,468.299988,470.959991,467.049988,467.279999,453.596466,84232200
2024-01-05,467.489990,470.440002,466.429993,467.920013,454.217773,86118900
2024-01-08,468.429993,474.750000,468.299988,474.600006,460.702118,74879100
2024-01-09,471.869995,474.929993,471.350006,473.880005,460.003204,65931400
2024-01-10,474.160004,477.450012,473.869995,476.559998,462.604706,67310600
2024-01-11,477.589996,478.119995,472.260010,476.350006,462.400848,77940700
2024-01-12,477.839996,478.600006,475.230011,476.679993,462.721161,58026400
2024-01-16,475.260010,476.609985,473.059998,474.929993,461.022400,85014900
2024-01-17,471.820007,472.790009,469.869995,472.290009,458.459747,68843900
2024-01-18,474.010010,477.059998,472.420013,476.489990,462.536743,91856200
2024-01-19,477.649994,482.720001,476.540009,482.429993,468.302826,110834500
2024-01-22,484.010010,485.220001,482.779999,483.450012,469.292999,75844900
2024-01-23,484.010010,485.109985,482.890015,484.859985,470.661621,49945300
2024-01-24,487.809998,488.769989,484.880005,485.390015,471.176117,81765000
2024-01-25,487.579987,488.309998,485.390015,488.029999,473.738861,72525000
2024-01-26,487.589996,489.119995,486.540009,487.410004,473.136993,76641600
2024-01-29,487.730011,491.420013,487.170013,491.269989,476.883972,61322800
2024-01-30,490.559998,491.619995,490.109985,490.890015,476.515076,58618400
2024-01-31,488.619995,489.079987,482.859985,482.880005,468.739624,126011100
2024-02-01,484.630005,489.230011,483.799988,489.200012,474.874603,91891600
2024-02-02,489.649994,496.049988,489.299988,494.350006,479.873779,99228200
2024-02-05,493.700012,494.380005,490.230011,492.549988,478.126434,75757100
2024-02-06,493.519989,494.320007,492.049988,493.980011,479.514618,55918600
2024-02-07,496.290009,498.529999,495.359985,498.100006,483.513947,70556500
2024-02-08,498.100006,498.709991,497.260010,498.320007,483.727509,52343600
2024-02-09,498.839996,501.649994,498.489990,501.200012,486.523224,63979400
2024-02-12,501.170013,503.500000,500.239990,500.980011,486.309662,56502300
2024-02-13,494.529999,497.089996,490.720001,494.079987,479.611664,113099200
2024-02-14,496.790009,499.070007,494.399994,498.570007,483.970184,68387800
2024-02-15,499.290009,502.200012,498.799988,502.010010,487.309479,61683000
2024-02-16,501.700012,502.869995,498.750000,499.510010,484.882690,75532900
2024-02-20,497.720001,498.410004,494.450012,496.760010,482.213165,71736700
2024-02-21,495.420013,497.369995,493.559998,497.209991,482.650024,59293400
2024-02-22,504.010010,508.489990,503.019989,507.500000,492.638702,76402500
2024-02-23,509.269989,510.130005,507.100006,507.850006,492.978485,61321800
2024-02-26,508.299988,508.750000,505.859985,505.989990,491.172913,50386700
2024-02-27,506.700012,507.160004,504.750000,506.929993,492.085388,48854500
2024-02-28,505.329987,506.859985,504.959991,506.260010,491.434998,56506600
2024-02-29,508.070007,509.739990,505.350006,508.079987,493.201721,83924800
2024-03-01,508.980011,513.289978,508.559998,512.849976,497.832001,76844800
2024-03-04,512.030029,514.200012,512.000000,512.299988,497.298126,49799300
2024-03-05,510.239990,510.700012,504.910004,507.179993,492.328064,72855600
2024-03-06,510.549988,512.070007,508.420013,509.750000,494.822784,68382400
2024-03-07,513.140015,515.890015,509.809998,514.809998,499.734619,58652100
2024-03-08,515.460022,518.219971,511.130005,511.720001,496.735107,86532500
2024-03-11,510.480011,511.880005,508.500000,511.279999,496.307983,62557200
2024-03-12,513.450012,517.380005,510.859985,516.780029,501.647003,73114400
2024-03-13,517.109985,517.289978,514.489990,515.969971,500.860687,55104100
2024-03-14,516.969971,517.130005,511.820007,514.950012,499.870544,110171800
2024-03-15,510.209991,511.700012,508.119995,509.829987,496.438141,107646300
2024-03-18,514.000000,515.479980,512.440002,512.859985,499.388580,88893300
2024-03-19,512.150024,516.000000,511.119995,515.710022,502.163696,60755300
2024-03-20,515.770020,520.619995,515.080017,520.479980,506.808319,69594600
2024-03-21,523.390015,524.109985,521.909973,522.200012,508.483185,60256100
2024-03-22,522.109985,522.609985,520.969971,521.210022,507.519226,79070800
2024-03-25,519.799988,520.950012,519.609985,519.770020,506.117035,48512100
2024-03-26,521.229980,521.580017,518.400024,518.809998,505.182129,65463700
2024-03-27,521.710022,523.210022,519.489990,523.169983,509.427734,82999800
2024-03-28,523.210022,524.609985,522.780029,523.070007,509.330414,96294900
2024-04-01,523.830017,524.380005,520.969971,522.159973,508.444214,62477500
2024-04-02,518.239990,518.979980,516.479980,518.840027,505.211487,74230300
2024-04-03,517.719971,520.950012,517.669983,519.409973,505.766479,59155800
2024-04-04,523.520020,523.869995,512.760010,513.070007,499.593048,96858100
2024-04-05,514.460022,520.440002,514.010010,518.429993,504.812225,74546500
2024-04-08,519.150024,520.179993,517.890015,518.719971,505.094635,48401800
2024-04-09,520.500000,520.750000,514.349976,519.320007,505.678864,68049200
2024-04-10,513.479980,516.159973,512.090027,514.119995,500.615417,82652800
2024-04-11,515.679993,519.479980,512.080017,518.000000,504.393524,70099000
2024-04-12,514.369995,515.820007,509.079987,510.850006,497.431305,92561100
2024-04-15,515.130005,515.299988,503.579987,504.450012,491.199463,92101400
2024-04-16,504.940002,506.500000,502.209991,503.529999,490.303619,73484000
2024-04-17,506.049988,506.220001,499.119995,500.549988,487.401886,75910300
2024-04-18,501.980011,504.130005,498.559998,499.519989,486.398987,74548100
2024-04-19,499.440002,500.459991,493.859985,495.160004,482.153473,102212600
2024-04-22,497.829987,502.380005,495.429993,499.720001,486.593689,67961000
2024-04-23,501.779999,506.089996,499.529999,505.649994,492.367920,64633600
2024-04-24,506.559998,507.369995,503.130005,505.410004,492.134216,55928100
2024-04-25,499.179993,504.269989,497.489990,503.489990,490.264709,69122400
2024-04-26,506.350006,509.880005,505.700012,508.260010,494.909393,64306100
2024-04-29,510.089996,510.750000,507.250000,510.059998,496.662109,46415400
2024-04-30,508.559998,509.559998,501.980011,501.980011,488.794312,77483600
2024-05-01,501.380005,508.190002,499.869995,500.350006,487.207184,80242800
2024-05-02,504.149994,505.890015,499.549988,505.029999,491.764130,62550200
2024-05-03,511.160004,512.549988,508.559998,511.290009,497.859772,72756700
2024-05-06,513.750000,516.609985,513.299988,516.570007,503.001160,47264700
2024-05-07,517.559998,518.570007,516.450012,517.140015,503.556183,52561300
2024-05-08,515.260010,517.739990,515.140015,517.190002,503.604767,42047200
2024-05-09,517.380005,520.210022,516.710022,520.169983,506.506470,43643700
2024-05-10,521.809998,522.640015,519.590027,520.840027,507.158936,52233200
2024-05-13,522.559998,522.669983,519.739990,520.909973,507.227051,36716400
2024-05-14,521.109985,523.830017,520.559998,523.299988,509.554260,57535900
2024-05-15,525.830017,530.080017,525.179993,529.780029,515.864136,59504900
2024-05-16,529.880005,531.520020,528.539978,528.690002,514.802795,50244800
2024-05-17,528.809998,529.520020,527.320007,529.450012,515.542725,59187600
2024-05-20,529.570007,531.559998,529.169983,530.059998,516.136719,37764200
2024-05-21,529.280029,531.520020,529.070007,531.359985,517.402649,33437000
2024-05-22,530.650024,531.380005,527.599976,529.830017,515.912842,48390000
2024-05-23,532.960022,533.070007,524.719971,525.960022,512.144470,57211200
2024-05-24,527.849976,530.270020,526.880005,529.440002,515.533081,41291100
2024-05-28,530.270020,530.510010,527.109985,529.809998,515.893250,36269600
2024-05-29,525.679993,527.309998,525.369995,526.099976,512.280640,45190300
2024-05-30,524.520020,525.200012,521.330017,522.609985,508.882446,46377600
2024-05-31,523.590027,527.500000,518.359985,527.369995,513.517334,90785800
2024-06-03,529.020020,529.309998,522.599976,527.799988,513.936096,46835700
2024-06-04,526.460022,529.150024,524.960022,528.390015,514.510620,34632700
2024-06-05,530.770020,534.690002,528.729980,534.669983,520.625671,47610400
2024-06-06,534.979980,535.419983,532.679993,534.659973,520.615845,30808500
2024-06-07,533.659973,536.890015,532.539978,534.010010,519.983032,43224500
2024-06-10,533.179993,535.989990,532.570007,535.659973,521.589539,35686100
2024-06-11,534.070007,537.010010,532.049988,536.950012,522.845764,36383400
2024-06-12,541.630005,544.119995,540.299988,541.359985,527.139954,63251300
2024-06-13,543.150024,543.330017,539.590027,542.450012,528.201294,44760900
2024-06-14,540.880005,542.809998,539.849976,542.780029,528.522644,40089900
2024-06-17,542.080017,548.530029,541.609985,547.099976,532.729065,55839500
2024-06-18,547.159973,548.619995,546.729980,548.489990,534.082581,41376400
2024-06-20,549.440002,550.119995,545.179993,547.000000,532.631836,70328200
2024-06-21,544.400024,545.650024,543.020020,544.510010,531.917664,64338600
2024-06-24,544.330017,546.950012,542.619995,542.739990,530.188538,45528700
2024-06-25,543.989990,545.200012,542.440002,544.830017,532.230286,37936200
2024-06-26,543.690002,546.239990,543.030029,545.510010,532.894653,38550600
2024-06-27,545.369995,546.960022,544.609985,546.369995,533.734741,35041500
2024-06-28,547.159973,550.280029,542.950012,544.219971,531.634277,76144500
2024-07-01,545.630005,545.880005,542.520020,545.340027,532.728516,40297800
2024-07-02,543.700012,549.010010,543.650024,549.010010,536.313599,40434800
2024-07-03,548.690002,551.830017,548.650024,551.460022,538.707092,32789900
2024-07-05,551.770020,555.049988,551.119995,554.640015,541.813416,41488400
2024-07-08,555.440002,556.250000,554.190002,555.280029,542.438599,36110500
2024-07-09,556.260010,557.179993,555.520020,555.820007,542.966125,27289700
2024-07-10,557.070007,561.669983,556.770020,561.320007,548.338928,38701200
2024-07-11,561.440002,562.330017,555.830017,556.479980,543.610840,53054200
2024-07-12,557.630005,563.669983,557.150024,559.989990,547.039673,53084400
2024-07-15,562.030029,564.840027,559.630005,561.530029,548.544128,40584300
2024-07-16,562.869995,565.159973,562.099976,564.859985,551.797058,36475300
2024-07-17,558.799988,560.510010,556.609985,556.940002,544.060242,57119000
2024-07-18,558.510010,559.520020,550.429993,552.659973,539.879211,56270400
2024-07-19,552.419983,554.080017,547.909973,548.989990,536.294067,65509100
2024-07-22,553.000000,555.270020,551.020020,554.650024,541.823242,43346700
2024-07-23,554.539978,556.739990,553.280029,553.780029,540.973328,34439600
2024-07-24,548.859985,549.169983,540.289978,541.229980,528.713501,74515300
2024-07-25,541.349976,547.460022,537.450012,538.409973,525.958679,61158300
2024-07-26,542.280029,547.190002,541.489990,544.440002,531.849243,53763800
2024-07-29,546.020020,547.049988,542.719971,544.760010,532.161987,39515800
2024-07-30,546.260010,547.340027,538.520020,542.000000,529.465759,46853600
2024-07-31,548.979980,553.500000,547.580017,550.809998,538.071899,65663400
2024-08-01,552.570007,554.869995,539.429993,543.010010,530.452393,76428700
2024-08-02,535.750000,536.989990,528.599976,532.900024,520.576172,82789100
2024-08-05,511.640015,523.580017,510.269989,517.380005,505.415131,146267400
2024-08-06,519.219971,529.750000,517.869995,522.150024,510.074799,84826300
2024-08-07,528.469971,531.590027,518.049988,518.659973,506.665497,70698300
2024-08-08,523.909973,531.289978,521.840027,530.650024,518.378296,63276600
2024-08-09,529.809998,534.510010,528.559998,532.989990,520.664124,45619600
2024-08-12,534.210022,535.729980,530.950012,533.270020,520.937622,42542100
2024-08-13,536.530029,542.280029,536.280029,542.039978,529.504761,52333100
2024-08-14,542.849976,544.960022,540.119995,543.750000,531.175354,42446900
2024-08-15,549.500000,553.359985,548.880005,553.070007,540.279724,60846800
2024-08-16,551.419983,555.020020,551.260010,554.309998,541.491089,44430700
2024-08-19,554.729980,559.609985,553.859985,559.609985,546.668457,39121800
2024-08-20,559.150024,560.840027,557.330017,558.700012,545.779602,33732300
2024-08-21,559.770020,562.109985,554.729980,560.619995,547.655151,41514600
2024-08-22,562.559998,563.179993,554.979980,556.219971,543.356873,56121500
2024-08-23,559.530029,563.090027,557.289978,562.130005,549.130249,50639400
2024-08-26,563.179993,563.909973,559.049988,560.789978,547.821167,35788600
2024-08-27,559.489990,562.059998,558.320007,561.559998,548.573364,32693900
2024-08-28,561.210022,561.650024,555.039978,558.299988,545.388794,41066000
2024-08-29,560.309998,563.679993,557.179993,558.349976,545.437561,38715200
2024-08-30,560.770020,564.200012,557.140015,563.679993,550.644348,62700100
2024-09-03,560.469971,560.809998,549.510010,552.080017,539.312622,60600100
2024-09-04,550.200012,554.429993,549.460022,550.950012,538.208679,47224900
2024-09-05,550.890015,553.799988,547.099976,549.609985,536.899719,44264300
2024-09-06,549.940002,551.599976,539.440002,540.359985,527.863647,68493800
2024-09-09,544.650024,547.710022,542.679993,546.409973,533.773743,40445800
2024-09-10,548.359985,549.150024,543.380005,548.789978,536.098694,36394600
2024-09-11,548.700012,555.359985,539.960022,554.419983,541.598511,75248600
2024-09-12,555.010010,559.400024,552.739990,559.090027,546.160461,51819600
2024-09-13,559.710022,563.030029,559.450012,562.010010,549.012939,39310500
2024-09-16,561.739990,563.109985,559.900024,562.840027,549.823730,36656100
2024-09-17,565.099976,566.580017,560.789978,563.070007,550.048340,49321000
2024-09-18,563.739990,568.690002,560.830017,561.400024,548.417175,59044900
2024-09-19,571.010010,572.880005,568.080017,570.979980,557.775513,75315500
2024-09-20,567.840027,569.309998,565.169983,568.250000,556.811340,77503100
2024-09-23,569.340027,570.330017,568.099976,569.669983,558.202759,44116900
2024-09-24,570.479980,571.359985,567.599976,571.299988,559.799866,46805700
2024-09-25,571.140015,571.890015,568.909973,570.039978,558.565247,38428600
2024-09-26,574.380005,574.710022,569.900024,572.299988,560.779907,48336000
2024-09-27,573.390015,574.219971,570.419983,571.469971,559.966431,42100900
2024-09-30,570.419983,574.380005,568.080017,573.760010,562.210449,63557400
2024-10-01,573.400024,574.059998,566.000000,568.619995,557.173889,72668800
2024-10-02,567.710022,569.900024,565.270020,568.859985,557.408997,38097800
2024-10-03,567.359985,569.799988,565.489990,567.820007,556.390015,40846500
2024-10-04,572.349976,573.359985,568.099976,572.979980,561.446106,42939100
2024-10-07,571.299988,571.960022,566.630005,567.799988,556.370422,49964700
2024-10-08,570.419983,573.780029,569.530029,573.169983,561.632324,37398700
2024-10-09,573.159973,577.710022,572.549988,577.140015,565.522400,37912200
2024-10-10,575.770020,577.580017,574.489990,576.130005,564.532715,44138100
2024-10-11,576.049988,580.330017,575.909973,579.580017,567.913208,42268000
2024-10-14,581.219971,585.270020,580.729980,584.320007,572.557922,36217200
2024-10-15,584.590027,584.900024,578.539978,579.780029,568.109314,54203600
2024-10-16,579.780029,582.830017,578.960022,582.299988,570.578552,30725400
2024-10-17,585.909973,586.119995,582.159973,582.349976,570.627441,34393700
2024-10-18,584.070007,585.390015,582.580017,584.590027,572.822510,37416800
2024-10-21,583.849976,584.849976,580.599976,583.630005,571.881714,36439000
2024-10-22,581.049988,584.500000,580.380005,583.320007,571.577942,34183800
2024-10-23,581.260010,581.710022,574.419983,577.989990,566.355286,49314600
2024-10-24,579.979980,580.059998,576.570007,579.239990,567.580200,34979900
2024-10-25,581.510010,584.460022,578.080017,579.039978,567.384094,47268200
2024-10-28,582.580017,582.710022,580.520020,580.830017,569.138123,30174700
2024-10-29,579.849976,582.909973,578.429993,581.770020,570.059143,42899700
2024-10-30,581.289978,583.320007,579.289978,580.010010,568.334717,41435800
2024-10-31,575.559998,575.630005,568.440002,568.640015,557.193481,60182500
2024-11-01,571.320007,575.549988,570.619995,571.039978,559.545166,45667500
2024-11-04,571.179993,572.500000,567.890015,569.809998,558.339844,38217000
2024-11-05,570.739990,576.739990,570.520020,576.700012,565.091309,39478300
2024-11-06,589.200012,591.929993,585.390015,591.039978,579.142578,68182000
2024-11-07,593.080017,596.650024,593.000000,595.609985,583.620544,47233200
2024-11-08,596.169983,599.640015,596.169983,598.190002,586.148621,46444900
2024-11-11,599.809998,600.169983,597.000000,598.760010,586.707214,37586800
2024-11-12,598.679993,599.289978,594.369995,596.900024,584.884705,43006100
2024-11-13,597.369995,599.229980,594.960022,597.190002,585.168823,47388600
2024-11-14,597.320007,597.809998,592.650024,593.349976,581.406128,38904100
2024-11-15,589.719971,590.200012,583.859985,585.750000,573.959106,75988800
2024-11-18,586.219971,589.489990,585.340027,588.150024,576.310669,37001700
2024-11-19,584.710022,591.039978,584.030029,590.299988,578.417419,49412000
2024-11-20,590.380005,590.789978,584.630005,590.500000,578.613403,50032600
2024-11-21,593.400024,595.119995,587.450012,593.669983,581.719543,46750300
2024-11-22,593.659973,596.150024,593.150024,595.510010,583.522583,38226400
2024-11-25,599.520020,600.859985,595.200012,597.530029,585.502014,42441400
2024-11-26,598.799988,601.330017,598.070007,600.650024,588.559082,45621300
2024-11-27,600.460022,600.849976,597.280029,598.830017,586.775696,34000200
2024-11-29,599.659973,603.349976,599.380005,602.549988,590.420898,30177400
2024-12-02,602.969971,604.320007,602.469971,603.630005,591.479187,31746000
2024-12-03,603.390015,604.159973,602.340027,603.909973,591.753479,26906600
2024-12-04,605.630005,607.909973,604.950012,607.659973,595.428101,42787600
2024-12-05,607.659973,608.479980,606.299988,606.659973,594.448181,28762200
2024-12-06,607.440002,609.070007,607.020020,607.809998,595.575012,31241500
2024-12-09,607.690002,607.859985,604.080017,604.679993,592.508057,34742700
2024-12-10,605.369995,605.799988,602.130005,602.799988,590.665894,37234500
2024-12-11,605.780029,608.429993,605.500000,607.460022,595.232117,28677700
2024-12-12,606.580017,607.159973,604.330017,604.330017,592.164978,31543800
2024-12-13,606.400024,607.130005,602.809998,604.210022,592.047485,35904700
2024-12-16,606.000000,607.780029,605.210022,606.789978,594.575562,43695200
2024-12-17,604.190002,605.169983,602.890015,604.289978,592.125793,55773500
2024-12-18,603.979980,606.409973,585.890015,586.280029,574.478455,108248700
2024-12-19,591.359985,593.000000,585.849976,586.099976,574.301941,85919500
2024-12-20,581.770020,595.750000,580.909973,591.150024,581.200012,125716700
2024-12-23,590.890015,595.299988,587.659973,594.690002,584.680359,57635800
2024-12-24,596.059998,601.340027,595.469971,601.299988,591.179138,33160100
2024-12-26,599.500000,602.479980,598.080017,601.340027,591.218506,41219100
2024-12-27,597.539978,597.780029,590.760010,595.010010,584.994934,64969300
2024-12-30,587.890015,591.739990,584.409973,588.219971,578.319214,56578800
2024-12-31,589.909973,590.640015,584.419983,586.080017,576.215332,57052700
2025-01-02,589.390015,591.130005,580.500000,584.640015,574.799500,50204000
2025-01-03,587.530029,592.599976,586.429993,591.950012,581.986450,37888500
2025-01-06,596.270020,599.700012,593.599976,595.359985,585.339050,47679400
2025-01-07,597.419983,597.750000,586.780029,588.630005,578.722351,60393100
2025-01-08,588.700012,590.580017,585.200012,589.489990,579.567810,47304700
2025-01-10,585.880005,585.950012,578.549988,580.489990,570.719299,73105000
2025-01-13,575.770020,581.750000,575.349976,581.390015,571.604248,47910100
2025-01-14,584.359985,585.000000,578.349976,582.190002,572.390747,48420600
2025-01-15,590.330017,593.940002,589.200012,592.780029,582.802490,56900200
2025-01-16,594.169983,594.349976,590.929993,591.640015,581.681702,43319700
2025-01-17,596.960022,599.359985,595.609985,597.580017,587.521729,58070600
2025-01-21,600.669983,603.059998,598.669983,603.049988,592.899597,42532900
2025-01-22,605.919983,607.820007,605.359985,606.440002,596.232605,48196000
2025-01-23,605.799988,609.750000,605.520020,609.750000,599.486877,41152100
2025-01-24,609.809998,610.780029,606.799988,607.969971,597.736816,34604700
2025-01-27,594.809998,599.690002,594.640015,599.369995,589.281616,70361100
2025-01-28,600.619995,605.369995,597.250000,604.520020,594.344910,44433300
2025-01-29,603.719971,604.130005,599.219971,601.809998,591.680481,37177400
2025-01-30,603.960022,606.599976,600.719971,605.039978,594.856140,39281300
2025-01-31,607.500000,609.960022,601.049988,601.820007,591.690430,66566900
2025-02-03,592.669983,600.289978,590.489990,597.770020,587.708496,65857200
2025-02-04,597.830017,602.299988,597.280029,601.780029,591.651062,33457800
2025-02-05,600.640015,604.369995,598.580017,604.219971,594.049927,30653100
2025-02-06,605.989990,606.450012,602.630005,606.320007,596.114685,35771500
2025-02-07,606.890015,608.130005,600.049988,600.770020,590.658020,50788500
2025-02-10,604.030029,605.500000,602.739990,604.849976,594.669373,26048700
2025-02-11,602.549988,605.859985,602.429993,605.309998,595.121582,30056700
2025-02-12,599.200012,604.549988,598.510010,603.359985,593.204468,45076100
2025-02-13,604.479980,609.940002,603.200012,609.729980,599.467224,40921300
2025-02-14,609.940002,610.989990,609.070007,609.700012,599.437683,26910400
2025-02-18,610.880005,611.489990,608.380005,611.489990,601.197571,26749000
2025-02-19,610.080017,613.229980,609.559998,612.929993,602.613342,31011100
2025-02-20,611.539978,611.679993,607.020020,610.380005,600.106262,36554000
2025-02-21,610.159973,610.299988,599.469971,599.940002,589.841980,76519800
2025-02-24,602.020020,603.030029,596.489990,597.210022,587.158020,50737200
2025-02-25,597.150024,597.890015,589.559998,594.239990,584.237915,58266500
2025-02-26,595.929993,599.580017,591.859985,594.539978,584.532837,43321600
2025-02-27,596.849976,598.020020,584.650024,585.049988,575.202515,74196700
2025-02-28,585.559998,594.719971,582.440002,594.179993,584.178955,88744100
2025-03-03,596.179993,597.340027,579.900024,583.770020,573.944092,74249200
2025-03-04,579.710022,585.390015,572.250000,576.859985,567.150452,109648200
2025-03-05,576.690002,584.880005,573.080017,583.059998,573.246155,71230500
2025-03-06,575.479980,580.169983,570.119995,572.710022,563.070374,80094900
2025-03-07,570.900024,577.390015,565.630005,575.919983,566.226318,81158800
2025-03-10,567.590027,569.539978,555.590027,560.580017,551.144531,99326600
2025-03-11,559.400024,564.020020,552.020020,555.919983,546.562866,88102100
2025-03-12,562.169983,563.109985,553.690002,558.869995,549.463257,69588200
2025-03-13,558.489990,559.109985,549.679993,551.419983,542.138672,74079400
2025-03-14,556.109985,563.830017,551.489990,562.809998,553.336975,62660300
2025-03-17,562.789978,569.710022,562.349976,567.150024,557.603943,49008700
2025-03-18,564.799988,565.020020,559.059998,561.020020,551.577148,66041400
2025-03-19,562.830017,570.950012,561.630005,567.130005,557.584229,66556000
2025-03-20,563.330017,570.570007,562.599976,565.489990,555.971863,62958200
2025-03-21,559.280029,564.890015,558.030029,563.979980,556.155273,83763000
2025-03-24,570.799988,575.150024,570.200012,574.080017,566.115173,58766800
2025-03-25,575.299988,576.409973,573.690002,575.460022,567.476013,38355700
2025-03-26,575.190002,576.330017,567.190002,568.590027,560.701294,51848300
2025-03-27,567.179993,570.900024,564.940002,567.080017,559.212280,42164200
2025-03-28,565.530029,566.270020,555.070007,555.659973,547.950745,71662700
2025-03-31,549.830017,560.710022,546.869995,559.390015,551.628967,95328200
2025-04-01,557.450012,562.940002,553.679993,560.969971,553.187012,54609600
2025-04-02,555.049988,567.419983,554.809998,564.520020,556.687805,76014500
2025-04-03,545.109985,547.969971,536.700012,536.700012,529.253845,125986000
2025-04-04,523.669983,525.869995,505.059998,505.279999,498.269684,217965100
2025-04-07,489.190002,523.169983,481.799988,504.380005,497.382172,256611400
2025-04-08,521.859985,524.979980,489.160004,496.480011,489.591827,165816600
2025-04-09,493.440002,548.619995,493.049988,548.619995,541.008423,241867300
2025-04-10,532.169983,533.500000,509.320007,524.580017,517.302002,162331200
2025-04-11,523.010010,536.429993,520.070007,533.940002,526.532104,97866300
2025-04-14,544.049988,544.280029,533.859985,539.119995,531.640198,68034000
2025-04-15,539.669983,543.229980,536.809998,537.609985,530.151062,56892900
2025-04-16,531.679993,537.890015,520.289978,525.659973,518.366943,83484800
2025-04-17,527.640015,531.169983,523.909973,526.409973,519.106506,79868100
2025-04-21,521.159973,521.700012,508.459991,513.880005,506.750336,69368100
2025-04-22,520.140015,529.299988,519.190002,527.250000,519.934937,75948100
2025-04-23,540.429993,545.429993,533.880005,535.419983,527.991455,90590700
2025-04-24,536.719971,547.429993,535.450012,546.690002,539.105225,64150400
2025-04-25,546.650024,551.049988,543.690002,550.640015,543.000305,61119600
2025-04-28,551.390015,553.549988,545.020020,550.849976,543.207458,47613800
2025-04-29,548.909973,555.450012,548.549988,554.320007,546.629211,47775100
2025-04-30,547.570007,556.520020,541.520020,554.539978,546.846252,93101500
2025-05-01,560.369995,564.070007,557.859985,558.469971,550.721741,63186100
2025-05-02,564.729980,568.380005,562.380005,566.760010,558.896729,60717300
2025-05-05,562.570007,566.650024,561.700012,563.510010,555.691833,38659200
2025-05-06,557.929993,563.349976,556.960022,558.799988,551.047119,48264700
2025-05-07,560.150024,563.820007,556.039978,561.150024,553.364563,55588000
2025-05-08,565.239990,570.309998,561.700012,565.059998,557.220276,65130800
2025-05-09,566.479980,567.500000,562.760010,564.340027,556.510315,37603400
2025-05-12,581.469971,583.000000,577.039978,582.989990,574.901550,78993600
2025-05-13,583.409973,589.080017,582.840027,586.840027,578.698120,67947200
2025-05-14,587.809998,588.979980,585.539978,587.590027,579.437683,66283500
2025-05-15,585.559998,590.969971,585.099976,590.460022,582.267883,71268100
2025-05-16,591.250000,594.500000,589.280029,594.200012,585.955994,76052100
2025-05-19,588.099976,595.539978,588.099976,594.849976,586.596924,68168500
2025-05-20,593.090027,594.049988,589.599976,592.849976,584.624756,60614500
2025-05-21,588.440002,592.580017,581.820007,582.859985,574.773376,95197700
2025-05-22,582.659973,586.619995,581.409973,583.090027,575.000122,70860400
2025-05-23,575.979980,581.809998,575.599976,579.109985,571.075317,76029000
2025-05-27,586.070007,591.309998,578.429993,591.150024,582.948364,72588500
2025-05-28,591.559998,592.770020,586.989990,587.729980,579.575745,68445500
2025-05-29,593.059998,593.200012,586.070007,590.049988,581.863525,69973300
2025-05-30,588.929993,591.130005,583.239990,589.390015,581.212769,90601200
2025-06-02,587.760010,592.789978,585.059998,592.710022,584.486694,61630500
2025-06-03,592.340027,597.080017,591.849976,596.090027,587.819824,63606200
2025-06-04,596.960022,597.950012,595.489990,595.929993,587.661926,57314200
2025-06-05,597.630005,599.000000,591.049988,593.049988,584.821899,92278700
2025-06-06,598.659973,600.830017,596.859985,599.140015,590.827454,66588700
2025-06-09,599.719971,601.250000,598.489990,599.679993,591.359924,53016400
2025-06-10,600.219971,603.469971,599.090027,603.080017,594.712830,66247000
2025-06-11,604.190002,605.059998,599.270020,601.359985,593.016663,73658200
2025-06-12,600.010010,603.750000,599.520020,603.750000,595.373474,64129000
2025-06-13,598.500000,601.849976,595.479980,597.000000,588.717163,89506000
2025-06-16,600.400024,604.450012,600.219971,602.679993,594.318298,79984100
2025-06-17,600.210022,601.750000,596.760010,597.530029,589.239807,82209400
2025-06-18,598.440002,601.219971,596.469971,597.440002,589.151062,76605000
2025-06-20,598.380005,599.460022,592.859985,594.280029,587.767395,94051400
2025-06-23,595.039978,600.539978,591.890015,600.150024,593.573059,87426000
2025-06-24,604.330017,607.849976,603.409973,606.780029,600.130371,67735300
2025-06-25,607.909973,608.609985,605.539978,607.119995,600.466675,62114800
2025-06-26,608.989990,612.309998,608.369995,611.869995,605.164612,78548400
2025-06-27,612.880005,616.390015,610.830017,614.909973,608.171265,86258400
2025-06-30,617.380005,619.219971,615.039978,617.849976,611.079102,92502500
2025-07-01,616.359985,618.830017,615.520020,617.650024,610.881287,70030100
2025-07-02,617.239990,620.489990,616.609985,620.450012,613.650574,66510400
2025-07-03,622.450012,626.280029,622.429993,625.340027,618.487000,51065800
2025-07-07,623.359985,624.030029,617.869995,620.679993,613.878052,74814500
2025-07-08,621.349976,622.109985,619.520020,620.340027,613.541809,59024600
2025-07-09,622.770020,624.719971,620.909973,624.059998,617.221008,66113300
2025-07-10,624.200012,626.869995,623.010010,625.820007,618.961731,57529000
2025-07-11,622.739990,624.859985,621.530029,623.619995,616.785828,63670200
2025-07-14,623.159973,625.159973,621.799988,624.809998,617.962708,51898500
2025-07-15,627.520020,627.859985,622.059998,622.140015,615.322083,74317300
2025-07-16,623.739990,624.729980,618.049988,624.219971,617.379211,88987500
2025-07-17,624.400024,628.400024,624.179993,628.039978,621.157410,68885700
2025-07-18,629.299988,629.469971,626.460022,627.580017,620.702454,65621600
2025-07-21,628.770020,631.539978,628.340027,628.770020,621.879395,63375000
2025-07-22,629.099976,629.729980,626.190002,628.859985,621.968384,60046300
2025-07-23,631.549988,634.210022,629.729980,634.210022,627.259827,70511000
2025-07-24,634.599976,636.150024,633.989990,634.419983,627.467468,71307100
2025-07-25,635.090027,637.580017,634.840027,637.099976,630.118103,56865400
2025-07-28,637.479980,638.039978,635.539978,636.940002,629.959900,54917100
2025-07-29,638.349976,638.669983,634.340027,635.260010,628.298218,60556300
2025-07-30,635.919983,637.679993,631.539978,634.460022,627.507080,80418900
2025-07-31,639.460022,639.849976,630.770020,632.080017,625.153198,103385200
2025-08-01,626.299988,626.340027,619.289978,621.719971,614.906555,140103600
2025-08-04,625.669983,631.219971,625.580017,631.169983,624.253052,73218000
2025-08-05,631.789978,632.609985,627.039978,627.969971,621.088074,68051400
2025-08-06,629.049988,633.440002,628.130005,632.780029,625.845459,64357500
2025-08-07,636.239990,636.979980,629.109985,632.250000,625.321228,74205800
2025-08-08,634.059998,637.650024,633.739990,637.179993,630.197205,64051600
2025-08-11,637.460022,638.950012,634.659973,635.919983,628.951050,58742300
2025-08-12,638.289978,642.849976,636.789978,642.690002,635.646912,64730800
2025-08-13,644.909973,646.190002,642.679993,644.890015,637.822754,60092800
2025-08-14,642.789978,645.619995,642.340027,644.950012,637.882080,59327500
2025-08-15,645.989990,646.090027,642.520020,643.440002,636.388672,68592500
2025-08-18,642.859985,644.000000,642.179993,643.299988,636.250122,43804900
2025-08-19,643.119995,644.109985,638.479980,639.809998,632.798401,69750700
2025-08-20,639.400024,639.659973,632.950012,638.109985,631.117004,88890300
2025-08-21,636.280029,637.969971,633.809998,635.549988,628.585083,54805800
2025-08-22,637.760010,646.500000,637.250000,645.309998,638.238220,84083200
2025-08-25,644.039978,645.289978,642.349976,642.469971,635.429199,51274300
2025-08-26,642.200012,645.510010,641.570007,645.159973,638.089783,51581600
2025-08-27,644.570007,647.369995,644.419983,646.630005,639.543640,48341100
2025-08-28,647.239990,649.479980,645.340027,648.919983,641.808533,61519500
2025-08-29,647.469971,647.840027,643.140015,645.049988,637.980957,74522200
2025-09-02,637.500000,640.489990,634.919983,640.270020,633.253357,81983500
2025-09-03,642.669983,644.210022,640.460022,643.739990,636.685303,70820900
2025-09-04,644.419983,649.150024,643.510010,649.119995,642.006348,65219200
2025-09-05,651.479980,652.210022,643.330017,647.239990,640.146973,85178900
2025-09-08,648.619995,649.840027,647.229980,648.830017,641.719543,63133100
2025-09-09,648.969971,650.859985,647.219971,650.330017,643.203125,66133900
2025-09-10,653.619995,654.549988,650.630005,652.210022,645.062561,78034500
2025-09-11,654.179993,658.330017,653.590027,657.630005,650.423157,69934400
2025-09-12,657.599976,659.109985,656.900024,657.409973,650.205505,72780100
2025-09-15,659.640015,661.039978,659.340027,660.909973,653.667114,63772400
2025-09-16,661.469971,661.780029,659.210022,660.000000,652.767151,61169000
2025-09-17,660.010010,661.719971,654.299988,659.179993,651.956177,101952200
2025-09-18,661.890015,664.890015,660.270020,662.260010,655.002380,90459200
2025-09-19,662.330017,664.549988,660.369995,663.700012,658.246521,97945600
2025-09-22,662.200012,667.289978,662.169983,666.840027,661.360718,69452200
2025-09-23,666.719971,667.340027,661.979980,663.210022,657.760620,81708900
2025-09-24,664.510010,664.609985,659.669983,661.099976,655.667847,68082200
2025-09-25,657.940002,659.409973,654.409973,658.049988,652.642944,89622100
2025-09-26,659.510010,662.369995,657.880005,661.820007,656.382019,69179200
2025-09-29,664.359985,665.280029,661.859985,663.679993,658.226685,73499000
2025-09-30,662.929993,666.650024,661.609985,666.179993,660.706116,86288000
2025-10-01,663.169983,669.369995,663.059998,668.450012,662.957520,72545400
2025-10-02,670.450012,670.570007,666.780029,669.219971,663.721069,56896000
2025-10-03,669.989990,672.679993,668.159973,669.210022,663.711243,70494400
2025-10-06,671.619995,672.510010,669.460022,671.609985,666.091492,54623300
2025-10-07,672.539978,672.989990,667.669983,669.119995,663.621948,72020100
2025-10-08,670.250000,673.210022,669.419983,673.109985,667.579163,60702200
2025-10-09,673.530029,673.940002,669.210022,671.159973,665.645203,66501900
2025-10-10,672.130005,673.950012,652.840027,653.020020,647.654236,159422600
2025-10-13,660.650024,665.130005,659.770020,663.039978,657.591919,79560500
2025-10-14,657.169983,665.830017,653.169983,662.229980,656.788574,88779600
2025-10-15,666.820007,670.229980,658.929993,665.169983,659.704468,81702600
2025-10-16,666.820007,668.710022,657.109985,660.640015,655.211670,110563300
2025-10-17,659.500000,665.760010,658.140015,664.390015,658.930847,96500900
2025-10-20,667.320007,672.210022,667.270020,671.299988,665.784058,60493400
2025-10-21,671.440002,672.989990,669.979980,671.289978,665.774048,56249000
2025-10-22,672.000000,672.000000,663.299988,667.799988,662.312805,80564000
2025-10-23,668.119995,672.710022,667.799988,671.760010,666.240295,65604500
2025-10-24,676.460022,678.469971,675.650024,677.250000,671.685181,74356500
2025-10-27,682.729980,685.539978,682.119995,685.239990,679.609497,63339800
2025-10-28,687.049988,688.909973,684.830017,687.059998,681.414551,61738100
2025-10-29,688.719971,689.700012,682.869995,687.390015,681.741821,85657100
2025-10-30,683.900024,685.940002,679.830017,679.830017,674.243958,76335800
2025-10-31,685.039978,685.080017,679.239990,682.059998,676.455627,87164100
2025-11-03,685.669983,685.799988,679.940002,683.340027,677.725159,57315000
2025-11-04,676.109985,679.960022,674.580017,675.239990,669.691711,78427000
2025-11-05,674.979980,680.859985,674.169983,677.580017,672.012451,74402400
2025-11-06,676.469971,677.380005,668.719971,670.309998,664.802185,85035300
2025-11-07,667.909973,671.080017,661.210022,670.969971,665.456726,100592400
2025-11-10,677.239990,682.179993,675.030029,681.440002,675.840759,75842900
2025-11-11,679.950012,683.570007,678.729980,683.000000,677.387878,58953400
2025-11-12,684.789978,684.960022,680.950012,683.380005,677.764771,62312500
2025-11-13,680.500000,680.859985,670.520020,672.039978,666.517944,103457800
2025-11-14,665.380005,675.659973,663.270020,671.929993,666.408936,96846700
2025-11-17,669.700012,673.710022,662.169983,665.669983,660.200317,90456100
2025-11-18,662.099976,665.119995,655.859985,660.080017,654.656311,114467500
2025-11-19,660.780029,667.340027,658.750000,662.630005,657.185364,94703000
2025-11-20,672.909973,675.559998,651.890015,652.530029,647.168335,165293500
2025-11-21,655.049988,664.549988,650.849976,659.030029,653.614929,123956200
2025-11-24,662.690002,670.059998,661.590027,668.729980,663.235107,80437900
2025-11-25,668.630005,676.210022,664.479980,675.020020,669.473450,81077100
2025-11-26,677.630005,681.700012,676.719971,679.679993,674.095215,71879600
2025-11-28,680.859985,683.669983,680.500000,683.390015,677.774719,49212000
2025-12-01,678.809998,682.989990,678.739990,680.270020,674.680359,61201200
2025-12-02,681.919983,683.820007,679.330017,681.530029,675.930054,62953800
2025-12-03,680.570007,684.909973,679.690002,683.890015,678.270630,57238500
2025-12-04,685.299988,685.369995,681.340027,684.390015,678.766479,61970300
2025-12-05,685.469971,688.390015,684.580017,685.690002,680.055786,79241000
2025-12-08,686.590027,686.640015,681.570007,683.630005,678.012756,55231500
2025-12-09,683.150024,685.390015,682.590027,683.039978,677.427490,58310100
2025-12-10,682.559998,688.969971,681.309998,687.570007,681.920410,85671300
2025-12-11,685.140015,689.250000,682.169983,689.169983,683.507202,86173700
2025-12-12,688.169983,688.880005,679.169983,681.760010,676.158081,113160300
2025-12-15,685.739990,685.760010,679.250000,680.729980,675.136536,90811000
2025-12-16,679.229980,681.080017,674.979980,678.869995,673.291870,122030600
2025-12-17,679.890015,680.440002,671.200012,671.400024,665.883240,110625200
2025-12-18,677.599976,680.739990,674.900024,676.469971,670.911499,108650100
2025-12-19,676.590027,681.090027,676.469971,680.590027,676.992310,103599500
2025-12-22,683.940002,685.359985,680.590027,684.830017,681.209900,69556700
2025-12-23,683.919983,688.200012,683.869995,687.960022,684.323303,64840000
2025-12-24,687.950012,690.830017,687.799988,690.380005,686.730530,39445600
2025-12-26,690.640015,691.659973,689.270020,690.309998,686.660889,41613300
2025-12-29,687.539978,689.200012,686.070007,687.849976,684.213867,62559500
2025-12-30,687.450012,688.559998,686.580017,687.010010,683.378357,47160700
2025-12-31,687.140015,687.359985,681.710022,681.919983,678.315247,74144800
2026-01-02,685.710022,686.869995,679.820007,683.169983,679.558594,89377200
2026-01-05,686.539978,689.429993,686.380005,687.719971,684.084534,71927200
2026-01-06,687.929993,692.320007,687.780029,691.809998,688.152954,69273800
2026-01-07,692.190002,693.960022,689.320007,689.580017,685.934753,75588300
2026-01-08,688.820007,690.619995,687.489990,689.510010,685.865112,64019200
2026-01-09,690.630005,695.309998,689.179993,694.070007,690.401001,80125500
2026-01-12,690.679993,696.090027,690.630005,695.159973,691.485229,63976000
2026-01-13,695.489990,696.090027,691.349976,693.770020,690.102600,78309700
2026-01-14,691.000000,691.719971,686.039978,690.359985,686.710632,94676700
2026-01-15,694.570007,695.450012,691.250000,692.239990,688.580688,77862000
2026-01-16,693.659973,694.250000,690.099976,691.659973,688.003723,79289200
2026-01-20,681.489990,684.770020,676.570007,677.580017,673.998169,111623300
2026-01-21,679.650024,688.739990,678.130005,685.400024,681.776855,127844500
2026-01-22,689.849976,691.130005,686.919983,688.979980,685.337952,77112200
2026-01-23,688.150024,690.960022,687.159973,689.229980,685.586548,63059600
2026-01-26,690.489990,694.130005,689.919983,692.729980,689.068054,60473800
2026-01-27,694.179993,696.530029,693.570007,695.489990,691.813477,55506100
2026-01-28,697.049988,697.840027,693.940002,695.419983,691.743835,61172200
2026-01-29,696.390015,697.059998,684.830017,694.039978,690.371155,97486200
2026-01-30,691.789978,694.210022,687.119995,691.969971,688.312073,101835100
2026-02-02,689.580017,696.929993,689.419983,695.409973,691.733948,79286500
2026-02-03,696.210022,696.960022,684.030029,689.530029,685.885010,107904600
2026-02-04,690.349976,691.450012,681.760010,686.190002,682.562683,105204600
2026-02-05,680.940002,683.690002,675.789978,677.619995,674.037964,113610800
2026-02-06,681.460022,692.309998,680.849976,690.619995,686.969238,89127600
2026-02-09,689.419983,695.869995,688.340027,693.950012,690.281677,73885200
2026-02-10,694.950012,696.539978,691.659973,692.119995,688.461304,65185700
2026-02-11,696.390015,697.140015,689.179993,691.960022,688.302185,76353900
2026-02-12,694.239990,695.349976,680.369995,681.270020,677.668701,118829000
2026-02-13,681.690002,686.280029,677.520020,681.750000,678.146118,96267500
