Date,Open,High,Low,Close,Adj Close,Volume
2006-07-17,18.049999,18.049999,18.049999,18.049999,18.049999,0
2006-07-18,17.219999,17.219999,17.219999,17.219999,17.219999,0
2006-07-19,15.600000,15.600000,15.600000,15.600000,15.600000,0
2006-07-20,16.309999,16.309999,16.309999,16.309999,16.309999,0
2006-07-21,17.040001,17.040001,17.040001,17.040001,17.040001,0
2006-07-24,15.410000,15.410000,15.410000,15.410000,15.410000,0
2006-07-25,14.610000,14.610000,14.610000,14.610000,14.610000,0
2006-07-26,14.580000,14.580000,14.580000,14.580000,14.580000,0
2006-07-27,15.160000,15.160000,15.160000,15.160000,15.160000,0
2006-07-28,14.630000,14.630000,14.630000,14.630000,14.630000,0
2006-07-31,15.250000,15.250000,15.250000,15.250000,15.250000,0
2006-08-01,15.390000,15.390000,15.390000,15.390000,15.390000,0
2006-08-02,15.060000,15.060000,15.060000,15.060000,15.060000,0
2006-08-03,15.050000,15.050000,15.050000,15.050000,15.050000,0
2006-08-04,15.090000,15.090000,15.090000,15.090000,15.090000,0
2006-08-07,15.350000,15.350000,15.350000,15.350000,15.350000,0
2006-08-08,15.470000,15.470000,15.470000,15.470000,15.470000,0
2006-08-09,15.580000,15.580000,15.580000,15.580000,15.580000,0
2006-08-10,15.280000,15.280000,15.280000,15.280000,15.280000,0
2006-08-11,15.280000,15.280000,15.280000,15.280000,15.280000,0
2006-08-14,15.280000,15.280000,15.280000,15.280000,15.280000,0
2006-08-15,14.520000,14.520000,14.520000,14.520000,14.520000,0
2006-08-16,14.030000,14.030000,14.030000,14.030000,14.030000,0
2006-08-17,13.380000,13.380000,13.380000,13.380000,13.380000,0
2006-08-18,13.100000,13.100000,13.100000,13.100000,13.100000,0
2006-08-21,13.420000,13.420000,13.420000,13.420000,13.420000,0
2006-08-22,13.430000,13.430000,13.430000,13.430000,13.430000,0
2006-08-23,13.560000,13.560000,13.560000,13.560000,13.560000,0
2006-08-24,13.580000,13.580000,13.580000,13.580000,13.580000,0
2006-08-25,13.510000,13.510000,13.510000,13.510000,13.510000,0
2006-08-28,13.360000,13.360000,13.360000,13.360000,13.360000,0
2006-08-29,13.380000,13.380000,13.380000,13.380000,13.380000,0
2006-08-30,13.320000,13.320000,13.320000,13.320000,13.320000,0
2006-08-31,13.300000,13.300000,13.300000,13.300000,13.300000,0
2006-09-01,13.190000,13.190000,13.190000,13.190000,13.190000,0
2006-09-05,13.360000,13.360000,13.360000,13.360000,13.360000,0
2006-09-06,14.320000,14.320000,14.320000,14.320000,14.320000,0
2006-09-07,14.470000,14.470000,14.470000,14.470000,14.470000,0
2006-09-08,14.190000,14.190000,14.190000,14.190000,14.190000,0
2006-09-11,14.200000,14.200000,14.200000,14.200000,14.200000,0
2006-09-12,13.520000,13.520000,13.520000,13.520000,13.520000,0
2006-09-13,13.340000,13.340000,13.340000,13.340000,13.340000,0
2006-09-14,13.550000,13.550000,13.550000,13.550000,13.550000,0
2006-09-15,13.410000,13.410000,13.410000,13.410000,13.410000,0
2006-09-18,13.400000,13.400000,13.400000,13.400000,13.400000,0
2006-09-19,13.550000,13.550000,13.550000,13.550000,13.550000,0
2006-09-20,13.280000,13.280000,13.280000,13.280000,13.280000,0
2006-09-21,13.610000,13.610000,13.610000,13.610000,13.610000,0
2006-09-22,14.090000,14.090000,14.090000,14.090000,14.090000,0
2006-09-25,13.460000,13.460000,13.460000,13.460000,13.460000,0
2006-09-26,13.100000,13.100000,13.100000,13.100000,13.100000,0
2006-09-27,13.220000,13.220000,13.220000,13.220000,13.220000,0
2006-09-28,13.290000,13.290000,13.290000,13.290000,13.290000,0
2006-09-29,13.450000,13.450000,13.450000,13.450000,13.450000,0
2006-10-02,13.590000,13.590000,13.590000,13.590000,13.590000,0
2006-10-03,13.500000,13.500000,13.500000,13.500000,13.500000,0
2006-10-04,13.240000,13.240000,13.240000,13.240000,13.240000,0
2006-10-05,13.280000,13.280000,13.280000,13.280000,13.280000,0
2006-10-06,13.080000,13.080000,13.080000,13.080000,13.080000,0
2006-10-09,13.060000,13.060000,13.060000,13.060000,13.060000,0
2006-10-10,13.050000,13.050000,13.050000,13.050000,13.050000,0
2006-10-11,13.100000,13.100000,13.100000,13.100000,13.100000,0
2006-10-12,12.420000,12.420000,12.420000,12.420000,12.420000,0
2006-10-13,12.200000,12.200000,12.200000,12.200000,12.200000,0
2006-10-16,12.350000,12.350000,12.350000,12.350000,12.350000,0
2006-10-17,12.630000,12.630000,12.630000,12.630000,12.630000,0
2006-10-18,12.470000,12.470000,12.470000,12.470000,12.470000,0
2006-10-19,12.310000,12.310000,12.310000,12.310000,12.310000,0
2006-10-20,12.060000,12.060000,12.060000,12.060000,12.060000,0
2006-10-23,12.210000,12.210000,12.210000,12.210000,12.210000,0
2006-10-24,11.510000,11.510000,11.510000,11.510000,11.510000,0
2006-10-25,11.360000,11.360000,11.360000,11.360000,11.360000,0
2006-10-26,11.230000,11.230000,11.230000,11.230000,11.230000,0
2006-10-27,11.370000,11.370000,11.370000,11.370000,11.370000,0
2006-10-30,12.040000,12.040000,12.040000,12.040000,12.040000,0
2006-10-31,11.400000,11.400000,11.400000,11.400000,11.400000,0
2006-11-01,12.080000,12.080000,12.080000,12.080000,12.080000,0
2006-11-02,12.120000,12.120000,12.120000,12.120000,12.120000,0
2006-11-03,12.080000,12.080000,12.080000,12.080000,12.080000,0
2006-11-06,11.400000,11.400000,11.400000,11.400000,11.400000,0
2006-11-07,11.350000,11.350000,11.350000,11.350000,11.350000,0
2006-11-08,11.190000,11.190000,11.190000,11.190000,11.190000,0
2006-11-09,11.370000,11.370000,11.370000,11.370000,11.370000,0
2006-11-10,11.490000,11.490000,11.490000,11.490000,11.490000,0
2006-11-13,11.380000,11.380000,11.380000,11.380000,11.380000,0
2006-11-14,11.170000,11.170000,11.170000,11.170000,11.170000,0
2006-11-15,11.120000,11.120000,11.120000,11.120000,11.120000,0
2006-11-16,11.030000,11.030000,11.030000,11.030000,11.030000,0
2006-11-17,11.060000,11.060000,11.060000,11.060000,11.060000,0
2006-11-20,11.180000,11.180000,11.180000,11.180000,11.180000,0
2006-11-21,11.190000,11.190000,11.190000,11.190000,11.190000,0
2006-11-22,11.520000,11.520000,11.520000,11.520000,11.520000,0
2006-11-24,12.280000,12.280000,12.280000,12.280000,12.280000,0
2006-11-27,13.270000,13.270000,13.270000,13.270000,13.270000,0
2006-11-28,12.630000,12.630000,12.630000,12.630000,12.630000,0
2006-11-29,12.200000,12.200000,12.200000,12.200000,12.200000,0
2006-11-30,12.310000,12.310000,12.310000,12.310000,12.310000,0
2006-12-01,12.590000,12.590000,12.590000,12.590000,12.590000,0
2006-12-04,12.400000,12.400000,12.400000,12.400000,12.400000,0
2006-12-05,12.440000,12.440000,12.440000,12.440000,12.440000,0
2006-12-06,12.510000,12.510000,12.510000,12.510000,12.510000,0
2006-12-07,13.480000,13.480000,13.480000,13.480000,13.480000,0
2006-12-08,13.310000,13.310000,13.310000,13.310000,13.310000,0
2006-12-11,13.250000,13.250000,13.250000,13.250000,13.250000,0
2006-12-12,13.170000,13.170000,13.170000,13.170000,13.170000,0
2006-12-13,13.060000,13.060000,13.060000,13.060000,13.060000,0
2006-12-14,13.010000,13.010000,13.010000,13.010000,13.010000,0
2006-12-15,13.130000,13.130000,13.130000,13.130000,13.130000,0
2006-12-18,13.190000,13.190000,13.190000,13.190000,13.190000,0
2006-12-19,12.630000,12.630000,12.630000,12.630000,12.630000,0
2006-12-20,12.530000,12.530000,12.530000,12.530000,12.530000,0
2006-12-21,13.100000,13.100000,13.100000,13.100000,13.100000,0
2006-12-22,13.300000,13.300000,13.300000,13.300000,13.300000,0
2006-12-26,13.130000,13.130000,13.130000,13.130000,13.130000,0
2006-12-27,12.590000,12.590000,12.590000,12.590000,12.590000,0
2006-12-28,13.100000,13.100000,13.100000,13.100000,13.100000,0
2006-12-29,13.290000,13.290000,13.290000,13.290000,13.290000,0
2007-01-03,13.380000,13.380000,13.380000,13.380000,13.380000,0
2007-01-04,13.130000,13.130000,13.130000,13.130000,13.130000,0
2007-01-05,13.410000,13.410000,13.410000,13.410000,13.410000,0
2007-01-08,13.280000,13.280000,13.280000,13.280000,13.280000,0
2007-01-09,13.260000,13.260000,13.260000,13.260000,13.260000,0
2007-01-10,13.020000,13.020000,13.020000,13.020000,13.020000,0
2007-01-11,12.380000,12.380000,12.380000,12.380000,12.380000,0
2007-01-12,12.070000,12.070000,12.070000,12.070000,12.070000,0
2007-01-16,12.220000,12.220000,12.220000,12.220000,12.220000,0
2007-01-17,12.080000,12.080000,12.080000,12.080000,12.080000,0
2007-01-18,12.100000,12.100000,12.100000,12.100000,12.100000,0
2007-01-19,11.610000,11.610000,11.610000,11.610000,11.610000,0
2007-01-22,12.170000,12.170000,12.170000,12.170000,12.170000,0
2007-01-23,11.540000,11.540000,11.540000,11.540000,11.540000,0
2007-01-24,11.230000,11.230000,11.230000,11.230000,11.230000,0
2007-01-25,12.120000,12.120000,12.120000,12.120000,12.120000,0
2007-01-26,12.090000,12.090000,12.090000,12.090000,12.090000,0
2007-01-29,12.170000,12.170000,12.170000,12.170000,12.170000,0
2007-01-30,11.600000,11.600000,11.600000,11.600000,11.600000,0
2007-01-31,11.330000,11.330000,11.330000,11.330000,11.330000,0
2007-02-01,11.290000,11.290000,11.290000,11.290000,11.290000,0
2007-02-02,11.240000,11.240000,11.240000,11.240000,11.240000,0
2007-02-05,11.420000,11.420000,11.420000,11.420000,11.420000,0
2007-02-06,11.400000,11.400000,11.400000,11.400000,11.400000,0
2007-02-07,11.310000,11.310000,11.310000,11.310000,11.310000,0
2007-02-08,11.420000,11.420000,11.420000,11.420000,11.420000,0
2007-02-09,12.150000,12.150000,12.150000,12.150000,12.150000,0
2007-02-12,12.370000,12.370000,12.370000,12.370000,12.370000,0
2007-02-13,11.450000,11.450000,11.450000,11.450000,11.450000,0
2007-02-14,11.260000,11.260000,11.260000,11.260000,11.260000,0
2007-02-15,11.260000,11.260000,11.260000,11.260000,11.260000,0
2007-02-16,11.200000,11.200000,11.200000,11.200000,11.200000,0
2007-02-20,11.360000,11.360000,11.360000,11.360000,11.360000,0
2007-02-21,11.380000,11.380000,11.380000,11.380000,11.380000,0
2007-02-22,11.340000,11.340000,11.340000,11.340000,11.340000,0
2007-02-23,12.000000,12.000000,12.000000,12.000000,12.000000,0
2007-02-26,12.180000,12.180000,12.180000,12.180000,12.180000,0
2007-02-27,17.059999,17.059999,17.059999,17.059999,17.059999,0
2007-02-28,14.470000,14.470000,14.470000,14.470000,14.470000,0
2007-03-01,14.580000,14.580000,14.580000,14.580000,14.580000,0
2007-03-02,16.469999,16.469999,16.469999,16.469999,16.469999,0
2007-03-05,17.360001,17.360001,17.360001,17.360001,17.360001,0
2007-03-06,15.340000,15.340000,15.340000,15.340000,15.340000,0
2007-03-07,15.030000,15.030000,15.030000,15.030000,15.030000,0
2007-03-08,14.300000,14.300000,14.300000,14.300000,14.300000,0
2007-03-09,14.260000,14.260000,14.260000,14.260000,14.260000,0
2007-03-12,14.150000,14.150000,14.150000,14.150000,14.150000,0
2007-03-13,16.379999,16.379999,16.379999,16.379999,16.379999,0
2007-03-14,16.160000,16.160000,16.160000,16.160000,16.160000,0
2007-03-15,16.020000,16.020000,16.020000,16.020000,16.020000,0
2007-03-16,16.549999,16.549999,16.549999,16.549999,16.549999,0
2007-03-19,15.130000,15.130000,15.130000,15.130000,15.130000,0
2007-03-20,14.290000,14.290000,14.290000,14.290000,14.290000,0
2007-03-21,13.110000,13.110000,13.110000,13.110000,13.110000,0
2007-03-22,13.360000,13.360000,13.360000,13.360000,13.360000,0
2007-03-23,13.450000,13.450000,13.450000,13.450000,13.450000,0
2007-03-26,13.580000,13.580000,13.580000,13.580000,13.580000,0
2007-03-27,14.120000,14.120000,14.120000,14.120000,14.120000,0
2007-03-28,15.130000,15.130000,15.130000,15.130000,15.130000,0
2007-03-29,15.240000,15.240000,15.240000,15.240000,15.240000,0
2007-03-30,15.100000,15.100000,15.100000,15.100000,15.100000,0
2007-04-02,15.040000,15.040000,15.040000,15.040000,15.040000,0
2007-04-03,14.240000,14.240000,14.240000,14.240000,14.240000,0
2007-04-04,14.250000,14.250000,14.250000,14.250000,14.250000,0
2007-04-05,14.060000,14.060000,14.060000,14.060000,14.060000,0
2007-04-09,14.030000,14.030000,14.030000,14.030000,14.030000,0
2007-04-10,13.500000,13.500000,13.500000,13.500000,13.500000,0
2007-04-11,14.190000,14.190000,14.190000,14.190000,14.190000,0
2007-04-12,13.540000,13.540000,13.540000,13.540000,13.540000,0
2007-04-13,13.310000,13.310000,13.310000,13.310000,13.310000,0
2007-04-16,13.170000,13.170000,13.170000,13.170000,13.170000,0
2007-04-17,13.090000,13.090000,13.090000,13.090000,13.090000,0
2007-04-18,13.180000,13.180000,13.180000,13.180000,13.180000,0
2007-04-19,13.300000,13.300000,13.300000,13.300000,13.300000,0
2007-04-20,12.580000,12.580000,12.580000,12.580000,12.580000,0
2007-04-23,13.080000,13.080000,13.080000,13.080000,13.080000,0
2007-04-24,13.100000,13.100000,13.100000,13.100000,13.100000,0
2007-04-25,13.050000,13.050000,13.050000,13.050000,13.050000,0
2007-04-26,12.600000,12.600000,12.600000,12.600000,12.600000,0
2007-04-27,12.490000,12.490000,12.490000,12.490000,12.490000,0
2007-04-30,14.010000,14.010000,14.010000,14.010000,14.010000,0
2007-05-01,13.390000,13.390000,13.390000,13.390000,13.390000,0
2007-05-02,13.250000,13.250000,13.250000,13.250000,13.250000,0
2007-05-03,13.220000,13.220000,13.220000,13.220000,13.220000,0
2007-05-04,13.260000,13.260000,13.260000,13.260000,13.260000,0
2007-05-07,13.330000,13.330000,13.330000,13.330000,13.330000,0
2007-05-08,13.420000,13.420000,13.420000,13.420000,13.420000,0
2007-05-09,13.240000,13.240000,13.240000,13.240000,13.240000,0
2007-05-10,14.090000,14.090000,14.090000,14.090000,14.090000,0
2007-05-11,13.440000,13.440000,13.440000,13.440000,13.440000,0
2007-05-14,14.240000,14.240000,14.240000,14.240000,14.240000,0
2007-05-15,14.240000,14.240000,14.240000,14.240000,14.240000,0
2007-05-16,14.040000,14.040000,14.040000,14.040000,14.040000,0
2007-05-17,14.170000,14.170000,14.170000,14.170000,14.170000,0
2007-05-18,13.500000,13.500000,13.500000,13.500000,13.500000,0
2007-05-21,13.610000,13.610000,13.610000,13.610000,13.610000,0
2007-05-22,13.520000,13.520000,13.520000,13.520000,13.520000,0
2007-05-23,13.600000,13.600000,13.600000,13.600000,13.600000,0
2007-05-24,14.370000,14.370000,14.370000,14.370000,14.370000,0
2007-05-25,14.140000,14.140000,14.140000,14.140000,14.140000,0
2007-05-29,14.080000,14.080000,14.080000,14.080000,14.080000,0
2007-05-30,13.450000,13.450000,13.450000,13.450000,13.450000,0
2007-05-31,13.470000,13.470000,13.470000,13.470000,13.470000,0
2007-06-01,13.490000,13.490000,13.490000,13.490000,13.490000,0
2007-06-04,14.080000,14.080000,14.080000,14.080000,14.080000,0
2007-06-05,14.260000,14.260000,14.260000,14.260000,14.260000,0
2007-06-06,15.260000,15.260000,15.260000,15.260000,15.260000,0
2007-06-07,16.450001,16.450001,16.450001,16.450001,16.450001,0
2007-06-08,15.130000,15.130000,15.130000,15.130000,15.130000,0
2007-06-11,15.100000,15.100000,15.100000,15.100000,15.100000,0
2007-06-12,16.020000,16.020000,16.020000,16.020000,16.020000,0
2007-06-13,15.080000,15.080000,15.080000,15.080000,15.080000,0
2007-06-14,14.460000,14.460000,14.460000,14.460000,14.460000,0
2007-06-15,15.010000,15.010000,15.010000,15.010000,15.010000,0
2007-06-18,14.560000,14.560000,14.560000,14.560000,14.560000,0
2007-06-19,14.290000,14.290000,14.290000,14.290000,14.290000,0
2007-06-20,15.470000,15.470000,15.470000,15.470000,15.470000,0
2007-06-21,15.290000,15.290000,15.290000,15.290000,15.290000,0
2007-06-22,16.260000,16.260000,16.260000,16.260000,16.260000,0
2007-06-25,16.480000,16.480000,16.480000,16.480000,16.480000,0
2007-06-26,18.059999,18.059999,18.059999,18.059999,18.059999,0
2007-06-27,16.040001,16.040001,16.040001,16.040001,16.040001,0
2007-06-28,16.010000,16.010000,16.010000,16.010000,16.010000,0
2007-06-29,16.400000,16.400000,16.400000,16.400000,16.400000,0
2007-07-02,16.100000,16.100000,16.100000,16.100000,16.100000,0
2007-07-03,15.610000,15.610000,15.610000,15.610000,15.610000,0
2007-07-05,16.110001,16.110001,16.110001,16.110001,16.110001,0
2007-07-06,15.530000,15.530000,15.530000,15.530000,15.530000,0
2007-07-09,16.080000,16.080000,16.080000,16.080000,16.080000,0
2007-07-10,17.379999,17.379999,17.379999,17.379999,17.379999,0
2007-07-11,17.040001,17.040001,17.040001,17.040001,17.040001,0
2007-07-12,16.350000,16.350000,16.350000,16.350000,16.350000,0
2007-07-13,16.320000,16.320000,16.320000,16.320000,16.320000,0
2007-07-16,16.450001,16.450001,16.450001,16.450001,16.450001,0
2007-07-17,16.500000,16.500000,16.500000,16.500000,16.500000,0
2007-07-18,17.049999,17.049999,17.049999,17.049999,17.049999,0
2007-07-19,16.400000,16.400000,16.400000,16.400000,16.400000,0
2007-07-20,17.440001,17.440001,17.440001,17.440001,17.440001,0
2007-07-23,17.190001,17.190001,17.190001,17.190001,17.190001,0
2007-07-24,18.330000,18.330000,18.330000,18.330000,18.330000,0
2007-07-25,18.070000,18.070000,18.070000,18.070000,18.070000,0
2007-07-26,19.010000,19.010000,19.010000,19.010000,19.010000,0
2007-07-27,21.150000,21.150000,21.150000,21.150000,21.150000,0
2007-07-30,19.330000,19.330000,19.330000,19.330000,19.330000,0
2007-07-31,21.350000,21.350000,21.350000,21.350000,21.350000,0
2007-08-01,21.600000,21.600000,21.600000,21.600000,21.600000,0
2007-08-02,20.480000,20.480000,20.480000,20.480000,20.480000,0
2007-08-03,22.620001,22.620001,22.620001,22.620001,22.620001,0
2007-08-06,21.320000,21.320000,21.320000,21.320000,21.320000,0
2007-08-07,20.610001,20.610001,20.610001,20.610001,20.610001,0
2007-08-08,20.389999,20.389999,20.389999,20.389999,20.389999,0
2007-08-09,24.440001,24.440001,24.440001,24.440001,24.440001,0
2007-08-10,25.400000,25.400000,25.400000,25.400000,25.400000,0
2007-08-13,23.540001,23.540001,23.540001,23.540001,23.540001,0
2007-08-14,24.540001,24.540001,24.540001,24.540001,24.540001,0
2007-08-15,26.480000,26.480000,26.480000,26.480000,26.480000,0
2007-08-16,27.059999,27.059999,27.059999,27.059999,27.059999,0
2007-08-17,26.160000,26.160000,26.160000,26.160000,26.160000,0
2007-08-20,23.230000,23.230000,23.230000,23.230000,23.230000,0
2007-08-21,22.600000,22.600000,22.600000,22.600000,22.600000,0
2007-08-22,21.240000,21.240000,21.240000,21.240000,21.240000,0
2007-08-23,21.170000,21.170000,21.170000,21.170000,21.170000,0
2007-08-24,20.290001,20.290001,20.290001,20.290001,20.290001,0
2007-08-27,21.420000,21.420000,21.420000,21.420000,21.420000,0
2007-08-28,25.030001,25.030001,25.030001,25.030001,25.030001,0
2007-08-29,23.170000,23.170000,23.170000,23.170000,23.170000,0
2007-08-30,23.410000,23.410000,23.410000,23.410000,23.410000,0
2007-08-31,22.440001,22.440001,22.440001,22.440001,22.440001,0
2007-09-04,22.010000,22.010000,22.010000,22.010000,22.010000,0
2007-09-05,23.230000,23.230000,23.230000,23.230000,23.230000,0
2007-09-06,23.129999,23.129999,23.129999,23.129999,23.129999,0
2007-09-07,24.520000,24.520000,24.520000,24.520000,24.520000,0
2007-09-10,25.260000,25.260000,25.260000,25.260000,25.260000,0
2007-09-11,23.600000,23.600000,23.600000,23.600000,23.600000,0
2007-09-12,23.469999,23.469999,23.469999,23.469999,23.469999,0
2007-09-13,23.420000,23.420000,23.420000,23.420000,23.420000,0
2007-09-14,23.480000,23.480000,23.480000,23.480000,23.480000,0
2007-09-17,24.320000,24.320000,24.320000,24.320000,24.320000,0
2007-09-18,20.629999,20.629999,20.629999,20.629999,20.629999,0
2007-09-19,20.280001,20.280001,20.280001,20.280001,20.280001,0
2007-09-20,20.510000,20.510000,20.510000,20.510000,20.510000,0
2007-09-21,20.010000,20.010000,20.010000,20.010000,20.010000,0
2007-09-24,19.590000,19.590000,19.590000,19.590000,19.590000,0
2007-09-25,19.450001,19.450001,19.450001,19.450001,19.450001,0
2007-09-26,19.010000,19.010000,19.010000,19.010000,19.010000,0
2007-09-27,18.230000,18.230000,18.230000,18.230000,18.230000,0
2007-09-28,18.629999,18.629999,18.629999,18.629999,18.629999,0
2007-10-01,18.610001,18.610001,18.610001,18.610001,18.610001,0
2007-10-02,19.219999,19.219999,19.219999,19.219999,19.219999,0
2007-10-03,19.530001,19.530001,19.530001,19.530001,19.530001,0
2007-10-04,19.430000,19.430000,19.430000,19.430000,19.430000,0
2007-10-05,18.340000,18.340000,18.340000,18.340000,18.340000,0
2007-10-08,18.600000,18.600000,18.600000,18.600000,18.600000,0
2007-10-09,17.629999,17.629999,17.629999,17.629999,17.629999,0
2007-10-10,18.320000,18.320000,18.320000,18.320000,18.320000,0
2007-10-11,19.580000,19.580000,19.580000,19.580000,19.580000,0
2007-10-12,19.150000,19.150000,19.150000,19.150000,19.150000,0
2007-10-15,20.389999,20.389999,20.389999,20.389999,20.389999,0
2007-10-16,21.200001,21.200001,21.200001,21.200001,21.200001,0
2007-10-17,20.360001,20.360001,20.360001,20.360001,20.360001,0
2007-10-18,20.230000,20.230000,20.230000,20.230000,20.230000,0
2007-10-19,23.219999,23.219999,23.219999,23.219999,23.219999,0
2007-10-22,21.520000,21.520000,21.520000,21.520000,21.520000,0
2007-10-23,21.010000,21.010000,21.010000,21.010000,21.010000,0
2007-10-24,21.290001,21.290001,21.290001,21.290001,21.290001,0
2007-10-25,21.379999,21.379999,21.379999,21.379999,21.379999,0
2007-10-26,20.389999,20.389999,20.389999,20.389999,20.389999,0
2007-10-29,20.400000,20.400000,20.400000,20.400000,20.400000,0
2007-10-30,21.290001,21.290001,21.290001,21.290001,21.290001,0
2007-10-31,19.520000,19.520000,19.520000,19.520000,19.520000,0
2007-11-01,22.629999,22.629999,22.629999,22.629999,22.629999,0
2007-11-02,23.139999,23.139999,23.139999,23.139999,23.139999,0
2007-11-05,24.030001,24.030001,24.030001,24.030001,24.030001,0
2007-11-06,22.170000,22.170000,22.170000,22.170000,22.170000,0
2007-11-07,25.240000,25.240000,25.240000,25.240000,25.240000,0
2007-11-08,25.360001,25.360001,25.360001,25.360001,25.360001,0
2007-11-09,27.030001,27.030001,27.030001,27.030001,27.030001,0
2007-11-12,27.170000,27.350000,23.450001,27.350000,27.350000,0
2007-11-13,26.740000,26.760000,23.680000,24.660000,24.660000,0
2007-11-14,24.440001,26.160000,24.290001,25.650000,25.650000,0
2007-11-15,26.270000,28.100000,25.980000,27.440001,27.440001,0
2007-11-16,27.070000,27.910000,26.260000,26.440001,26.440001,0
2007-11-19,25.500000,25.990000,25.160000,25.660000,25.660000,0
2007-11-20,27.360001,28.010000,25.469999,26.090000,26.090000,0
2007-11-21,27.309999,28.290001,26.160000,27.420000,27.420000,0
2007-11-23,26.600000,26.709999,25.780001,25.969999,25.969999,0
2007-11-26,26.270000,28.549999,25.830000,28.440001,28.440001,0
2007-11-27,27.830000,28.160000,26.450001,26.590000,26.590000,0
2007-11-28,25.580000,25.660000,24.010000,24.250000,24.250000,0
2007-11-29,24.750000,25.010000,24.030001,24.500000,24.500000,0
2007-11-30,23.350000,24.389999,23.020000,23.930000,23.930000,0
2007-12-03,24.230000,24.950001,24.080000,24.299999,24.299999,0
2007-12-04,24.799999,25.010000,24.150000,24.650000,24.650000,0
2007-12-05,23.820000,23.840000,22.910000,23.330000,23.330000,0
2007-12-06,23.430000,23.490000,20.340000,22.100000,22.100000,0
2007-12-07,21.920000,22.320000,21.670000,22.180000,22.180000,0
2007-12-10,22.240000,22.450001,21.700001,21.930000,21.930000,0
2007-12-11,21.930000,24.200001,21.309999,24.120001,24.120001,0
2007-12-12,22.070000,24.389999,21.870001,23.290001,23.290001,0
2007-12-13,23.990000,24.490000,23.410000,23.520000,23.520000,0
2007-12-14,24.350000,24.350000,23.450001,24.209999,24.209999,0
2007-12-17,24.660000,25.730000,24.590000,25.530001,25.530001,0
2007-12-18,24.889999,25.799999,24.440001,24.670000,24.670000,0
2007-12-19,24.670000,24.690001,23.600000,23.809999,23.809999,0
2007-12-20,23.190001,23.969999,22.870001,22.870001,22.870001,0
2007-12-21,22.209999,22.290001,21.469999,21.500000,21.500000,0
2007-12-24,21.370001,21.570000,21.070000,21.139999,21.139999,0
2007-12-26,21.410000,21.430000,20.900000,20.930000,20.930000,0
2007-12-27,21.200001,22.219999,21.200001,22.049999,22.049999,0
2007-12-28,21.629999,22.709999,21.520000,22.559999,22.559999,0
2007-12-31,22.840000,23.410000,22.790001,23.309999,23.309999,0
2008-01-02,23.100000,24.100000,23.040001,23.600000,23.600000,0
2008-01-03,23.469999,23.570000,22.709999,22.809999,22.809999,0
2008-01-04,23.360001,23.879999,23.320000,23.690001,23.690001,0
2008-01-07,23.570000,23.889999,23.020000,23.219999,23.219999,0
2008-01-08,23.860001,25.629999,23.450001,25.490000,25.490000,0
2008-01-09,25.510000,25.700001,24.150000,24.500000,24.500000,0
2008-01-10,24.850000,24.900000,23.459999,23.950001,23.950001,0
2008-01-11,24.330000,24.900000,23.969999,24.500000,24.500000,0
2008-01-14,24.250000,24.440001,23.590000,23.670000,23.670000,0
2008-01-15,24.490000,24.870001,24.040001,24.389999,24.389999,0
2008-01-16,24.700001,24.700001,23.620001,24.360001,24.360001,0
2008-01-17,24.230000,26.520000,24.110001,26.440001,26.440001,0
2008-01-18,26.040001,27.070000,24.549999,25.990000,25.990000,0
2008-01-22,30.219999,30.290001,26.219999,27.389999,27.389999,0
2008-01-23,28.950001,29.230000,22.450001,26.250000,26.250000,0
2008-01-24,25.889999,26.410000,25.500000,26.000000,26.000000,0
2008-01-25,25.230000,27.200001,24.950001,26.860001,26.860001,0
2008-01-28,26.900000,27.270000,25.830000,25.969999,25.969999,0
2008-01-29,25.340000,25.940001,25.330000,25.650000,25.650000,0
2008-01-30,25.740000,26.180000,24.219999,26.080000,26.080000,0
2008-01-31,26.719999,26.830000,24.610001,25.209999,25.209999,0
2008-02-01,24.940001,25.090000,24.100000,24.110001,24.110001,0
2008-02-04,24.440001,25.379999,24.340000,25.360001,25.360001,0
2008-02-05,26.059999,27.190001,26.000000,26.990000,26.990000,0
2008-02-06,26.629999,27.799999,26.240000,27.610001,27.610001,0
2008-02-07,27.740000,28.070000,26.230000,26.740000,26.740000,0
2008-02-08,26.969999,27.870001,26.450001,27.059999,27.059999,0
2008-02-11,27.340000,27.730000,26.469999,26.670000,26.670000,0
2008-02-12,25.660000,26.450001,25.389999,26.110001,26.110001,0
2008-02-13,25.639999,25.920000,25.010000,25.290001,25.290001,0
2008-02-14,25.110001,25.860001,24.990000,25.469999,25.469999,0
2008-02-15,25.629999,25.910000,25.160000,25.440001,25.440001,0
2008-02-19,25.139999,25.639999,22.129999,25.469999,25.469999,0
2008-02-20,26.100000,26.240000,24.590000,24.670000,24.670000,0
2008-02-21,24.790001,25.309999,24.100000,25.090000,25.090000,0
2008-02-22,25.040001,25.660000,24.379999,24.400000,24.400000,0
2008-02-25,24.700001,24.900000,23.660000,23.930000,23.930000,0
2008-02-26,24.030001,24.049999,22.740000,23.110001,23.110001,0
2008-02-27,23.459999,23.740000,22.900000,23.690001,23.690001,0
2008-02-28,24.040001,24.309999,23.629999,24.290001,24.290001,0
2008-02-29,24.760000,26.580000,24.719999,26.389999,26.389999,0
2008-03-03,27.010000,27.270000,26.070000,26.080000,26.080000,0
2008-03-04,26.610001,26.910000,25.709999,25.760000,25.760000,0
2008-03-05,25.650000,25.969999,24.490000,24.910000,24.910000,0
2008-03-06,25.240000,27.280001,25.230000,27.000000,27.000000,0
2008-03-07,27.559999,28.100000,26.250000,27.110001,27.110001,0
2008-03-10,27.440001,29.110001,26.799999,28.330000,28.330000,0
2008-03-11,26.410000,27.600000,26.090000,26.090000,26.090000,0
2008-03-12,26.170000,27.379999,25.490000,27.370001,27.370001,0
2008-03-13,28.260000,29.110001,26.190001,27.180000,27.180000,0
2008-03-14,27.110001,30.260000,26.150000,29.360001,29.360001,0
2008-03-17,31.219999,31.650000,28.670000,29.580000,29.580000,0
2008-03-18,27.950001,28.059999,25.889999,26.010000,26.010000,0
2008-03-19,25.879999,28.870001,25.450001,28.780001,28.780001,0
2008-03-20,28.660000,50.290001,26.510000,27.290001,27.290001,0
2008-03-24,26.969999,26.980000,25.379999,25.959999,25.959999,0
2008-03-25,26.110001,26.510000,25.740000,26.180000,26.180000,0
2008-03-26,26.379999,26.850000,26.080000,26.610001,26.610001,0
2008-03-27,26.129999,26.540001,25.700001,26.280001,26.280001,0
2008-03-28,26.180000,26.350000,25.670000,26.240000,26.240000,0
2008-03-31,26.580000,26.620001,25.490000,25.639999,25.639999,0
2008-04-01,24.889999,24.889999,23.530001,23.610001,23.610001,0
2008-04-02,23.590000,24.450001,23.379999,24.299999,24.299999,0
2008-04-03,24.570000,24.870001,23.940001,24.120001,24.120001,0
2008-04-04,24.010000,24.270000,23.090000,23.520000,23.520000,0
2008-04-07,23.379999,23.440001,22.280001,23.200001,23.200001,0
2008-04-08,23.459999,23.670000,23.070000,23.070000,23.070000,0
2008-04-09,23.150000,24.070000,23.129999,23.549999,23.549999,0
2008-04-10,23.730000,23.860001,22.850000,23.059999,23.059999,0
2008-04-11,23.809999,24.350000,23.450001,24.190001,24.190001,0
2008-04-14,24.629999,24.740000,24.280001,24.410000,24.410000,0
2008-04-15,24.059999,24.469999,23.650000,23.700001,23.700001,0
2008-04-16,22.980000,23.030001,21.799999,21.820000,21.820000,0
2008-04-17,22.160000,22.520000,21.719999,21.750000,21.750000,0
2008-04-18,21.129999,21.370001,20.840000,21.370001,21.370001,0
2008-04-21,21.760000,21.770000,21.340000,21.459999,21.459999,0
2008-04-22,21.670000,22.290001,21.549999,21.799999,21.799999,0
2008-04-23,21.650000,22.000000,21.219999,21.580000,21.580000,0
2008-04-24,21.430000,21.830000,20.480000,21.180000,21.180000,0
2008-04-25,20.760000,21.330000,20.420000,20.580000,20.580000,0
2008-04-28,20.680000,20.809999,20.160000,20.410000,20.410000,0
2008-04-29,20.510000,21.010000,20.370001,20.820000,20.820000,0
2008-04-30,20.750000,21.260000,20.299999,21.250000,21.250000,0
2008-05-01,21.280001,21.320000,19.770000,19.780001,19.780001,0
2008-05-02,19.299999,20.070000,19.299999,19.530001,19.530001,0
2008-05-05,19.700001,20.219999,19.400000,20.020000,20.020000,0
2008-05-06,20.360001,20.590000,19.680000,19.750000,19.750000,0
2008-05-07,19.920000,21.129999,19.879999,20.959999,20.959999,0
2008-05-08,20.790001,21.090000,20.490000,20.879999,20.879999,0
2008-05-09,21.200001,21.219999,20.770000,20.870001,20.870001,0
2008-05-12,21.070000,21.260000,19.969999,20.240000,20.240000,0
2008-05-13,20.110001,20.540001,20.030001,20.150000,20.150000,0
2008-05-14,20.030001,20.049999,19.309999,20.000000,20.000000,0
2008-05-15,20.020000,20.090000,19.280001,19.280001,19.280001,0
2008-05-16,19.230000,20.219999,19.230000,19.570000,19.570000,0
2008-05-19,19.969999,20.120001,19.110001,19.840000,19.840000,0
2008-05-20,20.280001,21.240000,20.280001,20.809999,20.809999,0
2008-05-21,20.930000,22.160000,20.709999,22.110001,22.110001,0
2008-05-22,22.200001,22.200001,21.389999,21.520000,21.520000,0
2008-05-23,21.740000,22.730000,21.700001,22.510000,22.510000,0
2008-05-27,22.940001,23.290001,21.990000,22.160000,22.160000,0
2008-05-28,22.059999,22.410000,21.469999,21.660000,21.660000,0
2008-05-29,21.790001,21.790001,20.540001,20.799999,20.799999,0
2008-05-30,20.900000,20.900000,20.309999,20.530001,20.530001,0
2008-06-02,21.030001,22.260000,21.030001,21.719999,21.719999,0
2008-06-03,21.639999,22.580000,20.799999,22.110001,22.110001,0
2008-06-04,22.309999,22.840000,21.639999,22.590000,22.590000,0
2008-06-05,22.440001,22.450001,20.670000,21.080000,21.080000,0
2008-06-06,21.690001,24.440001,21.680000,24.200001,24.200001,0
2008-06-09,23.639999,24.549999,19.719999,23.850000,23.850000,0
2008-06-10,24.600000,24.680000,23.100000,23.840000,23.840000,0
2008-06-11,23.930000,24.510000,23.600000,24.320000,24.320000,0
2008-06-12,24.070000,24.270000,21.680000,23.700001,23.700001,0
2008-06-13,23.660000,23.860001,22.459999,22.600000,22.600000,0
2008-06-16,23.180000,23.389999,22.110001,22.430000,22.430000,0
2008-06-17,22.010000,22.680000,21.700001,22.480000,22.480000,0
2008-06-18,22.959999,23.980000,22.549999,23.549999,23.549999,0
2008-06-19,23.570000,24.180000,22.110001,22.840000,22.840000,0
2008-06-20,23.209999,24.340000,22.780001,23.570000,23.570000,0
2008-06-23,23.510000,23.730000,23.230000,23.299999,23.299999,0
2008-06-24,23.420000,24.070000,22.750000,23.209999,23.209999,0
2008-06-25,22.910000,22.990000,21.709999,22.320000,22.320000,0
2008-06-26,22.920000,24.330000,22.879999,24.309999,24.309999,0
2008-06-27,24.030001,24.469999,23.809999,23.930000,23.930000,0
2008-06-30,24.059999,24.139999,23.360001,23.770000,23.770000,0
2008-07-01,24.420000,24.830000,23.670000,23.670000,23.670000,0
2008-07-02,23.430000,25.059999,23.120001,25.020000,25.020000,0
2008-07-03,24.410000,25.219999,24.040001,24.420000,24.420000,0
2008-07-07,24.580000,25.320000,24.000000,24.750000,24.750000,0
2008-07-08,24.670000,24.870001,23.010000,23.059999,23.059999,0
2008-07-09,22.850000,24.450001,22.780001,24.360001,24.360001,0
2008-07-10,24.400000,25.080000,22.250000,24.389999,24.389999,0
2008-07-11,25.090000,26.570000,24.780001,25.520000,25.520000,0
2008-07-14,25.000000,26.180000,24.990000,25.879999,25.879999,0
2008-07-15,26.240000,27.059999,25.330000,25.969999,25.969999,0
2008-07-16,26.219999,26.420000,24.410000,24.559999,24.559999,0
2008-07-17,24.120001,24.549999,23.730000,24.370001,24.370001,0
2008-07-18,23.930000,24.250000,23.770000,23.799999,23.799999,0
2008-07-21,23.750000,23.790001,20.969999,23.180000,23.180000,0
2008-07-22,23.850000,23.889999,21.969999,22.059999,22.059999,0
2008-07-23,21.969999,22.610001,21.620001,22.200001,22.200001,0
2008-07-24,22.270000,23.840000,22.270000,23.760000,23.760000,0
2008-07-25,23.490000,23.650000,22.990000,23.290001,23.290001,0
2008-07-28,23.610001,24.160000,18.080000,23.990000,23.990000,0
2008-07-29,23.860001,23.860001,22.200001,22.219999,22.219999,0
2008-07-30,21.920000,22.240000,21.260000,21.440001,21.440001,0
2008-07-31,22.010000,22.670000,21.559999,22.670000,22.670000,0
2008-08-01,22.480000,23.139999,22.480000,22.750000,22.750000,0
2008-08-04,23.030001,23.250000,22.740000,23.090000,23.090000,0
2008-08-05,22.740000,22.750000,21.459999,21.500000,21.500000,0
2008-08-06,21.760000,21.840000,20.790001,21.180000,21.180000,0
2008-08-07,21.639999,22.000000,19.530001,21.860001,21.860001,0
2008-08-08,22.070000,22.170000,21.139999,21.650000,21.650000,0
2008-08-11,21.900000,21.940001,21.170000,21.440001,21.440001,0
2008-08-12,21.670000,22.420000,21.650000,22.200001,22.200001,0
2008-08-13,22.430000,22.770000,22.139999,22.540001,22.540001,0
2008-08-14,22.920000,22.930000,21.420000,21.660000,21.660000,0
2008-08-15,21.549999,21.809999,21.350000,21.379999,21.379999,0
2008-08-18,21.549999,22.410000,21.510000,22.110001,22.110001,0
2008-08-19,22.459999,22.809999,19.540001,22.420000,22.420000,0
2008-08-20,22.910000,23.090000,22.440001,22.459999,22.459999,0
2008-08-21,22.830000,22.830000,21.840000,22.080000,22.080000,0
2008-08-22,21.809999,21.809999,21.350000,21.480000,21.480000,0
2008-08-25,22.120001,23.010000,22.090000,22.809999,22.809999,0
2008-08-26,22.889999,23.000000,22.459999,22.520000,22.520000,0
2008-08-27,22.570000,22.600000,21.809999,21.940001,21.940001,0
2008-08-28,21.740000,21.850000,21.490000,21.540001,21.540001,0
2008-08-29,21.750000,22.570000,21.690001,22.520000,22.520000,0
2008-09-02,22.510000,23.309999,22.090000,23.110001,23.110001,0
2008-09-03,23.230000,23.420000,22.799999,22.799999,22.799999,0
2008-09-04,23.190001,24.490000,23.129999,24.350000,24.350000,0
2008-09-05,24.879999,24.930000,23.670000,23.730000,23.730000,0
2008-09-08,22.879999,24.230000,22.750000,23.150000,23.150000,0
2008-09-09,23.180000,25.290001,23.129999,25.150000,25.150000,0
2008-09-10,25.000000,25.120001,24.030001,24.540001,24.540001,0
2008-09-11,25.170000,25.760000,24.200001,24.360001,24.360001,0
2008-09-12,24.809999,25.760000,24.650000,25.020000,25.020000,0
2008-09-15,28.240000,28.299999,25.639999,27.930000,27.930000,0
2008-09-16,29.230000,32.009998,22.559999,26.879999,26.879999,0
2008-09-17,27.959999,30.520000,27.910000,30.240000,30.240000,0
2008-09-18,29.990000,34.509998,28.250000,28.580000,28.580000,0
2008-09-19,25.639999,28.459999,25.469999,28.040001,28.040001,0
2008-09-22,27.650000,29.959999,25.600000,29.730000,29.730000,0
2008-09-23,29.820000,31.440001,29.299999,31.260000,31.260000,0
2008-09-24,31.000000,31.430000,30.150000,30.559999,30.559999,0
2008-09-25,30.490000,30.570000,28.799999,29.100000,29.100000,0
2008-09-26,30.260000,30.940001,29.600000,29.740000,29.740000,0
2008-09-29,30.760000,37.139999,30.760000,36.270000,36.270000,0
2008-09-30,34.990002,35.009998,32.660000,33.029999,33.029999,0
2008-10-01,33.680000,34.970001,33.310001,33.439999,33.439999,0
2008-10-02,34.320000,37.290001,34.290001,36.490002,36.490002,0
2008-10-03,35.680000,37.419998,34.669998,37.299999,37.299999,0
2008-10-06,39.169998,42.160000,38.380001,39.130001,39.130001,0
2008-10-07,37.660000,40.820000,36.980000,40.549999,40.549999,0
2008-10-08,42.369999,42.939999,39.599998,42.220001,42.220001,0
2008-10-09,42.599998,49.240002,41.560001,48.009998,48.009998,0
2008-10-10,49.610001,54.090000,39.549999,50.910000,50.910000,0
2008-10-13,49.220001,49.220001,42.130001,42.380001,42.380001,0
2008-10-14,40.740002,45.590000,40.610001,42.990002,42.990002,0
2008-10-15,44.360001,49.740002,41.950001,49.450001,49.450001,0
2008-10-16,48.529999,53.340000,48.230000,48.740002,48.740002,0
2008-10-17,50.380001,51.799999,46.950001,51.130001,51.130001,0
2008-10-20,48.730000,48.930000,43.590000,43.619999,43.619999,0
2008-10-21,45.029999,45.330002,42.750000,43.790001,43.790001,0
2008-10-22,45.970001,51.259998,45.889999,49.830002,49.830002,0
2008-10-23,49.860001,53.660000,47.990002,49.759998,49.759998,0
2008-10-24,55.869999,56.270000,52.740002,55.299999,55.299999,0
2008-10-27,62.070000,62.880001,52.740002,62.840000,62.840000,0
2008-10-28,58.810001,61.880001,51.900002,54.380001,54.380001,0
2008-10-29,56.040001,58.619999,53.610001,57.820000,57.820000,0
2008-10-30,54.349998,57.349998,53.590000,53.750000,53.750000,0
2008-10-31,55.259998,55.660000,51.730000,53.570000,53.570000,0
2008-11-03,54.480000,54.759998,41.900002,51.200001,51.200001,0
2008-11-04,48.599998,48.889999,43.880001,46.259998,46.259998,0
2008-11-05,46.849998,50.480000,45.580002,49.720001,49.720001,0
2008-11-06,50.980000,56.689999,50.290001,56.139999,56.139999,0
2008-11-07,56.119999,56.189999,52.599998,52.610001,52.610001,0
2008-11-10,50.770000,55.400002,50.610001,54.049999,54.049999,0
2008-11-11,55.480000,57.169998,53.590000,55.630001,55.630001,0
2008-11-12,57.119999,59.470001,56.310001,59.099998,59.099998,0
2008-11-13,58.669998,61.869999,53.509998,54.099998,54.099998,0
2008-11-14,55.950001,59.290001,54.389999,59.290001,59.290001,0
2008-11-17,60.099998,62.740002,59.130001,62.509998,62.509998,0
2008-11-18,63.180000,65.349998,60.330002,61.389999,61.389999,0
2008-11-19,61.290001,67.089996,60.830002,66.489998,66.489998,0
2008-11-20,67.389999,69.870003,57.700001,69.239998,69.239998,0
2008-11-21,67.900002,68.239998,56.180000,64.349998,64.349998,0
2008-11-24,62.660000,63.389999,58.130001,59.500000,59.500000,0
2008-11-25,56.730000,59.680000,38.720001,57.990002,57.990002,0
2008-11-26,58.580002,58.619999,53.630001,53.730000,53.730000,0
2008-11-28,54.020000,54.919998,48.799999,54.180000,54.180000,0
2008-12-01,56.139999,62.459999,56.139999,62.389999,62.389999,0
2008-12-02,61.240002,62.080002,59.570000,59.650002,59.650002,0
2008-12-03,61.110001,61.369999,58.160000,58.500000,58.500000,0
2008-12-04,59.450001,62.070000,58.430000,61.290001,61.290001,0
2008-12-05,62.529999,63.639999,54.169998,58.060001,58.060001,0
2008-12-08,57.400002,57.820000,56.009998,56.599998,56.599998,0
2008-12-09,57.419998,58.250000,55.470001,57.770000,57.770000,0
2008-12-10,56.520000,57.680000,55.889999,56.160000,56.160000,0
2008-12-11,55.950001,56.599998,54.180000,56.090000,56.090000,0
2008-12-12,58.040001,58.220001,55.090000,55.139999,55.139999,0
2008-12-15,55.580002,58.189999,55.520000,56.410000,56.410000,0
2008-12-16,56.180000,56.180000,52.580002,52.910000,52.910000,0
2008-12-17,53.650002,54.060001,51.259998,51.570000,51.570000,0
2008-12-18,47.750000,50.889999,46.759998,49.799999,49.799999,0
2008-12-19,49.540001,49.540001,34.639999,43.400002,43.400002,0
2008-12-22,43.580002,46.290001,18.170000,43.709999,43.709999,0
2008-12-23,43.459999,44.669998,42.740002,44.480000,44.480000,0
2008-12-24,44.349998,47.980000,43.889999,43.959999,43.959999,0
2008-12-26,44.410000,46.299999,43.730000,46.110001,46.110001,0
2008-12-29,47.090000,49.040001,44.799999,46.540001,46.540001,0
2008-12-30,44.590000,46.810001,44.400002,44.410000,44.410000,0
2008-12-31,44.830002,44.830002,39.540001,43.180000,43.180000,0
2009-01-02,39.680000,42.709999,38.029999,40.560001,40.560001,0
2009-01-05,40.709999,41.820000,40.320000,40.820000,40.820000,0
2009-01-06,39.400002,40.980000,38.799999,40.310001,40.310001,0
2009-01-07,41.240002,44.049999,41.139999,43.810001,43.810001,0
2009-01-08,43.980000,44.180000,43.130001,43.169998,43.169998,0
2009-01-09,43.580002,45.099998,43.259998,44.880001,44.880001,0
2009-01-12,45.130001,47.880001,44.830002,47.349998,47.349998,0
2009-01-13,47.759998,48.000000,46.540001,47.139999,47.139999,0
2009-01-14,48.720001,52.840000,48.619999,50.680000,50.680000,0
2009-01-15,50.970001,54.599998,50.900002,51.709999,51.709999,0
2009-01-16,49.759998,51.450001,48.709999,48.950001,48.950001,0
2009-01-20,50.570000,55.490002,50.540001,54.869999,54.869999,0
2009-01-21,53.549999,54.490002,49.840000,49.959999,49.959999,0
2009-01-22,52.139999,52.860001,49.279999,50.130001,50.130001,0
2009-01-23,51.980000,52.000000,49.250000,49.360001,49.360001,0
2009-01-26,48.750000,48.790001,46.180000,47.470001,47.470001,0
2009-01-27,47.169998,47.299999,45.009998,45.180000,45.180000,0
2009-01-28,42.119999,46.070000,38.650002,42.200001,42.200001,0
2009-01-29,42.509998,43.610001,42.320000,43.529999,43.529999,0
2009-01-30,43.060001,44.849998,42.930000,44.599998,44.599998,0
2009-02-02,46.330002,46.689999,43.900002,43.910000,43.910000,0
2009-02-03,43.340000,43.430000,41.950001,42.240002,42.240002,0
2009-02-04,41.540001,42.410000,40.540001,42.130001,42.130001,0
2009-02-05,42.740002,43.810001,41.549999,42.599998,42.599998,0
2009-02-06,41.770000,43.549999,39.639999,43.380001,43.380001,0
2009-02-09,42.450001,43.580002,41.720001,43.430000,43.430000,0
2009-02-10,44.060001,46.720001,43.750000,46.060001,46.060001,0
2009-02-11,46.340000,46.340000,44.980000,45.070000,45.070000,0
2009-02-12,44.150002,45.259998,42.590000,42.660000,42.660000,0
2009-02-13,42.730000,42.730000,41.880001,42.470001,42.470001,0
2009-02-17,45.410000,46.779999,45.279999,46.000000,46.000000,0
2009-02-18,45.220001,47.090000,45.189999,46.970001,46.970001,0
2009-02-19,44.820000,45.700001,44.779999,45.630001,45.630001,0
2009-02-20,47.180000,48.439999,35.889999,47.029999,47.029999,0
2009-02-23,47.020000,50.720001,40.500000,50.430000,50.430000,0
2009-02-24,49.610001,49.740002,44.220001,45.110001,45.110001,0
2009-02-25,44.770000,46.070000,43.380001,44.400002,44.400002,0
2009-02-26,43.630001,44.590000,42.389999,44.180000,44.180000,0
2009-02-27,45.320000,45.880001,43.590000,45.209999,45.209999,0
2009-03-02,47.029999,49.549999,46.220001,48.669998,48.669998,0
2009-03-03,48.090000,49.380001,46.919998,48.509998,48.509998,0
2009-03-04,45.830002,46.110001,43.130001,44.720001,44.720001,0
2009-03-05,45.110001,47.310001,43.950001,46.700001,46.700001,0
2009-03-06,46.400002,48.119999,44.830002,46.480000,46.480000,0
2009-03-09,47.320000,47.410000,45.400002,46.529999,46.529999,0
2009-03-10,45.230000,45.230000,42.150002,42.410000,42.410000,0
2009-03-11,41.980000,43.090000,41.169998,42.500000,42.500000,0
2009-03-12,42.369999,42.840000,40.389999,40.700001,40.700001,0
2009-03-13,40.509998,42.310001,40.259998,41.830002,41.830002,0
2009-03-16,41.849998,42.540001,40.900002,42.240002,42.240002,0
2009-03-17,42.250000,42.740002,39.910000,39.980000,39.980000,0
2009-03-18,40.470001,41.860001,39.369999,39.900002,39.900002,0
2009-03-19,39.430000,43.450001,39.400002,43.150002,43.150002,0
2009-03-20,42.950001,46.830002,42.910000,46.279999,46.279999,0
2009-03-23,44.889999,47.110001,42.200001,42.330002,42.330002,0
2009-03-24,42.799999,43.770000,42.459999,43.639999,43.639999,0
2009-03-25,43.169998,47.500000,41.220001,41.900002,41.900002,0
2009-03-26,41.369999,41.930000,40.490002,40.680000,40.680000,0
2009-03-27,41.490002,42.349998,41.330002,42.090000,42.090000,0
2009-03-30,43.900002,45.509998,43.900002,44.990002,44.990002,0
2009-03-31,44.520000,44.650002,43.209999,44.590000,44.590000,0
2009-04-01,45.169998,45.340000,43.029999,43.029999,43.029999,0
2009-04-02,41.490002,42.770000,41.430000,42.240002,42.240002,0
2009-04-03,42.080002,42.080002,41.029999,41.070000,41.070000,0
2009-04-06,41.990002,42.389999,41.150002,41.169998,41.169998,0
2009-04-07,41.810001,42.340000,41.529999,41.669998,41.669998,0
2009-04-08,41.549999,41.599998,40.200001,40.200001,40.200001,0
2009-04-09,39.119999,39.590000,38.500000,38.529999,38.529999,0
2009-04-13,39.340000,39.430000,38.290001,38.549999,38.549999,0
2009-04-14,38.970001,39.240002,38.009998,38.689999,38.689999,0
2009-04-15,38.770000,38.990002,37.939999,37.970001,37.970001,0
2009-04-16,37.770000,38.259998,36.950001,36.959999,36.959999,0
2009-04-17,37.580002,37.700001,36.360001,36.590000,36.590000,0
2009-04-20,37.259998,39.700001,37.220001,39.410000,39.410000,0
2009-04-21,39.910000,39.990002,37.720001,37.779999,37.779999,0
2009-04-22,38.310001,38.570000,36.880001,38.500000,38.500000,0
2009-04-23,38.200001,38.869999,37.930000,37.980000,37.980000,0
2009-04-24,37.700001,38.230000,37.389999,37.810001,37.810001,0
2009-04-27,39.209999,39.220001,38.189999,38.630001,38.630001,0
2009-04-28,39.270000,39.490002,37.990002,38.400002,38.400002,0
2009-04-29,38.060001,38.060001,36.029999,36.490002,36.490002,0
2009-04-30,35.939999,37.209999,35.400002,36.730000,36.730000,0
2009-05-01,36.560001,37.439999,35.669998,35.840000,35.840000,0
2009-05-04,36.049999,36.110001,34.570000,34.799999,34.799999,0
2009-05-05,34.770000,35.220001,34.150002,34.180000,34.180000,0
2009-05-06,34.009998,34.230000,33.290001,33.360001,33.360001,0
2009-05-07,33.080002,34.660000,32.820000,34.040001,34.040001,0
2009-05-08,33.290001,33.369999,32.160000,32.820000,32.820000,0
2009-05-11,33.669998,33.980000,33.049999,33.389999,33.389999,0
2009-05-12,33.070000,33.830002,32.549999,32.770000,32.770000,0
2009-05-13,33.599998,34.150002,33.380001,33.830002,33.830002,0
2009-05-14,33.950001,33.970001,32.130001,32.250000,32.250000,0
2009-05-15,32.310001,33.410000,31.809999,33.220001,33.220001,0
2009-05-18,32.889999,32.900002,31.070000,31.230000,31.230000,0
2009-05-19,31.200001,31.260000,30.080000,30.420000,30.420000,0
2009-05-20,29.750000,30.790001,28.740000,30.740000,30.740000,0
2009-05-21,31.440001,33.029999,31.180000,32.389999,32.389999,0
2009-05-22,32.299999,33.139999,31.740000,33.040001,33.040001,0
2009-05-26,33.900002,33.910000,31.170000,31.530001,31.530001,0
2009-05-27,31.639999,32.580002,30.730000,32.470001,32.470001,0
2009-05-28,32.259998,33.049999,31.740000,32.049999,32.049999,0
2009-05-29,31.840000,32.040001,30.400000,30.430000,30.430000,0
2009-06-01,30.090000,31.510000,29.719999,30.600000,30.600000,0
2009-06-02,30.650000,30.719999,29.670000,30.580000,30.580000,0
2009-06-03,31.049999,32.709999,31.010000,32.189999,32.189999,0
2009-06-04,31.660000,32.240002,31.440001,31.580000,31.580000,0
2009-06-05,30.879999,32.110001,30.820000,31.600000,31.600000,0
2009-06-08,32.360001,32.959999,27.990000,31.770000,31.770000,0
2009-06-09,31.260000,31.600000,30.360001,30.670000,30.670000,0
2009-06-10,30.250000,31.700001,30.100000,30.610001,30.610001,0
2009-06-11,30.469999,30.469999,29.100000,29.930000,29.930000,0
2009-06-12,30.020000,30.170000,29.280001,29.500000,29.500000,0
2009-06-15,30.700001,31.559999,30.700001,31.340000,31.340000,0
2009-06-16,31.070000,32.849998,30.910000,32.790001,32.790001,0
2009-06-17,32.930000,33.740002,32.410000,32.889999,32.889999,0
2009-06-18,32.150002,32.320000,31.230000,31.510000,31.510000,0
2009-06-19,31.010000,31.170000,30.420000,30.639999,30.639999,0
2009-06-22,31.629999,33.090000,30.639999,33.009998,33.009998,0
2009-06-23,33.080002,33.080002,31.840000,32.419998,32.419998,0
2009-06-24,32.029999,32.080002,30.590000,31.070000,31.070000,0
2009-06-25,31.389999,31.410000,29.270000,29.410000,29.410000,0
2009-06-26,29.379999,29.680000,28.840000,29.280001,29.280001,0
2009-06-29,29.580000,29.580000,27.950001,28.200001,28.200001,0
2009-06-30,28.030001,29.440001,27.799999,28.760000,28.760000,0
2009-07-01,28.370001,29.010000,27.340000,28.959999,28.959999,0
2009-07-02,29.610001,30.650000,28.120001,30.530001,30.530001,0
2009-07-06,31.709999,31.750000,30.750000,30.790001,30.790001,0
2009-07-07,30.740000,32.320000,30.600000,32.090000,32.090000,0
2009-07-08,31.980000,33.490002,31.809999,32.419998,32.419998,0
2009-07-09,31.520000,31.820000,31.100000,31.670000,31.670000,0
2009-07-10,32.060001,32.200001,31.500000,31.709999,31.709999,0
2009-07-13,31.740000,32.200001,29.879999,30.100000,30.100000,0
2009-07-14,29.920000,30.340000,29.500000,29.580000,29.580000,0
2009-07-15,28.809999,29.110001,28.469999,29.110001,29.110001,0
2009-07-16,29.260000,29.260000,28.110001,28.610001,28.610001,0
2009-07-17,28.600000,28.700001,28.040001,28.650000,28.650000,0
2009-07-20,28.660000,28.660000,27.490000,27.590000,27.590000,0
2009-07-21,27.430000,28.250000,27.350000,27.440001,27.440001,0
2009-07-22,27.920000,27.920000,27.010000,27.219999,27.219999,0
2009-07-23,27.100000,27.100000,26.280001,26.959999,26.959999,0
2009-07-24,26.860001,27.150000,26.320000,26.370001,26.370001,0
2009-07-27,26.770000,27.480000,26.370001,26.990000,26.990000,0
2009-07-28,27.320000,28.469999,26.990000,27.959999,27.959999,0
2009-07-29,28.260000,29.049999,28.209999,28.420000,28.420000,0
2009-07-30,28.040001,28.280001,27.680000,28.190001,28.190001,0
2009-07-31,28.180000,28.469999,27.660000,28.400000,28.400000,0
2009-08-03,28.129999,28.360001,27.709999,27.709999,27.709999,0
2009-08-04,27.990000,28.120001,27.100000,27.219999,27.219999,0
2009-08-05,27.150000,27.780001,27.030001,27.170000,27.170000,0
2009-08-06,27.080000,28.250000,27.030001,27.980000,27.980000,0
2009-08-07,27.330000,27.379999,26.600000,27.110001,27.110001,0
2009-08-10,27.430000,27.520000,27.059999,27.059999,27.059999,0
2009-08-11,27.290001,28.709999,27.290001,28.100000,28.100000,0
2009-08-12,28.350000,28.350000,27.469999,27.740000,27.740000,0
2009-08-13,27.620001,28.150000,27.280001,27.280001,27.280001,0
2009-08-14,27.389999,28.420000,27.059999,27.110001,27.110001,0
2009-08-17,29.180000,30.240000,29.110001,29.930000,29.930000,0
2009-08-18,29.760000,29.760000,28.840000,28.900000,28.900000,0
2009-08-19,29.879999,29.959999,28.250000,28.480000,28.480000,0
2009-08-20,28.709999,28.709999,27.840000,28.290001,28.290001,0
2009-08-21,27.770000,28.020000,27.290001,27.770000,27.770000,0
2009-08-24,27.910000,28.290001,27.360001,28.160000,28.160000,0
2009-08-25,28.030001,28.400000,26.500000,28.160000,28.160000,0
2009-08-26,28.340000,28.990000,27.910000,28.360001,28.360001,0
2009-08-27,28.440001,29.180000,28.190001,28.410000,28.410000,0
2009-08-28,27.980000,28.900000,27.940001,28.500000,28.500000,0
2009-08-31,29.420000,29.709999,29.170000,29.170000,29.170000,0
2009-09-01,29.620001,30.940001,28.940001,30.879999,30.879999,0
2009-09-02,31.150000,31.320000,30.600000,31.040001,31.040001,0
2009-09-03,30.840000,31.040001,28.840000,29.600000,29.600000,0
2009-09-04,29.700001,29.700001,28.240000,28.480000,28.480000,0
2009-09-08,28.290001,28.570000,28.209999,28.209999,28.209999,0
2009-09-09,28.100000,28.320000,27.230000,27.290001,27.290001,0
2009-09-10,27.459999,27.629999,26.120001,26.510000,26.510000,0
2009-09-11,26.370001,26.799999,25.570000,26.559999,26.559999,0
2009-09-14,27.250000,27.250000,26.360001,26.410000,26.410000,0
2009-09-15,26.480000,26.830000,26.000000,26.330000,26.330000,0
2009-09-16,25.920000,26.330000,25.680000,25.870001,25.870001,0
2009-09-17,26.070000,26.309999,25.580000,25.940001,25.940001,0
2009-09-18,25.910000,26.660000,25.910000,26.540001,26.540001,0
2009-09-21,26.959999,27.240000,26.170000,26.230000,26.230000,0
2009-09-22,25.969999,26.209999,25.650000,25.690001,25.690001,0
2009-09-23,25.700001,26.200001,25.010000,26.090000,26.090000,0
2009-09-24,26.100000,27.420000,25.990000,27.129999,27.129999,0
2009-09-25,27.389999,27.950001,26.950001,27.209999,27.209999,0
2009-09-28,27.309999,27.450001,26.240000,26.270000,26.270000,0
2009-09-29,26.170000,26.530001,25.830000,26.480000,26.480000,0
2009-09-30,26.270000,27.330000,26.070000,26.660000,26.660000,0
2009-10-01,27.000000,28.590000,27.000000,28.330000,28.330000,0
2009-10-02,29.000000,29.180000,28.350000,28.799999,28.799999,0
2009-10-05,28.990000,29.070000,27.389999,27.610001,27.610001,0
2009-10-06,27.190001,27.190001,26.250000,26.730000,26.730000,0
2009-10-07,26.830000,26.850000,26.010000,26.120001,26.120001,0
2009-10-08,25.770000,26.070000,25.520000,25.740000,25.740000,0
2009-10-09,25.870001,25.990000,24.969999,25.080000,25.080000,0
2009-10-12,25.150000,25.370001,24.950001,25.170000,25.170000,0
2009-10-13,25.260000,25.730000,24.850000,25.090000,25.090000,0
2009-10-14,24.320000,24.809999,24.320000,24.580000,24.580000,0
2009-10-15,24.920000,25.120001,23.920000,24.219999,24.219999,0
2009-10-16,24.600000,25.100000,24.000000,24.400000,24.400000,0
2009-10-19,24.400000,24.620001,23.730000,24.150000,24.150000,0
2009-10-20,23.990000,24.280001,23.719999,23.719999,23.719999,0
2009-10-21,23.650000,24.870001,23.030001,24.549999,24.549999,0
2009-10-22,24.570000,24.820000,23.260000,23.350000,23.350000,0
2009-10-23,23.370001,24.500000,22.920000,24.309999,24.309999,0
2009-10-26,24.770000,25.730000,23.760000,25.370001,25.370001,0
2009-10-27,25.420000,26.040001,25.200001,25.459999,25.459999,0
2009-10-28,25.700001,27.430000,25.700001,27.420000,27.420000,0
2009-10-29,26.910000,26.920000,25.490000,25.660000,25.660000,0
2009-10-30,25.879999,29.450001,25.719999,29.070000,29.070000,0
2009-11-02,28.650000,30.240000,27.639999,28.820000,28.820000,0
2009-11-03,29.270000,29.650000,28.690001,28.870001,28.870001,0
2009-11-04,28.200001,28.480000,27.430000,28.180000,28.180000,0
2009-11-05,27.690001,27.780001,26.549999,26.610001,26.610001,0
2009-11-06,26.959999,27.040001,25.740000,25.879999,25.879999,0
2009-11-09,25.500000,25.540001,24.410000,24.410000,24.410000,0
2009-11-10,24.770000,25.049999,24.389999,24.709999,24.709999,0
2009-11-11,24.389999,25.250000,24.110001,24.969999,24.969999,0
2009-11-12,25.030001,26.290001,24.629999,26.070000,26.070000,0
2009-11-13,25.930000,26.150000,25.320000,25.600000,25.600000,0
2009-11-16,25.389999,25.430000,24.740000,25.150000,25.150000,0
2009-11-17,25.280001,25.459999,24.990000,25.040001,25.040001,0
2009-11-18,25.110001,25.290001,24.600000,24.719999,24.719999,0
2009-11-19,25.250000,26.059999,25.059999,25.110001,25.110001,0
2009-11-20,25.680000,25.680000,22.639999,24.660000,24.660000,0
2009-11-23,24.629999,24.629999,23.590000,24.110001,24.110001,0
2009-11-24,24.100000,24.500000,23.510000,23.740000,23.740000,0
2009-11-25,23.530001,23.700001,23.299999,23.660000,23.660000,0
2009-11-27,26.180000,26.350000,23.660000,26.150000,26.150000,0
2009-11-30,26.270000,26.700001,25.910000,26.240000,26.240000,0
2009-12-01,25.650000,25.650000,24.730000,24.940001,24.940001,0
2009-12-02,24.930000,24.990000,24.379999,24.799999,24.799999,0
2009-12-03,24.750000,25.580000,24.290001,25.510000,25.510000,0
2009-12-04,24.760000,25.490000,24.080000,24.760000,24.760000,0
2009-12-07,25.270000,25.309999,24.760000,25.299999,25.299999,0
2009-12-08,25.900000,26.160000,25.500000,26.129999,26.129999,0
2009-12-09,26.250000,26.480000,25.700001,25.799999,25.799999,0
2009-12-10,25.490000,25.500000,25.160000,25.340000,25.340000,0
2009-12-11,25.049999,25.480000,24.660000,25.120001,25.120001,0
2009-12-14,25.209999,25.209999,24.510000,24.559999,24.559999,0
2009-12-15,24.629999,24.980000,24.629999,24.730000,24.730000,0
2009-12-16,24.379999,24.400000,23.770000,24.250000,24.250000,0
2009-12-17,24.790001,25.030001,24.250000,24.780001,24.780001,0
2009-12-18,24.270000,24.980000,24.100000,24.520000,24.520000,0
2009-12-21,24.120001,24.150000,23.360001,23.530001,23.530001,0
2009-12-22,23.379999,23.530001,22.719999,22.760000,22.760000,0
2009-12-23,22.709999,22.930000,22.250000,22.680000,22.680000,0
2009-12-24,22.600000,22.600000,22.299999,22.430000,22.430000,0
2009-12-28,22.670000,22.879999,22.450001,22.490000,22.490000,0
2009-12-29,22.280001,22.680000,22.170000,22.629999,22.629999,0
2009-12-30,22.799999,22.969999,22.570000,22.660000,22.660000,0
2009-12-31,22.650000,24.020000,22.600000,23.889999,23.889999,0
2010-01-04,23.670000,23.790001,22.670000,22.770000,22.770000,0
2010-01-05,22.900000,23.030001,22.350000,22.389999,22.389999,0
2010-01-06,22.490000,22.570000,21.590000,21.799999,21.799999,0
2010-01-07,22.090000,22.120001,21.320000,21.600000,21.600000,0
2010-01-08,21.780001,21.780001,20.980000,21.000000,21.000000,0
2010-01-11,20.950001,21.530001,20.950001,21.270000,21.270000,0
2010-01-12,21.700001,22.389999,21.450001,21.790001,21.790001,0
2010-01-13,21.730000,22.400000,21.020000,21.290001,21.290001,0
2010-01-14,21.280001,21.400000,20.629999,20.709999,20.709999,0
2010-01-15,20.820000,22.080000,20.820000,21.480000,21.480000,0
2010-01-19,21.770000,21.780001,20.760000,20.889999,20.889999,0
2010-01-20,21.530001,22.290001,21.340000,21.400000,21.400000,0
2010-01-21,21.219999,23.180000,20.950001,23.150000,23.150000,0
2010-01-22,23.420000,26.420000,23.420000,26.290001,26.290001,0
2010-01-25,24.860001,25.670000,24.680000,25.190001,25.190001,0
2010-01-26,25.490000,25.610001,23.940001,25.170000,25.170000,0
2010-01-27,25.250000,25.780001,24.129999,24.129999,24.129999,0
2010-01-28,23.910000,25.430000,23.889999,24.670000,24.670000,0
2010-01-29,24.270000,25.540001,23.639999,25.379999,25.379999,0
2010-02-01,25.000000,25.000000,23.620001,23.639999,23.639999,0
2010-02-02,23.570000,23.709999,22.680000,22.930000,22.930000,0
2010-02-03,23.209999,23.280001,22.870001,23.000000,23.000000,0
2010-02-04,23.830000,26.100000,23.830000,25.980000,25.980000,0
2010-02-05,25.900000,27.920000,25.700001,26.000000,26.000000,0
2010-02-08,26.129999,26.480000,25.549999,26.430000,26.430000,0
2010-02-09,25.559999,26.459999,25.240000,26.040001,26.040001,0
2010-02-10,26.110001,26.590000,25.370001,25.870001,25.870001,0
2010-02-11,25.969999,26.180000,24.570000,24.570000,24.570000,0
2010-02-12,25.230000,25.660000,24.459999,24.459999,24.459999,0
2010-02-16,24.530001,24.610001,23.490000,23.570000,23.570000,0
2010-02-17,23.510000,23.629999,23.280001,23.290001,23.290001,0
2010-02-18,23.540001,23.570000,22.760000,22.780001,22.780001,0
2010-02-19,22.900000,22.930000,22.180000,22.309999,22.309999,0
2010-02-22,22.090000,22.420000,21.530001,21.730000,21.730000,0
2010-02-23,21.940001,22.900000,21.570000,22.620001,22.620001,0
2010-02-24,22.570000,22.830000,21.980000,22.080000,22.080000,0
2010-02-25,23.250000,23.620001,22.040001,22.070000,22.070000,0
2010-02-26,22.070000,22.350000,21.559999,21.650000,21.650000,0
2010-03-01,21.809999,21.990000,21.430000,21.440001,21.440001,0
2010-03-02,21.200001,21.270000,20.840000,21.180000,21.180000,0
2010-03-03,21.110001,21.170000,20.719999,20.969999,20.969999,0
2010-03-04,20.950001,21.389999,20.770000,21.030001,21.030001,0
2010-03-05,20.629999,20.730000,20.000000,20.230000,20.230000,0
2010-03-08,20.420000,20.430000,20.059999,20.260000,20.260000,0
2010-03-09,20.469999,20.480000,19.760000,20.160000,20.160000,0
2010-03-10,20.200001,20.629999,19.639999,20.510000,20.510000,0
2010-03-11,20.889999,21.510000,20.690001,20.700001,20.700001,0
2010-03-12,20.590000,20.950001,20.270000,20.270000,20.270000,0
2010-03-15,20.969999,21.620001,20.660000,20.719999,20.719999,0
2010-03-16,20.580000,20.610001,20.080000,20.160000,20.160000,0
2010-03-17,20.020000,20.209999,19.360001,19.719999,19.719999,0
2010-03-18,19.680000,19.889999,19.480000,19.480000,19.480000,0
2010-03-19,19.440001,20.580000,19.430000,19.950001,19.950001,0
2010-03-22,20.459999,20.459999,19.840000,20.110001,20.110001,0
2010-03-23,19.770000,19.930000,19.309999,19.680000,19.680000,0
2010-03-24,19.709999,20.320000,19.600000,20.080000,20.080000,0
2010-03-25,19.780001,20.690001,19.330000,20.580000,20.580000,0
2010-03-26,20.430000,20.760000,19.889999,20.059999,20.059999,0
2010-03-29,20.090000,20.420000,19.840000,19.850000,19.850000,0
2010-03-30,19.799999,20.160000,19.540001,19.540001,19.540001,0
2010-03-31,19.850000,20.190001,19.540001,19.920000,19.920000,0
2010-04-01,19.450001,20.440001,19.350000,19.900000,19.900000,0
2010-04-05,20.030001,20.160000,19.350000,19.350000,19.350000,0
2010-04-06,19.650000,19.780001,18.780001,18.840000,18.840000,0
2010-04-07,19.190001,19.540001,18.750000,19.190001,19.190001,0
2010-04-08,19.610001,19.920000,18.860001,19.080000,19.080000,0
2010-04-09,18.930000,19.070000,18.620001,18.620001,18.620001,0
2010-04-12,18.889999,19.139999,18.660000,18.959999,18.959999,0
2010-04-13,19.049999,19.500000,18.690001,18.990000,18.990000,0
2010-04-14,18.760000,19.049999,18.570000,18.770000,18.770000,0
2010-04-15,18.969999,19.150000,18.709999,18.900000,18.900000,0
2010-04-16,19.139999,20.940001,19.000000,20.230000,20.230000,0
2010-04-19,20.639999,21.120001,19.790001,19.790001,19.790001,0
2010-04-20,19.559999,19.670000,18.990000,18.990000,18.990000,0
2010-04-21,19.000000,19.650000,18.719999,19.299999,19.299999,0
2010-04-22,19.910000,20.530001,19.440001,19.590000,19.590000,0
2010-04-23,19.420000,19.549999,19.270000,19.389999,19.389999,0
2010-04-26,19.670000,19.860001,19.490000,19.860001,19.860001,0
2010-04-27,20.209999,22.830000,20.200001,22.719999,22.719999,0
2010-04-28,22.440001,22.990000,22.120001,22.309999,22.309999,0
2010-04-29,21.889999,21.930000,20.860001,20.959999,20.959999,0
2010-04-30,21.030001,23.770000,20.270000,23.670000,23.670000,0
2010-05-03,23.639999,23.639999,22.070000,22.580000,22.580000,0
2010-05-04,23.809999,25.950001,23.809999,25.070000,25.070000,0
2010-05-05,26.260000,27.250000,25.240000,26.370001,26.370001,0
2010-05-06,26.830000,33.599998,26.250000,26.370001,26.370001,0
2010-05-07,30.879999,37.139999,26.370001,36.619999,36.619999,0
2010-05-10,28.969999,30.020000,27.549999,28.980000,28.980000,0
2010-05-11,30.350000,30.350000,27.469999,28.870001,28.870001,0
2010-05-12,27.910000,27.980000,26.260000,26.650000,26.650000,0
2010-05-13,26.790001,27.730000,26.260000,27.610001,27.610001,0
2010-05-14,28.680000,31.930000,28.639999,30.799999,30.799999,0
2010-05-17,30.629999,32.750000,30.350000,30.510000,30.510000,0
2010-05-18,29.240000,32.939999,28.969999,32.810001,32.810001,0
2010-05-19,33.090000,35.369999,32.470001,34.180000,34.180000,0
2010-05-20,37.779999,41.070000,36.980000,40.830002,40.830002,0
2010-05-21,42.980000,42.980000,36.849998,37.400002,37.400002,0
2010-05-24,38.529999,38.529999,35.060001,36.910000,36.910000,0
2010-05-25,39.580002,40.250000,34.900002,34.900002,34.900002,0
2010-05-26,33.450001,34.900002,30.730000,33.950001,33.950001,0
2010-05-27,31.230000,31.459999,30.559999,30.639999,30.639999,0
2010-05-28,30.860001,32.529999,30.360001,32.000000,32.000000,0
2010-06-01,33.430000,34.060001,31.510000,34.020000,34.020000,0
2010-06-02,33.520000,33.740002,30.590000,30.590000,30.590000,0
2010-06-03,30.330000,31.209999,29.870001,30.240000,30.240000,0
2010-06-04,32.580002,34.740002,32.000000,34.369999,34.369999,0
2010-06-07,34.430000,35.310001,33.779999,35.299999,35.299999,0
2010-06-08,35.090000,35.779999,33.419998,33.650002,33.650002,0
2010-06-09,32.810001,34.080002,31.620001,33.799999,33.799999,0
2010-06-10,31.920000,32.360001,31.100000,31.469999,31.469999,0
2010-06-11,32.259998,34.799999,30.900000,30.950001,30.950001,0
2010-06-14,30.090000,30.740000,29.500000,30.680000,30.680000,0
2010-06-15,30.030001,30.059999,28.360001,28.450001,28.450001,0
2010-06-16,29.260000,29.290001,28.400000,28.780001,28.780001,0
2010-06-17,28.469999,29.309999,27.379999,28.209999,28.209999,0
2010-06-18,27.920000,28.240000,27.440001,27.959999,27.959999,0
2010-06-21,26.309999,28.100000,26.129999,27.540001,27.540001,0
2010-06-22,27.620001,29.260000,27.200001,29.090000,29.090000,0
2010-06-23,29.230000,30.530001,28.930000,29.260000,29.260000,0
2010-06-24,29.860001,31.610001,29.700001,31.360001,31.360001,0
2010-06-25,31.320000,32.060001,30.330000,30.700001,30.700001,0
2010-06-28,30.809999,31.309999,30.500000,30.959999,30.959999,0
2010-06-29,32.680000,35.220001,30.959999,34.380001,34.380001,0
2010-06-30,34.410000,35.330002,32.910000,35.230000,35.230000,0
2010-07-01,35.150002,37.259998,34.080002,34.490002,34.490002,0
2010-07-02,33.840000,34.320000,32.619999,33.290001,33.290001,0
2010-07-06,31.709999,33.020000,30.570000,32.009998,32.009998,0
2010-07-07,31.930000,31.930000,29.650000,29.719999,29.719999,0
2010-07-08,29.290001,30.090000,28.190001,28.830000,28.830000,0
2010-07-09,28.760000,29.020000,28.010000,28.170000,28.170000,0
2010-07-12,28.580000,28.950001,28.059999,28.389999,28.389999,0
2010-07-13,27.629999,28.320000,27.459999,28.320000,28.320000,0
2010-07-14,28.530001,29.520000,28.510000,28.830000,28.830000,0
2010-07-15,29.020000,30.809999,28.790001,29.230000,29.230000,0
2010-07-16,29.690001,31.340000,29.620001,30.600000,30.600000,0
2010-07-19,30.480000,30.969999,29.600000,30.080000,30.080000,0
2010-07-20,31.059999,31.059999,28.209999,28.219999,28.219999,0
2010-07-21,27.840000,29.860001,27.830000,29.080000,29.080000,0
2010-07-22,27.969999,28.049999,27.040001,27.900000,27.900000,0
2010-07-23,27.959999,28.200001,26.860001,26.990000,26.990000,0
2010-07-26,27.200001,27.320000,26.440001,26.440001,26.440001,0
2010-07-27,25.840000,26.730000,25.840000,26.370001,26.370001,0
2010-07-28,26.020000,26.920000,25.370001,26.709999,26.709999,0
2010-07-29,26.100000,27.920000,25.830000,27.120001,27.120001,0
2010-07-30,27.830000,28.430000,26.760000,27.139999,27.139999,0
2010-08-02,26.200001,26.370001,25.240000,25.400000,25.400000,0
2010-08-03,25.680000,26.190001,25.410000,26.010000,26.010000,0
2010-08-04,25.900000,26.480000,25.610001,25.959999,25.959999,0
2010-08-05,26.610001,26.650000,25.360001,26.160000,26.160000,0
2010-08-06,27.180000,27.570000,26.120001,26.120001,26.120001,0
2010-08-09,25.940001,26.580000,25.709999,26.030001,26.030001,0
2010-08-10,27.040001,27.490000,26.000000,26.309999,26.309999,0
2010-08-11,28.250000,28.969999,28.240000,28.690001,28.690001,0
2010-08-12,30.180000,30.180000,28.860001,29.250000,29.250000,0
2010-08-13,29.440001,29.969999,29.139999,29.969999,29.969999,0
2010-08-16,30.969999,31.150000,29.709999,29.799999,29.799999,0
2010-08-17,29.139999,29.160000,28.120001,28.570000,28.570000,0
2010-08-18,28.540001,29.040001,27.770000,28.580000,28.580000,0
2010-08-19,28.639999,30.030001,28.480000,29.629999,29.629999,0
2010-08-20,29.990000,30.120001,29.440001,29.540001,29.540001,0
2010-08-23,29.480000,29.480000,28.580000,29.290001,29.290001,0
2010-08-24,30.820000,32.660000,29.850000,30.309999,30.309999,3000
2010-08-25,30.930000,31.360001,29.590000,29.850000,29.850000,3800
2010-08-26,29.650000,30.440001,29.230000,30.370001,30.370001,0
2010-08-27,29.870001,30.730000,28.379999,28.400000,28.400000,0
2010-08-30,29.120001,30.010000,28.830000,30.010000,30.010000,0
2010-08-31,30.120001,30.320000,28.900000,29.040001,29.040001,0
2010-09-01,28.299999,28.299999,27.230000,27.290001,27.290001,0
2010-09-02,27.459999,27.549999,26.610001,26.620001,26.620001,0
2010-09-03,25.799999,26.400000,25.260000,25.309999,25.309999,0
2010-09-07,26.190001,26.830000,26.190001,26.770000,26.770000,0
2010-09-08,26.709999,26.709999,26.090000,26.299999,26.299999,0
2010-09-09,25.540001,26.379999,25.540001,26.100000,26.100000,0
2010-09-10,25.930000,26.020000,25.580000,25.590000,25.590000,0
2010-09-13,25.230000,25.230000,24.690001,24.750000,24.750000,0
2010-09-14,24.879999,25.090000,24.410000,24.740000,24.740000,0
2010-09-15,25.250000,25.389999,24.910000,24.930000,24.930000,0
2010-09-16,25.280001,25.570000,24.959999,24.959999,24.959999,0
2010-09-17,24.670000,25.330000,24.670000,25.120001,25.120001,0
2010-09-20,25.020000,25.340000,24.450001,24.590000,24.590000,0
2010-09-21,24.590000,25.150000,24.260000,24.940001,24.940001,0
2010-09-22,24.920000,25.520000,24.610001,25.160000,25.160000,0
2010-09-23,26.040001,26.250000,25.280001,26.160000,26.160000,0
2010-09-24,25.160000,25.170000,24.750000,24.750000,24.750000,0
2010-09-27,25.020000,25.230000,24.860001,25.200001,25.200001,0
2010-09-28,25.290001,26.170000,25.209999,25.340000,25.340000,0
2010-09-29,25.650000,26.030001,25.430000,25.910000,25.910000,0
2010-09-30,25.510000,26.830000,25.129999,26.400000,26.400000,0
2010-10-01,25.750000,26.420000,25.299999,25.700001,25.700001,0
2010-10-04,26.230000,26.879999,26.070000,26.320000,26.320000,0
2010-10-05,25.690001,25.809999,24.930000,25.080000,25.080000,0
2010-10-06,25.080000,25.330000,24.830000,24.910000,24.910000,0
2010-10-07,24.639999,25.360001,24.620001,24.889999,24.889999,0
2010-10-08,24.650000,24.920000,23.920000,24.059999,24.059999,0
2010-10-11,24.100000,24.150000,23.889999,23.980000,23.980000,0
2010-10-12,24.170000,24.600000,23.299999,23.370001,23.370001,0
2010-10-13,22.950001,23.230000,22.670000,22.980000,22.980000,0
2010-10-14,22.990000,24.040001,22.990000,23.559999,23.559999,0
2010-10-15,22.270000,24.160000,22.270000,23.200001,23.200001,0
2010-10-18,23.530001,23.559999,22.770000,22.799999,22.799999,0
2010-10-19,23.639999,24.030001,23.180000,23.590000,23.590000,0
2010-10-20,23.400000,23.580000,22.520000,22.660000,22.660000,0
2010-10-21,22.530001,23.020000,22.010000,22.219999,22.219999,0
2010-10-22,22.100000,22.160000,21.639999,21.650000,21.650000,0
2010-10-25,21.650000,21.969999,21.340000,21.910000,21.910000,0
2010-10-26,22.290001,22.510000,22.139999,22.200001,22.200001,0
2010-10-27,22.760000,23.530001,22.570000,22.600000,22.600000,0
2010-10-28,22.270000,23.049999,22.209999,22.809999,22.809999,0
2010-10-29,22.930000,23.010000,22.719999,22.950001,22.950001,0
2010-11-01,22.940001,23.610001,22.570000,23.290001,23.290001,0
2010-11-02,22.910000,23.160000,22.799999,23.020000,23.020000,0
2010-11-03,23.040001,23.549999,21.650000,21.650000,21.650000,0
2010-11-04,20.879999,21.010000,20.570000,20.570000,20.570000,0
2010-11-05,20.459999,20.690001,20.040001,20.660000,20.660000,0
2010-11-08,21.200001,21.360001,20.719999,20.730000,20.730000,0
2010-11-09,20.809999,21.629999,20.600000,21.530001,21.530001,0
2010-11-10,21.320000,21.959999,21.240000,21.280001,21.280001,0
2010-11-11,21.820000,22.020000,21.389999,21.469999,21.469999,0
2010-11-12,21.980000,23.170000,21.930000,22.930000,22.930000,0
2010-11-15,22.860001,22.860001,22.209999,22.809999,22.809999,0
2010-11-16,23.430000,24.450001,23.299999,24.080000,24.080000,0
2010-11-17,24.059999,24.059999,23.379999,23.830000,23.830000,0
2010-11-18,22.870001,22.870001,22.070000,22.430000,22.430000,0
2010-11-19,22.680000,22.950001,21.379999,21.400000,21.400000,0
2010-11-22,22.500000,22.910000,21.320000,21.330000,21.330000,0
2010-11-23,22.610001,23.190001,22.049999,22.590000,22.590000,0
2010-11-24,21.680000,21.820000,21.180000,21.809999,21.809999,0
2010-11-26,22.740000,23.420000,21.809999,21.809999,21.809999,0
2010-11-29,24.090000,24.530001,23.219999,23.350000,23.350000,0
2010-11-30,24.500000,25.320000,24.080000,25.190001,25.190001,0
2010-12-01,23.610001,24.040001,23.209999,23.990000,23.990000,0
2010-12-02,23.629999,23.709999,21.940001,21.990000,21.990000,0
2010-12-03,22.080000,22.090000,20.840000,21.000000,21.000000,0
2010-12-06,21.590000,21.650000,20.920000,21.040001,21.040001,0
2010-12-07,20.270000,21.030001,20.240000,20.969999,20.969999,0
2010-12-08,20.850000,21.049999,20.370001,20.379999,20.379999,0
2010-12-09,20.030001,20.469999,19.959999,19.980000,19.980000,0
2010-12-10,19.750000,20.030001,19.670000,19.840000,19.840000,0
2010-12-13,19.940001,20.510000,19.850000,20.459999,20.459999,0
2010-12-14,20.459999,20.660000,20.139999,20.389999,20.389999,0
2010-12-15,20.549999,20.820000,20.320000,20.740000,20.740000,0
2010-12-16,20.830000,21.120001,20.510000,20.820000,20.820000,0
2010-12-17,20.850000,20.850000,20.110001,20.290001,20.290001,0
2010-12-20,20.059999,20.520000,19.809999,20.100000,20.100000,0
2010-12-21,19.820000,20.110001,19.799999,19.910000,19.910000,0
2010-12-22,19.860001,19.870001,19.520000,19.570000,19.570000,0
2010-12-23,19.860001,20.440001,19.559999,20.440001,20.440001,0
2010-12-27,21.250000,21.290001,21.040001,21.040001,21.040001,0
2010-12-28,20.940001,21.590000,20.940001,21.180000,21.180000,0
2010-12-29,21.010000,21.030001,20.820000,20.840000,20.840000,0
2010-12-30,20.980000,21.209999,20.900000,21.010000,21.010000,0
2010-12-31,21.240000,21.309999,20.900000,20.900000,20.900000,0
2011-01-03,20.850000,20.860001,20.000000,20.620001,20.620001,0
2011-01-04,20.650000,21.280001,20.570000,20.610001,20.610001,0
2011-01-05,21.000000,21.059999,19.950001,20.049999,20.049999,0
2011-01-06,20.100000,20.540001,20.100000,20.350000,20.350000,0
2011-01-07,20.459999,20.770000,20.090000,20.290001,20.290001,0
2011-01-10,21.100000,21.150000,20.469999,20.480000,20.480000,0
2011-01-11,20.110001,20.440001,19.969999,20.139999,20.139999,0
2011-01-12,19.280001,19.500000,19.209999,19.230000,19.230000,0
2011-01-13,19.430000,19.650000,19.190001,19.200001,19.200001,0
2011-01-14,19.309999,19.370001,18.350000,18.370001,18.370001,0
2011-01-18,18.910000,19.780001,18.290001,18.379999,18.379999,0
2011-01-19,18.570000,19.799999,18.520000,19.639999,19.639999,0
2011-01-20,19.799999,20.389999,19.709999,19.900000,19.900000,0
2011-01-21,19.180000,19.980000,19.070000,19.969999,19.969999,0
2011-01-24,20.010000,20.070000,19.350000,19.580000,19.580000,0
2011-01-25,19.910000,20.080000,19.340000,19.340000,19.340000,0
2011-01-26,19.080000,19.240000,18.650000,18.820000,18.820000,0
2011-01-27,18.920000,18.920000,18.389999,18.480000,18.480000,0
2011-01-28,18.350000,20.670000,18.160000,20.590000,20.590000,0
2011-01-31,20.180000,20.270000,18.200001,20.150000,20.150000,0
2011-02-01,19.620001,19.620001,18.799999,18.969999,18.969999,0
2011-02-02,19.170000,19.170000,18.870001,19.090000,19.090000,0
2011-02-03,19.280001,19.520000,18.820000,18.920000,18.920000,0
2011-02-04,18.660000,18.830000,18.299999,18.330000,18.330000,0
2011-02-07,18.350000,18.350000,17.910000,18.260000,18.260000,0
2011-02-08,18.230000,18.350000,17.840000,17.850000,17.850000,3400
2011-02-09,18.170000,18.360001,17.850000,17.860001,17.860001,3100
2011-02-10,18.389999,18.700001,18.010000,18.100000,18.100000,0
2011-02-11,18.360001,18.360001,17.760000,17.860001,17.860001,0
2011-02-14,17.660000,18.170000,17.250000,17.940001,17.940001,0
2011-02-15,18.260000,18.370001,18.000000,18.270000,18.270000,0
2011-02-16,17.940001,18.320000,17.740000,18.320000,18.320000,0
2011-02-17,18.650000,18.709999,17.990000,18.629999,18.629999,0
2011-02-18,18.629999,18.930000,18.040001,18.900000,18.900000,0
2011-02-22,20.389999,21.709999,19.709999,21.320000,21.320000,0
2011-02-23,21.459999,22.940001,21.120001,22.469999,22.469999,0
2011-02-24,22.580000,22.950001,21.860001,22.260000,22.260000,0
2011-02-25,21.639999,21.660000,20.410000,20.570000,20.570000,0
2011-02-28,20.410000,20.420000,19.719999,20.000000,20.000000,0
2011-03-01,19.570000,21.900000,19.570000,21.900000,21.900000,0
2011-03-02,21.639999,21.870001,20.950001,21.680000,21.680000,0
2011-03-03,20.799999,20.799999,20.190001,20.440001,20.440001,0
2011-03-04,20.340000,21.590000,20.270000,20.799999,20.799999,0
2011-03-07,20.840000,22.480000,20.610001,21.850000,21.850000,0
2011-03-08,21.709999,22.049999,20.990000,21.450001,21.450001,0
2011-03-09,21.450001,22.059999,21.389999,21.820000,21.820000,0
2011-03-10,22.440001,23.049999,21.820000,22.760000,22.760000,0
2011-03-11,22.709999,22.780001,21.660000,21.870001,21.870001,0
2011-03-14,22.709999,23.379999,22.330000,22.490000,22.490000,0
2011-03-15,25.360001,25.360001,23.500000,24.030001,24.030001,0
2011-03-16,24.309999,27.940001,23.990000,26.910000,26.910000,0
2011-03-17,25.540001,25.840000,24.870001,25.440001,25.440001,0
2011-03-18,24.080000,24.600000,23.809999,24.340000,24.340000,0
2011-03-21,22.889999,22.889999,21.770000,21.950001,21.950001,0
2011-03-22,21.900000,21.900000,21.430000,21.700001,21.700001,0
2011-03-23,21.920000,22.240000,20.650000,20.930000,20.930000,0
2011-03-24,20.450001,20.700001,19.990000,20.080000,20.080000,0
2011-03-25,19.879999,20.110001,19.410000,20.030001,20.030001,0
2011-03-28,20.090000,20.860001,19.889999,20.860001,20.860001,0
2011-03-29,20.700001,21.100000,19.790001,19.969999,19.969999,0
2011-03-30,19.650000,19.830000,19.260000,19.750000,19.750000,0
2011-03-31,19.809999,19.900000,19.490000,19.840000,19.840000,0
2011-04-01,19.160000,19.770000,18.950001,19.590000,19.590000,0
2011-04-04,19.420000,19.709999,19.260000,19.389999,19.389999,0
2011-04-05,19.610001,19.620001,18.610001,19.400000,19.400000,0
2011-04-06,19.090000,19.379999,18.959999,19.379999,19.379999,0
2011-04-07,19.360001,20.059999,19.049999,19.500000,19.500000,0
2011-04-08,19.120001,20.430000,19.090000,20.049999,20.049999,0
2011-04-11,19.969999,20.170000,19.709999,20.010000,20.010000,0
2011-04-12,20.540001,20.950001,20.150000,20.330000,20.330000,0
2011-04-13,19.770000,20.330000,19.709999,19.990000,19.990000,0
2011-04-14,20.510000,20.690001,19.709999,19.959999,19.959999,0
2011-04-15,19.610001,19.610001,18.969999,19.170000,19.170000,0
2011-04-18,20.660000,21.120001,19.170000,19.920000,19.920000,0
2011-04-19,19.860001,19.860001,19.160000,19.180000,19.180000,0
2011-04-20,18.219999,18.730000,18.049999,18.480000,18.480000,0
2011-04-21,18.280001,18.590000,18.190001,18.350000,18.350000,0
2011-04-25,18.709999,18.830000,18.480000,18.549999,18.549999,0
2011-04-26,18.299999,18.360001,17.790001,18.270000,18.270000,0
2011-04-27,18.049999,18.700001,17.670000,17.900000,17.900000,0
2011-04-28,18.000000,18.000000,17.260000,17.520000,17.520000,0
2011-04-29,17.450001,17.719999,17.299999,17.500000,17.500000,0
2011-05-02,17.590000,18.490000,17.590000,18.389999,18.389999,0
2011-05-03,18.650000,19.520000,18.549999,19.110001,19.110001,0
2011-05-04,19.150000,19.820000,19.150000,19.440001,19.440001,0
2011-05-05,19.850000,20.549999,19.040001,19.840000,19.840000,0
2011-05-06,19.230000,20.240000,18.620001,19.910000,19.910000,0
2011-05-09,19.930000,19.930000,19.090000,19.200001,19.200001,0
2011-05-10,19.030001,19.040001,18.180000,18.370001,18.370001,0
2011-05-11,18.570000,19.520000,18.559999,19.049999,19.049999,0
2011-05-12,19.219999,19.690001,18.440001,18.440001,18.440001,0
2011-05-13,18.450001,19.480000,18.389999,19.070000,19.070000,0
2011-05-16,19.580000,19.870001,18.780001,19.870001,19.870001,0
2011-05-17,20.100000,20.389999,19.400000,19.450001,19.450001,0
2011-05-18,19.400000,19.469999,18.290001,18.530001,18.530001,0
2011-05-19,18.340000,18.700001,18.090000,18.170000,18.170000,0
2011-05-20,18.410000,19.139999,18.280001,19.049999,19.049999,0
2011-05-23,19.510000,20.590000,19.330000,19.790001,19.790001,0
2011-05-24,19.709999,19.709999,18.850000,19.170000,19.170000,0
2011-05-25,19.570000,19.570000,18.540001,18.870001,18.870001,0
2011-05-26,18.930000,19.389999,18.090000,18.190001,18.190001,0
2011-05-27,18.180000,18.260000,17.610001,18.129999,18.129999,0
2011-05-31,17.879999,18.360001,17.230000,17.559999,17.559999,0
2011-06-01,17.980000,19.379999,17.980000,19.360001,19.360001,0
2011-06-02,19.260000,19.760000,18.980000,19.320000,19.320000,0
2011-06-03,21.270000,21.270000,18.860001,19.469999,19.469999,0
2011-06-06,19.790001,20.030001,19.200001,19.959999,19.959999,0
2011-06-07,19.830000,19.840000,19.020000,19.500000,19.500000,0
2011-06-08,19.650000,20.049999,19.209999,19.950001,19.950001,0
2011-06-09,19.730000,19.790001,18.790001,19.260000,19.260000,0
2011-06-10,19.510000,20.240000,19.510000,20.110001,20.110001,0
2011-06-13,20.860001,20.959999,19.830000,20.440001,20.440001,0
2011-06-14,20.020000,20.040001,19.150000,19.430000,19.430000,0
2011-06-15,20.400000,21.670000,20.160000,21.379999,21.379999,0
2011-06-16,21.620001,23.889999,21.250000,22.610001,22.610001,0
2011-06-17,21.910000,23.090000,21.750000,22.440001,22.440001,0
2011-06-20,22.910000,22.910000,21.219999,21.219999,21.219999,0
2011-06-21,20.950001,20.950001,19.850000,20.500000,20.500000,0
2011-06-22,20.540001,20.740000,19.809999,20.719999,20.719999,0
2011-06-23,21.690001,22.610001,20.780001,20.930000,20.930000,0
2011-06-24,20.930000,22.010000,20.780001,21.920000,21.920000,0
2011-06-27,22.280001,22.400000,21.330000,21.500000,21.500000,0
2011-06-28,21.400000,21.400000,20.520000,20.520000,20.520000,0
2011-06-29,20.490000,20.490000,19.120001,19.420000,19.420000,0
2011-06-30,19.350000,19.350000,17.680000,18.910000,18.910000,0
2011-07-01,18.590000,18.690001,17.709999,17.930000,17.930000,0
2011-07-05,18.320000,18.580000,18.030001,18.110001,18.110001,0
2011-07-06,18.510000,18.830000,18.360001,18.410000,18.410000,0
2011-07-07,17.610001,18.070000,17.610001,17.770000,17.770000,0
2011-07-08,18.950001,18.950001,17.959999,17.959999,17.959999,0
2011-07-11,19.620001,20.340000,19.219999,19.980000,19.980000,0
2011-07-12,20.400000,21.000000,19.980000,20.930000,20.930000,0
2011-07-13,20.280001,20.870001,19.760000,20.850000,20.850000,0
2011-07-14,20.629999,21.969999,20.219999,21.590000,21.590000,0
2011-07-15,21.110001,21.830000,20.920000,20.940001,20.940001,0
2011-07-18,21.559999,22.309999,21.559999,21.840000,21.840000,0
2011-07-19,21.129999,21.129999,19.340000,20.500000,20.500000,0
2011-07-20,20.160000,20.670000,20.160000,20.370001,20.370001,0
2011-07-21,20.049999,20.070000,19.020000,19.200001,19.200001,0
2011-07-22,19.139999,19.610001,19.000000,19.200001,19.200001,0
2011-07-25,20.250000,20.410000,19.840000,20.260000,20.260000,0
2011-07-26,20.510000,21.030001,20.320000,20.889999,20.889999,0
2011-07-27,21.309999,22.879999,21.309999,22.690001,22.690001,0
2011-07-28,22.510000,23.180000,21.370001,22.950001,22.950001,0
2011-07-29,24.100000,24.490000,22.480000,22.910000,22.910000,0
2011-08-01,21.670000,23.870001,21.580000,22.379999,22.379999,0
2011-08-02,22.870001,23.610001,21.969999,23.600000,23.600000,0
2011-08-03,23.059999,24.420000,22.730000,23.120001,23.120001,0
2011-08-04,24.120001,28.840000,23.889999,28.559999,28.559999,0
2011-08-05,26.580000,33.389999,26.219999,29.590000,29.590000,0
2011-08-08,32.610001,38.189999,31.510000,38.099998,38.099998,0
2011-08-09,35.209999,38.119999,30.770000,31.070000,31.070000,0
2011-08-10,33.810001,37.419998,32.770000,36.580002,36.580002,0
2011-08-11,35.849998,36.160000,32.869999,33.820000,33.820000,0
2011-08-12,32.840000,33.310001,31.080000,32.750000,32.750000,0
2011-08-15,31.320000,31.549999,29.850000,30.080000,30.080000,0
2011-08-16,31.110001,31.690001,29.490000,30.440001,30.440001,0
2011-08-17,30.150000,30.959999,29.260000,30.030001,30.030001,0
2011-08-18,33.290001,38.259998,30.030001,36.599998,36.599998,0
2011-08-19,38.529999,38.830002,35.500000,37.900002,37.900002,0
2011-08-22,35.119999,38.490002,35.119999,38.259998,38.259998,0
2011-08-23,38.009998,38.250000,34.669998,34.790001,34.790001,0
2011-08-24,35.310001,35.740002,33.869999,34.799999,34.799999,0
2011-08-25,33.770000,37.090000,33.540001,36.610001,36.610001,0
2011-08-26,37.509998,39.419998,33.349998,34.410000,34.410000,0
2011-08-29,32.900002,32.959999,31.950001,31.980000,31.980000,0
2011-08-30,32.419998,32.919998,31.650000,32.470001,32.470001,0
2011-08-31,31.219999,32.529999,30.670000,31.670000,31.670000,0
2011-09-01,31.820000,32.279999,30.879999,31.990000,31.990000,0
2011-09-02,33.919998,34.150002,33.080002,33.790001,33.790001,0
2011-09-06,37.380001,37.380001,35.380001,35.380001,35.380001,0
2011-09-07,33.299999,33.830002,32.959999,32.959999,32.959999,0
2011-09-08,33.560001,34.240002,32.520000,33.709999,33.709999,0
2011-09-09,34.700001,38.110001,34.689999,36.639999,36.639999,0
2011-09-12,38.540001,39.520000,37.009998,37.060001,37.060001,0
2011-09-13,37.130001,37.470001,36.040001,36.060001,36.060001,0
2011-09-14,35.799999,36.840000,34.130001,34.959999,34.959999,0
2011-09-15,34.180000,34.750000,33.320000,33.520000,33.520000,0
2011-09-16,33.270000,33.709999,32.869999,32.950001,32.950001,0
2011-09-19,34.919998,35.349998,33.779999,33.810001,33.810001,0
2011-09-20,33.599998,34.119999,32.799999,33.619999,33.619999,0
2011-09-21,33.630001,36.189999,33.560001,36.189999,36.189999,0
2011-09-22,38.840000,40.599998,38.119999,39.150002,39.150002,0
2011-09-23,39.799999,40.389999,39.180000,39.549999,39.549999,0
2011-09-26,39.060001,40.540001,38.029999,38.029999,38.029999,0
2011-09-27,36.380001,37.630001,35.560001,37.209999,37.209999,0
2011-09-28,37.060001,39.630001,36.419998,39.520000,39.520000,0
2011-09-29,38.180000,40.160000,37.599998,38.180000,38.180000,0
2011-09-30,39.549999,41.240002,38.180000,41.240002,41.240002,0
2011-10-03,41.700001,43.389999,40.160000,43.380001,43.380001,0
2011-10-04,43.639999,44.660000,39.950001,40.450001,40.450001,0
2011-10-05,39.950001,40.400002,38.009998,38.310001,38.310001,0
2011-10-06,38.360001,38.799999,36.980000,37.040001,37.040001,0
2011-10-07,36.509998,38.299999,36.360001,37.310001,37.310001,0
2011-10-10,36.080002,36.080002,34.779999,34.790001,34.790001,0
2011-10-11,35.369999,35.369999,33.880001,34.060001,34.060001,0
2011-10-12,33.540001,33.669998,31.389999,32.970001,32.970001,0
2011-10-13,33.209999,33.950001,32.189999,32.709999,32.709999,0
2011-10-14,31.440001,32.000000,30.309999,30.389999,30.389999,0
2011-10-17,31.440001,33.599998,31.410000,33.599998,33.599998,0
2011-10-18,33.590000,34.560001,30.230000,31.980000,31.980000,0
2011-10-19,31.780001,35.529999,31.770000,34.389999,34.389999,0
2011-10-20,34.669998,36.490002,33.880001,34.200001,34.200001,0
2011-10-21,33.639999,33.639999,31.969999,31.969999,31.969999,0
2011-10-24,32.040001,32.169998,30.420000,30.469999,30.469999,0
2011-10-25,31.590000,32.889999,30.469999,32.360001,32.360001,0
2011-10-26,31.360001,32.959999,30.830000,30.940001,30.940001,0
2011-10-27,27.790001,28.080000,26.639999,27.030001,27.030001,0
2011-10-28,27.490000,27.500000,26.480000,26.520000,26.520000,0
2011-10-31,28.049999,30.370001,27.980000,30.370001,30.370001,0
2011-11-01,34.380001,35.570000,30.370001,34.020000,34.020000,0
2011-11-02,33.340000,33.759998,32.599998,32.880001,32.880001,0
2011-11-03,31.830000,34.020000,31.459999,31.620001,31.620001,0
2011-11-04,32.290001,33.049999,31.219999,31.230000,31.230000,0
2011-11-07,31.690001,32.610001,31.090000,31.379999,31.379999,0
2011-11-08,30.520000,31.559999,29.510000,29.520000,29.520000,0
2011-11-09,32.310001,35.560001,32.040001,35.490002,35.490002,0
2011-11-10,33.529999,35.389999,33.130001,33.750000,33.750000,0
2011-11-11,31.530001,31.889999,31.270000,31.600000,31.600000,0
2011-11-14,32.500000,33.720001,32.400002,32.720001,32.720001,0
2011-11-15,33.080002,33.270000,32.040001,32.520000,32.520000,0
2011-11-16,33.560001,34.410000,32.180000,34.389999,34.389999,0
2011-11-17,34.160000,36.680000,33.880001,35.320000,35.320000,0
2011-11-18,34.680000,35.369999,34.099998,34.200001,34.200001,0
2011-11-21,35.419998,36.369999,34.470001,34.779999,34.779999,0
2011-11-22,34.820000,35.000000,33.660000,34.240002,34.240002,0
2011-11-23,34.700001,35.869999,34.450001,35.869999,35.869999,0
2011-11-25,36.060001,36.529999,35.000000,36.450001,36.450001,0
2011-11-28,34.740002,34.740002,32.189999,33.939999,33.939999,0
2011-11-29,33.740002,34.110001,33.000000,33.209999,33.209999,0
2011-11-30,31.090000,31.139999,29.900000,30.580000,30.580000,0
2011-12-01,30.400000,30.480000,29.690001,30.030001,30.030001,0
2011-12-02,28.830000,29.930000,28.170000,29.850000,29.850000,0
2011-12-05,29.150000,30.340000,28.370001,29.900000,29.900000,0
2011-12-06,30.020000,30.170000,29.530001,30.160000,30.160000,0
2011-12-07,30.430000,31.230000,30.370001,30.620001,30.620001,0
2011-12-08,31.440001,32.480000,31.280001,32.090000,32.090000,0
2011-12-09,31.590000,31.590000,29.530001,29.530001,29.530001,0
2011-12-12,30.690001,31.480000,30.139999,30.170000,30.170000,0
2011-12-13,29.430000,30.870001,28.910000,30.170000,30.170000,0
2011-12-14,30.400000,31.340000,30.120001,30.420000,30.420000,0
2011-12-15,29.270000,29.770000,29.090000,29.459999,29.459999,0
2011-12-16,28.760000,29.580000,28.549999,29.030001,29.030001,0
2011-12-19,28.809999,29.209999,28.299999,28.740000,28.740000,0
2011-12-20,27.400000,27.400000,26.780001,26.870001,26.870001,0
2011-12-21,26.610001,26.889999,25.330000,25.559999,25.559999,0
2011-12-22,25.350000,25.520000,24.559999,25.280001,25.280001,0
2011-12-23,25.150000,25.309999,24.879999,25.219999,25.219999,0
2011-12-27,25.830000,25.990000,25.320000,25.540001,25.540001,0
2011-12-28,25.620001,26.799999,25.620001,26.750000,26.750000,0
2011-12-29,26.790001,26.790001,26.190001,26.250000,26.250000,0
2011-12-30,26.309999,26.860001,26.250000,26.860001,26.860001,0
2012-01-03,25.850000,26.059999,25.620001,26.049999,26.049999,0
2012-01-04,26.440001,26.490000,25.309999,25.309999,25.309999,0
2012-01-05,25.719999,26.010000,24.620001,24.700001,24.700001,0
2012-01-06,24.559999,24.900000,24.080000,24.090000,24.090000,0
2012-01-09,24.440001,24.600000,24.049999,24.120001,24.120001,0
2012-01-10,23.320000,23.700001,23.100000,23.680000,23.680000,0
2012-01-11,24.090000,24.170000,23.879999,24.110001,24.110001,0
2012-01-12,24.059999,24.760000,24.040001,24.040001,24.040001,0
2012-01-13,24.740000,25.500000,24.629999,24.670000,24.670000,0
2012-01-17,24.250000,25.020000,24.230000,25.000000,25.000000,0
2012-01-18,25.350000,25.670000,24.020000,24.180000,24.180000,0
2012-01-19,23.900000,24.020000,23.480000,23.650000,23.650000,0
2012-01-20,23.620001,23.650000,22.719999,22.820000,22.820000,0
2012-01-23,22.959999,22.980000,22.290001,22.320000,22.320000,0
2012-01-24,23.010000,23.040001,22.030001,22.030001,22.030001,0
2012-01-25,22.320000,22.549999,20.900000,21.360001,21.360001,0
2012-01-26,20.930000,21.889999,20.610001,21.680000,21.680000,0
2012-01-27,22.000000,22.020000,21.250000,21.400000,21.400000,0
2012-01-30,22.650000,22.730000,21.770000,21.920000,21.920000,0
2012-01-31,21.580000,22.379999,21.400000,22.090000,22.090000,0
2012-02-01,21.469999,22.410000,21.139999,21.540001,21.540001,0
2012-02-02,21.400000,21.450001,21.000000,21.010000,21.010000,0
2012-02-03,19.950001,20.350000,19.330000,20.049999,20.049999,0
2012-02-06,20.700001,20.740000,19.139999,20.389999,20.389999,0
2012-02-07,20.459999,20.580000,19.940001,20.139999,20.139999,0
2012-02-08,20.230000,20.799999,20.090000,20.680000,20.680000,0
2012-02-09,20.670000,21.340000,20.620001,21.340000,21.340000,0
2012-02-10,22.410000,23.930000,22.010000,23.280001,23.280001,0
2012-02-13,22.570000,22.610001,21.180000,22.120001,22.120001,0
2012-02-14,22.320000,23.670000,22.309999,22.820000,22.820000,0
2012-02-15,22.809999,24.450001,22.740000,24.120001,24.120001,0
2012-02-16,24.209999,24.510000,23.120001,23.170000,23.170000,0
2012-02-17,22.559999,22.580000,21.969999,22.389999,22.389999,0
2012-02-21,22.290001,22.690001,21.950001,22.350000,22.350000,0
2012-02-22,22.510000,22.650000,21.920000,22.090000,22.090000,0
2012-02-23,22.309999,22.600000,20.610001,20.780001,20.780001,0
2012-02-24,20.750000,21.379999,20.410000,21.180000,21.180000,0
2012-02-27,22.290001,22.540001,21.350000,21.870001,21.870001,0
2012-02-28,21.969999,22.240000,21.540001,21.600000,21.600000,0
2012-02-29,21.469999,22.180000,21.010000,21.799999,21.799999,0
2012-03-01,21.400000,21.559999,21.030001,21.030001,21.030001,0
2012-03-02,21.059999,21.590000,20.969999,21.260000,21.260000,0
2012-03-05,21.629999,22.370001,21.620001,21.990000,21.990000,0
2012-03-06,23.469999,24.170000,23.270000,23.900000,23.900000,0
2012-03-07,23.610001,23.650000,22.709999,22.719999,22.719999,0
2012-03-08,21.700001,22.299999,21.670000,21.840000,21.840000,0
2012-03-09,21.010000,21.559999,20.889999,21.219999,21.219999,0
2012-03-12,21.250000,21.379999,20.690001,20.809999,20.809999,0
2012-03-13,19.990000,20.549999,19.590000,19.600000,19.600000,0
2012-03-14,19.420000,21.090000,19.420000,20.750000,20.750000,0
2012-03-15,20.440001,20.920000,20.110001,20.540001,20.540001,0
2012-03-16,20.030001,20.639999,20.020000,20.370001,20.370001,0
2012-03-19,20.500000,20.520000,19.730000,19.940001,19.940001,0
2012-03-20,20.430000,20.530001,19.959999,19.959999,19.959999,0
2012-03-21,19.530001,19.910000,19.090000,19.250000,19.250000,0
2012-03-22,19.719999,20.219999,19.549999,19.549999,19.549999,0
2012-03-23,19.420000,19.910000,18.639999,18.639999,18.639999,0
2012-03-26,18.320000,18.490000,17.290001,17.430000,17.430000,0
2012-03-27,17.510000,18.570000,16.840000,18.570000,18.570000,0
2012-03-28,18.490000,19.860001,18.379999,18.790001,18.790001,0
2012-03-29,19.730000,19.920000,18.780001,18.840000,18.840000,0
2012-03-30,18.430000,18.900000,18.340000,18.610001,18.610001,0
2012-04-02,19.059999,19.209999,18.059999,18.459999,18.459999,0
2012-04-03,18.440001,19.410000,18.410000,18.809999,18.809999,0
2012-04-04,19.790001,20.360001,19.340000,19.450001,19.450001,0
2012-04-05,19.809999,20.090000,19.330000,19.820000,19.820000,0
2012-04-09,21.129999,21.209999,20.500000,21.209999,21.209999,0
2012-04-10,21.410000,22.980000,21.059999,22.620001,22.620001,0
2012-04-11,21.760000,22.480000,21.420000,22.469999,22.469999,0
2012-04-12,22.200001,22.250000,20.250000,20.250000,20.250000,0
2012-04-13,20.750000,22.030001,20.750000,21.990000,21.990000,0
2012-04-16,21.600000,22.540001,21.430000,22.040001,22.040001,0
2012-04-17,21.350000,21.350000,20.530001,20.850000,20.850000,0
2012-04-18,21.120001,21.260000,20.660000,21.120001,21.120001,0
2012-04-19,21.000000,21.990000,20.510000,21.230000,21.230000,0
2012-04-20,20.790001,20.860001,20.170000,20.480000,20.480000,0
2012-04-23,22.080000,22.219999,21.340000,21.389999,21.389999,0
2012-04-24,21.320000,21.370001,20.500000,20.510000,20.510000,0
2012-04-25,19.760000,19.900000,19.459999,19.459999,19.459999,0
2012-04-26,19.580000,19.639999,18.520000,18.549999,18.549999,0
2012-04-27,18.570000,18.930000,18.459999,18.740000,18.740000,0
2012-04-30,19.209999,19.420000,19.080000,19.320000,19.320000,0
2012-05-01,19.370001,19.520000,18.370001,19.129999,19.129999,0
2012-05-02,19.430000,19.610001,18.930000,19.010000,19.010000,0
2012-05-03,18.980000,19.650000,18.950001,19.500000,19.500000,0
2012-05-04,19.930000,20.760000,19.760000,20.719999,20.719999,0
2012-05-07,21.100000,21.100000,20.180000,20.450001,20.450001,0
2012-05-08,20.950001,21.969999,19.680000,20.809999,20.809999,0
2012-05-09,21.910000,22.480000,20.910000,21.530001,21.530001,0
2012-05-10,20.950001,21.320000,20.719999,20.870001,20.870001,0
2012-05-11,21.620001,21.620001,20.700001,21.549999,21.549999,0
2012-05-14,22.750000,22.969999,22.299999,22.969999,22.969999,0
2012-05-15,23.040001,24.139999,22.540001,23.920000,23.920000,0
2012-05-16,23.520000,24.950001,23.160000,24.920000,24.920000,0
2012-05-17,24.520000,26.410000,24.480000,26.410000,26.410000,0
2012-05-18,25.580000,27.700001,25.540001,27.660000,27.660000,0
2012-05-21,26.860001,26.889999,24.709999,24.709999,24.709999,0
2012-05-22,24.680000,25.700001,23.110001,25.230000,25.230000,0
2012-05-23,26.170000,27.100000,24.900000,25.110001,25.110001,0
2012-05-24,24.969999,26.139999,24.740000,24.780001,24.780001,0
2012-05-25,25.379999,25.430000,24.719999,24.930000,24.930000,0
2012-05-29,24.780001,24.990000,23.889999,23.889999,23.889999,0
2012-05-30,24.910000,26.190001,24.910000,26.190001,26.190001,0
2012-05-31,26.000000,27.389999,25.430000,26.219999,26.219999,0
2012-06-01,27.670000,28.580000,27.290001,28.469999,28.469999,0
2012-06-04,28.010000,29.480000,27.750000,28.120001,28.120001,0
2012-06-05,28.049999,28.049999,26.870001,26.870001,26.870001,0
2012-06-06,26.260000,26.389999,24.639999,24.709999,24.709999,0
2012-06-07,23.780001,24.879999,23.740000,24.469999,24.469999,0
2012-06-08,24.889999,25.230000,23.639999,23.639999,23.639999,0
2012-06-11,23.010000,25.510000,22.990000,25.500000,25.500000,0
2012-06-12,25.170000,26.190001,24.930000,24.940001,24.940001,0
2012-06-13,25.600000,27.080000,25.049999,26.500000,26.500000,0
2012-06-14,26.290001,26.940001,25.000000,25.000000,25.000000,0
2012-06-15,24.799999,25.320000,23.450001,23.670000,23.670000,0
2012-06-18,24.139999,24.270000,22.010000,22.129999,22.129999,0
2012-06-19,21.750000,21.930000,21.160000,21.920000,21.920000,0
2012-06-20,21.490000,22.850000,20.820000,20.840000,20.840000,0
2012-06-21,20.660000,23.290001,16.719999,23.160000,23.160000,0
2012-06-22,22.219999,22.629999,21.400000,21.510000,21.510000,0
2012-06-25,22.940001,23.780001,22.549999,23.030001,23.030001,0
2012-06-26,22.650000,23.040001,21.780001,22.469999,22.469999,0
2012-06-27,22.320000,22.719999,21.990000,22.360001,22.360001,0
2012-06-28,22.990000,23.620001,22.139999,22.250000,22.250000,0
2012-06-29,20.610001,22.250000,19.150000,20.320000,20.320000,0
2012-07-02,20.469999,20.920000,19.600000,19.790001,19.790001,0
2012-07-03,19.690001,19.870001,19.320000,19.320000,19.320000,0
2012-07-05,20.309999,20.740000,19.870001,20.110001,20.110001,0
2012-07-06,20.860001,20.950001,19.930000,20.040001,20.040001,0
2012-07-09,20.700001,20.820000,20.299999,20.370001,20.370001,0
2012-07-10,20.160000,21.190001,19.879999,20.870001,20.870001,0
2012-07-11,20.320000,21.190001,20.150000,20.250000,20.250000,0
2012-07-12,21.049999,21.610001,20.309999,20.690001,20.690001,0
2012-07-13,20.330000,20.350000,19.230000,19.389999,19.389999,0
2012-07-16,19.780001,19.860001,19.299999,19.610001,19.610001,0
2012-07-17,19.219999,19.860001,18.840000,18.920000,18.920000,0
2012-07-18,19.120001,19.270000,18.690001,18.940001,18.940001,0
2012-07-19,18.820000,19.230000,18.389999,18.610001,18.610001,0
2012-07-20,19.360001,19.870001,19.160000,19.639999,19.639999,0
2012-07-23,22.010000,22.309999,21.020000,21.180000,21.180000,0
2012-07-24,21.160000,22.760000,21.160000,22.260000,22.260000,0
2012-07-25,21.930000,22.639999,21.480000,21.879999,21.879999,0
2012-07-26,20.559999,20.969999,19.590000,20.240000,20.240000,0
2012-07-27,19.750000,19.799999,19.350000,19.660000,19.660000,0
2012-07-30,19.940001,20.180000,19.670000,20.129999,20.129999,0
2012-07-31,20.549999,20.790001,20.129999,20.780001,20.780001,0
2012-08-01,20.620001,20.879999,20.280001,20.670000,20.670000,0
2012-08-02,21.059999,21.260000,20.160000,20.230000,20.230000,0
2012-08-03,19.139999,19.200001,18.680000,18.680000,18.680000,0
2012-08-06,18.750000,18.910000,18.680000,18.740000,18.740000,0
2012-08-07,18.490000,18.840000,18.330000,18.809999,18.809999,0
2012-08-08,19.190001,19.200001,18.430000,18.580000,18.580000,0
2012-08-09,18.559999,18.570000,18.200001,18.230000,18.230000,0
2012-08-10,18.420000,18.610001,18.090000,18.139999,18.139999,0
2012-08-13,18.480000,18.520000,17.830000,18.070000,18.070000,0
2012-08-14,18.000000,18.750000,17.969999,18.510000,18.510000,0
2012-08-15,18.750000,18.879999,18.240000,18.860001,18.860001,0
2012-08-16,18.900000,19.080000,18.540001,18.549999,18.549999,0
2012-08-17,18.510000,19.120001,18.190001,18.350000,18.350000,0
2012-08-20,18.639999,18.980000,18.389999,18.590000,18.590000,0
2012-08-21,18.459999,18.990000,18.240000,18.799999,18.799999,0
2012-08-22,19.320000,19.610001,19.090000,19.420000,19.420000,0
2012-08-23,19.530001,20.430000,19.360001,20.090000,20.090000,0
2012-08-24,19.780001,19.820000,19.080000,19.240000,19.240000,0
2012-08-27,19.809999,19.959999,19.450001,19.920000,19.920000,0
2012-08-28,19.740000,20.000000,19.500000,19.820000,19.820000,0
2012-08-29,19.990000,20.459999,19.900000,20.459999,20.459999,0
2012-08-30,20.860001,21.070000,20.680000,20.920000,20.920000,0
2012-08-31,20.459999,21.030001,19.650000,20.620001,20.620001,0
2012-09-04,21.080000,21.340000,20.629999,20.680000,20.680000,0
2012-09-05,20.170000,20.190001,19.420000,19.990000,19.990000,0
2012-09-06,19.840000,19.840000,18.459999,18.620001,18.620001,0
2012-09-07,18.620001,18.620001,17.590000,17.590000,17.590000,0
2012-09-10,17.100000,18.299999,17.080000,18.299999,18.299999,0
2012-09-11,18.430000,18.440001,17.850000,18.290001,18.290001,0
2012-09-12,17.879999,18.059999,17.590000,17.600000,17.600000,0
2012-09-13,17.680000,18.360001,16.070000,16.450001,16.450001,0
2012-09-14,16.219999,16.920000,15.970000,16.900000,16.900000,0
2012-09-17,17.110001,17.230000,16.980000,17.129999,17.129999,0
2012-09-18,17.219999,17.320000,16.600000,16.629999,16.629999,0
2012-09-19,16.570000,16.690001,16.160000,16.490000,16.490000,0
2012-09-20,17.020000,17.090000,16.719999,16.750000,16.750000,0
2012-09-21,16.570000,16.809999,16.500000,16.790001,16.790001,0
2012-09-24,17.320000,17.320000,16.480000,16.590000,16.590000,0
2012-09-25,16.559999,17.700001,16.450001,17.600000,17.600000,0
2012-09-26,17.900000,18.700001,17.900000,18.500000,18.500000,0
2012-09-27,18.209999,18.250000,17.070000,17.070000,17.070000,0
2012-09-28,17.389999,17.790001,17.070000,17.610001,17.610001,0
2012-10-01,17.740000,18.030001,17.120001,17.920000,17.920000,0
2012-10-02,17.590000,18.270000,17.570000,17.740000,17.740000,0
2012-10-03,17.660000,17.959999,17.379999,17.580000,17.580000,0
2012-10-04,17.340000,17.580000,17.040001,17.059999,17.059999,0
2012-10-05,16.580000,17.129999,16.490000,16.930000,16.930000,0
2012-10-08,17.450001,17.629999,17.309999,17.360001,17.360001,0
2012-10-09,17.389999,18.010000,17.320000,18.010000,18.010000,0
2012-10-10,18.170000,18.480000,17.930000,18.129999,18.129999,0
2012-10-11,17.379999,17.700001,17.260000,17.570000,17.570000,0
2012-10-12,17.450001,17.770000,17.020000,17.740000,17.740000,0
2012-10-15,17.750000,17.799999,17.090000,17.110001,17.110001,0
2012-10-16,16.850000,17.030001,16.520000,16.969999,16.969999,0
2012-10-17,16.980000,17.110001,16.500000,16.610001,16.610001,0
2012-10-18,16.840000,16.889999,16.370001,16.580000,16.580000,0
2012-10-19,16.639999,18.309999,16.639999,18.120001,18.120001,0
2012-10-22,18.299999,18.840000,17.870001,17.870001,17.870001,0
2012-10-23,18.980000,19.809999,18.930000,19.450001,19.450001,0
2012-10-24,19.030001,19.410000,18.830000,19.270000,19.270000,0
2012-10-25,18.670000,19.459999,18.480000,19.110001,19.110001,0
2012-10-26,18.870001,19.410000,18.650000,19.020000,19.020000,0
2012-10-31,18.740000,19.450001,18.610001,19.309999,19.309999,0
2012-11-01,18.750000,18.770000,17.719999,17.730000,17.730000,0
2012-11-02,17.379999,18.549999,17.370001,18.549999,18.549999,0
2012-11-05,18.879999,19.270000,18.780001,18.969999,18.969999,0
2012-11-06,18.799999,18.820000,17.990000,18.240000,18.240000,0
2012-11-07,18.660000,19.959999,18.559999,19.809999,19.809999,0
2012-11-08,19.629999,19.930000,19.290001,19.830000,19.830000,0
2012-11-09,20.190001,20.190001,19.299999,20.070000,20.070000,0
2012-11-12,20.110001,20.110001,19.150000,19.150000,19.150000,0
2012-11-13,19.600000,19.620001,18.490000,18.969999,18.969999,0
2012-11-14,18.690001,19.940001,18.450001,19.870001,19.870001,0
2012-11-15,19.709999,20.350000,19.549999,19.790001,19.790001,0
2012-11-16,19.540001,20.250000,18.930000,18.930000,18.930000,0
2012-11-19,18.129999,18.129999,17.480000,17.590000,17.590000,0
2012-11-20,17.570000,17.770000,17.270000,17.280001,17.280001,0
2012-11-21,17.240000,17.580000,17.100000,17.580000,17.580000,0
2012-11-23,17.270000,17.580000,16.879999,17.580000,17.580000,0
2012-11-26,17.610001,17.750000,17.150000,17.309999,17.309999,0
2012-11-27,17.200001,17.620001,16.950001,17.620001,17.620001,0
2012-11-28,17.969999,18.410000,17.120001,17.200001,17.200001,0
2012-11-29,16.930000,17.150000,16.660000,16.820000,16.820000,0
2012-11-30,16.940001,17.500000,16.700001,17.270000,17.270000,0
2012-12-03,17.080000,17.840000,17.010000,17.820000,17.820000,0
2012-12-04,17.879999,18.389999,17.650000,18.190001,18.190001,0
2012-12-05,18.080000,18.610001,17.680000,17.830000,17.830000,0
2012-12-06,17.889999,18.110001,17.639999,17.840000,17.840000,0
2012-12-07,17.549999,17.990000,17.270000,17.290001,17.290001,0
2012-12-10,17.580000,17.590000,17.350000,17.350000,17.350000,0
2012-12-11,17.219999,17.360001,16.900000,17.000000,17.000000,0
2012-12-12,16.940001,17.430000,16.910000,17.430000,17.430000,0
2012-12-13,17.420000,18.040001,17.330000,17.879999,17.879999,0
2012-12-14,18.139999,18.200001,17.980000,18.030001,18.030001,0
2012-12-17,18.190001,18.200001,17.410000,17.500000,17.500000,0
2012-12-18,17.530001,17.559999,16.740000,16.809999,16.809999,0
2012-12-19,17.049999,17.879999,16.860001,17.860001,17.860001,0
2012-12-20,17.870001,18.209999,17.780001,18.139999,18.139999,0
2012-12-21,19.600000,19.799999,18.850000,18.870001,18.870001,0
2012-12-24,19.080000,19.209999,18.870001,18.870001,18.870001,0
2012-12-26,19.180000,19.930000,19.160000,19.930000,19.930000,0
2012-12-27,19.870001,20.930000,19.709999,19.920000,19.920000,0
2012-12-28,20.510000,21.920000,20.200001,21.879999,21.879999,0
2012-12-31,21.549999,21.580000,18.700001,18.730000,18.730000,0
2013-01-02,17.000000,17.629999,16.590000,16.690001,16.690001,0
2013-01-03,16.799999,16.990000,16.480000,16.740000,16.740000,0
2013-01-04,16.430000,16.490000,16.180000,16.340000,16.340000,0
2013-01-07,16.820000,16.820000,16.430000,16.450001,16.450001,0
2013-01-08,16.500000,16.840000,16.379999,16.450001,16.450001,0
2013-01-09,16.180000,16.590000,16.129999,16.500000,16.500000,0
2013-01-10,16.070000,16.500000,16.070000,16.120001,16.120001,0
2013-01-11,16.190001,16.340000,15.970000,16.010000,16.010000,0
2013-01-14,16.309999,16.510000,16.160000,16.290001,16.290001,0
2013-01-15,16.600000,16.620001,16.200001,16.330000,16.330000,0
2013-01-16,16.330000,16.469999,16.030001,16.240000,16.240000,0
2013-01-17,16.100000,16.180000,15.850000,16.080000,16.080000,0
2013-01-18,15.990000,16.040001,15.220000,15.290000,15.290000,0
2013-01-22,15.600000,15.620000,14.720000,14.720000,14.720000,0
2013-01-23,14.900000,14.900000,14.390000,14.500000,14.500000,0
2013-01-24,14.610000,15.190000,14.370000,14.670000,14.670000,0
2013-01-25,14.580000,14.790000,14.430000,14.660000,14.660000,0
2013-01-28,14.850000,15.240000,14.840000,15.070000,15.070000,0
2013-01-29,15.290000,15.300000,14.670000,14.740000,14.740000,0
2013-01-30,14.960000,15.430000,14.930000,15.420000,15.420000,0
2013-01-31,15.580000,15.620000,15.390000,15.550000,15.550000,0
2013-02-01,15.020000,15.020000,14.600000,14.790000,14.790000,0
2013-02-04,15.410000,15.850000,15.270000,15.790000,15.790000,0
2013-02-05,15.480000,15.490000,15.000000,15.300000,15.300000,0
2013-02-06,15.490000,15.540000,15.110000,15.140000,15.140000,0
2013-02-07,15.180000,15.820000,15.170000,15.190000,15.190000,0
2013-02-08,15.020000,15.020000,14.730000,14.800000,14.800000,0
2013-02-11,14.950000,15.020000,14.670000,14.680000,14.680000,0
2013-02-12,14.740000,14.830000,14.450000,14.530000,14.530000,0
2013-02-13,14.460000,14.720000,14.430000,14.630000,14.630000,0
2013-02-14,14.880000,14.900000,14.430000,14.430000,14.430000,0
2013-02-15,14.340000,14.590000,14.230000,14.260000,14.260000,0
2013-02-19,14.440000,14.440000,13.940000,13.990000,13.990000,0
2013-02-20,14.020000,15.410000,14.010000,15.410000,15.410000,0
2013-02-21,15.410000,16.370001,15.410000,15.710000,15.710000,0
2013-02-22,15.270000,15.560000,14.980000,14.980000,14.980000,0
2013-02-25,14.670000,18.030001,14.570000,17.940001,17.940001,0
2013-02-26,17.150000,17.959999,16.860001,17.250000,17.250000,0
2013-02-27,17.100000,17.100000,15.460000,15.660000,15.660000,0
2013-02-28,15.870000,16.200001,15.350000,16.180000,16.180000,0
2013-03-01,16.670000,17.120001,16.090000,16.290001,16.290001,0
2013-03-04,16.680000,16.680000,15.420000,15.420000,15.420000,0
2013-03-05,15.040000,15.080000,14.750000,14.950000,14.950000,0
2013-03-06,14.790000,15.190000,14.730000,15.030000,15.030000,0
2013-03-07,14.960000,15.030000,14.710000,14.740000,14.740000,0
2013-03-08,14.450000,14.970000,14.430000,14.520000,14.520000,0
2013-03-11,14.890000,14.970000,14.300000,14.300000,14.300000,0
2013-03-12,14.360000,14.980000,14.300000,14.580000,14.580000,0
2013-03-13,14.550000,14.780000,14.510000,14.510000,14.510000,0
2013-03-14,14.420000,14.460000,13.980000,14.100000,14.100000,0
2013-03-15,14.210000,14.670000,14.210000,14.260000,14.260000,0
2013-03-18,15.390000,15.500000,14.820000,15.390000,15.390000,0
2013-03-19,15.140000,16.719999,15.090000,15.710000,15.710000,0
2013-03-20,14.980000,15.000000,14.600000,14.930000,14.930000,0
2013-03-21,15.240000,15.630000,14.920000,15.530000,15.530000,0
2013-03-22,15.250000,15.460000,15.170000,15.260000,15.260000,0
2013-03-25,14.880000,15.860000,14.710000,15.300000,15.300000,0
2013-03-26,14.790000,15.000000,14.710000,14.750000,14.750000,0
2013-03-27,15.410000,15.530000,14.800000,14.930000,14.930000,0
2013-03-28,14.800000,14.940000,12.390000,14.640000,14.640000,0
2013-04-01,15.030000,15.460000,14.950000,15.280000,15.280000,0
2013-04-02,15.000000,15.000000,14.600000,14.710000,14.710000,0
2013-04-03,14.700000,15.730000,14.700000,15.490000,15.490000,0
2013-04-04,15.490000,15.920000,15.300000,15.300000,15.300000,0
2013-04-05,16.379999,16.379999,15.330000,15.380000,15.380000,0
2013-04-08,15.410000,15.630000,14.700000,14.710000,14.710000,0
2013-04-09,14.680000,15.000000,14.350000,14.460000,14.460000,0
2013-04-10,14.300000,14.370000,13.980000,14.120000,14.120000,0
2013-04-11,14.190000,14.240000,13.940000,14.170000,14.170000,0
2013-04-12,14.390000,14.680000,13.980000,14.020000,14.020000,0
2013-04-15,14.670000,17.030001,14.540000,17.030001,17.030001,0
2013-04-16,15.690000,15.750000,15.070000,15.100000,15.100000,0
2013-04-17,15.910000,17.459999,15.730000,16.930000,16.930000,0
2013-04-18,16.719999,17.959999,16.700001,17.520000,17.520000,0
2013-04-19,17.120001,17.209999,16.170000,16.170000,16.170000,0
2013-04-22,16.170000,16.770000,15.550000,15.660000,15.660000,0
2013-04-23,15.180000,15.800000,14.820000,14.830000,14.830000,0
2013-04-24,14.910000,15.080000,14.730000,14.970000,14.970000,0
2013-04-25,14.970000,15.090000,14.530000,14.960000,14.960000,0
2013-04-26,15.170000,15.300000,14.870000,14.890000,14.890000,0
2013-04-29,14.920000,15.000000,14.600000,14.920000,14.920000,0
2013-04-30,14.990000,15.320000,14.740000,14.780000,14.780000,0
2013-05-01,15.030000,15.640000,15.030000,15.610000,15.610000,0
2013-05-02,15.410000,15.500000,14.870000,14.870000,14.870000,0
2013-05-03,14.390000,14.520000,14.310000,14.450000,14.450000,0
2013-05-06,14.460000,14.590000,14.220000,14.310000,14.310000,0
2013-05-07,14.220000,14.410000,14.150000,14.350000,14.350000,0
2013-05-08,14.370000,14.660000,14.360000,14.400000,14.400000,0
2013-05-09,14.540000,15.080000,14.450000,14.810000,14.810000,0
2013-05-10,14.710000,15.130000,14.680000,14.710000,14.710000,0
2013-05-13,15.100000,15.240000,14.930000,15.050000,15.050000,0
2013-05-14,15.130000,15.310000,14.970000,14.980000,14.980000,0
2013-05-15,15.210000,15.500000,15.020000,15.050000,15.050000,0
2013-05-16,15.270000,15.530000,15.080000,15.450000,15.450000,0
2013-05-17,15.230000,15.400000,15.040000,15.170000,15.170000,0
2013-05-20,15.470000,15.490000,15.190000,15.310000,15.310000,0
2013-05-21,15.360000,15.780000,15.280000,15.780000,15.780000,0
2013-05-22,15.650000,16.370001,15.330000,15.820000,15.820000,0
2013-05-23,16.590000,16.620001,15.900000,16.000000,16.000000,0
2013-05-24,16.309999,16.360001,15.920000,15.920000,15.920000,0
2013-05-28,15.480000,16.010000,15.420000,15.870000,15.870000,0
2013-05-29,16.410000,16.650000,15.960000,16.150000,16.150000,0
2013-05-30,16.170000,16.250000,15.860000,16.010000,16.010000,0
2013-05-31,16.389999,17.280001,16.020000,17.129999,17.129999,0
2013-06-03,17.180000,17.950001,17.090000,17.219999,17.219999,0
2013-06-04,17.160000,17.799999,16.930000,17.260000,17.260000,0
2013-06-05,17.570000,18.180000,17.450001,18.000000,18.000000,0
2013-06-06,18.100000,18.790001,17.530001,17.549999,17.549999,0
2013-06-07,17.090000,17.250000,16.600000,16.719999,16.719999,0
2013-06-10,16.590000,16.840000,16.520000,16.730000,16.730000,0
2013-06-11,17.770000,17.969999,17.139999,17.910000,17.910000,0
2013-06-12,17.570000,19.070000,17.540001,19.070000,19.070000,0
2013-06-13,18.969999,19.080000,17.790001,17.830000,17.830000,0
2013-06-14,18.030001,18.360001,17.610001,18.299999,18.299999,0
2013-06-17,17.850000,18.480000,17.660000,17.990000,17.990000,0
2013-06-18,17.969999,18.040001,17.690001,17.750000,17.750000,0
2013-06-19,17.920000,18.139999,16.980000,17.780001,17.780001,0
2013-06-20,18.959999,20.820000,18.780001,20.340000,20.340000,0
2013-06-21,19.400000,20.700001,19.100000,19.490000,19.490000,0
2013-06-24,20.629999,21.350000,19.709999,20.730000,20.730000,0
2013-06-25,19.750000,20.200001,19.340000,19.670000,19.670000,0
2013-06-26,18.730000,19.430000,18.620001,18.820000,18.820000,0
2013-06-27,18.330000,18.690001,18.190001,18.559999,18.559999,0
2013-06-28,18.830000,19.110001,18.040001,18.389999,18.389999,0
2013-07-01,18.320000,18.320000,17.650000,17.920000,17.920000,0
2013-07-02,17.950001,18.330000,17.570000,18.020000,18.020000,0
2013-07-03,18.440001,18.540001,17.809999,17.809999,17.809999,0
2013-07-05,17.370001,17.809999,16.879999,16.879999,16.879999,0
2013-07-08,16.690001,16.940001,16.400000,16.410000,16.410000,0
2013-07-09,16.000000,16.150000,15.810000,15.910000,15.910000,0
2013-07-10,16.010000,16.049999,15.640000,15.770000,15.770000,0
2013-07-11,15.200000,15.660000,15.190000,15.500000,15.500000,0
2013-07-12,15.570000,15.820000,15.510000,15.650000,15.650000,0
2013-07-15,15.680000,15.830000,15.450000,15.620000,15.620000,0
2013-07-16,15.600000,16.110001,15.570000,16.010000,16.010000,0
2013-07-17,15.930000,16.049999,15.520000,15.560000,15.560000,0
2013-07-18,15.380000,15.580000,15.120000,15.560000,15.560000,0
2013-07-19,15.670000,15.710000,15.040000,15.040000,15.040000,0
2013-07-22,15.300000,15.370000,14.690000,14.690000,14.690000,0
2013-07-23,14.550000,15.040000,14.510000,14.880000,14.880000,0
2013-07-24,14.790000,15.410000,14.790000,15.190000,15.190000,0
2013-07-25,15.410000,15.460000,14.980000,15.000000,15.000000,0
2013-07-26,15.260000,15.500000,14.800000,14.800000,14.800000,0
2013-07-29,15.210000,15.430000,15.100000,15.110000,15.110000,0
2013-07-30,15.080000,15.450000,14.980000,14.980000,14.980000,0
2013-07-31,14.990000,15.120000,14.540000,14.920000,14.920000,0
2013-08-01,14.480000,14.630000,14.400000,14.550000,14.550000,0
2013-08-02,14.370000,14.450000,14.020000,14.030000,14.030000,0
2013-08-05,14.110000,14.200000,13.850000,13.860000,13.860000,0
2013-08-06,14.110000,14.670000,14.070000,14.560000,14.560000,0
2013-08-07,14.880000,15.440000,14.800000,14.810000,14.810000,0
2013-08-08,14.570000,14.950000,14.450000,14.670000,14.670000,0
2013-08-09,14.770000,15.280000,14.650000,15.100000,15.100000,0
2013-08-12,15.590000,15.590000,15.170000,15.170000,15.170000,0
2013-08-13,15.160000,15.420000,14.790000,14.860000,14.860000,0
2013-08-14,14.940000,15.270000,14.860000,15.240000,15.240000,0
2013-08-15,16.049999,16.469999,15.830000,16.240000,16.240000,0
2013-08-16,16.209999,16.240000,15.690000,15.940000,15.940000,0
2013-08-19,16.290001,16.450001,15.960000,16.400000,16.400000,0
2013-08-20,16.530001,16.530001,15.920000,16.309999,16.309999,0
2013-08-21,16.889999,17.059999,15.880000,16.790001,16.790001,0
2013-08-22,16.459999,16.459999,15.930000,15.990000,15.990000,0
2013-08-23,15.770000,16.070000,15.550000,15.550000,15.550000,0
2013-08-26,15.790000,16.270000,15.430000,16.209999,16.209999,0
2013-08-27,17.309999,17.790001,16.860001,17.680000,17.680000,0
2013-08-28,17.760000,17.860001,17.320000,17.620001,17.620001,0
2013-08-29,17.780001,17.980000,17.260000,17.900000,17.900000,0
2013-08-30,17.840000,18.400000,17.830000,18.049999,18.049999,0
2013-09-03,17.459999,18.090000,17.370001,17.639999,17.639999,0
2013-09-04,17.780001,17.860001,17.129999,17.299999,17.299999,0
2013-09-05,17.340000,17.340000,17.030001,17.139999,17.139999,0
2013-09-06,16.840000,17.830000,16.680000,17.170000,17.170000,0
2013-09-09,17.059999,17.110001,16.590000,16.830000,16.830000,0
2013-09-10,16.299999,16.400000,16.090000,16.110001,16.110001,0
2013-09-11,16.309999,16.309999,15.400000,15.610000,15.610000,0
2013-09-12,15.620000,15.910000,15.420000,15.850000,15.850000,0
2013-09-13,15.820000,15.920000,15.670000,15.700000,15.700000,0
2013-09-16,15.530000,15.730000,15.270000,15.580000,15.580000,0
2013-09-17,15.610000,15.720000,15.520000,15.660000,15.660000,0
2013-09-18,15.790000,15.790000,14.880000,15.180000,15.180000,0
2013-09-19,14.840000,15.140000,14.830000,15.020000,15.020000,0
2013-09-20,15.140000,15.410000,14.940000,15.320000,15.320000,0
2013-09-23,15.650000,16.070000,15.640000,15.920000,15.920000,0
2013-09-24,15.810000,15.920000,15.430000,15.640000,15.640000,0
2013-09-25,15.740000,15.950000,15.420000,15.560000,15.560000,0
2013-09-26,15.470000,15.610000,15.240000,15.410000,15.410000,0
2013-09-27,15.870000,16.190001,15.810000,16.040001,16.040001,0
2013-09-30,17.270000,17.280001,16.620001,16.799999,16.799999,0
2013-10-01,16.760000,16.770000,16.100000,16.129999,16.129999,0
2013-10-02,16.730000,16.990000,16.510000,16.809999,16.809999,0
2013-10-03,16.930000,18.400000,16.910000,17.700001,17.700001,0
2013-10-04,17.820000,17.879999,17.139999,17.209999,17.209999,0
2013-10-07,18.520000,19.070000,18.040001,19.070000,19.070000,0
2013-10-08,18.840000,20.240000,18.820000,19.840000,19.840000,0
2013-10-09,19.690001,20.370001,18.940001,19.290001,19.290001,0
2013-10-10,18.200001,18.200001,17.139999,17.209999,17.209999,0
2013-10-11,17.180000,17.200001,16.410000,16.570000,16.570000,0
2013-10-14,17.520000,17.799999,16.639999,16.920000,16.920000,0
2013-10-15,17.049999,18.410000,16.930000,18.410000,18.410000,0
2013-10-16,17.700001,17.700001,16.170000,16.260000,16.260000,0
2013-10-17,16.190001,16.250000,15.310000,15.440000,15.440000,0
2013-10-18,15.100000,15.270000,14.740000,14.920000,14.920000,0
2013-10-21,14.930000,15.270000,14.870000,15.140000,15.140000,0
2013-10-22,14.880000,15.230000,14.820000,15.020000,15.020000,0
2013-10-23,15.350000,15.670000,15.110000,15.110000,15.110000,0
2013-10-24,15.160000,15.230000,14.850000,14.900000,14.900000,0
2013-10-25,14.850000,14.980000,14.660000,14.870000,14.870000,0
2013-10-28,15.120000,15.150000,14.790000,14.870000,14.870000,0
2013-10-29,14.830000,15.090000,14.720000,15.030000,15.030000,0
2013-10-30,14.680000,15.450000,14.680000,15.130000,15.130000,0
2013-10-31,15.240000,15.420000,14.810000,15.250000,15.250000,0
2013-11-01,15.150000,15.410000,15.010000,15.060000,15.060000,0
2013-11-04,15.060000,15.320000,14.630000,14.680000,14.680000,0
2013-11-05,14.890000,15.130000,14.680000,14.920000,14.920000,0
2013-11-06,14.730000,14.880000,14.620000,14.660000,14.660000,0
2013-11-07,14.620000,15.470000,14.610000,15.360000,15.360000,0
2013-11-08,15.290000,15.320000,14.570000,14.630000,14.630000,0
2013-11-11,14.810000,14.890000,14.690000,14.730000,14.730000,0
2013-11-12,14.960000,15.060000,14.800000,14.880000,14.880000,0
2013-11-13,15.250000,15.250000,14.810000,14.830000,14.830000,0
2013-11-14,14.890000,14.960000,14.660000,14.880000,14.880000,0
2013-11-15,14.710000,14.860000,14.650000,14.800000,14.800000,0
2013-11-18,14.800000,15.040000,14.630000,14.930000,14.930000,0
2013-11-19,14.990000,15.310000,14.890000,15.250000,15.250000,0
2013-11-20,15.360000,15.360000,14.760000,14.990000,14.990000,0
2013-11-21,14.910000,14.920000,14.410000,14.520000,14.520000,0
2013-11-22,14.490000,14.520000,14.150000,14.150000,14.150000,0
2013-11-25,14.160000,14.510000,14.140000,14.430000,14.430000,0
2013-11-26,14.540000,14.590000,14.270000,14.550000,14.550000,0
2013-11-27,14.580000,14.620000,14.400000,14.600000,14.600000,0
2013-11-29,14.700000,15.060000,14.620000,15.030000,15.030000,0
2013-12-02,15.090000,15.230000,14.980000,15.190000,15.190000,0
2013-12-03,15.580000,15.880000,15.410000,15.490000,15.490000,0
2013-12-04,15.870000,16.209999,15.290000,15.570000,15.570000,0
2013-12-05,15.700000,15.990000,15.580000,15.780000,15.780000,0
2013-12-06,15.100000,15.250000,14.820000,14.950000,14.950000,0
2013-12-09,15.070000,15.140000,14.930000,14.930000,14.930000,0
2013-12-10,15.100000,15.240000,15.010000,15.220000,15.220000,0
2013-12-11,15.260000,16.030001,15.260000,15.990000,15.990000,0
2013-12-12,16.139999,16.420000,15.880000,16.120001,16.120001,0
2013-12-13,15.950000,16.290001,15.910000,16.270000,16.270000,0
2013-12-16,16.110001,16.410000,15.890000,16.389999,16.389999,0
2013-12-17,16.480000,16.870001,16.340000,16.500000,16.500000,0
2013-12-18,16.370001,16.840000,14.950000,14.990000,14.990000,0
2013-12-19,15.040000,15.290000,14.820000,15.280000,15.280000,0
2013-12-20,14.960000,15.130000,14.720000,15.010000,15.010000,0
2013-12-23,14.670000,14.810000,14.520000,14.520000,14.520000,0
2013-12-24,14.380000,14.540000,14.240000,14.240000,14.240000,0
2013-12-26,14.150000,14.170000,13.780000,14.030000,14.030000,0
2013-12-27,13.890000,14.050000,13.890000,13.980000,13.980000,0
2013-12-30,14.200000,14.780000,14.200000,14.770000,14.770000,0
2013-12-31,14.670000,15.130000,14.650000,14.770000,14.770000,0
2014-01-02,15.130000,15.410000,15.080000,15.260000,15.260000,0
2014-01-03,15.210000,15.360000,14.970000,15.090000,15.090000,0
2014-01-06,14.780000,15.180000,14.750000,14.820000,14.820000,0
2014-01-07,13.580000,14.670000,13.570000,14.410000,14.410000,0
2014-01-08,14.480000,14.590000,14.270000,14.290000,14.290000,0
2014-01-09,14.290000,14.630000,14.230000,14.290000,14.290000,0
2014-01-10,14.110000,14.370000,13.940000,13.940000,13.940000,0
2014-01-13,14.260000,15.170000,14.190000,14.980000,14.980000,0
2014-01-14,14.810000,14.810000,14.320000,14.490000,14.490000,0
2014-01-15,14.360000,14.550000,14.290000,14.460000,14.460000,0
2014-01-16,14.570000,14.790000,14.550000,14.690000,14.690000,0
2014-01-17,14.680000,14.970000,14.370000,14.630000,14.630000,0
2014-01-21,14.560000,15.120000,14.560000,14.620000,14.620000,0
2014-01-22,14.580000,14.800000,14.440000,14.470000,14.470000,0
2014-01-23,14.990000,15.540000,14.940000,14.980000,14.980000,0
2014-01-24,15.690000,17.400000,15.670000,17.400000,17.400000,0
2014-01-27,16.910000,18.070000,16.709999,17.129999,17.129999,0
2014-01-28,17.120001,17.120001,16.170000,16.200001,16.200001,0
2014-01-29,17.400000,17.540001,16.590000,17.240000,17.240000,0
2014-01-30,16.700001,17.370001,16.469999,17.370001,17.370001,0
2014-01-31,18.430000,18.510000,17.490000,18.090000,18.090000,0
2014-02-03,18.280001,20.200001,18.170000,20.139999,20.139999,0
2014-02-04,19.379999,19.980000,18.600000,19.080000,19.080000,0
2014-02-05,19.379999,19.990000,19.059999,19.670000,19.670000,0
2014-02-06,19.100000,19.100000,17.780001,17.790001,17.790001,0
2014-02-07,17.030001,17.230000,16.250000,16.340000,16.340000,0
2014-02-10,16.559999,16.700001,16.309999,16.320000,16.320000,0
2014-02-11,16.290001,16.290001,15.470000,15.750000,15.750000,0
2014-02-12,15.610000,15.970000,15.240000,15.650000,15.650000,0
2014-02-13,16.240000,16.330000,15.430000,15.500000,15.500000,0
2014-02-14,15.560000,15.560000,15.000000,15.170000,15.170000,0
2014-02-18,15.250000,15.510000,15.090000,15.220000,15.220000,0
2014-02-19,15.570000,16.330000,15.250000,16.290001,16.290001,0
2014-02-20,16.100000,16.500000,15.650000,15.720000,15.720000,0
2014-02-21,15.610000,15.660000,15.300000,15.640000,15.640000,0
2014-02-24,15.650000,15.760000,15.110000,15.500000,15.500000,0
2014-02-25,15.460000,16.040001,15.360000,15.500000,15.500000,0
2014-02-26,15.370000,16.000000,15.310000,15.910000,15.910000,0
2014-02-27,15.920000,16.040001,15.590000,15.630000,15.630000,0
2014-02-28,15.710000,16.240000,15.350000,15.800000,15.800000,0
2014-03-03,17.110001,17.440001,16.580000,16.920000,16.920000,0
2014-03-04,15.890000,15.960000,15.670000,15.690000,15.690000,0
2014-03-05,15.740000,16.070000,15.580000,15.770000,15.770000,0
2014-03-06,15.580000,16.010000,15.520000,15.830000,15.830000,0
2014-03-07,15.500000,16.090000,15.500000,15.870000,15.870000,0
2014-03-10,16.209999,16.690001,15.840000,15.970000,15.970000,0
2014-03-11,15.960000,16.379999,15.750000,16.350000,16.350000,0
2014-03-12,16.780001,16.870001,16.080000,16.080000,16.080000,0
2014-03-13,15.950000,17.410000,15.930000,17.129999,17.129999,0
2014-03-14,17.370001,18.260000,17.030001,17.930000,17.930000,0
2014-03-17,17.180000,17.180000,16.440001,16.690001,16.690001,0
2014-03-18,16.440001,16.540001,15.920000,16.160000,16.160000,0
2014-03-19,16.120001,17.030001,15.770000,16.320000,16.320000,0
2014-03-20,16.520000,16.660000,15.860000,15.860000,15.860000,0
2014-03-21,15.540000,16.280001,15.490000,16.180000,16.180000,0
2014-03-24,15.860000,16.700001,15.780000,16.100000,16.100000,0
2014-03-25,15.560000,16.120001,15.470000,15.530000,15.530000,0
2014-03-26,15.320000,16.190001,15.190000,16.080000,16.080000,0
2014-03-27,16.139999,16.490000,15.740000,15.870000,15.870000,0
2014-03-28,15.580000,15.860000,15.230000,15.460000,15.460000,0
2014-03-31,15.130000,15.290000,14.860000,15.080000,15.080000,0
2014-04-01,14.760000,14.790000,14.400000,14.400000,14.400000,0
2014-04-02,14.420000,14.630000,14.260000,14.450000,14.450000,0
2014-04-03,14.350000,14.780000,14.340000,14.500000,14.500000,0
2014-04-04,14.210000,15.330000,14.150000,14.960000,14.960000,0
2014-04-07,15.550000,16.190001,15.150000,15.900000,15.900000,0
2014-04-08,15.950000,16.480000,15.430000,15.530000,15.530000,0
2014-04-09,15.320000,15.560000,14.750000,14.830000,14.830000,0
2014-04-10,14.980000,16.379999,14.740000,16.070000,16.070000,0
2014-04-11,16.639999,17.600000,15.810000,16.790001,16.790001,0
2014-04-14,16.209999,17.230000,16.190001,16.370001,16.370001,0
2014-04-15,16.480000,17.370001,15.980000,15.990000,15.990000,0
2014-04-16,15.510000,15.850000,15.150000,15.230000,15.230000,0
2014-04-17,15.210000,15.280000,14.630000,14.840000,14.840000,0
2014-04-21,15.200000,15.210000,14.670000,14.750000,14.750000,0
2014-04-22,14.700000,14.710000,14.460000,14.610000,14.610000,0
2014-04-23,14.700000,14.920000,14.660000,14.830000,14.830000,0
2014-04-24,14.670000,15.150000,14.530000,14.770000,14.770000,0
2014-04-25,15.090000,15.600000,15.080000,15.180000,15.180000,0
2014-04-28,15.200000,15.800000,14.850000,14.930000,14.930000,0
2014-04-29,14.840000,15.100000,14.750000,14.830000,14.830000,0
2014-04-30,15.030000,15.110000,14.630000,14.700000,14.700000,0
2014-05-01,14.880000,14.970000,14.550000,14.670000,14.670000,0
2014-05-02,14.660000,14.970000,14.460000,14.680000,14.680000,0
2014-05-05,15.280000,15.450000,14.630000,14.750000,14.750000,0
2014-05-06,14.940000,15.120000,14.710000,15.120000,15.120000,0
2014-05-07,14.870000,15.400000,14.600000,14.620000,14.620000,0
2014-05-08,14.810000,14.890000,14.250000,14.580000,14.580000,0
2014-05-09,14.630000,14.950000,14.290000,14.380000,14.380000,0
2014-05-12,14.150000,14.170000,13.820000,13.880000,13.880000,0
2014-05-13,13.880000,14.110000,13.770000,14.040000,14.040000,0
2014-05-14,14.170000,14.370000,14.000000,14.180000,14.180000,0
2014-05-15,14.530000,15.190000,14.530000,14.860000,14.860000,0
2014-05-16,14.790000,14.930000,14.110000,14.330000,14.330000,0
2014-05-19,14.590000,14.610000,14.060000,14.110000,14.110000,0
2014-05-20,14.300000,14.700000,14.100000,14.410000,14.410000,0
2014-05-21,14.000000,14.070000,13.730000,13.870000,13.870000,0
2014-05-22,13.820000,13.910000,13.560000,13.830000,13.830000,0
2014-05-23,13.830000,13.880000,13.600000,13.620000,13.620000,0
2014-05-27,13.600000,13.670000,13.570000,13.640000,13.640000,0
2014-05-28,13.640000,13.810000,13.570000,13.770000,13.770000,0
2014-05-29,13.680000,13.920000,13.440000,13.710000,13.710000,0
2014-05-30,13.720000,13.840000,13.640000,13.750000,13.750000,0
2014-06-02,13.870000,14.140000,13.830000,13.880000,13.880000,0
2014-06-03,14.110000,14.150000,13.810000,13.820000,13.820000,0
2014-06-04,14.000000,14.040000,13.740000,13.770000,13.770000,0
2014-06-05,13.750000,13.790000,13.280000,13.580000,13.580000,0
2014-06-06,13.130000,13.150000,12.730000,12.830000,12.830000,0
2014-06-09,12.970000,13.100000,12.820000,13.020000,13.020000,0
2014-06-10,13.090000,13.260000,12.960000,13.010000,13.010000,0
2014-06-11,13.260000,13.440000,13.120000,13.290000,13.290000,0
2014-06-12,13.430000,14.440000,13.410000,14.110000,14.110000,0
2014-06-13,14.080000,14.320000,13.720000,13.790000,13.790000,0
2014-06-16,14.080000,14.170000,13.800000,13.970000,13.970000,0
2014-06-17,14.070000,14.120000,13.530000,13.660000,13.660000,0
2014-06-18,13.430000,13.490000,12.610000,12.620000,12.620000,0
2014-06-19,12.830000,12.850000,12.560000,12.700000,12.700000,0
2014-06-20,12.570000,12.890000,12.560000,12.870000,12.870000,0
2014-06-23,13.060000,13.170000,12.880000,12.920000,12.920000,0
2014-06-24,13.120000,13.430000,12.730000,13.380000,13.380000,0
2014-06-25,13.630000,13.630000,13.040000,13.110000,13.110000,0
2014-06-26,13.010000,13.590000,12.990000,13.070000,13.070000,0
2014-06-27,13.130000,13.220000,12.760000,12.820000,12.820000,0
2014-06-30,13.040000,13.080000,12.850000,13.010000,13.010000,0
2014-07-01,12.860000,12.870000,12.480000,12.740000,12.740000,0
2014-07-02,12.700000,12.700000,12.290000,12.490000,12.490000,0
2014-07-03,12.340000,12.410000,12.190000,12.240000,12.240000,0
2014-07-07,12.700000,12.890000,12.640000,12.870000,12.870000,0
2014-07-08,13.110000,13.550000,13.110000,13.210000,13.210000,0
2014-07-09,13.130000,13.250000,12.850000,12.990000,12.990000,0
2014-07-10,13.990000,14.010000,13.240000,13.650000,13.650000,0
2014-07-11,13.630000,13.710000,13.240000,13.280000,13.280000,0
2014-07-14,13.040000,13.060000,12.820000,12.930000,12.930000,0
2014-07-15,12.860000,13.400000,12.820000,13.160000,13.160000,0
2014-07-16,12.680000,12.910000,12.560000,12.630000,12.630000,0
2014-07-17,12.630000,14.970000,12.630000,14.970000,14.970000,0
2014-07-18,13.810000,13.930000,13.150000,13.360000,13.360000,0
2014-07-21,13.600000,14.020000,13.530000,13.800000,13.800000,0
2014-07-22,13.180000,13.500000,13.000000,13.500000,13.500000,0
2014-07-23,13.080000,13.540000,13.050000,13.380000,13.380000,0
2014-07-24,13.210000,13.560000,13.210000,13.450000,13.450000,0
2014-07-25,13.510000,14.010000,13.510000,14.000000,14.000000,0
2014-07-28,14.030000,14.400000,13.870000,13.920000,13.920000,0
2014-07-29,13.720000,14.230000,13.590000,14.220000,14.220000,0
2014-07-30,13.810000,14.550000,13.740000,14.260000,14.260000,0
2014-07-31,14.820000,16.490000,14.780000,16.379999,16.379999,0
2014-08-01,16.320000,17.010000,15.640000,16.780001,16.780001,0
2014-08-04,16.580000,16.730000,15.550000,15.810000,15.810000,0
2014-08-05,16.080000,17.340000,15.970000,17.139999,17.139999,0
2014-08-06,17.370001,17.370001,16.340000,16.930000,16.930000,0
2014-08-07,16.420000,17.690001,16.309999,17.219999,17.219999,0
2014-08-08,16.860001,17.600000,16.480000,16.690001,16.690001,0
2014-08-11,16.110001,16.110001,15.480000,15.760000,15.760000,0
2014-08-12,15.700000,15.990000,15.410000,15.700000,15.700000,0
2014-08-13,15.230000,15.660000,14.720000,14.850000,14.850000,0
2014-08-14,14.370000,14.610000,14.120000,14.430000,14.430000,0
2014-08-15,13.770000,15.300000,13.770000,14.420000,14.420000,0
2014-08-18,13.930000,14.090000,13.720000,13.910000,13.910000,0
2014-08-19,13.410000,13.790000,13.370000,13.790000,13.790000,0
2014-08-20,13.730000,14.030000,13.630000,13.760000,13.760000,0
2014-08-21,13.550000,13.670000,13.380000,13.530000,13.530000,0
2014-08-22,13.550000,14.020000,13.490000,13.510000,13.510000,0
2014-08-25,13.360000,13.570000,13.240000,13.570000,13.570000,0
2014-08-26,13.500000,13.830000,13.210000,13.710000,13.710000,0
2014-08-27,13.610000,13.970000,13.580000,13.920000,13.920000,0
2014-08-28,14.180000,14.330000,14.120000,14.130000,14.130000,0
2014-08-29,13.910000,14.390000,13.910000,14.260000,14.260000,0
2014-09-02,14.250000,14.700000,14.230000,14.460000,14.460000,0
2014-09-03,14.090000,14.570000,14.090000,14.390000,14.390000,0
2014-09-04,14.330000,14.800000,13.890000,14.540000,14.540000,0
2014-09-05,14.400000,14.890000,14.040000,14.080000,14.080000,0
2014-09-08,14.360000,14.610000,14.290000,14.390000,14.390000,0
2014-09-09,14.440000,15.020000,14.420000,14.840000,14.840000,0
2014-09-10,14.890000,15.170000,14.630000,14.630000,14.630000,0
2014-09-11,14.980000,15.080000,14.590000,14.680000,14.680000,0
2014-09-12,14.670000,15.370000,14.670000,15.040000,15.040000,0
2014-09-15,15.070000,15.590000,15.070000,15.580000,15.580000,0
2014-09-16,15.810000,15.810000,14.850000,14.850000,14.850000,0
2014-09-17,14.870000,14.870000,14.100000,14.620000,14.620000,0
2014-09-18,14.370000,14.470000,14.230000,14.230000,14.230000,0
2014-09-19,13.960000,14.600000,13.890000,14.380000,14.380000,0
2014-09-22,14.740000,15.410000,14.740000,15.260000,15.260000,0
2014-09-23,15.730000,16.070000,15.250000,16.070000,16.070000,0
2014-09-24,15.740000,15.990000,15.180000,15.220000,15.220000,0
2014-09-25,15.410000,16.910000,15.400000,16.590000,16.590000,0
2014-09-26,16.490000,16.570000,15.700000,16.020000,16.020000,0
2014-09-29,17.250000,17.270000,16.400000,16.820000,16.820000,0
2014-09-30,16.660000,17.150000,16.430000,17.080000,17.080000,0
2014-10-01,17.180000,18.139999,17.139999,17.620001,17.620001,0
2014-10-02,17.570000,18.360001,17.010000,17.240000,17.240000,0
2014-10-03,16.760000,16.870001,16.040001,16.040001,16.040001,0
2014-10-06,15.730000,16.709999,15.730000,16.549999,16.549999,0
2014-10-07,17.020000,17.920000,16.889999,17.680000,17.680000,0
2014-10-08,17.719999,18.090000,16.280001,16.280001,16.280001,0
2014-10-09,16.680000,18.459999,16.459999,18.090000,18.090000,0
2014-10-10,18.299999,20.059999,17.879999,19.930000,19.930000,0
2014-10-13,19.840000,22.180000,19.430000,22.120001,22.120001,0
2014-10-14,21.590000,22.719999,20.320000,21.370001,21.370001,0
2014-10-15,23.900000,26.570000,22.360001,22.770000,22.770000,0
2014-10-16,25.309999,25.309999,21.360001,22.850000,22.850000,0
2014-10-17,20.900000,21.690001,20.200001,21.250000,21.250000,0
2014-10-20,21.459999,21.510000,19.410000,19.670000,19.670000,0
2014-10-21,19.030001,19.059999,17.870001,17.870001,17.870001,0
2014-10-22,17.799999,19.510000,17.650000,19.059999,19.059999,0
2014-10-23,17.940001,18.480000,17.670000,18.219999,18.219999,0
2014-10-24,18.180000,18.860001,17.830000,17.920000,17.920000,0
2014-10-27,18.510000,18.830000,17.850000,17.860001,17.860001,0
2014-10-28,17.600000,17.610001,16.440001,16.459999,16.459999,0
2014-10-29,16.549999,17.650000,16.100000,16.889999,16.889999,0
2014-10-30,17.049999,17.230000,16.350000,16.740000,16.740000,0
2014-10-31,16.129999,16.700001,16.049999,16.510000,16.510000,0
2014-11-03,16.559999,16.840000,16.250000,16.809999,16.809999,0
2014-11-04,16.980000,17.379999,16.740000,16.930000,16.930000,0
2014-11-05,16.650000,17.030001,16.480000,16.570000,16.570000,0
2014-11-06,16.559999,17.000000,16.049999,16.260000,16.260000,0
2014-11-07,16.030001,16.320000,15.570000,15.830000,15.830000,0
2014-11-10,15.780000,15.780000,15.040000,15.040000,15.040000,0
2014-11-11,15.230000,15.500000,14.790000,15.360000,15.360000,0
2014-11-12,15.730000,15.980000,15.320000,15.740000,15.740000,0
2014-11-13,15.740000,16.219999,15.420000,15.890000,15.890000,0
2014-11-14,15.820000,16.209999,15.690000,15.960000,15.960000,0
2014-11-17,16.110001,16.120001,15.740000,15.930000,15.930000,0
2014-11-18,15.780000,15.790000,15.290000,15.700000,15.700000,0
2014-11-19,15.900000,16.299999,15.870000,15.970000,15.970000,0
2014-11-20,16.309999,16.320000,15.840000,16.010000,16.010000,0
2014-11-21,15.340000,16.170000,15.340000,15.790000,15.790000,0
2014-11-24,15.730000,15.780000,15.370000,15.550000,15.550000,0
2014-11-25,15.560000,15.920000,15.300000,15.410000,15.410000,0
2014-11-26,15.460000,15.500000,15.170000,15.320000,15.320000,0
2014-11-28,15.650000,15.980000,15.490000,15.930000,15.930000,0
2014-12-01,16.440001,16.820000,16.400000,16.660000,16.660000,0
2014-12-02,16.650000,16.650000,15.750000,15.960000,15.960000,0
2014-12-03,15.860000,15.890000,15.460000,15.530000,15.530000,0
2014-12-04,15.770000,16.150000,15.330000,15.640000,15.640000,0
2014-12-05,15.410000,16.180000,15.120000,15.300000,15.300000,0
2014-12-08,15.870000,17.459999,15.640000,16.780001,16.780001,0
2014-12-09,17.790001,18.340000,17.129999,17.230000,17.230000,0
2014-12-10,17.299999,19.950001,17.219999,19.139999,19.139999,0
2014-12-11,18.700001,20.719999,17.809999,20.719999,20.719999,0
2014-12-12,20.980000,22.010000,18.990000,21.000000,21.000000,0
2014-12-15,20.670000,22.260000,19.400000,21.059999,21.059999,0
2014-12-16,22.110001,23.180000,20.480000,23.090000,23.090000,0
2014-12-17,23.030001,23.719999,20.299999,20.430000,20.430000,0
2014-12-18,19.070000,19.639999,18.309999,18.480000,18.480000,0
2014-12-19,18.230000,18.930000,18.230000,18.469999,18.469999,0
2014-12-22,17.980000,18.280001,17.480000,17.590000,17.590000,0
2014-12-23,17.180000,17.940001,17.160000,17.940001,17.940001,0
2014-12-24,17.270000,17.299999,17.000000,17.260000,17.260000,0
2014-12-26,17.219999,17.379999,16.980000,17.160000,17.160000,0
2014-12-29,17.670000,17.730000,17.250000,17.270000,17.270000,0
2014-12-30,17.610001,18.160000,17.430000,18.020000,18.020000,0
2014-12-31,17.680000,20.420000,17.660000,19.740000,19.740000,0
2015-01-02,18.879999,20.590000,18.530001,19.459999,19.459999,0
2015-01-05,20.020000,21.320000,20.020000,20.790001,20.790001,0
2015-01-06,20.889999,22.360001,20.459999,21.420000,21.420000,0
2015-01-07,20.650000,20.860001,19.830000,20.080000,20.080000,0
2015-01-08,19.010000,19.270000,18.340000,18.660000,18.660000,0
2015-01-09,18.020000,19.440001,18.020000,19.320000,19.320000,0
2015-01-12,19.090000,20.750000,19.080000,20.480000,20.480000,0
2015-01-13,19.459999,21.959999,19.080000,21.270000,21.270000,0
2015-01-14,22.190001,23.040001,20.930000,20.930000,20.930000,0
2015-01-15,21.190001,22.379999,20.930000,22.110001,22.110001,0
2015-01-16,21.930000,22.370001,20.959999,21.150000,21.150000,0
2015-01-20,20.740000,21.889999,20.510000,20.870001,20.870001,0
2015-01-21,21.129999,21.400000,20.040001,20.040001,20.040001,0
2015-01-22,19.260000,20.090000,18.450001,18.600000,18.600000,0
2015-01-23,18.559999,19.000000,18.030001,19.000000,19.000000,0
2015-01-26,18.889999,19.020000,18.030001,18.030001,18.030001,0
2015-01-27,19.450001,19.889999,18.770000,19.110001,19.110001,0
2015-01-28,18.660000,21.440001,18.040001,21.440001,21.440001,0
2015-01-29,21.150000,21.840000,19.969999,20.000000,20.000000,0
2015-01-30,20.920000,22.549999,20.170000,21.820000,21.820000,0
2015-02-02,21.480000,22.990000,20.889999,20.910000,20.910000,0
2015-02-03,20.420000,20.420000,19.200001,19.490000,19.490000,0
2015-02-04,19.910000,20.469999,19.080000,20.430000,20.430000,0
2015-02-05,19.709999,19.790001,19.120001,19.270000,19.270000,0
2015-02-06,19.000000,20.700001,18.670000,19.879999,19.879999,0
2015-02-09,20.830000,20.980000,20.420000,20.670000,20.670000,0
2015-02-10,20.129999,20.480000,19.650000,19.730000,19.730000,0
2015-02-11,19.860001,20.230000,19.510000,19.709999,19.709999,0
2015-02-12,19.360001,19.360001,18.280001,18.340000,18.340000,0
2015-02-13,18.430000,18.600000,17.959999,18.129999,18.129999,0
2015-02-17,18.480000,18.660000,18.120001,18.379999,18.379999,0
2015-02-18,18.879999,18.879999,18.280001,18.660000,18.660000,0
2015-02-19,18.610001,18.660000,17.879999,18.010000,18.010000,0
2015-02-20,18.330000,18.530001,17.290001,17.290001,17.290001,0
2015-02-23,17.670000,17.799999,17.340000,17.540001,17.540001,0
2015-02-24,17.270000,17.469999,16.540001,16.709999,16.709999,0
2015-02-25,16.750000,17.030001,16.209999,16.870001,16.870001,0
2015-02-26,16.850000,17.209999,16.600000,16.850000,16.850000,0
2015-02-27,16.969999,17.080000,16.719999,16.889999,16.889999,0
2015-03-02,16.990000,17.020000,16.139999,16.459999,16.459999,0
2015-03-03,16.580000,17.400000,16.469999,16.780001,16.780001,0
2015-03-04,17.170000,17.299999,16.850000,16.910000,16.910000,0
2015-03-05,16.809999,17.059999,16.389999,16.639999,16.639999,0
2015-03-06,17.059999,17.770000,16.830000,17.510000,17.510000,0
2015-03-09,17.559999,17.570000,17.139999,17.309999,17.309999,0
2015-03-10,18.190001,18.510000,17.980000,18.260000,18.260000,0
2015-03-11,18.139999,18.740000,18.030001,18.530001,18.530001,0
2015-03-12,18.340000,18.340000,17.299999,17.389999,17.389999,0
2015-03-13,17.690001,18.490000,17.450001,17.889999,17.889999,0
2015-03-16,17.770000,17.809999,16.650000,17.400000,17.400000,0
2015-03-17,17.980000,18.070000,17.389999,17.480000,17.480000,0
2015-03-18,17.809999,18.120001,16.080000,16.430000,16.430000,0
2015-03-19,17.090000,17.350000,16.730000,16.969999,16.969999,0
2015-03-20,16.610001,16.709999,15.850000,16.709999,16.709999,0
2015-03-23,16.799999,16.799999,16.120001,16.530001,16.530001,0
2015-03-24,16.580000,16.590000,15.990000,16.590000,16.590000,0
2015-03-25,16.480000,17.570000,16.350000,17.570000,17.570000,0
2015-03-26,18.410000,18.570000,17.290001,17.570000,17.570000,0
2015-03-27,17.650000,17.650000,17.190001,17.389999,17.389999,0
2015-03-30,17.059999,17.059999,16.520000,16.920000,16.920000,0
2015-03-31,17.270000,17.620001,16.790001,17.540001,17.540001,0
2015-04-01,17.570000,18.270000,17.309999,17.340000,17.340000,0
2015-04-02,17.540001,17.660000,16.840000,17.219999,17.219999,0
2015-04-06,17.770000,17.799999,16.549999,16.820000,16.820000,0
2015-04-07,16.820000,16.820000,16.420000,16.799999,16.799999,0
2015-04-08,16.750000,16.860001,16.340000,16.400000,16.400000,0
2015-04-09,16.530001,16.740000,15.770000,16.020000,16.020000,0
2015-04-10,15.830000,15.920000,15.230000,15.460000,15.460000,0
2015-04-13,15.560000,16.340000,15.300000,16.320000,16.320000,0
2015-04-14,16.400000,16.660000,15.840000,15.850000,15.850000,0
2015-04-15,15.900000,15.900000,15.400000,15.690000,15.690000,0
2015-04-16,15.680000,15.790000,15.140000,15.330000,15.330000,0
2015-04-17,16.120001,16.809999,16.010000,16.139999,16.139999,0
2015-04-20,15.910000,15.910000,15.410000,15.580000,15.580000,0
2015-04-21,15.260000,15.690000,15.190000,15.520000,15.520000,0
2015-04-22,15.430000,15.890000,15.140000,15.460000,15.460000,0
2015-04-23,15.490000,15.490000,14.950000,15.170000,15.170000,0
2015-04-24,15.060000,15.310000,15.010000,15.260000,15.260000,0
2015-04-27,15.180000,15.970000,15.170000,15.930000,15.930000,0
2015-04-28,15.870000,16.520000,15.310000,15.310000,15.310000,0
2015-04-29,15.870000,16.240000,15.380000,15.970000,15.970000,0
2015-04-30,16.180000,17.010000,15.530000,16.480000,16.480000,0
2015-05-01,16.180000,16.180000,15.340000,15.380000,15.380000,0
2015-05-04,15.580000,15.580000,15.150000,15.430000,15.430000,0
2015-05-05,15.740000,16.480000,15.480000,16.320000,16.320000,0
2015-05-06,16.100000,17.540001,16.000000,16.719999,16.719999,0
2015-05-07,17.049999,17.260000,16.620001,16.740000,16.740000,0
2015-05-08,15.730000,15.770000,15.480000,15.560000,15.560000,0
2015-05-11,15.800000,16.100000,15.590000,16.100000,16.100000,0
2015-05-12,16.639999,17.090000,16.100000,16.400000,16.400000,0
2015-05-13,16.090000,16.549999,15.650000,16.290001,16.290001,0
2015-05-14,15.610000,16.059999,15.610000,15.910000,15.910000,0
2015-05-15,15.190000,16.000000,15.100000,15.570000,15.570000,0
2015-05-18,15.490000,15.730000,15.160000,15.230000,15.230000,0
2015-05-19,15.100000,15.420000,15.010000,15.280000,15.280000,0
2015-05-20,15.030000,15.480000,14.940000,15.150000,15.150000,0
2015-05-21,15.080000,15.340000,14.320000,14.610000,14.610000,0
2015-05-22,14.580000,14.580000,14.260000,14.480000,14.480000,0
2015-05-26,15.170000,15.780000,15.040000,15.480000,15.480000,0
2015-05-27,15.570000,15.620000,14.840000,14.990000,14.990000,0
2015-05-28,15.230000,15.380000,14.990000,15.010000,15.010000,0
2015-05-29,15.290000,15.700000,15.130000,15.380000,15.380000,0
2015-06-01,15.480000,15.860000,15.190000,15.410000,15.410000,0
2015-06-02,15.920000,16.000000,15.310000,15.710000,15.710000,0
2015-06-03,15.560000,15.720000,15.240000,15.360000,15.360000,0
2015-06-04,16.010000,16.510000,15.650000,16.280001,16.280001,0
2015-06-05,16.450001,16.660000,15.930000,15.960000,15.960000,0
2015-06-08,16.450001,16.650000,16.219999,16.600000,16.600000,0
2015-06-09,16.820000,16.900000,16.240000,16.250000,16.250000,0
2015-06-10,16.190001,16.190001,15.260000,15.330000,15.330000,0
2015-06-11,15.370000,15.380000,14.990000,15.100000,15.100000,0
2015-06-12,15.510000,15.850000,15.460000,15.610000,15.610000,0
2015-06-15,16.660000,16.680000,16.170000,16.620001,16.620001,0
2015-06-16,16.850000,16.850000,16.200001,16.200001,16.200001,0
2015-06-17,16.120001,16.650000,15.630000,16.219999,16.219999,0
2015-06-18,15.880000,15.880000,14.920000,15.440000,15.440000,0
2015-06-19,15.550000,15.920000,15.400000,15.910000,15.910000,0
2015-06-22,15.450000,15.460000,14.910000,14.990000,14.990000,0
2015-06-23,14.890000,14.890000,14.540000,14.540000,14.540000,0
2015-06-24,14.850000,15.200000,14.490000,15.180000,15.180000,0
2015-06-25,14.960000,15.540000,14.900000,15.520000,15.520000,0
2015-06-26,15.460000,15.950000,15.230000,15.460000,15.460000,0
2015-06-29,16.920000,18.940001,16.430000,18.719999,18.719999,0
2015-06-30,17.830000,19.270000,17.700001,18.469999,18.469999,0
2015-07-01,17.299999,17.650000,16.780001,16.790001,16.790001,0
2015-07-02,16.580000,18.070000,16.459999,17.680000,17.680000,0
2015-07-06,18.780001,18.840000,17.530001,18.040001,18.040001,0
2015-07-07,18.100000,19.200001,16.910000,17.020000,17.020000,0
2015-07-08,18.080000,19.440001,17.790001,19.250000,19.250000,0
2015-07-09,18.049999,19.780001,17.850000,19.780001,19.780001,0
2015-07-10,18.340000,18.709999,17.639999,17.730000,17.730000,0
2015-07-13,16.730000,16.730000,15.700000,15.940000,15.940000,0
2015-07-14,15.770000,15.770000,15.130000,15.460000,15.460000,0
2015-07-15,15.600000,16.100000,15.220000,15.600000,15.600000,0
2015-07-16,14.960000,14.970000,14.560000,14.730000,14.730000,0
2015-07-17,14.540000,14.770000,14.480000,14.610000,14.610000,0
2015-07-20,14.710000,14.920000,14.330000,14.850000,14.850000,0
2015-07-21,14.700000,15.100000,14.580000,14.750000,14.750000,0
2015-07-22,14.960000,15.020000,14.510000,14.810000,14.810000,0
2015-07-23,14.600000,15.330000,14.480000,14.920000,14.920000,0
2015-07-24,15.070000,16.150000,14.950000,15.650000,15.650000,0
2015-07-27,16.650000,17.120001,16.309999,16.780001,16.780001,0
2015-07-28,16.180000,16.730000,15.270000,15.430000,15.430000,0
2015-07-29,15.400000,15.410000,14.580000,14.920000,14.920000,0
2015-07-30,15.110000,15.410000,14.710000,14.710000,14.710000,0
2015-07-31,14.730000,15.260000,14.590000,14.900000,14.900000,0
2015-08-03,15.130000,15.510000,14.670000,14.840000,14.840000,0
2015-08-04,14.860000,15.160000,14.690000,15.130000,15.130000,0
2015-08-05,14.660000,14.930000,14.360000,14.880000,14.880000,0
2015-08-06,14.850000,15.900000,14.760000,15.550000,15.550000,0
2015-08-07,15.550000,15.990000,15.360000,15.420000,15.420000,0
2015-08-10,15.080000,15.080000,14.700000,14.990000,14.990000,0
2015-08-11,15.640000,16.250000,15.170000,15.940000,15.940000,0
2015-08-12,16.879999,17.459999,15.770000,15.870000,15.870000,0
2015-08-13,15.870000,16.139999,15.380000,15.750000,15.750000,0
2015-08-14,15.780000,16.120001,15.510000,15.510000,15.510000,0
2015-08-17,16.040001,16.290001,15.140000,15.210000,15.210000,0
2015-08-18,15.390000,15.670000,15.250000,15.610000,15.610000,0
2015-08-19,16.160000,16.780001,15.390000,16.500000,16.500000,0
2015-08-20,17.270000,20.049999,16.670000,18.830000,18.830000,0
2015-08-21,20.209999,24.959999,19.270000,23.469999,23.469999,0
2015-08-24,23.469999,39.980000,23.469999,31.139999,31.139999,0
2015-08-25,25.629999,30.450001,24.790001,29.580000,29.580000,0
2015-08-26,26.750000,29.639999,24.770000,25.650000,25.650000,0
2015-08-27,24.209999,26.990000,22.580000,24.860001,24.860001,0
2015-08-28,25.070000,27.030001,24.200001,25.340000,25.340000,0
2015-08-31,25.639999,26.900000,25.389999,26.530001,26.530001,0
2015-09-01,29.209999,31.740000,27.500000,29.530001,29.530001,0
2015-09-02,27.879999,29.900000,26.080000,26.190001,26.190001,0
2015-09-03,25.190001,26.730000,24.299999,26.200001,26.200001,0
2015-09-04,27.340000,29.520000,26.139999,28.070000,28.070000,0
2015-09-08,26.010000,26.900000,25.469999,25.690001,25.690001,0
2015-09-09,23.889999,27.389999,23.879999,26.309999,26.309999,0
2015-09-10,26.910000,27.750000,25.010000,25.650000,25.650000,0
2015-09-11,25.510000,26.500000,23.610001,24.680000,24.680000,0
2015-09-14,24.860001,25.469999,23.700001,23.700001,23.700001,0
2015-09-15,24.000000,24.719999,23.040001,23.120001,23.120001,0
2015-09-16,22.600000,23.010000,20.730000,22.330000,22.330000,0
2015-09-17,21.959999,22.459999,18.719999,21.139999,21.139999,0
2015-09-18,22.850000,24.040001,21.540001,23.200001,23.200001,0
2015-09-21,22.590000,23.230000,20.730000,21.590000,21.590000,0
2015-09-22,23.110001,24.200001,22.040001,23.280001,23.280001,0
2015-09-23,23.549999,23.770000,21.480000,22.879999,22.879999,0
2015-09-24,24.469999,25.010000,22.160000,23.459999,23.459999,0
2015-09-25,22.070000,25.100000,21.530001,24.400000,24.400000,0
2015-09-28,24.660000,26.860001,23.770000,26.379999,26.379999,0
2015-09-29,25.559999,27.190001,24.250000,26.000000,26.000000,0
2015-09-30,24.309999,25.270000,22.780001,24.750000,24.750000,0
2015-10-01,23.370001,25.280001,23.280001,23.830000,23.830000,0
2015-10-02,24.080000,25.860001,22.379999,22.600000,22.600000,0
2015-10-05,21.420000,21.950001,20.610001,21.330000,21.330000,0
2015-10-06,20.700001,22.049999,20.040001,21.590000,21.590000,0
2015-10-07,20.410000,21.879999,20.139999,20.709999,20.709999,0
2015-10-08,20.120001,21.480000,18.840000,20.090000,20.090000,0
2015-10-09,18.959999,20.400000,18.230000,19.850000,19.850000,0
2015-10-12,19.350000,20.850000,18.280001,19.260000,19.260000,0
2015-10-13,18.870001,20.610001,18.370001,20.500000,20.500000,0
2015-10-14,19.540001,21.870001,19.070000,20.809999,20.809999,0
2015-10-15,19.420000,21.219999,19.160000,19.430000,19.430000,0
2015-10-16,18.040001,20.260000,17.299999,18.670000,18.670000,0
2015-10-19,18.170000,18.889999,17.780001,17.860001,17.860001,0
2015-10-20,17.469999,18.650000,17.280001,18.600000,18.600000,0
2015-10-21,17.330000,19.559999,17.100000,19.459999,19.459999,0
2015-10-22,17.730000,18.360001,17.160000,17.160000,17.160000,0
2015-10-23,16.469999,17.870001,16.240000,17.480000,17.480000,0
2015-10-26,17.350000,18.010000,17.209999,17.990000,17.990000,0
2015-10-27,18.030001,18.750000,17.820000,18.139999,18.139999,0
2015-10-28,17.600000,19.139999,17.110001,17.490000,17.490000,0
2015-10-29,17.420000,18.309999,16.540001,17.809999,17.809999,0
2015-10-30,17.299999,18.490000,17.020000,18.400000,18.400000,0
2015-11-02,17.700001,18.330000,16.160000,17.420000,17.420000,0
2015-11-03,16.900000,17.570000,16.580000,17.469999,17.469999,0
2015-11-04,16.700001,18.420000,16.000000,18.309999,18.309999,0
2015-11-05,17.670000,18.690001,17.520000,17.809999,17.809999,0
2015-11-06,17.400000,18.610001,17.000000,17.450001,17.450001,0
2015-11-09,17.510000,19.219999,17.260000,18.850000,18.850000,0
2015-11-10,18.290001,18.850000,17.040001,18.020000,18.020000,0
2015-11-11,17.510000,18.510000,17.389999,18.450001,18.450001,0
2015-11-12,18.690001,20.280001,17.950001,20.170000,20.170000,0
2015-11-13,19.809999,22.150000,19.590000,21.580000,21.580000,0
2015-11-16,21.110001,21.650000,18.500000,19.980000,19.980000,0
2015-11-17,19.090000,20.950001,19.049999,20.430000,20.430000,0
2015-11-18,19.510000,20.410000,18.680000,19.219999,19.219999,0
2015-11-19,18.389999,19.790001,18.280001,19.639999,19.639999,0
2015-11-20,18.379999,19.799999,18.219999,18.940001,18.940001,0
2015-11-23,18.549999,19.320000,18.430000,18.629999,18.629999,0
2015-11-24,18.730000,19.639999,17.559999,18.709999,18.709999,0
2015-11-25,18.129999,18.719999,17.290001,18.190001,18.190001,0
2015-11-27,18.059999,18.629999,17.350000,17.350000,17.350000,0
2015-11-30,18.320000,18.840000,18.080000,18.490000,18.490000,0
2015-12-01,18.200001,18.480000,17.559999,17.580000,17.580000,0
2015-12-02,17.799999,18.680000,17.580000,18.330000,18.330000,0
2015-12-03,18.450001,20.840000,18.440001,20.110001,20.110001,0
2015-12-04,19.469999,19.559999,17.870001,18.170000,18.170000,0
2015-12-07,18.219999,19.440001,18.020000,18.650000,18.650000,0
2015-12-08,19.740000,20.629999,18.860001,20.059999,20.059999,0
2015-12-09,19.830000,21.530001,18.559999,21.049999,21.049999,0
2015-12-10,20.270000,20.950001,19.400000,20.760000,20.760000,0
2015-12-11,21.980000,24.809999,20.719999,24.379999,24.379999,0
2015-12-14,24.240000,25.730000,21.469999,23.299999,23.299999,0
2015-12-15,21.600000,22.340000,20.850000,21.860001,21.860001,0
2015-12-16,20.790001,21.100000,19.049999,19.570000,19.570000,0
2015-12-17,18.730000,20.370001,18.670000,20.370001,20.370001,0
2015-12-18,20.080000,22.770000,19.709999,21.260000,21.260000,0
2015-12-21,21.830000,22.549999,20.209999,21.110001,21.110001,0
2015-12-22,20.590000,21.000000,19.230000,19.840000,19.840000,0
2015-12-23,18.920000,19.670000,18.000000,19.330000,19.330000,0
2015-12-24,19.190001,19.740000,18.200001,19.690001,19.690001,0
2015-12-28,20.170000,20.610001,19.670000,19.680000,19.680000,0
2015-12-29,18.990000,19.290001,18.230000,19.100000,19.100000,0
2015-12-30,19.070000,19.629999,19.070000,19.590000,19.590000,0
2015-12-31,19.950001,20.389999,19.150000,19.799999,19.799999,0
2016-01-04,22.430000,23.250000,20.900000,22.010000,22.010000,0
2016-01-05,21.139999,21.610001,20.370001,20.520000,20.520000,0
2016-01-06,22.100000,22.209999,21.040001,21.270000,21.270000,0
2016-01-07,23.049999,25.559999,22.350000,24.620001,24.620001,0
2016-01-08,22.799999,26.350000,22.370001,26.230000,26.230000,0
2016-01-11,24.400000,26.809999,24.049999,24.730000,24.730000,0
2016-01-12,23.000000,26.420000,22.270000,22.530001,22.530001,0
2016-01-13,22.040001,25.240000,21.900000,24.889999,24.889999,0
2016-01-14,24.450001,25.690001,22.879999,23.530001,23.530001,0
2016-01-15,27.559999,29.650000,26.440001,26.879999,26.879999,0
2016-01-19,25.700001,27.719999,25.650000,26.440001,26.440001,0
2016-01-20,28.520000,32.279999,27.129999,27.809999,27.809999,0
2016-01-21,27.320000,29.070000,25.670000,26.709999,26.709999,0
2016-01-22,25.160000,27.680000,24.260000,24.280001,24.280001,0
2016-01-25,24.400000,27.070000,23.959999,25.250000,25.250000,0
2016-01-26,24.330000,24.700001,23.200001,23.290001,23.290001,0
2016-01-27,24.000000,25.320000,22.280001,24.469999,24.469999,0
2016-01-28,23.180000,25.290001,23.180000,24.020000,24.020000,0
2016-01-29,23.430000,23.990000,22.090000,22.660000,22.660000,0
2016-02-01,22.610001,23.139999,21.500000,22.010000,22.010000,0
2016-02-02,22.860001,23.730000,22.480000,23.410000,23.410000,0
2016-02-03,22.950001,24.980000,22.469999,23.200001,23.200001,0
2016-02-04,23.570000,24.270000,22.580000,23.660000,23.660000,0
2016-02-05,23.340000,25.090000,23.230000,24.480000,24.480000,0
2016-02-08,26.100000,27.709999,25.440001,25.980000,25.980000,0
2016-02-09,27.480000,28.200001,25.389999,26.799999,26.799999,0
2016-02-10,26.350000,26.830000,24.980000,26.719999,26.719999,0
2016-02-11,28.250000,29.370001,26.740000,27.719999,27.719999,0
2016-02-12,27.620001,27.620001,25.709999,26.230000,26.230000,0
2016-02-16,25.450001,25.790001,24.290001,25.010000,25.010000,0
2016-02-17,25.160000,25.200001,23.080000,23.549999,23.549999,0
2016-02-18,24.020000,24.080000,22.780001,23.200001,23.200001,0
2016-02-19,23.620001,23.980000,22.240000,22.799999,22.799999,0
2016-02-22,22.070000,22.209999,21.410000,21.620001,21.620001,0
2016-02-23,21.820000,22.750000,21.469999,22.440001,22.440001,0
2016-02-24,23.620001,24.070000,22.070000,22.340000,22.340000,0
2016-02-25,22.190001,22.690001,20.629999,21.240000,21.240000,0
2016-02-26,20.990000,22.000000,20.660000,21.860001,21.860001,0
2016-02-29,22.080000,22.510000,21.379999,22.389999,22.389999,0
2016-03-01,21.799999,22.080000,20.280001,20.280001,20.280001,0
2016-03-02,20.580000,20.840000,19.809999,19.920000,19.920000,0
2016-03-03,20.090000,20.360001,19.340000,19.490000,19.490000,0
2016-03-04,19.250000,19.870001,18.840000,19.629999,19.629999,0
2016-03-07,20.270000,20.400000,19.340000,19.900000,19.900000,0
2016-03-08,20.600000,21.120001,19.690001,21.040001,21.040001,0
2016-03-09,20.870001,21.420000,20.469999,20.750000,20.750000,0
2016-03-10,20.629999,21.750000,19.530001,20.709999,20.709999,0
2016-03-11,19.879999,20.049999,18.639999,19.469999,19.469999,0
2016-03-14,19.790001,20.030001,18.770000,19.420000,19.420000,0
2016-03-15,19.879999,20.020000,19.219999,19.330000,19.330000,0
2016-03-16,19.350000,19.389999,17.780001,18.480000,18.480000,0
2016-03-17,18.600000,18.750000,17.290001,18.139999,18.139999,0
2016-03-18,17.680000,18.059999,17.180000,17.930000,17.930000,0
2016-03-21,18.040001,18.240000,17.139999,17.590000,17.590000,0
2016-03-22,18.000000,18.190001,17.540001,17.750000,17.750000,0
2016-03-23,17.980000,18.340000,17.809999,18.299999,18.299999,0
2016-03-24,19.139999,19.200001,18.250000,18.270000,18.270000,0
2016-03-28,18.510000,18.920000,18.030001,18.299999,18.299999,0
2016-03-29,18.530001,18.680000,17.240000,17.240000,17.240000,0
2016-03-30,17.030001,17.340000,16.520000,16.920000,16.920000,0
2016-03-31,17.030001,17.379999,16.799999,17.080000,17.080000,0
2016-04-01,17.790001,18.440001,16.400000,16.500000,16.500000,0
2016-04-04,16.850000,17.350000,16.670000,17.230000,17.230000,0
2016-04-05,18.049999,18.520000,17.809999,18.379999,18.379999,0
2016-04-06,18.400000,18.610001,17.260000,17.280001,17.280001,0
2016-04-07,18.000000,19.320000,17.740000,18.860001,18.860001,0
2016-04-08,18.309999,18.780001,17.950001,18.320000,18.320000,0
2016-04-11,18.280001,18.900000,18.000000,18.889999,18.889999,0
2016-04-12,18.840000,19.129999,17.950001,17.969999,17.969999,0
2016-04-13,17.680000,17.719999,17.129999,17.260000,17.260000,0
2016-04-14,17.330000,17.719999,17.010000,17.240000,17.240000,0
2016-04-15,17.309999,17.709999,17.160000,17.160000,17.160000,0
2016-04-18,17.740000,17.740000,16.450001,16.510000,16.510000,0
2016-04-19,16.440001,16.820000,16.209999,16.469999,16.469999,0
2016-04-20,16.100000,16.660000,15.520000,16.600000,16.600000,0
2016-04-21,16.799999,17.200001,16.610001,17.139999,17.139999,0
2016-04-22,17.230000,17.430000,16.610001,16.639999,16.639999,0
2016-04-25,17.410000,17.629999,17.160000,17.219999,17.219999,0
2016-04-26,17.150000,17.280001,16.760000,16.920000,16.920000,0
2016-04-27,17.340000,17.709999,16.660000,16.770000,16.770000,0
2016-04-28,17.360001,17.980000,16.540001,17.780001,17.780001,0
2016-04-29,18.139999,19.290001,17.840000,18.450001,18.450001,0
2016-05-02,18.480000,18.559999,17.629999,17.780001,17.780001,0
2016-05-03,18.510000,18.959999,17.959999,18.570000,18.570000,0
2016-05-04,19.170000,19.389999,18.440001,18.910000,18.910000,0
2016-05-05,18.660000,19.299999,18.400000,18.920000,18.920000,0
2016-05-06,19.160000,19.160000,17.879999,18.270000,18.270000,0
2016-05-09,18.510000,18.510000,17.719999,18.049999,18.049999,0
2016-05-10,17.670000,17.690001,17.180000,17.180000,17.180000,0
2016-05-11,17.350000,18.030001,17.120001,18.020000,18.020000,0
2016-05-12,17.629999,18.450001,17.480000,17.750000,17.750000,0
2016-05-13,17.879999,18.490000,17.440001,18.250000,18.250000,0
2016-05-16,18.480000,18.490000,17.469999,17.700001,17.700001,0
2016-05-17,17.920000,18.830000,17.770000,18.430000,18.430000,0
2016-05-18,18.520000,18.930000,17.830000,18.540001,18.540001,0
2016-05-19,18.980000,19.799999,18.770000,18.770000,18.770000,0
2016-05-20,18.459999,18.459999,18.000000,18.049999,18.049999,0
2016-05-23,18.330000,18.379999,17.850000,18.150000,18.150000,0
2016-05-24,17.750000,17.760000,16.990000,17.080000,17.080000,0
2016-05-25,16.850000,16.879999,16.490000,16.770000,16.770000,0
2016-05-26,16.730000,16.889999,16.540001,16.559999,16.559999,0
2016-05-27,16.580000,16.709999,16.240000,16.309999,16.309999,0
2016-05-31,16.520000,17.280001,16.389999,16.629999,16.629999,0
2016-06-01,17.170000,17.370001,16.680000,16.700001,16.700001,0
2016-06-02,16.860001,17.059999,16.370001,16.370001,16.370001,0
2016-06-03,16.559999,17.309999,16.340000,16.490000,16.490000,0
2016-06-06,16.590000,16.850000,16.309999,16.440001,16.440001,0
2016-06-07,16.340000,16.629999,16.200001,16.629999,16.629999,0
2016-06-08,16.510000,16.900000,16.389999,16.790001,16.790001,0
2016-06-09,17.150000,17.400000,17.120001,17.320000,17.320000,0
2016-06-10,18.190001,19.100000,18.150000,18.940001,18.940001,0
2016-06-13,19.980000,21.879999,19.600000,21.870001,21.870001,0
2016-06-14,22.430000,22.809999,21.350000,21.940001,21.940001,0
2016-06-15,21.360001,21.850000,20.080000,21.809999,21.809999,0
2016-06-16,22.230000,23.530001,21.100000,21.160000,21.160000,0
2016-06-17,21.410000,21.520000,20.690001,21.309999,21.309999,0
2016-06-20,19.240000,19.920000,18.740000,19.809999,19.809999,0
2016-06-21,19.190001,19.930000,19.129999,19.690001,19.690001,0
2016-06-22,19.690001,21.110001,19.070000,21.080000,21.080000,0
2016-06-23,19.110001,19.330000,17.860001,18.420000,18.420000,0
2016-06-24,22.790001,23.930000,20.090000,23.930000,23.930000,0
2016-06-27,23.799999,24.889999,23.100000,23.680000,23.680000,0
2016-06-28,21.889999,21.920000,20.020000,20.260000,20.260000,0
2016-06-29,19.209999,19.549999,18.719999,18.730000,18.730000,0
2016-06-30,18.590000,18.920000,18.000000,18.090000,18.090000,0
2016-07-01,17.820000,17.959999,17.270000,17.650000,17.650000,0
2016-07-05,18.340000,18.980000,18.230000,18.240000,18.240000,0
2016-07-06,18.840000,19.120001,17.740000,17.740000,17.740000,0
2016-07-07,17.610001,18.480000,17.290001,17.760000,17.760000,0
2016-07-08,17.070000,17.190001,16.459999,16.490000,16.490000,0
2016-07-11,16.360001,16.520000,16.100000,16.490000,16.490000,0
2016-07-12,16.090000,16.420000,16.059999,16.170000,16.170000,0
2016-07-13,16.100000,16.350000,15.820000,15.970000,15.970000,0
2016-07-14,15.800000,15.980000,15.710000,15.860000,15.860000,0
2016-07-15,15.790000,16.459999,15.710000,15.990000,15.990000,0
2016-07-18,16.170000,16.190001,15.640000,15.770000,15.770000,0
2016-07-19,15.920000,16.030001,15.720000,15.740000,15.740000,0
2016-07-20,15.420000,15.650000,15.270000,15.440000,15.440000,0
2016-07-21,15.610000,16.340000,15.560000,16.100000,16.100000,0
2016-07-22,16.110001,16.240000,15.630000,15.800000,15.800000,0
2016-07-25,16.160000,16.790001,16.160000,16.270000,16.270000,0
2016-07-26,16.330000,16.660000,16.100000,16.320000,16.320000,0
2016-07-27,16.150000,16.969999,15.900000,16.100000,16.100000,0
2016-07-28,16.330000,16.530001,15.900000,16.000000,16.000000,0
2016-07-29,15.980000,16.100000,15.400000,15.420000,15.420000,0
2016-08-01,15.670000,15.990000,15.470000,15.700000,15.700000,0
2016-08-02,16.020000,16.930000,15.900000,16.389999,16.389999,0
2016-08-03,16.450001,16.610001,16.010000,16.080000,16.080000,0
2016-08-04,16.010000,16.110001,15.690000,15.710000,15.710000,0
2016-08-05,15.310000,15.340000,15.060000,15.140000,15.140000,0
2016-08-08,15.280000,15.280000,15.070000,15.160000,15.160000,0
2016-08-09,15.030000,15.230000,14.740000,15.110000,15.110000,0
2016-08-10,15.090000,15.660000,15.070000,15.410000,15.410000,0
2016-08-11,15.310000,15.380000,15.070000,15.300000,15.300000,0
2016-08-12,15.470000,15.490000,15.050000,15.260000,15.260000,0
2016-08-15,15.350000,15.380000,15.200000,15.380000,15.380000,0
2016-08-16,15.650000,16.129999,15.650000,16.020000,16.020000,0
2016-08-17,15.970000,16.469999,15.510000,15.520000,15.520000,0
2016-08-18,15.550000,15.630000,15.160000,15.160000,15.160000,0
2016-08-19,15.440000,15.620000,15.120000,15.130000,15.130000,0
2016-08-22,15.770000,15.900000,15.480000,15.500000,15.500000,0
2016-08-23,15.220000,15.430000,15.160000,15.420000,15.420000,0
2016-08-24,15.560000,16.250000,15.500000,16.000000,16.000000,0
2016-08-25,16.270000,16.350000,15.870000,16.129999,16.129999,0
2016-08-26,16.030001,16.889999,15.490000,16.240000,16.240000,0
2016-08-29,16.360001,16.410000,15.910000,15.930000,15.930000,0
2016-08-30,15.820000,16.260000,15.820000,16.030001,16.030001,0
2016-08-31,16.100000,16.709999,16.090000,16.139999,16.139999,0
2016-09-01,16.180000,16.840000,16.090000,16.309999,16.309999,0
2016-09-02,15.650000,15.940000,15.570000,15.650000,15.650000,0
2016-09-06,15.770000,16.120001,15.530000,15.560000,15.560000,0
2016-09-07,15.690000,15.800000,15.480000,15.490000,15.490000,0
2016-09-08,15.750000,15.880000,15.620000,15.810000,15.810000,0
2016-09-09,16.600000,18.879999,16.530001,18.830000,18.830000,0
2016-09-12,19.120001,19.180000,16.940001,17.270000,17.270000,0
2016-09-13,18.110001,19.620001,17.780001,19.049999,19.049999,0
2016-09-14,19.040001,19.350000,18.070000,19.350000,19.350000,0
2016-09-15,19.049999,19.299999,17.840000,18.190001,18.190001,0
2016-09-16,18.570000,18.930000,17.860001,17.879999,17.879999,0
2016-09-19,17.469999,18.100000,17.209999,17.780001,17.780001,0
2016-09-20,17.379999,18.139999,17.370001,17.990000,17.990000,0
2016-09-21,17.389999,17.959999,16.469999,16.660000,16.660000,0
2016-09-22,15.980000,16.160000,15.720000,15.940000,15.940000,0
2016-09-23,16.030001,16.180000,15.770000,16.049999,16.049999,0
2016-09-26,16.969999,17.379999,16.820000,17.280001,17.280001,0
2016-09-27,17.459999,17.490000,16.360001,16.450001,16.450001,0
2016-09-28,16.350000,16.730000,15.930000,16.010000,16.010000,0
2016-09-29,16.110001,17.820000,15.840000,16.870001,16.870001,0
2016-09-30,16.360001,16.799999,15.970000,16.370001,16.370001,0
2016-10-03,16.760000,16.969999,16.340000,16.400000,16.400000,0
2016-10-04,16.190001,16.980000,16.010000,16.469999,16.469999,0
2016-10-05,16.170000,16.250000,15.720000,16.219999,16.219999,0
2016-10-06,16.290001,16.510000,16.049999,16.070000,16.070000,0
2016-10-07,16.000000,16.770000,15.990000,16.440001,16.440001,0
2016-10-10,16.139999,16.150000,15.930000,15.950000,15.950000,0
2016-10-11,16.200001,17.510000,16.200001,16.940001,16.940001,0
2016-10-12,17.020000,17.299999,16.280001,17.020000,17.020000,0
2016-10-13,17.889999,18.469999,17.330000,17.590000,17.590000,0
2016-10-14,16.980000,17.540001,16.790001,17.420000,17.420000,0
2016-10-17,17.469999,17.719999,17.410000,17.469999,17.469999,0
2016-10-18,16.910000,17.200001,16.809999,16.920000,16.920000,0
2016-10-19,16.410000,16.680000,15.910000,16.459999,16.459999,0
2016-10-20,16.570000,16.799999,16.230000,16.230000,16.230000,0
2016-10-21,16.540001,16.600000,16.030001,16.040001,16.040001,0
2016-10-24,15.650000,15.820000,15.600000,15.610000,15.610000,0
2016-10-25,15.730000,16.020000,15.610000,15.810000,15.810000,0
2016-10-26,16.350000,16.450001,15.900000,16.250000,16.250000,0
2016-10-27,15.930000,16.930000,15.930000,16.930000,16.930000,0
2016-10-28,16.830000,17.920000,16.520000,17.370001,17.370001,0
2016-10-31,17.480000,18.120001,17.480000,17.850000,17.850000,0
2016-11-01,17.910000,19.740000,17.910000,18.740000,18.740000,0
2016-11-02,18.910000,19.440001,18.799999,19.180000,19.180000,0
2016-11-03,19.160000,20.959999,19.049999,20.700001,20.700001,0
2016-11-04,20.660000,21.299999,20.160000,21.129999,21.129999,0
2016-11-07,19.250000,19.250000,18.120001,18.150000,18.150000,0
2016-11-08,18.510000,18.680000,17.629999,18.100000,18.100000,0
2016-11-09,17.690001,17.709999,16.280001,16.280001,16.280001,0
2016-11-10,15.910000,17.530001,15.620000,16.750000,16.750000,0
2016-11-11,17.190001,17.530001,16.330000,16.490000,16.490000,0
2016-11-14,16.780001,17.400000,16.610001,16.700001,16.700001,0
2016-11-15,16.520000,16.559999,15.730000,15.750000,15.750000,0
2016-11-16,16.400000,16.570000,15.910000,16.070000,16.070000,0
2016-11-17,15.920000,15.960000,15.610000,15.640000,15.640000,0
2016-11-18,15.680000,15.800000,15.400000,15.520000,15.520000,0
2016-11-21,15.630000,15.680000,15.150000,15.320000,15.320000,0
2016-11-22,15.170000,15.590000,15.170000,15.350000,15.350000,0
2016-11-23,15.490000,15.840000,15.400000,15.430000,15.430000,0
2016-11-25,15.530000,15.650000,15.490000,15.510000,15.510000,0
2016-11-28,16.059999,16.200001,15.840000,16.020000,16.020000,0
2016-11-29,16.030001,16.230000,15.800000,15.900000,15.900000,0
2016-11-30,15.660000,16.110001,15.400000,16.100000,16.100000,0
2016-12-01,16.000000,16.990000,15.990000,16.670000,16.670000,0
2016-12-02,16.770000,16.870001,16.270000,16.780001,16.780001,0
2016-12-05,16.280001,16.379999,15.770000,15.770000,15.770000,0
2016-12-06,15.570000,15.780000,15.380000,15.480000,15.480000,0
2016-12-07,15.500000,15.540000,15.030000,15.480000,15.480000,0
2016-12-08,15.440000,16.070000,15.370000,15.720000,15.720000,0
2016-12-09,15.780000,15.790000,15.150000,15.220000,15.220000,0
2016-12-12,15.490000,15.860000,15.490000,15.730000,15.730000,0
2016-12-13,15.610000,16.090000,15.610000,15.700000,15.700000,0
2016-12-14,15.910000,16.059999,15.150000,15.870000,15.870000,0
2016-12-15,15.750000,15.970000,15.460000,15.750000,15.750000,0
2016-12-16,15.690000,15.830000,15.500000,15.570000,15.570000,0
2016-12-19,15.630000,15.650000,15.280000,15.310000,15.310000,0
2016-12-20,15.250000,15.310000,15.110000,15.140000,15.140000,0
2016-12-21,14.970000,15.190000,14.930000,15.090000,15.090000,0
2016-12-22,15.150000,15.390000,15.060000,15.290000,15.290000,0
2016-12-23,15.460000,15.510000,15.230000,15.250000,15.250000,0
2016-12-27,15.510000,15.510000,15.260000,15.360000,15.360000,0
2016-12-28,15.350000,15.980000,15.340000,15.930000,15.930000,0
2016-12-29,15.990000,16.350000,15.890000,16.160000,16.160000,0
2016-12-30,16.129999,16.879999,16.090000,16.540001,16.540001,0
2017-01-03,16.260000,16.290001,15.560000,15.560000,15.560000,0
2017-01-04,15.350000,15.390000,14.710000,14.840000,14.840000,0
2017-01-05,15.000000,15.060000,14.510000,14.700000,14.700000,0
2017-01-06,14.610000,14.780000,14.280000,14.560000,14.560000,0
2017-01-09,14.930000,15.000000,14.570000,14.630000,14.630000,0
2017-01-10,14.660000,14.860000,14.560000,14.660000,14.660000,0
2017-01-11,14.810000,15.120000,14.430000,14.470000,14.470000,0
2017-01-12,14.760000,15.390000,14.500000,14.580000,14.580000,0
2017-01-13,14.510000,14.740000,14.320000,14.540000,14.540000,0
2017-01-17,15.140000,15.220000,14.890000,14.890000,14.890000,0
2017-01-18,15.010000,15.250000,14.800000,14.940000,14.940000,0
2017-01-19,14.840000,15.400000,14.810000,15.020000,15.020000,0
2017-01-20,14.860000,14.960000,14.480000,14.490000,14.490000,0
2017-01-23,14.710000,15.090000,14.480000,14.540000,14.540000,0
2017-01-24,14.470000,14.490000,13.860000,13.870000,13.870000,0
2017-01-25,13.870000,13.870000,13.480000,13.610000,13.610000,0
2017-01-26,13.660000,13.800000,13.530000,13.630000,13.630000,0
2017-01-27,13.690000,13.820000,13.500000,13.680000,13.680000,0
2017-01-30,14.300000,15.130000,14.300000,14.410000,14.410000,0
2017-01-31,14.710000,15.000000,14.440000,14.480000,14.480000,0
2017-02-01,14.210000,14.520000,14.020000,14.290000,14.290000,0
2017-02-02,14.550000,14.650000,14.330000,14.590000,14.590000,0
2017-02-03,14.150000,14.300000,13.910000,14.050000,14.050000,0
2017-02-06,14.440000,14.440000,14.080000,14.240000,14.240000,0
2017-02-07,14.220000,14.400000,14.150000,14.350000,14.350000,0
2017-02-08,14.560000,14.720000,14.450000,14.560000,14.560000,0
2017-02-09,14.410000,14.450000,14.130000,14.170000,14.170000,0
2017-02-10,14.090000,14.090000,13.870000,13.910000,13.910000,0
2017-02-13,13.980000,14.110000,13.670000,13.680000,13.680000,0
2017-02-14,13.820000,13.840000,13.170000,13.190000,13.190000,0
2017-02-15,13.610000,13.610000,13.110000,13.410000,13.410000,0
2017-02-16,13.590000,14.370000,13.540000,13.630000,13.630000,0
2017-02-17,13.910000,14.020000,13.590000,13.720000,13.720000,0
2017-02-21,13.880000,14.070000,13.770000,14.040000,14.040000,0
2017-02-22,14.220000,14.600000,14.070000,14.390000,14.390000,0
2017-02-23,14.370000,15.060000,14.360000,14.740000,14.740000,0
2017-02-24,15.210000,15.370000,14.690000,14.760000,14.760000,0
2017-02-27,14.930000,15.010000,14.560000,14.910000,14.910000,0
2017-02-28,15.040000,15.350000,14.860000,15.280000,15.280000,0
2017-03-01,14.610000,14.860000,14.380000,14.860000,14.860000,0
2017-03-02,14.960000,14.970000,14.510000,14.770000,14.770000,0
2017-03-03,14.740000,14.740000,14.200000,14.260000,14.260000,0
2017-03-06,14.550000,14.640000,14.140000,14.340000,14.340000,0
2017-03-07,14.390000,14.570000,13.940000,14.410000,14.410000,0
2017-03-08,14.330000,14.540000,14.180000,14.540000,14.540000,0
2017-03-09,14.590000,15.000000,14.390000,14.780000,14.780000,0
2017-03-10,14.540000,14.690000,14.330000,14.380000,14.380000,0
2017-03-13,14.590000,14.590000,14.340000,14.360000,14.360000,0
2017-03-14,14.600000,14.830000,14.490000,14.630000,14.630000,0
2017-03-15,14.540000,14.570000,13.320000,14.200000,14.200000,0
2017-03-16,14.050000,14.120000,13.740000,13.780000,13.780000,0
2017-03-17,13.770000,13.930000,13.440000,13.920000,13.920000,0
2017-03-20,14.020000,14.030000,13.770000,13.900000,13.900000,0
2017-03-21,13.620000,14.760000,13.620000,14.620000,14.620000,0
2017-03-22,14.810000,14.930000,14.410000,14.680000,14.680000,0
2017-03-23,14.740000,14.960000,14.220000,14.910000,14.910000,0
2017-03-24,14.680000,15.370000,14.340000,14.550000,14.550000,0
2017-03-27,15.580000,15.620000,14.200000,14.230000,14.230000,0
2017-03-28,14.210000,14.310000,13.560000,13.680000,13.680000,0
2017-03-29,13.610000,13.620000,12.640000,13.430000,13.430000,0
2017-03-30,13.480000,13.540000,13.310000,13.370000,13.370000,0
2017-03-31,13.480000,13.680000,13.370000,13.600000,13.600000,0
2017-04-03,13.760000,14.270000,13.570000,13.670000,13.670000,0
2017-04-04,13.880000,13.880000,13.330000,13.370000,13.370000,0
2017-04-05,13.200000,14.150000,12.980000,14.120000,14.120000,0
2017-04-06,13.860000,13.910000,13.380000,13.660000,13.660000,0
2017-04-07,13.870000,14.190000,13.610000,14.060000,14.060000,0
2017-04-10,14.280000,14.590000,14.040000,14.580000,14.580000,0
2017-04-11,14.910000,15.560000,14.800000,15.160000,15.160000,0
2017-04-12,15.460000,15.600000,15.100000,15.280000,15.280000,0
2017-04-13,15.590000,15.800000,14.960000,15.750000,15.750000,0
2017-04-17,15.600000,15.600000,14.850000,14.860000,14.860000,0
2017-04-18,15.190000,15.470000,14.710000,14.760000,14.760000,0
2017-04-19,14.590000,15.210000,14.180000,15.080000,15.080000,0
2017-04-20,14.890000,15.020000,14.410000,14.530000,14.530000,0
2017-04-21,14.580000,15.200000,14.520000,14.750000,14.750000,0
2017-04-24,13.260000,13.490000,12.890000,12.900000,12.900000,0
2017-04-25,12.640000,12.900000,12.620000,12.850000,12.850000,0
2017-04-26,12.830000,13.020000,12.760000,12.980000,12.980000,0
2017-04-27,12.870000,13.120000,12.780000,12.800000,12.800000,0
2017-04-28,12.790000,13.130000,12.780000,12.930000,12.930000,0
2017-05-01,12.910000,12.980000,12.500000,12.630000,12.630000,0
2017-05-02,12.630000,12.890000,12.620000,12.830000,12.830000,0
2017-05-03,13.040000,13.270000,12.970000,13.090000,13.090000,0
2017-05-04,13.000000,13.330000,12.730000,12.830000,12.830000,0
2017-05-05,12.730000,13.000000,12.690000,12.850000,12.850000,0
2017-05-08,12.760000,12.760000,12.580000,12.590000,12.590000,0
2017-05-09,12.550000,12.810000,12.480000,12.710000,12.710000,0
2017-05-10,12.800000,12.910000,12.690000,12.910000,12.910000,0
2017-05-11,13.060000,13.460000,12.930000,13.010000,13.010000,0
2017-05-12,13.020000,13.150000,12.940000,12.970000,12.970000,0
2017-05-15,12.980000,12.980000,12.710000,12.780000,12.780000,0
2017-05-16,12.680000,12.790000,12.540000,12.650000,12.650000,0
2017-05-17,13.630000,15.620000,13.420000,15.600000,15.600000,0
2017-05-18,15.610000,15.620000,14.730000,14.970000,14.970000,0
2017-05-19,14.310000,14.310000,13.420000,13.490000,13.490000,0
2017-05-22,13.380000,13.390000,12.920000,12.960000,12.960000,0
2017-05-23,12.840000,13.070000,12.820000,12.900000,12.900000,0
2017-05-24,12.850000,13.070000,12.510000,12.590000,12.590000,0
2017-05-25,12.570000,12.620000,12.360000,12.510000,12.510000,0
2017-05-26,12.600000,12.620000,12.350000,12.440000,12.440000,0
2017-05-30,12.900000,12.980000,12.670000,12.740000,12.740000,0
2017-05-31,12.710000,13.140000,12.610000,12.630000,12.630000,0
2017-06-01,12.580000,12.710000,12.360000,12.420000,12.420000,0
2017-06-02,12.450000,12.620000,12.340000,12.460000,12.460000,0
2017-06-05,12.630000,12.850000,12.470000,12.850000,12.850000,0
2017-06-06,13.050000,13.230000,12.890000,13.080000,13.080000,0
2017-06-07,13.060000,13.360000,12.950000,13.090000,13.090000,0
2017-06-08,13.000000,13.100000,12.670000,12.760000,12.760000,0
2017-06-09,12.550000,13.620000,12.410000,12.960000,12.960000,0
2017-06-12,13.360000,13.740000,13.270000,13.300000,13.300000,0
2017-06-13,12.960000,13.030000,12.630000,12.730000,12.730000,0
2017-06-14,12.820000,13.120000,12.680000,12.770000,12.770000,0
2017-06-15,13.380000,13.420000,12.850000,12.910000,12.910000,0
2017-06-16,12.820000,13.220000,12.610000,12.710000,12.710000,0
2017-06-19,12.580000,12.620000,12.200000,12.400000,12.400000,0
2017-06-20,12.510000,12.860000,12.510000,12.690000,12.690000,0
2017-06-21,12.620000,12.930000,12.510000,12.760000,12.760000,0
2017-06-22,12.720000,12.820000,12.490000,12.620000,12.620000,0
2017-06-23,12.630000,12.760000,12.320000,12.360000,12.360000,0
2017-06-26,12.360000,12.610000,12.180000,12.270000,12.270000,0
2017-06-27,12.480000,13.090000,12.200000,12.960000,12.960000,0
2017-06-28,12.620000,12.860000,12.250000,12.400000,12.400000,0
2017-06-29,12.500000,14.880000,12.480000,13.150000,13.150000,0
2017-06-30,12.910000,13.360000,12.740000,13.140000,13.140000,0
2017-07-03,12.800000,13.430000,12.680000,13.310000,13.310000,0
2017-07-05,13.250000,13.780000,13.080000,13.310000,13.310000,0
2017-07-06,13.720000,14.290000,13.590000,14.110000,14.110000,0
2017-07-07,13.870000,13.900000,13.470000,13.520000,13.520000,0
2017-07-10,13.760000,13.760000,13.170000,13.350000,13.350000,0
2017-07-11,13.310000,13.840000,13.110000,13.160000,13.160000,0
2017-07-12,12.860000,12.900000,12.660000,12.780000,12.780000,0
2017-07-13,12.770000,12.780000,12.500000,12.550000,12.550000,0
2017-07-14,12.610000,12.650000,12.130000,12.230000,12.230000,0
2017-07-17,12.290000,12.400000,12.230000,12.280000,12.280000,0
2017-07-18,12.500000,12.610000,12.250000,12.250000,12.250000,0
2017-07-19,12.170000,12.170000,11.940000,12.000000,12.000000,0
2017-07-20,12.060000,12.270000,11.960000,12.040000,12.040000,0
2017-07-21,12.210000,12.290000,12.010000,12.060000,12.060000,0
2017-07-24,12.210000,12.280000,11.940000,12.040000,12.040000,0
2017-07-25,11.870000,12.090000,11.790000,12.050000,12.050000,0
2017-07-26,11.960000,12.190000,11.940000,12.110000,12.110000,0
2017-07-27,11.960000,13.050000,11.890000,12.420000,12.420000,0
2017-07-28,12.680000,12.930000,12.530000,12.580000,12.580000,0
2017-07-31,12.580000,12.820000,12.470000,12.470000,12.470000,0
2017-08-01,12.510000,12.660000,12.340000,12.400000,12.400000,0
2017-08-02,12.320000,12.820000,12.280000,12.560000,12.560000,0
2017-08-03,12.640000,12.810000,12.460000,12.740000,12.740000,0
2017-08-04,12.570000,12.780000,12.450000,12.750000,12.750000,0
2017-08-07,12.820000,12.840000,12.610000,12.660000,12.660000,0
2017-08-08,12.760000,13.450000,12.440000,13.200000,13.200000,0
2017-08-09,13.940000,14.160000,13.430000,13.490000,13.490000,0
2017-08-10,14.510000,16.209999,14.380000,16.209999,16.209999,0
2017-08-11,15.980000,16.850000,15.670000,16.389999,16.389999,0
2017-08-14,14.910000,14.910000,13.830000,13.920000,13.920000,0
2017-08-15,13.670000,13.930000,13.570000,13.900000,13.900000,0
2017-08-16,13.110000,13.920000,13.110000,13.580000,13.580000,0
2017-08-17,14.020000,16.209999,13.730000,16.139999,16.139999,0
2017-08-18,16.030001,16.450001,15.020000,15.650000,15.650000,0
2017-08-21,15.720000,15.890000,14.980000,14.990000,14.990000,0
2017-08-22,14.610000,14.610000,13.630000,13.630000,13.630000,0
2017-08-23,14.370000,14.410000,13.930000,14.330000,14.330000,0
2017-08-24,13.980000,14.770000,13.900000,14.390000,14.390000,0
2017-08-25,14.180000,14.410000,13.830000,13.990000,13.990000,0
2017-08-28,13.920000,14.330000,13.910000,13.990000,13.990000,0
2017-08-29,15.340000,15.340000,14.090000,14.120000,14.120000,0
2017-08-30,14.250000,14.370000,13.920000,14.140000,14.140000,0
2017-08-31,13.980000,14.060000,13.710000,13.800000,13.800000,0
2017-09-01,13.600000,13.790000,13.510000,13.590000,13.590000,0
2017-09-05,14.200000,15.510000,14.130000,14.580000,14.580000,0
2017-09-06,14.430000,14.880000,14.320000,14.400000,14.400000,0
2017-09-07,14.380000,14.760000,14.320000,14.320000,14.320000,0
2017-09-08,14.730000,14.920000,13.940000,14.690000,14.690000,0
2017-09-11,14.140000,14.150000,13.790000,13.860000,13.860000,0
2017-09-12,13.810000,13.910000,13.550000,13.560000,13.560000,0
2017-09-13,13.650000,13.660000,13.150000,13.230000,13.230000,0
2017-09-14,13.410000,13.440000,13.100000,13.160000,13.160000,0
2017-09-15,13.160000,13.170000,12.870000,12.960000,12.960000,0
2017-09-18,13.020000,13.060000,12.660000,12.690000,12.690000,0
2017-09-19,12.660000,12.760000,12.590000,12.730000,12.730000,0
2017-09-20,12.670000,13.060000,12.600000,12.660000,12.660000,0
2017-09-21,12.690000,12.890000,12.530000,12.660000,12.660000,0
2017-09-22,12.980000,13.040000,12.760000,12.850000,12.850000,0
2017-09-25,13.170000,13.560000,12.900000,13.060000,13.060000,0
2017-09-26,13.080000,13.290000,12.930000,13.020000,13.020000,0
2017-09-27,12.930000,13.150000,12.800000,12.910000,12.910000,0
2017-09-28,13.050000,13.050000,12.750000,12.760000,12.760000,0
2017-09-29,12.830000,12.900000,12.480000,12.490000,12.490000,0
2017-10-02,12.650000,12.760000,12.350000,12.360000,12.360000,0
2017-10-03,12.340000,12.420000,12.230000,12.310000,12.310000,0
2017-10-04,12.480000,12.570000,12.320000,12.380000,12.380000,0
2017-10-05,12.370000,12.400000,12.080000,12.180000,12.180000,0
2017-10-06,12.290000,12.700000,12.240000,12.440000,12.440000,0
2017-10-09,12.520000,12.880000,12.460000,12.730000,12.730000,0
2017-10-10,12.590000,12.800000,12.450000,12.470000,12.470000,0
2017-10-11,12.470000,12.600000,12.180000,12.240000,12.240000,0
2017-10-12,12.370000,12.470000,12.070000,12.260000,12.260000,0
2017-10-13,12.170000,12.230000,11.890000,11.980000,11.980000,0
2017-10-16,12.090000,12.110000,11.920000,11.940000,11.940000,0
2017-10-17,12.000000,12.110000,11.890000,12.050000,12.050000,0
2017-10-18,12.010000,12.040000,11.830000,11.920000,11.920000,0
2017-10-19,12.510000,12.580000,11.950000,11.960000,11.960000,0
2017-10-20,11.880000,11.910000,11.740000,11.850000,11.850000,0
2017-10-23,12.040000,12.550000,11.890000,12.550000,12.550000,0
2017-10-24,12.290000,12.710000,12.200000,12.670000,12.670000,0
2017-10-25,12.720000,13.990000,12.670000,12.950000,12.950000,0
2017-10-26,12.830000,13.220000,12.710000,12.930000,12.930000,0
2017-10-27,12.730000,12.840000,12.190000,12.230000,12.230000,0
2017-10-30,12.620000,12.830000,12.360000,12.570000,12.570000,0
2017-10-31,12.320000,12.510000,12.270000,12.380000,12.380000,0
2017-11-01,12.250000,12.660000,12.150000,12.570000,12.570000,0
2017-11-02,12.620000,13.100000,12.490000,12.680000,12.680000,0
2017-11-03,12.580000,12.760000,12.300000,12.420000,12.420000,0
2017-11-06,12.580000,12.630000,12.500000,12.570000,12.570000,0
2017-11-07,12.590000,13.080000,12.480000,12.760000,12.760000,0
2017-11-08,12.940000,13.040000,12.680000,12.880000,12.880000,0
2017-11-09,13.540000,14.210000,13.120000,13.140000,13.140000,0
2017-11-10,13.380000,13.800000,13.320000,13.610000,13.610000,0
2017-11-13,13.910000,13.910000,13.450000,13.750000,13.750000,0
2017-11-14,14.030000,14.430000,13.820000,13.930000,13.930000,0
2017-11-15,14.890000,15.360000,14.230000,14.660000,14.660000,0
2017-11-16,14.190000,14.190000,13.710000,13.960000,13.960000,0
2017-11-17,13.970000,14.030000,13.690000,13.800000,13.800000,0
2017-11-20,13.720000,13.740000,13.210000,13.280000,13.280000,0
2017-11-21,12.950000,12.970000,12.510000,12.550000,12.550000,0
2017-11-22,12.450000,12.580000,12.350000,12.440000,12.440000,0
2017-11-24,12.420000,12.530000,12.360000,12.420000,12.420000,0
2017-11-27,12.670000,12.800000,12.530000,12.570000,12.570000,0
2017-11-28,12.480000,12.600000,12.200000,12.270000,12.270000,0
2017-11-29,12.320000,12.970000,12.300000,12.820000,12.820000,0
2017-11-30,12.620000,13.130000,12.580000,13.040000,13.040000,0
2017-12-01,13.060000,15.220000,12.930000,13.280000,13.280000,0
2017-12-04,12.940000,13.640000,12.710000,13.550000,13.550000,0
2017-12-05,13.570000,13.670000,13.000000,13.540000,13.540000,0
2017-12-06,13.690000,13.690000,13.340000,13.450000,13.450000,0
2017-12-07,13.520000,13.640000,12.770000,12.930000,12.930000,0
2017-12-08,12.770000,12.810000,12.440000,12.460000,12.460000,0
2017-12-11,12.620000,12.710000,12.230000,12.280000,12.280000,0
2017-12-12,12.230000,12.520000,12.150000,12.480000,12.480000,0
2017-12-13,12.430000,12.610000,12.220000,12.500000,12.500000,0
2017-12-14,12.430000,13.070000,12.360000,12.800000,12.800000,0
2017-12-15,12.280000,12.350000,12.020000,12.080000,12.080000,0
2017-12-18,11.990000,12.280000,11.970000,12.070000,12.070000,0
2017-12-19,12.120000,12.640000,12.070000,12.510000,12.510000,0
2017-12-20,11.910000,12.440000,11.030000,12.370000,12.370000,0
2017-12-21,12.200000,12.410000,12.150000,12.350000,12.350000,0
2017-12-22,12.330000,12.620000,12.240000,12.490000,12.490000,0
2017-12-26,12.720000,12.730000,12.550000,12.620000,12.620000,0
2017-12-27,12.590000,12.830000,12.430000,12.650000,12.650000,0
2017-12-28,12.630000,12.800000,12.540000,12.760000,12.760000,0
2017-12-29,12.690000,13.130000,12.630000,13.090000,13.090000,0
2018-01-02,13.010000,13.070000,12.460000,12.610000,12.610000,0
2018-01-03,12.390000,12.410000,12.200000,12.320000,12.320000,0
2018-01-04,12.130000,12.300000,12.010000,12.240000,12.240000,0
2018-01-05,12.120000,12.300000,12.010000,12.060000,12.060000,0
2018-01-08,12.280000,12.440000,12.080000,12.150000,12.150000,0
2018-01-09,12.140000,12.480000,12.060000,12.410000,12.410000,0
2018-01-10,12.660000,12.900000,12.340000,12.360000,12.360000,0
2018-01-11,12.330000,12.460000,12.090000,12.160000,12.160000,0
2018-01-12,12.160000,12.350000,12.040000,12.200000,12.200000,0
2018-01-16,12.390000,13.670000,12.350000,13.230000,13.230000,0
2018-01-17,13.340000,13.770000,12.510000,13.250000,13.250000,0
2018-01-18,13.340000,13.730000,13.150000,13.580000,13.580000,0
2018-01-19,13.390000,13.510000,12.940000,13.040000,13.040000,0
2018-01-22,13.240000,13.240000,12.930000,12.990000,12.990000,0
2018-01-23,13.020000,13.290000,12.920000,13.220000,13.220000,0
2018-01-24,13.150000,13.980000,13.150000,13.530000,13.530000,0
2018-01-25,13.530000,13.950000,13.520000,13.680000,13.680000,0
2018-01-26,13.580000,13.710000,13.460000,13.460000,13.460000,0
2018-01-29,13.990000,14.990000,13.970000,14.990000,14.990000,0
2018-01-30,15.650000,16.200001,15.450000,15.830000,15.830000,0
2018-01-31,15.400000,15.550000,14.900000,14.900000,14.900000,0
2018-02-01,15.380000,15.380000,14.210000,14.720000,14.720000,0
2018-02-02,15.190000,17.200001,15.190000,17.030001,17.030001,0
2018-02-05,18.160000,31.090000,16.540001,28.129999,28.129999,0
2018-02-06,32.150002,33.990002,21.170000,23.750000,23.750000,0
2018-02-07,23.219999,23.219999,19.559999,23.030001,23.030001,0
2018-02-08,22.280001,29.010000,22.280001,27.330000,27.330000,0
2018-02-09,25.879999,31.040001,24.320000,24.920000,24.920000,0
2018-02-12,23.969999,25.250000,22.150000,22.860001,22.860001,0
2018-02-13,24.280001,24.280001,22.410000,22.650000,22.650000,0
2018-02-14,21.860001,21.980000,19.150000,19.340000,19.340000,0
2018-02-15,18.870001,20.070000,18.650000,19.080000,19.080000,0
2018-02-16,19.240000,20.030001,18.139999,19.170000,19.170000,0
2018-02-20,20.080000,20.340000,19.379999,20.010000,20.010000,0
2018-02-21,19.770000,20.209999,18.070000,20.030001,20.030001,0
2018-02-22,19.549999,19.940001,18.750000,19.059999,19.059999,0
2018-02-23,18.889999,19.030001,17.490000,17.500000,17.500000,0
2018-02-26,17.320000,17.600000,16.920000,16.920000,16.920000,0
2018-02-27,17.379999,19.299999,17.080000,19.020000,19.020000,0
2018-02-28,18.370001,20.219999,18.360001,19.889999,19.889999,0
2018-03-01,20.030001,22.900000,19.570000,21.420000,21.420000,0
2018-03-02,22.980000,23.650000,19.740000,19.860001,19.860001,0
2018-03-05,20.549999,20.620001,18.850000,19.209999,19.209999,0
2018-03-06,18.840000,19.950001,18.840000,19.240000,19.240000,0
2018-03-07,20.030001,20.120001,18.660000,18.840000,18.840000,0
2018-03-08,18.430000,18.889999,18.139999,18.180000,18.180000,0
2018-03-09,17.600000,17.719999,16.709999,17.010000,17.010000,0
2018-03-12,17.350000,18.049999,17.100000,17.799999,17.799999,0
2018-03-13,17.480000,18.530001,17.350000,18.049999,18.049999,0
2018-03-14,17.790001,19.020000,17.790001,18.780001,18.780001,0
2018-03-15,18.549999,18.940001,17.889999,18.209999,18.209999,0
2018-03-16,17.860001,17.959999,17.379999,17.740000,17.740000,0
2018-03-19,18.270000,20.709999,18.270000,19.379999,19.379999,0
2018-03-20,19.110001,19.490000,18.780001,18.879999,18.879999,0
2018-03-21,18.719999,19.020000,16.969999,18.709999,18.709999,0
2018-03-22,20.209999,21.870001,19.510000,21.660000,21.660000,0
2018-03-23,21.270000,23.430000,20.580000,22.790001,22.790001,0
2018-03-26,21.290001,22.639999,20.520000,20.700001,20.700001,0
2018-03-27,20.520000,22.799999,20.340000,21.940001,21.940001,0
2018-03-28,21.799999,23.250000,21.570000,22.309999,22.309999,0
2018-03-29,21.520000,21.860001,20.120001,20.549999,20.549999,0
2018-04-02,21.180000,23.700001,20.730000,22.570000,22.570000,0
2018-04-03,21.840000,22.379999,20.870001,21.020000,21.020000,0
2018-04-04,22.870001,22.870001,20.280001,20.420000,20.420000,0
2018-04-05,20.250000,20.430000,19.379999,19.610001,19.610001,0
2018-04-06,20.379999,22.230000,19.799999,21.200001,21.200001,0
2018-04-09,20.799999,21.430000,20.260000,21.230000,21.230000,0
2018-04-10,20.370001,21.049999,20.230000,20.400000,20.400000,0
2018-04-11,20.660000,20.680000,19.990000,20.370001,20.370001,0
2018-04-12,19.780001,19.790001,19.040001,19.280001,19.280001,0
2018-04-13,18.809999,19.260000,18.420000,18.549999,18.549999,0
2018-04-16,18.180000,18.230000,17.709999,17.820000,17.820000,0
2018-04-17,17.379999,17.389999,16.510000,16.799999,16.799999,0
2018-04-18,17.010000,17.600000,16.629999,16.799999,16.799999,0
2018-04-19,17.120001,17.719999,16.770000,17.120001,17.120001,0
2018-04-20,16.930000,18.030001,16.889999,17.719999,17.719999,0
2018-04-23,17.660000,17.980000,17.030001,17.350000,17.350000,0
2018-04-24,16.969999,19.379999,16.790001,18.230000,18.230000,0
2018-04-25,18.469999,19.299999,18.180000,18.230000,18.230000,0
2018-04-26,18.100000,18.209999,17.270000,17.290001,17.290001,0
2018-04-27,17.180000,17.780001,16.990000,17.080000,17.080000,0
2018-04-30,16.959999,17.580000,16.850000,17.340000,17.340000,0
2018-05-01,17.430000,17.809999,16.860001,16.910000,16.910000,0
2018-05-02,17.000000,17.260000,16.350000,17.260000,17.260000,0
2018-05-03,17.330000,18.740000,17.030001,17.030001,17.030001,0
2018-05-04,17.639999,17.750000,16.559999,16.650000,16.650000,0
2018-05-07,16.559999,16.900000,16.370001,16.650000,16.650000,0
2018-05-08,16.820000,17.190001,16.469999,16.480000,16.480000,0
2018-05-09,16.350000,16.450001,15.600000,15.780000,15.780000,0
2018-05-10,15.730000,15.740000,15.080000,15.240000,15.240000,0
2018-05-11,15.200000,15.370000,14.820000,14.820000,14.820000,0
2018-05-14,14.760000,14.790000,14.470000,14.530000,14.530000,0
2018-05-15,15.170000,16.120001,15.170000,15.790000,15.790000,0
2018-05-16,15.530000,15.540000,14.970000,15.140000,15.140000,0
2018-05-17,15.200000,15.350000,14.610000,15.020000,15.020000,0
2018-05-18,15.180000,15.410000,14.960000,15.190000,15.190000,0
2018-05-21,14.550000,15.000000,14.450000,14.690000,14.690000,0
2018-05-22,14.550000,15.030000,14.430000,14.880000,14.880000,0
2018-05-23,15.560000,15.620000,14.460000,14.480000,14.480000,0
2018-05-24,14.730000,15.380000,14.410000,14.430000,14.430000,0
2018-05-25,14.740000,14.950000,14.520000,14.830000,14.830000,0
2018-05-29,16.100000,17.959999,15.520000,17.129999,17.129999,0
2018-05-30,16.559999,16.600000,15.860000,16.000000,16.000000,0
2018-05-31,16.209999,16.740000,15.980000,16.330000,16.330000,0
2018-06-01,15.520000,15.540000,15.080000,15.270000,15.270000,0
2018-06-04,15.220000,15.280000,14.830000,14.900000,14.900000,0
2018-06-05,14.920000,15.200000,14.710000,14.720000,14.720000,0
2018-06-06,14.600000,14.800000,14.160000,14.190000,14.190000,0
2018-06-07,14.300000,14.950000,14.170000,14.430000,14.430000,0
2018-06-08,14.900000,15.010000,14.440000,14.600000,14.600000,0
2018-06-11,14.690000,14.720000,14.430000,14.550000,14.550000,0
2018-06-12,14.520000,14.710000,14.420000,14.590000,14.590000,0
2018-06-13,14.450000,15.500000,14.370000,14.920000,14.920000,0
2018-06-14,14.440000,14.660000,14.270000,14.400000,14.400000,0
2018-06-15,14.810000,15.540000,14.400000,14.420000,14.420000,0
2018-06-18,15.290000,15.440000,14.460000,14.480000,14.480000,0
2018-06-19,15.780000,15.850000,15.110000,15.170000,15.170000,0
2018-06-20,14.670000,14.980000,14.640000,14.790000,14.790000,0
2018-06-21,14.980000,16.160000,14.980000,15.870000,15.870000,0
2018-06-22,15.030000,15.700000,15.030000,15.500000,15.500000,0
2018-06-25,16.230000,18.969999,16.200001,17.520000,17.520000,0
2018-06-26,17.100000,17.469999,16.510000,16.870001,16.870001,0
2018-06-27,16.740000,18.340000,16.200001,18.049999,18.049999,0
2018-06-28,18.180000,18.860001,17.190001,17.520000,17.520000,0
2018-06-29,16.879999,17.309999,16.260000,17.139999,17.139999,0
2018-07-02,18.209999,18.330000,16.930000,16.950001,16.950001,0
2018-07-03,16.639999,17.540001,16.559999,17.350000,17.350000,0
2018-07-05,16.670000,17.330000,16.510000,16.530001,16.530001,0
2018-07-06,16.570000,16.650000,15.660000,15.710000,15.710000,0
2018-07-09,15.300000,15.460000,14.830000,14.870000,14.870000,0
2018-07-10,14.720000,15.080000,14.610000,14.710000,14.710000,0
2018-07-11,15.540000,15.560000,15.020000,15.380000,15.380000,0
2018-07-12,14.870000,15.190000,14.680000,14.760000,14.760000,0
2018-07-13,14.850000,15.100000,14.500000,14.540000,14.540000,0
2018-07-16,14.850000,14.950000,14.590000,14.850000,14.850000,0
2018-07-17,15.090000,15.090000,14.210000,14.400000,14.400000,0
2018-07-18,14.440000,14.600000,14.260000,14.390000,14.390000,0
2018-07-19,14.830000,15.100000,14.620000,14.970000,14.970000,0
2018-07-20,15.240000,15.280000,14.810000,15.080000,15.080000,0
2018-07-23,15.240000,15.440000,14.860000,14.860000,14.860000,0
2018-07-24,14.540000,15.250000,14.460000,14.700000,14.700000,0
2018-07-25,14.860000,14.880000,14.170000,14.550000,14.550000,0
2018-07-26,14.540000,14.780000,14.390000,14.400000,14.400000,0
2018-07-27,14.420000,15.610000,14.390000,15.000000,15.000000,0
2018-07-30,15.070000,15.790000,15.010000,15.660000,15.660000,0
2018-07-31,15.190000,15.410000,14.870000,14.870000,14.870000,0
2018-08-01,15.010000,15.460000,14.710000,15.220000,15.220000,0
2018-08-02,15.980000,16.000000,14.720000,14.760000,14.760000,0
2018-08-03,14.830000,14.850000,14.410000,14.490000,14.490000,0
2018-08-06,14.770000,14.830000,14.170000,14.230000,14.230000,0
2018-08-07,14.010000,14.150000,13.890000,13.930000,13.930000,0
2018-08-08,14.040000,14.170000,13.720000,13.960000,13.960000,0
2018-08-09,13.970000,14.200000,13.810000,14.130000,14.130000,0
2018-08-10,14.760000,15.450000,14.740000,15.220000,15.220000,0
2018-08-13,15.510000,16.290001,15.040000,16.209999,16.209999,0
2018-08-14,15.720000,16.000000,15.290000,15.350000,15.350000,0
2018-08-15,16.330000,17.590000,16.160000,16.190001,16.190001,0
2018-08-16,15.540000,15.700000,15.190000,15.510000,15.510000,0
2018-08-17,15.730000,15.870000,14.970000,15.170000,15.170000,0
2018-08-20,14.990000,15.060000,14.870000,15.000000,15.000000,0
2018-08-21,14.920000,15.190000,14.680000,15.190000,15.190000,0
2018-08-22,15.210000,15.310000,14.910000,15.080000,15.080000,0
2018-08-23,15.100000,15.260000,14.680000,15.060000,15.060000,0
2018-08-24,14.830000,14.950000,14.620000,14.820000,14.820000,0
2018-08-27,14.830000,14.950000,14.760000,14.790000,14.790000,0
2018-08-28,14.760000,15.130000,14.710000,15.110000,15.110000,0
2018-08-29,15.060000,15.190000,14.760000,14.950000,14.950000,0
2018-08-30,15.200000,15.830000,15.040000,15.540000,15.540000,0
2018-08-31,15.600000,15.910000,15.150000,15.150000,15.150000,0
2018-09-04,15.820000,16.120001,15.440000,15.450000,15.450000,0
2018-09-05,15.800000,16.230000,15.630000,15.920000,15.920000,0
2018-09-06,15.890000,16.700001,15.830000,16.340000,16.340000,0
2018-09-07,16.770000,16.910000,16.180000,16.590000,16.590000,0
2018-09-10,16.330000,16.410000,15.980000,16.170000,16.170000,0
2018-09-11,16.450001,16.559999,15.540000,15.540000,15.540000,0
2018-09-12,15.620000,15.780000,15.210000,15.320000,15.320000,0
2018-09-13,14.980000,15.010000,14.730000,14.770000,14.770000,0
2018-09-14,14.750000,14.900000,14.370000,14.370000,14.370000,0
2018-09-17,14.700000,15.330000,14.610000,15.280000,15.280000,0
2018-09-18,15.020000,15.190000,14.750000,15.040000,15.040000,0
2018-09-19,14.720000,14.750000,14.480000,14.650000,14.650000,0
2018-09-20,14.400000,14.600000,14.320000,14.510000,14.510000,0
2018-09-21,14.480000,14.620000,14.180000,14.580000,14.580000,0
2018-09-24,15.030000,15.300000,14.750000,14.770000,14.770000,0
2018-09-25,14.640000,15.030000,14.640000,14.920000,14.920000,0
2018-09-26,14.850000,15.340000,14.400000,15.150000,15.150000,0
2018-09-27,14.810000,14.980000,14.530000,14.890000,14.890000,0
2018-09-28,15.130000,15.200000,14.710000,14.770000,14.770000,0
2018-10-01,14.470000,14.960000,14.330000,14.740000,14.740000,0
2018-10-02,14.840000,14.980000,14.500000,14.840000,14.840000,0
2018-10-03,14.550000,14.960000,14.500000,14.680000,14.680000,0
2018-10-04,15.150000,16.760000,15.150000,15.840000,15.840000,0
2018-10-05,15.670000,17.680000,15.360000,16.250000,16.250000,0
2018-10-08,17.080000,18.000000,16.500000,16.510000,16.510000,0
2018-10-09,16.969999,17.340000,16.219999,16.629999,16.629999,0
2018-10-10,17.170000,20.750000,17.170000,20.700001,20.700001,0
2018-10-11,20.010000,23.709999,19.400000,21.559999,21.559999,0
2018-10-12,19.850000,22.799999,19.559999,19.840000,19.840000,0
2018-10-15,20.230000,20.840000,19.110001,20.290001,20.290001,0
2018-10-16,19.160000,19.350000,17.879999,17.959999,17.959999,0
2018-10-17,18.120001,19.370001,18.049999,18.100000,18.100000,0
2018-10-18,18.770000,20.770000,18.490000,19.860001,19.860001,0
2018-10-19,19.559999,20.549999,18.959999,19.840000,19.840000,0
2018-10-22,19.350000,20.600000,19.250000,19.820000,19.820000,0
2018-10-23,22.290001,22.290001,20.010000,20.280001,20.280001,0
2018-10-24,20.469999,23.459999,20.219999,22.620001,22.620001,0
2018-10-25,22.260000,22.750000,21.170000,22.440001,22.440001,0
2018-10-26,23.559999,24.379999,22.120001,22.480000,22.480000,0
2018-10-29,21.799999,24.820000,21.340000,23.059999,23.059999,0
2018-10-30,23.500000,23.500000,22.059999,22.230000,22.230000,0
2018-10-31,21.469999,21.780001,20.670000,21.150000,21.150000,0
2018-11-01,20.830000,21.230000,20.020000,20.070000,20.070000,0
2018-11-02,19.660000,21.490000,19.440001,20.299999,20.299999,0
2018-11-05,20.370001,20.809999,20.020000,20.200001,20.200001,0
2018-11-06,20.250000,20.250000,19.520000,19.580000,19.580000,0
2018-11-07,18.309999,18.520000,17.620001,17.620001,17.620001,0
2018-11-08,17.660000,18.020000,17.360001,17.680000,17.680000,0
2018-11-09,18.070000,18.990000,17.990000,18.459999,18.459999,0
2018-11-12,18.660000,20.440001,18.610001,20.230000,20.230000,0
2018-11-13,20.139999,20.889999,19.450001,20.270000,20.270000,0
2018-11-14,19.840000,21.879999,19.770000,21.219999,21.219999,0
2018-11-15,21.670000,22.320000,20.309999,20.309999,20.309999,0
2018-11-16,20.990000,21.100000,19.309999,19.350000,19.350000,0
2018-11-19,19.770000,21.190001,19.570000,20.639999,20.639999,0
2018-11-20,22.430000,23.020000,21.830000,22.270000,22.270000,0
2018-11-21,21.629999,21.930000,20.850000,21.320000,21.320000,0
2018-11-23,22.120001,22.129999,21.309999,21.750000,21.750000,0
2018-11-26,21.020000,21.059999,19.930000,20.110001,20.110001,0
2018-11-27,20.459999,20.600000,19.730000,19.940001,19.940001,0
2018-11-28,19.690001,20.110001,19.090000,19.280001,19.280001,0
2018-11-29,19.730000,20.549999,19.410000,19.590000,19.590000,0
2018-11-30,19.920000,19.969999,18.879999,18.889999,18.889999,0
2018-12-03,17.690001,18.440001,17.690001,17.950001,17.950001,0
2018-12-04,18.080000,21.270000,17.900000,20.750000,20.750000,0
2018-12-06,23.090000,24.010000,20.860001,21.059999,21.059999,0
2018-12-07,21.110001,23.250000,20.410000,22.440001,22.440001,0
2018-12-10,22.580000,24.020000,21.940001,22.010000,22.010000,0
2018-12-11,21.250000,22.870001,21.250000,21.719999,21.719999,0
2018-12-12,21.070000,21.760000,20.790001,21.590000,21.590000,0
2018-12-13,21.160000,21.820000,20.940001,21.350000,21.350000,0
2018-12-14,21.840000,22.480000,21.530001,21.959999,21.959999,0
2018-12-17,22.600000,24.120001,22.180000,23.410000,23.410000,0
2018-12-18,23.209999,24.500000,23.080000,23.900000,23.900000,0
2018-12-19,23.910000,24.450001,22.299999,24.020000,24.020000,0
2018-12-20,24.330000,26.510000,23.969999,25.240000,25.240000,0
2018-12-21,25.559999,26.730000,24.230000,26.230000,26.230000,0
2018-12-24,26.850000,28.920000,26.650000,28.840000,28.840000,0
2018-12-26,27.910000,28.620001,25.260000,25.690001,25.690001,0
2018-12-27,27.049999,28.020000,25.790001,25.889999,25.889999,0
2018-12-28,25.660000,26.719999,24.719999,25.320000,25.320000,0
2018-12-31,24.570000,24.670000,23.650000,23.730000,23.730000,0
2019-01-02,24.990000,24.990000,22.700001,22.750000,22.750000,0
2019-01-03,23.540001,24.629999,23.250000,24.110001,24.110001,0
2019-01-04,22.990000,23.059999,21.780001,21.860001,21.860001,0
2019-01-07,22.070000,22.219999,21.330000,21.620001,21.620001,0
2019-01-08,21.219999,21.900000,20.879999,21.139999,21.139999,0
2019-01-09,20.900000,21.180000,20.469999,20.690001,20.690001,0
2019-01-10,21.129999,21.430000,20.370001,20.520000,20.520000,0
2019-01-11,20.850000,20.920000,19.690001,19.740000,19.740000,0
2019-01-14,20.650000,20.700001,19.700001,19.930000,19.930000,0
2019-01-15,19.900000,19.900000,18.940001,19.240000,19.240000,0
2019-01-16,19.139999,19.530001,18.870001,19.530001,19.530001,0
2019-01-17,19.740000,19.750000,18.830000,19.170000,19.170000,0
2019-01-18,18.670000,19.020000,18.420000,18.840000,18.840000,0
2019-01-22,19.350000,20.870001,19.240000,20.690001,20.690001,0
2019-01-23,20.150000,21.540001,20.049999,20.080000,20.080000,0
2019-01-24,20.290001,20.480000,19.420000,19.670000,19.670000,0
2019-01-25,19.049999,19.200001,18.709999,18.820000,18.820000,0
2019-01-28,19.920000,20.360001,19.520000,19.580000,19.580000,0
2019-01-29,19.440001,19.980000,19.309999,19.600000,19.600000,0
2019-01-30,19.370001,19.629999,18.520000,18.680000,18.680000,0
2019-01-31,18.650000,18.740000,17.879999,17.879999,17.879999,0
2019-02-01,17.889999,18.090000,17.559999,17.590000,17.590000,0
2019-02-04,17.740000,17.860001,17.090000,17.190001,17.190001,0
2019-02-05,17.170000,17.170000,16.530001,17.070000,17.070000,0
2019-02-06,16.920000,17.110001,16.650000,16.900000,16.900000,0
2019-02-07,17.549999,18.400000,17.260000,17.520000,17.520000,0
2019-02-08,17.990000,18.299999,17.219999,17.260000,17.260000,0
2019-02-11,17.150000,17.540001,17.100000,17.219999,17.219999,0
2019-02-12,16.740000,16.940001,16.580000,16.820000,16.820000,0
2019-02-13,16.809999,17.070000,16.670000,16.959999,16.959999,0
2019-02-14,17.530001,17.830000,16.950001,17.320000,17.320000,0
2019-02-15,16.809999,16.980000,16.459999,16.480000,16.480000,0
2019-02-19,17.059999,17.070000,16.270000,16.450001,16.450001,0
2019-02-20,16.450001,16.459999,15.800000,15.820000,15.820000,0
2019-02-21,16.100000,16.480000,15.780000,16.160000,16.160000,0
2019-02-22,15.960000,15.980000,15.460000,15.460000,15.460000,0
2019-02-25,15.360000,16.030001,15.250000,16.000000,16.000000,0
2019-02-26,16.219999,16.330000,15.840000,16.299999,16.299999,0
2019-02-27,16.480000,16.950001,15.980000,15.990000,15.990000,0
2019-02-28,15.990000,16.370001,15.880000,16.100000,16.100000,0
2019-03-01,15.740000,16.150000,15.310000,15.380000,15.380000,0
2019-03-04,15.380000,17.180000,15.170000,16.030001,16.030001,0
2019-03-05,16.070000,16.480000,15.880000,16.150000,16.150000,0
2019-03-06,16.230000,16.950001,16.230000,16.740000,16.740000,0
2019-03-07,17.070000,17.900000,16.750000,17.299999,17.299999,0
2019-03-08,18.180000,18.299999,17.090000,17.110001,17.110001,0
2019-03-11,17.100000,17.100000,16.010000,16.010000,16.010000,0
2019-03-12,15.970000,15.970000,15.530000,15.650000,15.650000,0
2019-03-13,15.490000,15.580000,15.200000,15.330000,15.330000,0
2019-03-14,15.400000,15.570000,15.080000,15.300000,15.300000,0
2019-03-15,15.180000,15.210000,14.640000,14.980000,14.980000,0
2019-03-18,15.240000,15.630000,15.060000,15.240000,15.240000,0
2019-03-19,14.910000,15.790000,14.890000,15.560000,15.560000,0
2019-03-20,15.750000,16.059999,15.200000,15.790000,15.790000,0
2019-03-21,15.990000,15.990000,15.300000,15.510000,15.510000,0
2019-03-22,15.900000,17.879999,15.800000,17.370001,17.370001,0
2019-03-25,17.799999,18.200001,17.230000,17.450001,17.450001,0
2019-03-26,16.790001,17.049999,16.430000,16.450001,16.450001,0
2019-03-27,16.480000,17.670000,16.299999,16.780001,16.780001,0
2019-03-28,16.549999,17.030001,16.280001,16.299999,16.299999,0
2019-03-29,16.000000,16.240000,15.780000,15.800000,15.800000,0
2019-04-01,15.740000,15.890000,15.370000,15.460000,15.460000,0
2019-04-02,15.520000,15.700000,15.400000,15.540000,15.540000,0
2019-04-03,15.310000,15.920000,15.240000,15.630000,15.630000,0
2019-04-04,15.660000,15.810000,15.410000,15.480000,15.480000,0
2019-04-05,15.240000,15.310000,14.980000,15.060000,15.060000,0
2019-04-08,15.370000,15.560000,15.210000,15.280000,15.280000,0
2019-04-09,15.700000,16.080000,15.550000,15.990000,15.990000,0
2019-04-10,15.780000,15.960000,15.380000,15.380000,15.380000,0
2019-04-11,15.330000,15.420000,15.080000,15.250000,15.250000,0
2019-04-12,14.890000,14.940000,14.460000,14.460000,14.460000,0
2019-04-15,14.610000,15.150000,14.490000,14.530000,14.530000,0
2019-04-16,14.400000,14.690000,14.300000,14.470000,14.470000,0
2019-04-17,14.240000,15.070000,14.230000,14.820000,14.820000,0
2019-04-18,14.590000,15.060000,14.500000,14.570000,14.570000,0
2019-04-22,15.220000,15.220000,14.720000,14.720000,14.720000,0
2019-04-23,14.660000,14.700000,14.420000,14.540000,14.540000,0
2019-04-24,14.680000,15.040000,14.550000,15.040000,15.040000,0
2019-04-25,15.280000,15.880000,14.940000,15.210000,15.210000,0
2019-04-26,15.150000,15.320000,14.740000,14.890000,14.890000,0
2019-04-29,15.070000,15.240000,14.900000,15.230000,15.230000,0
2019-04-30,15.390000,15.850000,15.080000,15.230000,15.230000,0
2019-05-01,15.160000,16.219999,14.980000,16.190001,16.190001,0
2019-05-02,16.059999,16.910000,15.660000,16.030001,16.030001,0
2019-05-03,15.500000,15.510000,15.030000,15.070000,15.070000,0
2019-05-06,17.730000,17.730000,16.129999,16.400000,16.400000,0
2019-05-07,17.480000,20.180000,17.420000,18.780001,18.780001,0
2019-05-08,19.120001,19.510000,17.980000,18.750000,18.750000,0
2019-05-09,20.420000,20.980000,18.350000,18.440001,18.440001,0
2019-05-10,18.290001,19.350000,16.709999,16.900000,16.900000,0
2019-05-13,19.379999,20.250000,18.940001,19.790001,19.790001,0
2019-05-14,19.790001,19.790001,18.010000,18.290001,18.290001,0
2019-05-15,19.010000,19.030001,17.370001,17.490000,17.490000,0
2019-05-16,17.480000,17.480000,16.510000,16.740000,16.740000,0
2019-05-17,17.549999,17.549999,16.490000,17.059999,17.059999,0
2019-05-20,17.799999,18.070000,17.030001,17.290001,17.290001,0
2019-05-21,16.770000,16.799999,16.389999,16.420000,16.420000,0
2019-05-22,16.410000,16.780001,16.299999,16.420000,16.420000,0
2019-05-23,17.410000,18.260000,17.340000,17.690001,17.690001,0
2019-05-24,16.990000,17.520000,16.830000,17.090000,17.090000,0
2019-05-28,17.100000,17.969999,16.870001,17.900000,17.900000,0
2019-05-29,18.389999,18.790001,18.010000,18.240000,18.240000,0
2019-05-30,17.840000,18.500000,17.610001,17.959999,17.959999,0
2019-05-31,19.040001,19.219999,18.440001,18.830000,18.830000,0
2019-06-03,18.620001,19.450001,18.350000,18.770000,18.770000,0
2019-06-04,18.230000,18.459999,17.580000,17.590000,17.590000,0
2019-06-05,17.389999,17.959999,17.129999,17.129999,17.129999,0
2019-06-06,17.190001,17.400000,16.809999,16.920000,16.920000,0
2019-06-07,16.879999,17.160000,16.740000,17.150000,17.150000,0
2019-06-10,16.879999,17.160000,16.790001,16.879999,16.879999,0
2019-06-11,16.549999,17.420000,16.549999,16.990000,16.990000,0
2019-06-12,17.090000,17.379999,16.959999,17.049999,17.049999,0
2019-06-13,16.820000,17.080000,16.750000,16.860001,16.860001,0
2019-06-14,17.030001,17.500000,16.570000,16.600000,16.600000,0
2019-06-17,16.740000,16.900000,16.549999,16.610001,16.610001,0
2019-06-18,16.360001,16.730000,16.160000,16.500000,16.500000,0
2019-06-19,16.360001,16.809999,16.030001,16.100000,16.100000,0
2019-06-20,15.920000,16.940001,15.670000,16.139999,16.139999,0
2019-06-21,16.139999,16.719999,16.100000,16.670000,16.670000,0
2019-06-24,16.570000,16.709999,16.450001,16.469999,16.469999,0
2019-06-25,16.510000,17.370001,16.510000,17.120001,17.120001,0
2019-06-26,17.120001,17.230000,16.700001,17.049999,17.049999,0
2019-06-27,16.860001,17.110001,16.730000,16.760000,16.760000,0
2019-06-28,16.700001,16.870001,16.059999,16.059999,16.059999,0
2019-07-01,15.310000,15.800000,15.310000,15.430000,15.430000,0
2019-07-02,15.390000,15.500000,14.720000,14.720000,14.720000,0
2019-07-03,14.790000,14.920000,14.520000,14.530000,14.530000,0
2019-07-05,15.200000,15.700000,14.830000,14.980000,14.980000,0
2019-07-08,15.490000,15.760000,15.350000,15.480000,15.480000,0
2019-07-09,15.960000,15.960000,15.520000,15.570000,15.570000,0
2019-07-10,15.560000,15.560000,15.060000,15.190000,15.190000,0
2019-07-11,15.110000,15.330000,14.850000,14.980000,14.980000,0
2019-07-12,14.880000,14.950000,14.730000,14.800000,14.800000,0
2019-07-15,14.810000,15.240000,14.810000,15.040000,15.040000,0
2019-07-16,14.970000,15.300000,14.870000,15.220000,15.220000,0
2019-07-17,15.090000,15.840000,15.030000,15.820000,15.820000,0
2019-07-18,15.820000,16.150000,15.330000,15.540000,15.540000,0
2019-07-19,15.540000,15.930000,15.270000,15.930000,15.930000,0
2019-07-22,15.930000,15.970000,15.380000,15.470000,15.470000,0
2019-07-23,15.220000,15.410000,14.890000,14.930000,14.930000,0
2019-07-24,15.190000,15.190000,14.470000,14.560000,14.560000,0
2019-07-25,14.840000,15.520000,14.810000,15.050000,15.050000,0
2019-07-26,14.840000,14.850000,14.600000,14.690000,14.690000,0
2019-07-29,14.940000,15.240000,14.820000,15.000000,15.000000,0
2019-07-30,15.680000,15.780000,15.320000,15.700000,15.700000,0
2019-07-31,15.700000,17.260000,15.370000,16.910000,16.910000,0
2019-08-01,16.879999,18.840000,15.730000,17.990000,17.990000,0
2019-08-02,18.090000,19.190001,17.870001,17.889999,17.889999,0
2019-08-05,20.080000,21.910000,19.850000,21.900000,21.900000,0
2019-08-06,20.040001,21.139999,19.469999,19.690001,19.690001,0
2019-08-07,21.010000,21.610001,19.209999,19.500000,19.500000,0
2019-08-08,18.990000,19.170000,17.840000,17.860001,17.860001,0
2019-08-09,17.860001,19.350000,17.860001,18.559999,18.559999,0
2019-08-12,19.379999,20.540001,19.120001,20.500000,20.500000,0
2019-08-13,20.500000,21.379999,18.510000,18.530001,18.530001,0
2019-08-14,18.600000,21.709999,18.600000,21.299999,21.299999,0
2019-08-15,21.299999,22.190001,20.870001,21.070000,21.070000,0
2019-08-16,21.040001,21.040001,19.450001,19.700001,19.700001,0
2019-08-19,18.780001,19.010000,18.150000,18.360001,18.360001,0
2019-08-20,18.450001,18.910000,18.209999,18.870001,18.870001,0
2019-08-21,17.760000,18.049999,17.620001,17.719999,17.719999,0
2019-08-22,17.760000,18.830000,17.709999,18.230000,18.230000,0
2019-08-23,18.889999,21.100000,17.950001,20.360001,20.360001,0
2019-08-26,19.870001,20.889999,19.670000,19.820000,19.820000,0
2019-08-27,19.850000,21.010000,19.410000,20.639999,20.639999,0
2019-08-28,21.100000,21.990000,19.969999,20.049999,20.049999,0
2019-08-29,19.299999,19.629999,18.940001,19.030001,19.030001,0
2019-08-30,19.030001,19.740000,18.730000,19.540001,19.540001,0
2019-09-03,20.219999,20.559999,19.750000,20.120001,20.120001,0
2019-09-04,19.209999,19.639999,18.790001,18.809999,18.809999,0
2019-09-05,18.820000,18.820000,17.730000,18.080000,18.080000,0
2019-09-06,17.799999,18.000000,17.430000,17.459999,17.459999,0
2019-09-09,17.469999,18.010000,17.320000,17.549999,17.549999,0
2019-09-10,17.879999,18.200001,17.389999,17.410000,17.410000,0
2019-09-11,17.490000,17.559999,17.100000,17.100000,17.100000,0
2019-09-12,16.990000,17.459999,16.629999,16.809999,16.809999,0
2019-09-13,16.740000,16.930000,16.480000,16.670000,16.670000,0
2019-09-16,17.410000,17.450001,17.040001,17.200001,17.200001,0
2019-09-17,17.360001,17.580000,17.209999,17.230000,17.230000,0
2019-09-18,17.350000,18.059999,16.770000,16.860001,16.860001,0
2019-09-19,16.830000,16.889999,16.410000,16.790001,16.790001,0
2019-09-20,16.490000,17.910000,16.459999,17.709999,17.709999,0
2019-09-23,17.730000,17.870001,17.730000,17.870001,17.870001,0
2019-09-24,17.870001,18.950001,17.139999,18.549999,18.549999,0
2019-09-25,18.629999,19.450001,17.830000,18.000000,18.000000,0
2019-09-26,18.090000,18.650000,17.940001,18.120001,18.120001,0
2019-09-27,18.100000,19.549999,17.820000,18.750000,18.750000,0
2019-09-30,18.540001,18.590000,17.940001,17.959999,17.959999,0
2019-10-01,17.959999,19.350000,17.549999,19.350000,19.350000,0
2019-10-02,19.900000,21.059999,19.879999,20.740000,20.740000,0
2019-10-03,20.719999,21.330000,19.770000,19.780001,19.780001,0
2019-10-04,19.540001,19.540001,18.520000,18.590000,18.590000,0
2019-10-07,19.049999,19.170000,18.230000,18.910000,18.910000,0
2019-10-08,19.740000,20.520000,19.299999,20.389999,20.389999,0
2019-10-09,19.709999,20.030001,19.180000,19.510000,19.510000,0
2019-10-10,19.760000,19.770000,18.750000,18.790001,18.790001,0
2019-10-11,18.090000,18.320000,17.180000,17.549999,17.549999,0
2019-10-14,17.670000,17.830000,17.059999,17.120001,17.120001,0
2019-10-15,16.730000,16.730000,16.270000,16.480000,16.480000,0
2019-10-16,16.629999,16.840000,16.410000,16.480000,16.480000,0
2019-10-17,16.299999,16.709999,16.170000,16.440001,16.440001,0
2019-10-18,16.440001,17.209999,16.440001,16.650000,16.650000,0
2019-10-21,16.650000,16.690001,16.280001,16.280001,16.280001,0
2019-10-22,16.180000,16.660000,16.100000,16.549999,16.549999,0
2019-10-23,16.610001,16.700001,16.290001,16.290001,16.290001,0
2019-10-24,16.170000,16.520000,16.049999,16.250000,16.250000,0
2019-10-25,16.270000,16.270000,15.670000,15.710000,15.710000,0
2019-10-28,15.820000,16.020000,15.780000,15.990000,15.990000,0
2019-10-29,16.219999,16.400000,15.970000,16.090000,16.090000,0
2019-10-30,16.200001,16.420000,15.690000,15.690000,15.690000,0
2019-10-31,16.020000,16.540001,15.940000,16.049999,16.049999,0
2019-11-01,15.560000,15.600000,15.350000,15.420000,15.420000,0
2019-11-04,15.370000,15.740000,15.370000,15.620000,15.620000,0
2019-11-05,15.760000,15.980000,15.630000,15.910000,15.910000,0
2019-11-06,16.030001,16.180000,15.770000,15.830000,15.830000,0
2019-11-07,15.740000,15.960000,15.470000,15.800000,15.800000,0
2019-11-08,15.800000,16.549999,15.460000,15.530000,15.530000,0
2019-11-11,15.510000,16.240000,15.510000,15.600000,15.600000,0
2019-11-12,15.580000,15.780000,15.370000,15.490000,15.490000,0
2019-11-13,15.840000,15.880000,15.570000,15.620000,15.620000,0
2019-11-14,15.810000,16.080000,15.550000,15.600000,15.600000,0
2019-11-15,15.320000,15.460000,14.940000,14.990000,14.990000,0
2019-11-18,15.340000,15.470000,15.130000,15.170000,15.170000,0
2019-11-19,15.100000,15.540000,15.100000,15.500000,15.500000,0
2019-11-20,15.580000,16.350000,15.410000,15.640000,15.640000,0
2019-11-21,15.740000,16.250000,15.730000,15.820000,15.820000,0
2019-11-22,15.810000,15.930000,15.390000,15.400000,15.400000,0
2019-11-25,15.370000,15.370000,14.990000,14.990000,14.990000,0
2019-11-26,15.020000,15.090000,14.850000,14.850000,14.850000,0
2019-11-27,14.940000,15.020000,14.900000,14.960000,14.960000,0
2019-11-29,15.370000,15.630000,15.320000,15.510000,15.510000,0
2019-12-02,15.840000,17.040001,15.840000,16.840000,16.840000,0
2019-12-03,18.410000,18.600000,17.480000,17.629999,17.629999,0
2019-12-04,17.090000,17.150000,16.650000,16.980000,16.980000,0
2019-12-05,16.809999,17.260000,16.670000,16.780001,16.780001,0
2019-12-06,16.139999,16.350000,16.090000,16.209999,16.209999,0
2019-12-09,16.510000,17.389999,16.389999,17.299999,17.299999,0
2019-12-10,17.299999,17.670000,17.010000,17.129999,17.129999,0
2019-12-11,17.170000,17.370001,16.900000,16.910000,16.910000,0
2019-12-12,17.150000,17.160000,15.960000,16.090000,16.090000,0
2019-12-13,16.260000,16.330000,15.270000,15.280000,15.280000,0
2019-12-16,14.950000,15.160000,14.720000,14.980000,14.980000,0
2019-12-17,15.070000,15.240000,14.970000,15.150000,15.150000,0
2019-12-18,14.990000,15.280000,14.900000,15.200000,15.200000,0
2019-12-19,15.240000,15.380000,15.110000,15.140000,15.140000,0
2019-12-20,14.940000,15.330000,14.920000,15.320000,15.320000,0
2019-12-23,15.440000,15.630000,15.440000,15.500000,15.500000,0
2019-12-24,15.520000,15.670000,15.510000,15.520000,15.520000,0
2019-12-26,15.540000,15.570000,15.470000,15.520000,15.520000,0
2019-12-27,15.620000,16.110001,15.610000,15.950000,15.950000,0
2019-12-30,16.260000,17.000000,16.250000,16.680000,16.680000,0
2019-12-31,17.000000,17.030001,15.850000,15.870000,15.870000,0
2020-01-02,15.600000,15.880000,15.180000,15.190000,15.190000,0
2020-01-03,16.590000,16.879999,15.610000,16.010000,16.010000,0
2020-01-06,16.780001,16.780001,15.790000,15.920000,15.920000,0
2020-01-07,15.920000,16.290001,15.640000,15.860000,15.860000,0
2020-01-08,15.940000,15.960000,15.160000,15.400000,15.400000,0
2020-01-09,15.180000,15.400000,14.950000,14.950000,14.950000,0
2020-01-10,15.010000,15.180000,14.780000,14.950000,14.950000,0
2020-01-13,15.020000,15.160000,14.640000,14.640000,14.640000,0
2020-01-14,14.740000,15.040000,14.510000,14.640000,14.640000,0
2020-01-15,14.770000,14.900000,14.580000,14.630000,14.630000,0
2020-01-16,14.460000,14.520000,14.370000,14.450000,14.450000,0
2020-01-17,14.460000,14.670000,14.250000,14.410000,14.410000,0
2020-01-21,14.880000,14.960000,14.600000,14.870000,14.870000,0
2020-01-22,14.750000,14.980000,14.610000,14.980000,14.980000,0
2020-01-23,14.980000,15.650000,14.970000,14.990000,14.990000,0
2020-01-24,14.880000,16.700001,14.840000,16.070000,16.070000,0
2020-01-27,16.040001,18.190001,16.040001,18.160000,18.160000,0
2020-01-28,17.459999,17.660000,16.750000,17.030001,17.030001,0
2020-01-29,16.590000,17.190001,16.459999,17.030001,17.030001,0
2020-01-30,17.719999,18.200001,16.480000,16.590000,16.590000,0
2020-01-31,17.270000,19.350000,17.219999,18.629999,18.629999,0
2020-02-03,18.030001,18.320000,17.420000,18.040001,18.040001,0
2020-02-04,16.870001,16.950001,16.540001,16.700001,16.700001,0
2020-02-05,16.120001,16.559999,16.030001,16.110001,16.110001,0
2020-02-06,16.049999,16.260000,15.800000,15.890000,15.890000,0
2020-02-07,16.370001,16.700001,16.040001,16.290001,16.290001,0
2020-02-10,16.650000,16.670000,16.070000,16.129999,16.129999,0
2020-02-11,15.890000,16.230000,15.720000,16.139999,16.139999,0
2020-02-12,15.880000,15.930000,15.350000,15.360000,15.360000,0
2020-02-13,16.020000,16.059999,15.560000,15.680000,15.680000,0
2020-02-14,15.610000,15.970000,15.500000,15.500000,15.500000,0
2020-02-18,16.160000,16.480000,15.880000,16.100000,16.100000,0
2020-02-19,15.910000,15.990000,15.760000,15.820000,15.820000,0
2020-02-20,16.030001,17.290001,15.820000,16.600000,16.600000,0
2020-02-21,17.100000,18.180000,17.100000,17.610001,17.610001,0
2020-02-24,21.280001,22.600000,20.200001,21.920000,21.920000,0
2020-02-25,20.709999,25.059999,20.709999,23.860001,23.860001,0
2020-02-26,22.889999,24.280001,22.059999,23.700001,23.700001,0
2020-02-27,26.330000,29.969999,24.910000,29.920000,29.920000,0
2020-02-28,32.230000,35.480000,29.850000,29.850000,29.850000,0
2020-03-02,28.660000,30.660000,26.719999,27.700001,27.700001,0
2020-03-03,27.500000,31.780001,25.580000,30.170000,30.170000,0
2020-03-04,27.500000,29.170000,26.469999,27.510000,27.510000,0
2020-03-05,30.340000,34.410000,29.240000,32.570000,32.570000,0
2020-03-06,38.500000,41.259998,34.840000,35.459999,35.459999,0
2020-03-09,35.410000,46.570000,35.410000,43.049999,43.049999,0
2020-03-10,38.279999,44.020000,38.189999,39.439999,39.439999,0
2020-03-11,42.880001,45.689999,41.889999,44.369999,44.369999,0
2020-03-12,44.410000,57.740002,44.410000,57.240002,57.240002,0
2020-03-13,50.549999,58.810001,47.180000,48.310001,48.310001,0
2020-03-16,48.310001,68.709999,48.310001,67.699997,67.699997,0
2020-03-17,66.010002,70.010002,60.080002,65.269997,65.269997,0
2020-03-18,65.269997,79.580002,64.400002,72.980003,72.980003,0
2020-03-19,73.139999,86.610001,65.150002,69.470001,69.470001,0
2020-03-20,66.279999,67.900002,57.700001,65.589996,65.589996,0
2020-03-23,66.419998,67.190002,56.020000,56.639999,56.639999,0
2020-03-24,49.470001,59.410000,46.020000,52.110001,52.110001,0
2020-03-25,55.660000,68.849998,51.820000,53.849998,53.849998,0
2020-03-26,52.970001,57.709999,48.910000,49.790001,49.790001,0
2020-03-27,54.919998,56.369999,52.720001,55.750000,55.750000,0
2020-03-30,52.630001,53.680000,50.990002,51.259998,51.259998,0
2020-03-31,49.849998,50.259998,46.360001,48.320000,48.320000,0
2020-04-01,51.529999,52.599998,47.880001,51.169998,51.169998,0
2020-04-02,50.040001,50.930000,46.980000,47.299999,47.299999,0
2020-04-03,46.830002,47.799999,44.720001,44.840000,44.840000,0
2020-04-06,42.689999,44.990002,41.820000,43.090000,43.090000,0
2020-04-07,41.650002,43.560001,40.619999,43.419998,43.419998,0
2020-04-08,42.209999,43.119999,40.889999,41.590000,41.590000,0
2020-04-09,41.540001,41.740002,40.430000,40.610001,40.610001,0
2020-04-13,43.290001,44.240002,39.950001,39.970001,39.970001,0
2020-04-14,38.570000,38.570000,36.439999,36.459999,36.459999,0
2020-04-15,39.419998,40.540001,38.669998,39.279999,39.279999,0
2020-04-16,39.529999,40.900002,39.099998,39.209999,39.209999,0
2020-04-17,37.790001,38.680000,37.060001,37.279999,37.279999,0
2020-04-20,39.480000,40.990002,38.330002,40.970001,40.970001,0
2020-04-21,43.279999,44.770000,42.759998,43.279999,43.279999,0
2020-04-22,41.770000,42.040001,40.509998,40.919998,40.919998,0
2020-04-23,39.939999,41.009998,39.090000,40.860001,40.860001,0
2020-04-24,39.529999,40.090000,37.720001,37.810001,37.810001,0
2020-04-27,37.209999,37.209999,34.770000,35.330002,35.330002,0
2020-04-28,33.990002,36.189999,33.970001,35.369999,35.369999,0
2020-04-29,33.820000,33.930000,32.939999,33.330002,33.330002,0
2020-04-30,34.500000,37.119999,34.500000,35.049999,35.049999,0
2020-05-01,37.520000,41.840000,36.889999,37.970001,37.970001,0
2020-05-04,39.040001,39.520000,36.820000,37.000000,37.000000,0
2020-05-05,35.880001,35.910000,34.389999,35.520000,35.520000,0
2020-05-06,34.700001,35.740002,34.320000,35.680000,35.680000,0
2020-05-07,34.119999,34.549999,33.500000,34.009998,34.009998,0
2020-05-08,33.160000,33.340000,31.620001,31.639999,31.639999,0
2020-05-11,32.950001,32.990002,30.129999,30.389999,30.389999,0
2020-05-12,29.420000,34.259998,29.330000,34.259998,34.259998,0
2020-05-13,33.860001,37.770000,33.220001,36.509998,36.509998,0
2020-05-14,38.169998,39.689999,34.689999,34.900002,34.900002,0
2020-05-15,36.270000,36.830002,33.860001,34.509998,34.509998,0
2020-05-18,31.799999,32.169998,31.330000,31.770000,31.770000,0
2020-05-19,32.130001,32.849998,30.889999,32.810001,32.810001,0
2020-05-20,31.190001,31.850000,30.770000,31.110001,31.110001,0
2020-05-21,31.110001,32.700001,30.879999,32.380001,32.380001,0
2020-05-22,32.180000,32.730000,31.469999,31.540001,31.540001,0
2020-05-26,30.330000,31.280001,29.870001,30.850000,30.850000,0
2020-05-27,30.290001,32.349998,30.120001,30.190001,30.190001,0
2020-05-28,30.690001,32.070000,30.299999,31.209999,31.209999,0
2020-05-29,32.150002,33.570000,30.219999,30.270000,30.270000,0
2020-06-01,31.629999,31.850000,30.790001,30.920000,30.920000,0
2020-06-02,30.900000,31.230000,29.870001,29.930000,29.930000,0
2020-06-03,29.680000,29.799999,28.639999,28.910000,28.910000,0
2020-06-04,28.959999,29.400000,27.920000,28.850000,28.850000,0
2020-06-05,27.350000,27.500000,26.879999,27.420000,27.420000,0
2020-06-08,27.670000,28.170000,27.340000,28.080000,28.080000,0
2020-06-09,28.910000,29.879999,28.660000,29.670000,29.670000,0
2020-06-10,29.379999,30.530001,28.410000,29.570000,29.570000,0
2020-06-11,32.790001,42.529999,31.570000,40.430000,40.430000,0
2020-06-12,36.740002,44.110001,35.810001,38.049999,38.049999,0
2020-06-15,40.900002,46.849998,36.410000,36.430000,36.430000,0
2020-06-16,33.459999,40.099998,33.459999,35.799999,35.799999,0
2020-06-17,35.849998,39.230000,34.880001,35.720001,35.720001,0
2020-06-18,36.599998,37.360001,34.869999,35.139999,35.139999,0
2020-06-19,33.660000,36.709999,33.380001,36.680000,36.680000,0
2020-06-22,35.880001,36.330002,33.750000,33.750000,33.750000,0
2020-06-23,32.720001,33.360001,32.259998,33.060001,33.060001,0
2020-06-24,34.250000,37.910000,33.790001,35.389999,35.389999,0
2020-06-25,36.180000,37.099998,33.740002,34.090000,34.090000,0
2020-06-26,34.400002,36.900002,33.939999,35.799999,35.799999,0
2020-06-29,35.759998,37.099998,33.910000,33.910000,33.910000,0
2020-06-30,34.290001,34.349998,31.809999,32.520000,32.520000,0
2020-07-01,31.920000,37.410000,31.190001,31.680000,31.680000,0
2020-07-02,30.430000,31.280001,29.910000,30.870001,30.870001,0
2020-07-06,30.530001,31.290001,30.139999,30.980000,30.980000,0
2020-07-07,31.459999,36.160000,30.540001,32.070000,32.070000,0
2020-07-08,31.670000,33.290001,31.070000,31.190001,31.190001,0
2020-07-09,30.980000,33.990002,30.980000,32.060001,32.060001,0
2020-07-10,32.090000,33.130001,30.860001,31.020000,31.020000,0
2020-07-13,30.940001,39.290001,30.920000,34.540001,34.540001,0
2020-07-14,34.639999,35.320000,32.220001,32.560001,32.560001,0
2020-07-15,31.469999,33.029999,31.280001,31.559999,31.559999,0
2020-07-16,32.099998,32.400002,30.920000,31.549999,31.549999,0
2020-07-17,30.920000,31.150000,30.180000,30.370001,30.370001,0
2020-07-20,30.070000,30.520000,28.700001,29.100000,29.100000,0
2020-07-21,28.670000,30.219999,28.250000,29.469999,29.469999,0
2020-07-22,29.650000,42.700001,28.900000,29.049999,29.049999,0
2020-07-23,29.139999,30.690001,28.900000,30.250000,30.250000,0
2020-07-24,31.180000,31.700001,30.340000,30.559999,30.559999,0
2020-07-27,30.580000,30.930000,29.860001,30.000000,30.000000,0
2020-07-28,29.850000,30.450001,29.180000,30.100000,30.100000,0
2020-07-29,29.730000,29.950001,29.190001,29.290001,29.290001,0
2020-07-30,30.889999,32.189999,29.570000,29.760000,29.760000,0
2020-07-31,29.290001,31.030001,29.260000,29.709999,29.709999,0
2020-08-03,29.799999,30.059999,29.510000,29.660000,29.660000,0
2020-08-04,29.639999,29.650000,29.049999,29.090000,29.090000,0
2020-08-05,28.650000,28.959999,28.389999,28.600000,28.600000,0
2020-08-06,28.639999,28.959999,28.040001,28.200001,28.200001,0
2020-08-07,28.700001,28.799999,27.990000,28.280001,28.280001,0
2020-08-10,28.360001,28.889999,27.920000,28.049999,28.049999,0
2020-08-11,27.330000,29.610001,27.309999,29.170000,29.170000,0
2020-08-12,28.090000,28.309999,27.830000,28.120001,28.120001,0
2020-08-13,28.270000,28.520000,27.670000,28.170000,28.170000,0
2020-08-14,28.480000,28.620001,28.020000,28.370001,28.370001,0
2020-08-17,28.110001,28.160000,27.450001,27.450001,27.450001,0
2020-08-18,27.280001,27.950001,27.129999,27.350000,27.350000,0
2020-08-19,27.410000,28.389999,27.230000,28.110001,28.110001,0
2020-08-20,29.320000,29.320000,27.940001,28.129999,28.129999,0
2020-08-21,28.580000,28.719999,27.969999,28.170000,28.170000,0
2020-08-24,27.770000,28.379999,27.760000,28.100000,28.100000,0
2020-08-25,28.120001,28.920000,27.860001,27.910000,27.910000,0
2020-08-26,27.950001,28.780001,27.350000,28.700001,28.700001,0
2020-08-27,28.490000,32.090000,28.440001,29.930000,29.930000,0
2020-08-28,30.410000,31.809999,29.150000,29.620001,29.620001,0
2020-08-31,30.610001,31.950001,30.350000,31.850000,31.850000,0
2020-09-01,31.850000,32.419998,31.620001,32.099998,32.099998,0
2020-09-02,32.119999,32.889999,32.119999,32.669998,32.669998,0
2020-09-03,32.669998,39.520000,32.669998,37.630001,37.630001,0
2020-09-04,36.250000,40.500000,34.209999,34.750000,34.750000,0
2020-09-08,37.910000,38.230000,34.150002,34.310001,34.310001,0
2020-09-09,33.169998,33.389999,31.780001,32.119999,32.119999,0
2020-09-10,31.900000,33.389999,31.629999,32.919998,32.919998,0
2020-09-11,31.830000,33.049999,30.950001,31.129999,31.129999,0
2020-09-14,30.540001,30.790001,30.059999,30.480000,30.480000,0
2020-09-15,30.059999,30.639999,29.840000,30.270000,30.270000,0
2020-09-16,30.270000,30.840000,29.780001,30.570000,30.570000,0
2020-09-17,32.240002,32.240002,30.580000,30.750000,30.750000,0
2020-09-18,30.750000,31.480000,29.670000,30.459999,30.459999,0
2020-09-21,32.810001,33.740002,31.450001,31.639999,31.639999,0
2020-09-22,31.620001,32.540001,31.440001,31.670000,31.670000,0
2020-09-23,31.780001,33.740002,31.490000,33.279999,33.279999,0
2020-09-24,33.830002,34.439999,32.630001,33.060001,33.060001,0
2020-09-25,33.389999,33.520000,31.860001,32.029999,32.029999,0
2020-09-28,32.009998,32.180000,31.620001,31.740000,31.740000,0
2020-09-29,32.119999,32.119999,30.959999,31.090000,31.090000,0
2020-09-30,30.930000,31.980000,30.420000,31.639999,31.639999,0
2020-10-01,31.110001,31.969999,30.930000,31.719999,31.719999,0
2020-10-02,33.060001,33.160000,31.780001,32.389999,32.389999,0
2020-10-05,32.139999,32.360001,31.219999,31.280001,31.280001,0
2020-10-06,30.950001,32.150002,30.510000,31.879999,31.879999,0
2020-10-07,31.230000,31.230000,30.480000,30.700001,30.700001,0
2020-10-08,30.360001,30.400000,29.480000,29.490000,29.490000,0
2020-10-09,28.790001,28.860001,28.139999,28.280001,28.280001,0
2020-10-12,28.010000,28.400000,27.920000,27.980000,27.980000,0
2020-10-13,28.370001,29.000000,28.230000,28.350000,28.350000,0
2020-10-14,28.290001,28.930000,27.959999,28.240000,28.240000,0
2020-10-15,29.889999,30.059999,28.660000,28.719999,28.719999,0
2020-10-16,28.610001,29.209999,28.110001,29.209999,29.209999,0
2020-10-19,29.010000,30.540001,28.980000,30.400000,30.400000,0
2020-10-20,30.219999,30.410000,29.590000,30.110001,30.110001,0
2020-10-21,30.160000,30.639999,29.469999,29.610001,29.610001,0
2020-10-22,29.730000,30.020000,28.840000,29.299999,29.299999,0
2020-10-23,28.990000,29.750000,28.830000,28.990000,28.990000,0
2020-10-26,29.959999,32.720001,29.790001,32.070000,32.070000,0
2020-10-27,32.060001,32.910000,31.910000,32.720001,32.720001,0
2020-10-28,35.660000,38.299999,35.320000,37.750000,37.750000,0
2020-10-29,37.230000,38.040001,34.389999,35.840000,35.840000,0
2020-10-30,35.540001,37.380001,35.080002,36.270000,36.270000,0
2020-11-02,35.099998,35.959999,34.779999,35.060001,35.060001,0
2020-11-03,33.889999,34.040001,32.700001,33.520000,33.520000,0
2020-11-04,30.840000,31.030001,29.170000,29.980000,29.980000,0
2020-11-05,28.590000,29.389999,28.459999,29.049999,29.049999,0
2020-11-06,28.969999,29.250000,27.209999,27.370001,27.370001,0
2020-11-09,25.959999,26.980000,24.590000,26.879999,26.879999,0
2020-11-10,26.389999,27.540001,26.219999,26.490000,26.490000,0
2020-11-11,26.059999,26.080000,25.219999,25.620001,25.620001,0
2020-11-12,26.080000,28.350000,25.889999,27.219999,27.219999,0
2020-11-13,26.469999,26.570000,25.490000,25.690001,25.690001,0
2020-11-16,25.650000,26.280001,25.299999,25.350000,25.350000,0
2020-11-17,25.920000,26.370001,25.030001,25.379999,25.379999,0
2020-11-18,25.139999,26.430000,24.830000,26.389999,26.389999,0
2020-11-19,26.320000,26.559999,25.360001,25.799999,25.799999,0
2020-11-20,25.700001,26.080000,25.270000,26.059999,26.059999,0
2020-11-23,25.639999,26.090000,25.250000,25.430000,25.430000,0
2020-11-24,24.950001,25.250000,24.830000,24.840000,24.840000,0
2020-11-25,25.150000,25.360001,24.389999,24.420000,24.420000,0
2020-11-27,24.389999,24.690001,24.129999,24.430000,24.430000,0
2020-11-30,25.049999,25.860001,24.270000,24.330000,24.330000,0
2020-12-01,24.219999,24.639999,23.940001,24.490000,24.490000,0
2020-12-02,24.700001,24.719999,24.129999,24.540001,24.540001,0
2020-12-03,24.340000,24.930000,24.250000,24.559999,24.559999,0
2020-12-04,24.450001,24.459999,24.150000,24.290001,24.290001,0
2020-12-07,24.799999,24.850000,24.469999,24.520000,24.520000,0
2020-12-08,24.799999,24.850000,23.809999,23.870001,23.870001,0
2020-12-09,23.650000,25.110001,23.450001,24.730000,24.730000,0
2020-12-10,25.150000,25.500000,24.440001,25.049999,25.049999,0
2020-12-11,25.750000,26.870001,25.410000,26.049999,26.049999,0
2020-12-14,25.559999,27.170000,25.350000,27.110001,27.110001,0
2020-12-15,26.270000,26.690001,25.870001,25.870001,25.870001,0
2020-12-16,26.030001,26.260000,25.350000,25.469999,25.469999,0
2020-12-17,25.420000,25.420000,24.889999,25.150000,25.150000,0
2020-12-18,25.330000,26.340000,25.160000,25.170000,25.170000,0
2020-12-21,28.940001,29.690001,27.120001,27.580000,27.580000,0
2020-12-22,27.450001,27.750000,27.049999,27.250000,27.250000,0
2020-12-23,26.570000,26.570000,25.719999,26.260000,26.260000,0
2020-12-24,26.260000,26.260000,25.240000,25.370001,25.370001,0
2020-12-28,25.120001,25.290001,24.920000,25.150000,25.150000,0
2020-12-29,24.990000,26.670000,24.980000,26.240000,26.240000,0
2020-12-30,26.030001,26.209999,25.240000,25.440001,25.440001,0
2020-12-31,25.459999,25.799999,24.660000,25.280001,25.280001,0
2021-01-04,25.320000,29.230000,25.320000,28.260000,28.260000,0
2021-01-05,28.639999,28.730000,26.680000,27.250000,27.250000,0
2021-01-06,26.730000,27.670000,25.150000,26.790001,26.790001,0
2021-01-07,25.459999,25.650000,25.020000,25.020000,25.020000,0
2021-01-08,24.980000,25.980000,24.660000,24.900000,24.900000,0
2021-01-11,26.410000,27.070000,25.850000,26.700001,26.700001,0
2021-01-12,26.420000,27.309999,25.969999,26.200001,26.200001,0
2021-01-13,26.040001,26.389999,25.410000,25.549999,25.549999,0
2021-01-14,25.520000,26.469999,25.290001,26.320000,26.320000,0
2021-01-15,26.850000,27.930000,26.260000,27.260000,27.260000,0
2021-01-19,26.400000,26.809999,26.280001,26.690001,26.690001,0
2021-01-20,26.700001,26.700001,25.580000,25.719999,25.719999,0
2021-01-21,25.770000,26.219999,25.600000,25.700001,25.700001,0
2021-01-22,26.530001,26.530001,25.660000,25.990000,25.990000,0
2021-01-25,25.969999,28.940001,25.969999,26.879999,26.879999,0
2021-01-26,26.660000,27.280001,26.389999,26.889999,26.889999,0
2021-01-27,29.030001,35.730000,28.610001,35.730000,35.730000,0
2021-01-28,31.440001,32.240002,30.320000,31.770000,31.770000,0
2021-01-29,32.930000,35.689999,30.990000,33.880001,33.880001,0
2021-02-01,32.250000,34.610001,31.740000,32.529999,32.529999,0
2021-02-02,30.469999,31.040001,29.020000,29.360001,29.360001,0
2021-02-03,29.309999,29.309999,27.570000,27.570000,27.570000,0
2021-02-04,27.280001,27.280001,26.620001,26.790001,26.790001,0
2021-02-05,26.700001,27.150000,26.340000,26.520000,26.520000,0
2021-02-08,26.770000,27.160000,26.510000,26.650000,26.650000,0
2021-02-09,27.000000,27.400000,26.610001,27.110001,27.110001,0
2021-02-10,27.090000,28.530001,26.959999,27.490000,27.490000,0
2021-02-11,27.290001,28.360001,27.049999,27.219999,27.219999,0
2021-02-12,27.350000,27.430000,26.469999,26.500000,26.500000,0
2021-02-16,27.280001,27.930000,27.040001,27.549999,27.549999,0
2021-02-17,28.350000,28.830000,27.230000,27.520000,27.520000,0
2021-02-18,28.510000,28.790001,27.480000,27.860001,27.860001,0
2021-02-19,27.530001,27.750000,26.480000,27.090000,27.090000,0
2021-02-22,28.030001,28.250000,26.920000,27.809999,27.809999,0
2021-02-23,28.610001,29.670000,26.900000,27.120001,27.120001,0
2021-02-24,27.719999,28.020000,25.879999,25.889999,25.889999,0
2021-02-25,26.610001,31.480000,26.190001,30.240000,30.240000,0
2021-02-26,29.270000,31.760000,28.430000,29.600000,29.600000,0
2021-03-01,27.389999,27.490000,26.610001,26.780001,26.780001,0
2021-03-02,26.770000,27.480000,26.559999,27.160000,27.160000,0
2021-03-03,27.139999,28.860001,26.950001,28.790001,28.790001,0
2021-03-04,28.400000,31.690001,27.780001,30.080000,30.080000,0
2021-03-05,29.090000,31.090000,27.719999,27.889999,27.889999,0
2021-03-08,28.410000,28.780001,27.340000,28.129999,28.129999,0
2021-03-09,27.510000,27.600000,26.719999,27.280001,27.280001,0
2021-03-10,26.299999,26.840000,26.290001,26.680000,26.680000,0
2021-03-11,26.459999,26.510000,25.740000,26.090000,26.090000,0
2021-03-12,26.600000,26.820000,25.700001,25.740000,25.740000,0
2021-03-15,26.020000,26.200001,24.770000,24.889999,24.889999,0
2021-03-16,24.930000,24.940001,24.240000,24.709999,24.709999,0
2021-03-17,25.209999,25.330000,23.840000,23.879999,23.879999,0
2021-03-18,24.600000,25.840000,24.030001,25.280001,25.280001,0
2021-03-19,25.459999,26.280001,24.190001,24.990000,24.990000,0
2021-03-22,24.980000,24.980000,22.940001,22.940001,22.940001,0
2021-03-23,23.280001,24.750000,22.940001,23.799999,23.799999,0
2021-03-24,23.629999,24.610001,23.170000,24.400000,24.400000,0
2021-03-25,24.370001,25.920000,23.330000,23.370001,23.370001,0
2021-03-26,23.080000,24.209999,22.290001,22.320000,22.320000,0
2021-03-29,22.320000,24.110001,22.320000,23.200001,23.200001,0
2021-03-30,23.430000,23.790001,22.190001,22.309999,22.309999,0
2021-03-31,22.100000,22.469999,21.700001,22.150000,22.150000,0
2021-04-01,21.570000,21.590000,20.879999,20.969999,20.969999,0
2021-04-05,21.030001,22.020000,20.850000,20.959999,20.959999,0
2021-04-06,21.120001,21.250000,20.879999,21.160000,21.160000,0
2021-04-07,21.049999,21.100000,20.580000,20.660000,20.660000,0
2021-04-08,20.490000,20.809999,20.469999,20.590000,20.590000,0
2021-04-09,20.840000,21.049999,20.379999,20.740000,20.740000,0
2021-04-12,21.190001,21.510000,20.700001,20.820000,20.820000,0
2021-04-13,21.000000,21.000000,20.530001,20.780001,20.780001,0
2021-04-14,20.860001,21.330000,20.730000,21.059999,21.059999,0
2021-04-15,20.780001,20.870001,20.520000,20.760000,20.760000,0
2021-04-16,20.809999,20.969999,20.420000,20.530001,20.530001,0
2021-04-19,20.990000,22.030001,20.910000,21.370001,21.370001,0
2021-04-20,21.840000,22.930000,21.750000,22.350000,22.350000,0
2021-04-21,22.490000,22.680000,21.059999,21.490000,21.490000,0
2021-04-22,21.309999,22.990000,21.110001,22.520000,22.520000,0
2021-04-23,22.360001,22.360001,21.100000,21.570000,21.570000,0
2021-04-26,21.670000,21.790001,21.520000,21.540001,21.540001,0
2021-04-27,21.600000,21.910000,21.260000,21.320000,21.320000,0
2021-04-28,21.180000,21.530001,21.040001,21.129999,21.129999,0
2021-04-29,20.900000,22.180000,20.900000,21.309999,21.309999,0
2021-04-30,21.870001,22.360001,21.570000,22.070000,22.070000,0
2021-05-03,21.930000,22.090000,21.620001,21.740000,21.740000,0
2021-05-04,22.280001,23.930000,22.190001,22.670000,22.670000,0
2021-05-05,22.660000,22.660000,21.540001,22.260000,22.260000,0
2021-05-06,22.290001,23.110001,21.780001,21.879999,21.879999,0
2021-05-07,21.950001,22.010000,20.770000,20.790001,20.790001,0
2021-05-10,20.770000,22.469999,20.770000,22.400000,22.400000,0
2021-05-11,23.780001,24.760000,22.920000,24.230000,24.230000,0
2021-05-12,24.940001,28.820000,24.660000,28.180000,28.180000,0
2021-05-13,26.350000,26.420000,24.500000,25.260000,25.260000,0
2021-05-14,23.719999,23.719999,22.100000,22.260000,22.260000,0
2021-05-17,23.139999,24.340000,22.920000,23.139999,23.139999,0
2021-05-18,23.170000,24.370001,22.760000,24.219999,24.219999,0
2021-05-19,26.510000,27.660000,24.940001,25.270000,25.270000,0
2021-05-20,24.299999,24.580000,23.590000,23.809999,23.809999,0
2021-05-21,23.540001,23.930000,23.129999,23.490000,23.490000,0
2021-05-24,23.190001,23.190001,22.150000,22.230000,22.230000,0
2021-05-25,22.200001,22.670000,22.059999,22.400000,22.400000,0
2021-05-26,22.180000,22.370001,21.290001,21.299999,21.299999,0
2021-05-27,21.129999,21.209999,20.299999,20.309999,20.309999,0
2021-05-28,20.270000,20.510000,19.969999,20.480000,20.480000,0
2021-06-01,20.500000,21.690001,20.469999,21.340000,21.340000,0
2021-06-02,21.490000,21.629999,20.870001,21.420000,21.420000,0
2021-06-03,22.070000,22.459999,21.379999,21.820000,21.820000,0
2021-06-04,21.120001,21.120001,20.459999,20.620001,20.620001,0
2021-06-07,20.840000,21.059999,20.459999,20.549999,20.549999,0
2021-06-08,20.469999,21.230000,20.440001,20.850000,20.850000,0
2021-06-09,20.680000,21.410000,20.680000,21.280001,21.280001,0
2021-06-10,20.620001,20.930000,19.959999,20.080000,20.080000,0
2021-06-11,19.730000,19.870001,19.480000,19.639999,19.639999,0
2021-06-14,19.860001,20.520000,19.860001,20.139999,20.139999,0
2021-06-15,20.430000,20.809999,20.350000,20.680000,20.680000,0
2021-06-16,20.459999,21.980000,20.219999,21.260000,21.260000,0
2021-06-17,21.120001,21.660000,20.240000,20.980000,20.980000,0
2021-06-18,22.350000,23.200001,21.650000,22.930000,22.930000,0
2021-06-21,22.340000,22.780001,20.930000,21.120001,21.120001,0
2021-06-22,21.129999,21.129999,20.020000,20.070000,20.070000,0
2021-06-23,19.959999,20.000000,19.500000,19.700001,19.700001,0
2021-06-24,19.139999,19.340000,19.040001,19.260000,19.260000,0
2021-06-25,19.230000,19.350000,18.860001,19.000000,19.000000,0
2021-06-28,19.080000,19.459999,18.950001,19.020000,19.020000,0
2021-06-29,18.870001,19.610001,18.820000,19.490000,19.490000,0
2021-06-30,19.730000,19.959999,19.260000,19.510000,19.510000,0
2021-07-01,19.370001,19.650000,19.280001,19.450001,19.450001,0
2021-07-02,18.980000,19.360001,18.840000,19.299999,19.299999,0
2021-07-06,19.580000,21.100000,19.570000,20.260000,20.260000,0
2021-07-07,20.070000,21.049999,20.020000,20.410000,20.410000,0
2021-07-08,22.450001,22.730000,21.459999,21.980000,21.980000,0
2021-07-09,20.969999,21.070000,20.090000,20.440001,20.440001,0
2021-07-12,20.780001,20.860001,20.290001,20.459999,20.459999,0
2021-07-13,20.530001,21.200001,20.190001,21.129999,21.129999,0
2021-07-14,20.440001,21.549999,20.360001,20.620001,20.620001,0
2021-07-15,21.180000,21.730000,20.879999,21.090000,21.090000,0
2021-07-16,20.469999,22.110001,20.370001,22.070000,22.070000,0
2021-07-19,23.959999,26.490000,23.719999,24.900000,24.900000,0
2021-07-20,24.709999,25.139999,22.840000,23.200001,23.200001,0
2021-07-21,22.650000,22.680000,21.830000,21.870001,21.870001,0
2021-07-22,21.809999,22.299999,20.049999,21.860001,21.860001,0
2021-07-23,21.360001,21.719999,18.860001,21.650000,21.650000,0
2021-07-26,22.110001,22.370001,20.340000,21.740000,21.740000,0
2021-07-27,22.459999,23.760000,22.459999,23.000000,23.000000,0
2021-07-28,22.590000,23.040001,21.820000,22.350000,22.350000,0
2021-07-29,21.790001,21.900000,21.540001,21.879999,21.879999,0
2021-07-30,22.490000,22.520000,21.790001,22.180000,22.180000,0
2021-08-02,22.180000,23.280001,22.030001,23.049999,23.049999,0
2021-08-03,22.790001,23.570000,21.940001,22.180000,22.180000,0
2021-08-04,22.549999,22.570000,21.860001,22.170000,22.170000,0
2021-08-05,21.940001,22.000000,21.469999,21.520000,21.520000,0
2021-08-06,21.280001,21.420000,20.820000,20.870001,20.870001,0
2021-08-09,21.190001,21.620001,21.190001,21.270000,21.270000,0
2021-08-10,21.209999,21.440001,20.920000,21.209999,21.209999,0
2021-08-11,20.959999,21.070000,20.480000,20.820000,20.820000,0
2021-08-12,20.680000,20.850000,20.049999,20.250000,20.250000,0
2021-08-13,20.059999,20.360001,19.920000,20.260000,20.260000,0
2021-08-16,21.120001,21.600000,20.500000,20.639999,20.639999,0
2021-08-17,21.480000,22.700001,21.120001,21.700001,21.700001,0
2021-08-18,21.980000,23.840000,21.540001,23.799999,23.799999,0
2021-08-19,24.660000,25.150000,23.370001,24.200001,24.200001,0
2021-08-20,23.959999,23.959999,21.959999,22.410000,22.410000,0
2021-08-23,21.820000,21.820000,21.020000,21.200001,21.200001,0
2021-08-24,21.250000,21.410000,21.090000,21.219999,21.219999,0
2021-08-25,21.240000,21.270000,20.590000,20.790001,20.790001,0
2021-08-26,21.040001,22.080000,20.930000,21.860001,21.860001,0
2021-08-27,21.330000,21.330000,20.230000,20.610001,20.610001,0
2021-08-30,20.480000,20.639999,20.290001,20.400000,20.400000,0
2021-08-31,20.680000,20.870001,20.400000,20.420000,20.420000,0
2021-09-01,20.400000,20.590000,19.910000,20.080000,20.080000,0
2021-09-02,19.910000,20.450001,19.830000,20.129999,20.129999,0
2021-09-03,20.420000,20.730000,20.139999,20.320000,20.320000,0
2021-09-07,21.090000,21.559999,20.980000,21.530001,21.530001,0
2021-09-08,22.020000,22.469999,21.459999,21.590000,21.590000,0
2021-09-09,21.760000,22.170000,21.020000,22.059999,22.059999,0
2021-09-10,21.059999,23.370001,20.980000,23.309999,23.309999,0
2021-09-13,22.129999,23.559999,22.059999,22.469999,22.469999,0
2021-09-14,22.080000,23.240000,21.980000,22.549999,22.549999,0
2021-09-15,22.610001,23.010000,21.590000,21.760000,21.760000,0
2021-09-16,22.150000,22.700001,21.290001,21.809999,21.809999,0
2021-09-17,22.129999,23.510000,21.830000,23.219999,23.219999,0
2021-09-20,26.100000,28.570000,24.730000,26.400000,26.400000,0
2021-09-21,25.360001,26.290001,24.549999,25.469999,25.469999,0
2021-09-22,24.370001,24.610001,22.750000,23.049999,23.049999,0
2021-09-23,22.309999,22.320000,21.320000,21.370001,21.370001,0
2021-09-24,22.180000,22.180000,20.809999,20.820000,20.820000,0
2021-09-27,21.379999,21.549999,20.860001,21.400000,21.400000,0
2021-09-28,22.309999,24.780001,22.260000,24.030001,24.030001,0
2021-09-29,23.660000,24.360001,23.230000,23.719999,23.719999,0
2021-09-30,22.990000,24.879999,22.620001,23.870001,23.870001,0
2021-10-01,23.410000,24.540001,22.830000,22.950001,22.950001,0
2021-10-04,23.610001,25.180000,23.340000,24.110001,24.110001,0
2021-10-05,23.740000,23.910000,22.620001,23.110001,23.110001,0
2021-10-06,23.990000,24.790001,22.830000,22.840000,22.840000,0
2021-10-07,22.350000,22.350000,21.830000,22.120001,22.120001,0
2021-10-08,21.809999,22.100000,21.559999,21.879999,21.879999,0
2021-10-11,22.389999,22.510000,21.450001,22.389999,22.389999,0
2021-10-12,22.190001,22.750000,21.790001,22.330000,22.330000,0
2021-10-13,21.790001,22.430000,21.360001,21.540001,21.540001,0
2021-10-14,20.790001,20.889999,20.320000,20.370001,20.370001,0
2021-10-15,20.290001,20.430000,19.790001,20.299999,20.299999,0
2021-10-18,21.020000,21.100000,20.280001,20.290001,20.290001,0
2021-10-19,20.290001,20.379999,19.879999,19.980000,19.980000,0
2021-10-20,19.980000,20.209999,19.840000,19.870001,19.870001,0
2021-10-21,20.110001,20.160000,19.400000,19.480000,19.480000,0
2021-10-22,19.629999,20.500000,19.389999,20.010000,20.010000,0
2021-10-25,20.030001,20.430000,19.480000,19.559999,19.559999,0
2021-10-26,19.480000,20.620001,19.459999,20.110001,20.110001,0
2021-10-27,20.129999,21.110001,19.860001,20.889999,20.889999,0
2021-10-28,20.500000,20.740000,20.280001,20.480000,20.480000,0
2021-10-29,21.110001,21.110001,20.290001,20.370001,20.370001,0
2021-11-01,20.620001,21.200001,20.370001,20.389999,20.389999,0
2021-11-02,20.400000,20.420000,20.049999,20.100000,20.100000,0
2021-11-03,20.180000,20.299999,19.260000,19.500000,19.500000,0
2021-11-04,19.330000,20.080000,19.260000,19.700001,19.700001,0
2021-11-05,19.639999,20.750000,19.570000,20.490000,20.490000,0
2021-11-08,20.530001,21.400000,20.480000,20.980000,20.980000,0
2021-11-09,21.040001,21.879999,21.040001,21.410000,21.410000,0
2021-11-10,21.809999,22.639999,21.020000,22.000000,22.000000,0
2021-11-11,21.500000,21.670000,21.170000,21.379999,21.379999,0
2021-11-12,21.049999,21.260000,20.570000,20.690001,20.690001,0
2021-11-15,20.910000,21.559999,20.820000,20.870001,20.870001,0
2021-11-16,21.139999,21.139999,20.580000,20.900000,20.900000,0
2021-11-17,20.969999,21.650000,20.900000,21.580000,21.580000,0
2021-11-18,21.400000,22.160000,21.309999,21.900000,21.900000,0
2021-11-19,22.290001,22.590000,21.510000,21.920000,21.920000,0
2021-11-22,21.670000,22.889999,21.590000,22.629999,22.629999,0
2021-11-23,22.860001,23.570000,22.230000,22.450001,22.450001,0
2021-11-24,23.139999,23.420000,21.900000,21.900000,21.900000,0
2021-11-26,25.530001,29.250000,24.830000,29.170000,29.170000,0
2021-11-29,25.590000,26.250000,23.969999,25.040001,25.040001,0
2021-11-30,26.610001,28.820000,25.670000,28.129999,28.129999,0
2021-12-01,26.190001,31.840000,25.129999,30.790001,30.790001,0
2021-12-02,29.950001,30.889999,28.559999,29.150000,29.150000,0
2021-12-03,28.450001,34.770000,28.170000,31.780001,31.780001,0
2021-12-06,30.070000,31.240000,28.750000,28.879999,28.879999,0
2021-12-07,26.790001,26.790001,24.700001,24.959999,24.959999,0
2021-12-08,25.020000,25.330000,23.620001,23.629999,23.629999,0
2021-12-09,23.980000,25.129999,23.530001,24.660000,24.660000,0
2021-12-10,23.260000,24.290001,23.070000,23.180000,23.180000,0
2021-12-13,23.719999,24.680000,23.709999,24.320000,24.320000,0
2021-12-14,25.440001,26.150000,24.740000,25.350000,25.350000,0
2021-12-15,25.260000,26.309999,23.120001,23.299999,23.299999,0
2021-12-16,22.940001,25.420000,22.850000,24.370001,24.370001,0
2021-12-17,25.580000,26.230000,24.400000,25.379999,25.379999,0
2021-12-20,28.350000,29.080000,26.299999,26.309999,26.309999,0
2021-12-21,25.690001,26.219999,24.870001,25.000000,25.000000,0
2021-12-22,24.860001,24.930000,23.480000,23.559999,23.559999,0
2021-12-23,23.370001,23.370001,22.950001,23.240000,23.240000,0
2021-12-27,23.260000,23.469999,22.530001,22.740000,22.740000,0
2021-12-28,22.820000,23.129999,22.320000,22.330000,22.330000,0
2021-12-29,22.410000,22.700001,21.650000,21.830000,21.830000,0
2021-12-30,21.790001,22.209999,21.440001,21.879999,21.879999,0
2021-12-31,22.059999,22.270000,21.709999,21.879999,21.879999,0
2022-01-03,21.990000,22.590000,21.459999,21.530001,21.530001,0
2022-01-04,21.510000,22.280001,21.350000,21.620001,21.620001,0
2022-01-05,21.740000,23.709999,21.330000,23.469999,23.469999,0
2022-01-06,23.730000,24.280001,22.969999,23.500000,23.500000,0
2022-01-07,23.559999,24.150000,22.680000,22.870001,22.870001,0
2022-01-10,24.129999,25.570000,22.639999,22.680000,22.680000,0
2022-01-11,23.100000,23.799999,21.850000,21.980000,21.980000,0
2022-01-12,21.639999,22.160000,21.250000,21.580000,21.580000,0
2022-01-13,21.629999,23.600000,21.450001,23.410000,23.410000,0
2022-01-14,24.250000,24.400000,22.650000,22.820000,22.820000,0
2022-01-18,24.480000,25.340000,24.389999,25.120001,25.120001,0
2022-01-19,24.770000,25.950001,24.570000,25.809999,25.809999,0
2022-01-20,25.219999,27.280001,24.350000,27.250000,27.250000,0
2022-01-21,27.920000,30.190001,27.379999,29.950001,29.950001,0
2022-01-24,33.230000,36.939999,30.530001,30.820000,30.820000,0
2022-01-25,33.000000,35.070000,30.219999,31.760000,31.760000,0
2022-01-26,29.730000,32.570000,28.330000,31.950001,31.950001,0
2022-01-27,29.910000,32.349998,29.129999,30.870001,30.870001,0
2022-01-28,30.690001,32.000000,28.590000,28.820000,28.820000,0
2022-01-31,29.309999,29.559999,26.760000,26.850000,26.850000,0
2022-02-01,26.379999,27.150000,24.750000,24.760000,24.760000,0
2022-02-02,24.650000,25.320000,24.100000,25.139999,25.139999,0
2022-02-03,26.240000,27.600000,25.330000,26.670000,26.670000,0
2022-02-04,27.070000,27.900000,25.450001,26.250000,26.250000,0
2022-02-07,26.180000,26.350000,25.150000,25.690001,25.690001,0
2022-02-08,25.440001,26.160000,24.370001,24.540001,24.540001,0
2022-02-09,23.770000,24.020000,23.469999,23.490000,23.490000,0
2022-02-10,24.680000,26.670000,23.600000,26.070000,26.070000,0
2022-02-11,25.860001,30.650000,25.650000,28.830000,28.830000,0
2022-02-14,29.510000,31.540001,29.360001,29.440001,29.440001,0
2022-02-15,27.860001,28.150000,27.030001,27.280001,27.280001,0
2022-02-16,27.620001,28.170000,25.959999,26.260000,26.260000,0
2022-02-17,27.440001,29.469999,27.440001,29.320000,29.320000,0
2022-02-18,28.990000,30.500000,28.760000,29.219999,29.219999,0
2022-02-22,29.990000,31.040001,28.870001,29.110001,29.110001,0
2022-02-23,28.610001,30.940001,28.580000,30.879999,30.879999,0
2022-02-24,34.830002,34.840000,29.290001,30.049999,30.049999,0
2022-02-25,29.420000,29.840000,27.740000,28.040001,28.040001,0
2022-02-28,30.420000,31.270000,28.780001,29.650000,29.650000,0
2022-03-01,30.200001,33.669998,30.110001,32.590000,32.590000,0
2022-03-02,32.389999,32.660000,30.370001,30.969999,30.969999,0
2022-03-03,30.200001,31.889999,29.950001,30.799999,30.799999,0
2022-03-04,32.590000,33.750000,31.940001,32.340000,32.340000,0
2022-03-07,32.930000,35.880001,32.889999,35.740002,35.740002,0
2022-03-08,35.220001,36.709999,32.840000,35.000000,35.000000,0
2022-03-09,32.820000,33.529999,32.250000,33.060001,33.060001,0
2022-03-10,33.849998,33.880001,31.520000,31.520000,31.520000,0
2022-03-11,30.840000,32.570000,30.740000,32.340000,32.340000,0
2022-03-14,32.470001,34.330002,31.360001,33.320000,33.320000,0
2022-03-15,33.349998,33.709999,31.639999,31.959999,31.959999,0
2022-03-16,31.059999,31.740000,28.830000,28.959999,28.959999,0
2022-03-17,29.440001,29.469999,27.780001,28.219999,28.219999,0
2022-03-18,28.650000,28.719999,26.540001,26.549999,26.549999,0
2022-03-21,26.900000,27.389999,25.700001,26.379999,26.379999,0
2022-03-22,25.889999,26.200001,25.590000,25.850000,25.850000,0
2022-03-23,26.540001,26.750000,25.750000,26.410000,26.410000,0
2022-03-24,26.160000,26.490000,25.000000,25.299999,25.299999,0
2022-03-25,25.250000,25.930000,24.559999,24.719999,24.719999,0
2022-03-28,25.290001,25.950001,24.129999,24.180000,24.180000,0
2022-03-29,23.400000,23.900000,23.059999,23.190001,23.190001,0
2022-03-30,23.510000,24.389999,23.139999,23.570000,23.570000,0
2022-03-31,24.020000,25.139999,23.830000,24.459999,24.459999,0
2022-04-01,24.410000,25.040001,24.040001,24.209999,24.209999,0
2022-04-04,24.290001,24.430000,22.920000,23.030001,23.030001,0
2022-04-05,23.430000,25.219999,23.240000,24.900000,24.900000,0
2022-04-06,26.160000,27.440001,25.530001,25.799999,25.799999,0
2022-04-07,25.900000,26.799999,24.940001,25.230000,25.230000,0
2022-04-08,25.420000,25.830000,24.480000,25.170000,25.170000,0
2022-04-11,25.980000,27.100000,25.910000,27.000000,27.000000,0
2022-04-12,26.459999,27.540001,25.730000,27.170000,27.170000,0
2022-04-13,27.240000,27.299999,25.120001,25.540001,25.540001,0
2022-04-14,25.030001,26.110001,24.680000,26.030001,26.030001,0
2022-04-18,26.559999,26.730000,25.600000,25.750000,25.750000,0
2022-04-19,25.940001,26.290001,24.350000,25.059999,25.059999,0
2022-04-20,24.120001,24.790001,23.889999,24.150000,24.150000,0
2022-04-21,23.770000,26.510000,23.620001,26.110001,26.110001,0
2022-04-22,26.600000,29.940001,26.340000,29.870001,29.870001,0
2022-04-25,30.570000,31.920000,28.930000,29.070000,29.070000,0
2022-04-26,29.760000,33.320000,29.760000,33.139999,33.139999,0
2022-04-27,32.029999,33.009998,30.809999,32.200001,32.200001,0
2022-04-28,30.870001,32.099998,29.559999,31.150000,31.150000,0
2022-04-29,31.150000,33.900002,30.480000,33.180000,33.180000,0
2022-05-02,33.759998,35.709999,32.680000,33.009998,33.009998,0
2022-05-03,32.650002,32.820000,30.690001,30.809999,30.809999,0
2022-05-04,30.690001,30.969999,27.660000,28.090000,28.090000,0
2022-05-05,28.760000,33.869999,28.540001,32.680000,32.680000,0
2022-05-06,33.740002,35.509998,31.969999,32.310001,32.310001,0
2022-05-09,33.970001,35.650002,33.740002,35.049999,35.049999,0
2022-05-10,33.349998,35.389999,33.340000,33.970001,33.970001,0
2022-05-11,34.099998,34.820000,32.250000,33.630001,33.630001,0
2022-05-12,34.540001,35.250000,32.930000,33.080002,33.080002,0
2022-05-13,31.940001,32.070000,30.610001,30.700001,30.700001,0
2022-05-16,30.709999,30.900000,29.510000,29.510000,29.510000,0
2022-05-17,28.680000,29.230000,28.040001,28.370001,28.370001,0
2022-05-18,29.340000,32.889999,29.340000,32.799999,32.799999,0
2022-05-19,33.250000,33.759998,30.770000,30.790001,30.790001,0
2022-05-20,30.270000,33.630001,29.790001,31.139999,31.139999,0
2022-05-23,30.680000,31.379999,29.959999,30.290001,30.290001,0
2022-05-24,30.879999,32.160000,30.490000,30.740000,30.740000,0
2022-05-25,31.129999,31.160000,29.559999,29.730000,29.730000,0
2022-05-26,29.559999,29.559999,28.879999,29.280001,29.280001,0
2022-05-27,28.650000,28.650000,28.020000,28.020000,28.020000,0
2022-05-31,29.010000,29.610001,27.809999,27.990000,27.990000,0
2022-06-01,27.520000,29.100000,27.170000,27.719999,27.719999,0
2022-06-02,27.940001,28.160000,26.570000,27.059999,27.059999,0
2022-06-03,27.719999,28.070000,27.240000,27.330000,27.330000,0
2022-06-06,27.110001,27.709999,26.930000,27.219999,27.219999,0
2022-06-07,27.980000,28.040001,26.450001,26.520000,26.520000,0
2022-06-08,26.990000,27.120001,26.280001,26.540001,26.540001,0
2022-06-09,27.100000,28.100000,26.670000,28.010000,28.010000,0
2022-06-10,29.180000,30.650000,29.030001,29.719999,29.719999,0
2022-06-13,32.950001,34.799999,32.660000,34.240002,34.240002,0
2022-06-14,33.910000,34.189999,32.910000,33.279999,33.279999,0
2022-06-15,32.490002,32.490002,29.830000,30.780001,30.780001,0
2022-06-16,32.810001,34.650002,32.459999,33.490002,33.490002,0
2022-06-17,33.160000,33.650002,31.799999,32.360001,32.360001,0
2022-06-21,31.160000,31.350000,30.500000,31.250000,31.250000,0
2022-06-22,31.840000,31.840000,30.230000,30.240000,30.240000,0
2022-06-23,30.129999,30.840000,29.940001,30.190001,30.190001,0
2022-06-24,29.650000,29.700001,28.610001,28.950001,28.950001,0
2022-06-27,28.990000,29.420000,28.160000,28.180000,28.180000,0
2022-06-28,27.930000,29.309999,27.719999,29.150000,29.150000,0
2022-06-29,29.240000,29.750000,28.809999,29.000000,29.000000,0
2022-06-30,29.809999,30.670000,29.350000,29.709999,29.709999,0
2022-07-01,29.660000,30.180000,28.490000,28.520000,28.520000,0
2022-07-05,30.180000,30.580000,28.790001,28.900000,28.900000,0
2022-07-06,29.049999,29.370001,27.910000,28.389999,28.389999,0
2022-07-07,28.170000,28.200001,27.330000,28.030001,28.030001,0
2022-07-08,28.059999,28.120001,27.070000,27.299999,27.299999,0
2022-07-11,28.209999,28.540001,27.910000,28.250000,28.250000,0
2022-07-12,28.510000,29.160000,27.830000,28.820000,28.820000,0
2022-07-13,29.660000,29.860001,28.020000,28.559999,28.559999,0
2022-07-14,29.290001,29.910000,28.440001,28.610001,28.610001,0
2022-07-15,27.799999,28.100000,26.920000,27.080000,27.080000,0
2022-07-18,27.129999,28.250000,26.930000,27.820000,27.820000,0
2022-07-19,27.309999,27.340000,26.910000,27.309999,27.309999,0
2022-07-20,27.240000,27.370001,26.600000,26.700001,26.700001,0
2022-07-21,26.790001,27.160000,26.059999,26.219999,26.219999,0
2022-07-22,25.879999,26.660000,25.719999,25.969999,25.969999,0
2022-07-25,26.100000,26.299999,25.730000,25.799999,25.799999,0
2022-07-26,26.150000,26.920000,26.100000,26.420000,26.420000,0
2022-07-27,25.940001,26.000000,24.959999,25.309999,25.309999,0
2022-07-28,24.950001,25.480000,24.230000,24.330000,24.330000,0
2022-07-29,24.100000,24.110001,23.719999,23.790001,23.790001,0
2022-08-01,24.559999,25.000000,24.260000,24.860001,24.860001,0
2022-08-02,25.559999,26.049999,24.680000,25.660000,25.660000,0
2022-08-03,25.020000,25.110001,24.150000,24.370001,24.370001,0
2022-08-04,24.620001,24.920000,24.320000,24.320000,24.320000,0
2022-08-05,25.010000,25.010000,24.030001,24.180000,24.180000,0
2022-08-08,24.400000,24.820000,23.850000,24.480000,24.480000,0
2022-08-09,24.830000,25.070000,24.580000,24.690001,24.690001,0
2022-08-10,23.889999,24.010000,23.309999,23.459999,23.459999,0
2022-08-11,23.379999,24.139999,23.309999,23.709999,23.709999,0
2022-08-12,23.520000,23.629999,22.950001,23.309999,23.309999,0
2022-08-15,23.910000,23.910000,23.129999,23.320000,23.320000,0
2022-08-16,23.370001,23.620001,23.120001,23.320000,23.320000,0
2022-08-17,23.620001,24.120001,23.170000,23.600000,23.600000,0
2022-08-18,23.670000,23.860001,23.230000,23.389999,23.389999,0
2022-08-19,23.770000,24.820000,23.750000,24.320000,24.320000,0
2022-08-22,25.660000,26.360001,25.469999,26.000000,26.000000,0
2022-08-23,26.010000,26.120001,25.370001,25.920000,25.920000,0
2022-08-24,25.740000,25.820000,24.850000,24.889999,24.889999,0
2022-08-25,24.860001,24.990000,24.040001,24.129999,24.129999,0
2022-08-26,24.200001,26.830000,23.959999,26.559999,26.559999,0
2022-08-29,27.360001,27.360001,26.280001,26.820000,26.820000,0
2022-08-30,26.450001,27.700001,26.379999,26.910000,26.910000,0
2022-08-31,26.740000,27.010000,26.230000,26.650000,26.650000,0
2022-09-01,27.100000,27.780001,26.280001,26.430000,26.430000,0
2022-09-02,25.450001,27.110001,25.020000,26.480000,26.480000,0
2022-09-06,26.410000,27.770000,26.389999,27.590000,27.590000,0
2022-09-07,27.590000,27.590000,26.010000,26.100000,26.100000,0
2022-09-08,26.809999,28.430000,25.490000,25.520000,25.520000,0
2022-09-09,25.160000,25.299999,24.940001,25.139999,25.139999,0
2022-09-12,25.139999,25.680000,24.930000,25.370001,25.370001,0
2022-09-13,26.320000,28.930000,26.080000,27.950001,27.950001,0
2022-09-14,27.820000,28.270000,27.370001,27.459999,27.459999,0
2022-09-15,27.660000,28.020000,26.959999,27.600000,27.600000,0
2022-09-16,28.600000,29.110001,27.540001,27.629999,27.629999,0
2022-09-19,28.440001,28.440001,26.900000,27.010000,27.010000,0
2022-09-20,27.680000,28.260000,27.320000,27.879999,27.879999,0
2022-09-21,27.590000,28.780001,26.840000,28.760000,28.760000,0
2022-09-22,28.370001,29.000000,27.850000,28.219999,28.219999,0
2022-09-23,29.030001,31.830000,28.920000,30.320000,30.320000,0
2022-09-26,31.090000,31.900000,29.940001,31.770000,31.770000,0
2022-09-27,30.850000,33.099998,30.420000,32.119999,32.119999,0
2022-09-28,32.310001,32.689999,30.410000,30.580000,30.580000,0
2022-09-29,31.580000,33.029999,31.570000,31.740000,31.740000,0
2022-09-30,31.730000,32.490002,30.469999,31.860001,31.860001,0
2022-10-03,31.280001,31.830000,30.230000,30.690001,30.690001,0
2022-10-04,29.530001,29.980000,29.350000,29.670000,29.670000,0
2022-10-05,30.100000,30.570000,29.410000,29.430000,29.430000,0
2022-10-06,29.690001,30.809999,29.450001,30.790001,30.790001,0
2022-10-07,30.980000,32.419998,30.980000,32.099998,32.099998,0
2022-10-10,32.380001,33.779999,32.360001,32.730000,32.730000,0
2022-10-11,33.290001,33.939999,32.400002,33.360001,33.360001,0
2022-10-12,33.500000,33.700001,32.900002,33.130001,33.130001,0
2022-10-13,33.439999,33.630001,31.530001,31.799999,31.799999,0
2022-10-14,31.370001,34.049999,31.020000,32.450001,32.450001,0
2022-10-17,31.610001,31.760000,31.120001,31.740000,31.740000,0
2022-10-18,30.930000,32.020000,30.850000,30.980000,30.980000,0
2022-10-19,31.570000,32.029999,31.170000,31.350000,31.350000,0
2022-10-20,31.309999,31.430000,30.370001,30.809999,30.809999,0
2022-10-21,30.780001,30.840000,29.959999,30.469999,30.469999,0
2022-10-24,30.680000,31.150000,30.330000,30.330000,30.330000,0
2022-10-25,30.280001,30.360001,29.100000,29.290001,29.290001,0
2022-10-26,29.330000,29.360001,28.350000,28.459999,28.459999,0
2022-10-27,28.320000,28.480000,27.830000,28.280001,28.280001,0
2022-10-28,27.860001,27.860001,26.870001,26.900000,26.900000,0
2022-10-31,27.490000,27.490000,26.840000,26.920000,26.920000,0
2022-11-01,26.700001,27.020000,26.600000,26.690001,26.690001,0
2022-11-02,27.010000,27.290001,26.400000,27.219999,27.219999,0
2022-11-03,27.709999,27.959999,26.510000,26.700001,26.700001,0
2022-11-04,26.150000,26.879999,25.670000,26.389999,26.389999,0
2022-11-07,26.500000,26.770000,26.129999,26.260000,26.260000,0
2022-11-08,26.330000,27.389999,26.190001,27.100000,27.100000,0
2022-11-09,27.170000,28.070000,26.959999,27.910000,27.910000,0
2022-11-10,26.100000,26.389999,25.559999,26.180000,26.180000,0
2022-11-11,26.230000,26.440001,25.600000,25.740000,25.740000,0
2022-11-14,26.240000,26.290001,25.469999,26.129999,26.129999,0
2022-11-15,25.680000,27.430000,25.639999,26.590000,26.590000,0
2022-11-16,26.559999,26.639999,25.990000,26.030001,26.030001,0
2022-11-17,26.730000,26.730000,25.740000,25.830000,25.830000,0
2022-11-18,25.350000,25.780001,25.209999,25.330000,25.330000,0
2022-11-21,25.530001,25.549999,24.690001,24.719999,24.719999,0
2022-11-22,24.480000,24.530001,23.820000,23.830000,23.830000,0
2022-11-23,23.980000,24.059999,23.219999,23.379999,23.379999,0
2022-11-25,23.620001,23.820000,23.540001,23.590000,23.590000,0
2022-11-28,24.450001,24.980000,24.280001,24.900000,24.900000,0
2022-11-29,24.940001,25.030001,24.540001,24.650000,24.650000,0
2022-11-30,24.750000,25.100000,23.450001,23.530001,23.530001,0
2022-12-01,23.590000,23.990000,23.150000,23.309999,23.309999,0
2022-12-02,23.870001,23.870001,22.889999,22.959999,22.959999,0
2022-12-05,23.620001,24.290001,23.250000,23.889999,23.889999,0
2022-12-06,23.799999,24.969999,23.730000,24.719999,24.719999,0
2022-12-07,25.090000,25.330000,24.809999,25.180000,25.180000,0
2022-12-08,25.090000,25.400000,24.600000,24.730000,24.730000,0
2022-12-09,24.830000,25.270000,24.600000,25.209999,25.209999,0
2022-12-12,25.580000,25.760000,25.370001,25.670000,25.670000,0
2022-12-13,23.600000,25.299999,23.590000,24.290001,24.290001,0
2022-12-14,24.309999,24.690001,23.110001,23.459999,23.459999,0
2022-12-15,24.049999,25.530001,23.959999,25.080000,25.080000,0
2022-12-16,25.440001,25.850000,24.770000,25.150000,25.150000,0
2022-12-19,25.400000,25.430000,24.549999,25.080000,25.080000,0
2022-12-20,25.030001,25.250000,24.330000,24.400000,24.400000,0
2022-12-21,23.740000,23.830000,23.340000,23.350000,23.350000,0
2022-12-22,23.660000,26.100000,23.660000,24.780001,24.780001,0
2022-12-23,24.639999,25.120001,24.020000,24.129999,24.129999,0
2022-12-27,24.650000,24.980000,24.330000,24.430000,24.430000,0
2022-12-28,24.430000,24.670000,23.969999,24.580000,24.580000,0
2022-12-29,24.340000,24.389999,23.809999,23.950001,23.950001,0
2022-12-30,24.340000,24.770000,24.059999,24.290001,24.290001,0
2023-01-03,24.540001,25.299999,24.320000,24.580000,24.580000,0
2023-01-04,24.350000,24.490000,23.770000,23.809999,23.809999,0
2023-01-05,24.030001,24.629999,23.879999,24.070000,24.070000,0
2023-01-06,23.629999,23.889999,22.930000,23.180000,23.180000,0
2023-01-09,23.290001,23.760000,23.080000,23.740000,23.740000,0
2023-01-10,23.690001,23.809999,22.719999,22.740000,22.740000,0
2023-01-11,22.610001,22.930000,22.610001,22.740000,22.740000,0
2023-01-12,22.190001,22.430000,21.570000,21.580000,21.580000,0
2023-01-13,21.709999,21.969999,20.780001,21.139999,21.139999,0
2023-01-17,21.680000,21.860001,21.209999,21.450001,21.450001,0
2023-01-18,21.200001,22.420000,21.150000,22.270000,22.270000,0
2023-01-19,22.889999,23.280001,22.139999,22.450001,22.450001,0
2023-01-20,22.400000,22.549999,21.549999,21.719999,21.719999,0
2023-01-23,21.870001,21.930000,21.340000,21.600000,21.600000,0
2023-01-24,21.780001,21.809999,20.809999,20.910000,20.910000,0
2023-01-25,21.709999,22.129999,20.809999,20.940001,20.940001,0
2023-01-26,20.809999,21.120001,20.620001,20.700001,20.700001,0
2023-01-27,20.730000,20.740000,20.040001,20.469999,20.469999,0
2023-01-30,21.200001,21.680000,20.990000,21.370001,21.370001,0
2023-01-31,21.350000,21.510000,20.750000,20.809999,20.809999,0
2023-02-01,20.870001,21.450001,19.930000,19.969999,19.969999,0
2023-02-02,19.670000,21.110001,19.540001,20.840000,20.840000,0
2023-02-03,20.990000,21.400000,20.540001,20.780001,20.780001,0
2023-02-06,21.200001,21.559999,21.139999,21.430000,21.430000,0
2023-02-07,21.570000,21.700001,20.670000,20.780001,20.780001,0
2023-02-08,20.950001,22.020000,20.750000,21.820000,21.820000,0
2023-02-09,21.450001,22.709999,21.190001,22.500000,22.500000,0
2023-02-10,22.830000,23.430000,22.490000,22.549999,22.549999,0
2023-02-13,22.620001,22.620001,21.969999,21.969999,21.969999,0
2023-02-14,21.740000,21.860001,20.820000,21.139999,21.139999,0
2023-02-15,21.150000,21.190001,20.650000,20.680000,20.680000,0
2023-02-16,21.219999,21.930000,20.600000,21.879999,21.879999,0
2023-02-17,22.150000,22.590000,21.590000,21.770000,21.770000,0
2023-02-21,22.660000,23.530001,22.580000,23.379999,23.379999,0
2023-02-22,23.420000,23.629999,22.490000,22.680000,22.680000,0
2023-02-23,22.170000,22.700001,21.580000,21.740000,21.740000,0
2023-02-24,22.510000,23.010000,22.190001,22.430000,22.430000,0
2023-02-27,21.910000,21.920000,21.440001,21.590000,21.590000,0
2023-02-28,21.650000,21.680000,20.920000,21.320000,21.320000,0
2023-03-01,21.350000,21.830000,20.980000,21.360001,21.360001,0
2023-03-02,21.700001,21.730000,20.610001,20.629999,20.629999,0
2023-03-03,20.520000,21.400000,19.940001,19.980000,19.980000,0
2023-03-06,20.240000,20.260000,19.879999,19.990000,19.990000,0
2023-03-07,20.160000,20.730000,19.799999,20.590000,20.590000,0
2023-03-08,20.660000,20.780001,20.129999,20.190001,20.190001,0
2023-03-09,20.200001,22.889999,19.910000,22.870001,22.870001,0
2023-03-10,22.889999,28.670000,22.809999,25.389999,25.389999,0
2023-03-13,29.070000,29.420000,25.730000,26.639999,26.639999,0
2023-03-14,24.320000,26.000000,23.379999,24.870001,24.870001,0
2023-03-15,27.309999,30.049999,26.879999,27.200001,27.200001,0
2023-03-16,28.139999,28.230000,24.540001,24.559999,24.559999,0
2023-03-17,25.160000,27.820000,25.059999,27.420000,27.420000,0
2023-03-20,27.370001,27.719999,25.730000,25.850000,25.850000,0
2023-03-21,24.450001,24.520000,23.450001,23.570000,23.570000,0
2023-03-22,23.440001,24.430000,22.410000,24.379999,24.379999,0
2023-03-23,23.320000,25.750000,22.719999,24.530001,24.530001,0
2023-03-24,25.520000,26.549999,23.879999,23.959999,23.959999,0
2023-03-27,23.330000,23.770000,22.840000,22.870001,22.870001,0
2023-03-28,23.100000,23.309999,22.320000,22.379999,22.379999,0
2023-03-29,21.620001,21.850000,21.480000,21.490000,21.490000,0
2023-03-30,21.389999,22.160000,21.320000,21.450001,21.450001,0
2023-03-31,21.309999,21.500000,21.020000,21.230000,21.230000,0
2023-04-03,21.469999,21.750000,20.830000,20.830000,20.830000,0
2023-04-04,21.049999,22.049999,20.940001,21.340000,21.340000,0
2023-04-05,21.760000,22.160000,21.400000,21.480000,21.480000,0
2023-04-06,21.809999,21.950001,20.860001,21.000000,21.000000,0
2023-04-10,21.809999,21.990000,21.049999,21.070000,21.070000,0
2023-04-11,21.090000,21.150000,20.639999,21.010000,21.010000,0
2023-04-12,20.780001,21.370001,20.320000,21.049999,21.049999,0
2023-04-13,20.750000,20.809999,20.219999,20.260000,20.260000,0
2023-04-14,20.400000,20.610001,19.950001,20.030001,20.030001,0
2023-04-17,20.309999,20.330000,19.600000,19.650000,19.650000,0
2023-04-18,19.670000,19.930000,19.480000,19.820000,19.820000,0
2023-04-19,20.030001,20.190001,19.700001,20.020000,20.020000,0
2023-04-20,20.620001,20.850000,20.000000,20.549999,20.549999,0
2023-04-21,20.650000,21.020000,20.270000,20.389999,20.389999,0
2023-04-24,20.610001,20.830000,20.280001,20.400000,20.400000,0
2023-04-25,20.790001,22.230000,20.620001,21.650000,21.650000,0
2023-04-26,21.700001,21.969999,20.910000,21.540001,21.540001,0
2023-04-27,20.920000,20.950001,20.190001,20.370001,20.370001,0
2023-04-28,20.240000,20.320000,19.540001,19.540001,19.540001,0
2023-05-01,19.830000,19.830000,19.170000,19.670000,19.670000,0
2023-05-02,20.080000,22.209999,20.080000,20.750000,20.750000,0
2023-05-03,20.920000,21.670000,20.360001,21.290001,21.290001,0
2023-05-04,21.920000,23.480000,21.820000,22.770000,22.770000,0
2023-05-05,21.570000,21.570000,20.510000,20.780001,20.780001,0
2023-05-08,20.980000,21.230000,20.620001,20.709999,20.709999,0
2023-05-09,21.209999,21.280001,20.940001,21.170000,21.170000,0
2023-05-10,20.540001,21.700001,20.340000,20.690001,20.690001,0
2023-05-11,21.160000,21.510000,20.500000,20.620001,20.620001,0
2023-05-12,20.400000,21.230000,20.200001,20.660000,20.660000,0
2023-05-15,20.820000,21.120001,20.260000,20.309999,20.309999,0
2023-05-16,20.629999,21.139999,20.379999,20.900000,20.900000,0
2023-05-17,20.490000,20.850000,19.980000,20.049999,20.049999,0
2023-05-18,20.180000,20.230000,19.260000,19.330000,19.330000,0
2023-05-19,19.290001,20.400000,19.139999,20.040001,20.040001,0
2023-05-22,20.230000,20.820000,20.000000,20.360001,20.360001,0
2023-05-23,20.959999,21.549999,20.420000,21.059999,21.059999,0
2023-05-24,21.959999,22.469999,21.650000,22.020000,22.020000,0
2023-05-25,21.459999,21.830000,21.170000,21.379999,21.379999,0
2023-05-26,21.120001,21.150000,20.020000,20.440001,20.440001,0
2023-05-30,19.889999,20.770000,19.760000,20.129999,20.129999,0
2023-05-31,20.559999,20.879999,19.870001,20.209999,20.209999,0
2023-06-01,19.959999,20.080000,18.709999,18.750000,18.750000,0
2023-06-02,18.299999,18.440001,17.760000,17.920000,17.920000,0
2023-06-05,18.230000,18.330000,17.900000,17.900000,17.900000,0
2023-06-06,18.059999,18.090000,16.879999,17.040001,17.040001,0
2023-06-07,17.190001,17.440001,16.870001,17.139999,17.139999,0
2023-06-08,17.270000,17.410000,16.740000,16.860001,16.860001,0
2023-06-09,16.860001,17.250000,16.700001,16.959999,16.959999,0
2023-06-12,17.299999,17.459999,17.090000,17.280001,17.280001,0
2023-06-13,17.040001,17.340000,16.889999,17.230000,17.230000,0
2023-06-14,17.330000,17.379999,16.790001,16.860001,16.860001,0
2023-06-15,17.080000,17.180000,16.809999,17.180000,17.180000,0
2023-06-16,17.180000,17.500000,16.709999,16.750000,16.750000,0
2023-06-20,17.500000,17.980000,17.200001,17.299999,17.299999,0
2023-06-21,17.299999,17.340000,16.870001,16.889999,16.889999,0
2023-06-22,17.260000,17.270000,16.450001,16.559999,16.559999,0
2023-06-23,17.110001,17.150000,16.420000,16.870001,16.870001,0
2023-06-26,17.120001,17.120001,16.740000,17.049999,17.049999,0
2023-06-27,16.940001,16.950001,16.260000,16.440001,16.440001,0
2023-06-28,16.450001,16.490000,15.810000,15.900000,15.900000,0
2023-06-29,16.070000,16.219999,15.980000,16.100000,16.100000,0
2023-06-30,15.940000,16.020000,15.520000,16.020000,16.020000,0
2023-07-03,16.139999,16.139999,15.930000,16.070000,16.070000,0
2023-07-05,16.580000,16.660000,16.290001,16.510000,16.510000,0
2023-07-06,17.430000,18.780001,17.370001,17.520000,17.520000,0
2023-07-07,17.730000,17.730000,16.820000,17.240000,17.240000,0
2023-07-10,17.410000,17.580000,17.200001,17.250000,17.250000,0
2023-07-11,17.059999,17.230000,16.860001,16.969999,16.969999,0
2023-07-12,16.370001,16.410000,16.049999,16.110001,16.110001,0
2023-07-13,15.910000,16.139999,15.770000,16.120001,16.120001,0
2023-07-14,16.170000,16.620001,16.000000,16.040001,16.040001,0
2023-07-17,16.270000,16.330000,16.010000,16.270000,16.270000,0
2023-07-18,16.330000,16.330000,16.070000,16.129999,16.129999,0
2023-07-19,15.960000,16.600000,15.950000,16.559999,16.559999,0
2023-07-20,16.610001,16.910000,16.389999,16.660000,16.660000,0
2023-07-21,16.530001,16.580000,16.160000,16.400000,16.400000,0
2023-07-24,16.459999,16.549999,16.170000,16.260000,16.260000,0
2023-07-25,16.350000,16.350000,16.100000,16.219999,16.219999,0
2023-07-26,16.430000,16.440001,15.640000,15.790000,15.790000,0
2023-07-27,15.580000,17.040001,15.480000,16.629999,16.629999,0
2023-07-28,15.870000,16.350000,15.810000,15.920000,15.920000,0
2023-07-31,16.139999,16.270000,15.960000,16.010000,16.010000,0
2023-08-01,16.440001,16.549999,16.209999,16.340000,16.340000,0
2023-08-02,17.350000,18.350000,17.350000,17.959999,17.959999,0
2023-08-03,18.530001,18.900000,17.650000,17.719999,17.719999,0
2023-08-04,17.360001,18.840000,16.940001,18.610001,18.610001,0
2023-08-07,18.230000,18.520000,17.719999,17.719999,17.719999,0
2023-08-08,18.510000,19.680000,18.070000,18.129999,18.129999,0
2023-08-09,18.040001,18.719999,17.670000,18.049999,18.049999,0
2023-08-10,17.430000,18.730000,16.990000,18.160000,18.160000,0
2023-08-11,18.549999,18.639999,17.559999,17.559999,17.559999,0
2023-08-14,18.160000,18.240000,17.340000,17.410000,17.410000,0
2023-08-15,17.870001,18.709999,17.809999,18.590000,18.590000,0
2023-08-16,18.520000,19.049999,18.150000,18.969999,18.969999,0
2023-08-17,18.680000,19.910000,18.660000,19.830000,19.830000,0
2023-08-18,20.440001,20.450001,19.080000,19.240000,19.240000,0
2023-08-21,19.250000,19.430000,18.610001,18.770000,18.770000,0
2023-08-22,18.459999,19.040001,18.459999,18.719999,18.719999,0
2023-08-23,18.440001,18.510000,17.900000,17.940001,17.940001,0
2023-08-24,17.700001,18.850000,17.620001,18.750000,18.750000,0
2023-08-25,18.379999,18.889999,17.490000,17.719999,17.719999,0
2023-08-28,17.670000,17.670000,17.049999,17.120001,17.120001,0
2023-08-29,17.110001,17.150000,16.389999,16.559999,16.559999,0
2023-08-30,16.459999,16.639999,16.160000,16.180000,16.180000,0
2023-08-31,16.209999,16.240000,15.840000,15.920000,15.920000,0
2023-09-01,15.690000,15.880000,15.600000,15.740000,15.740000,0
2023-09-05,16.299999,16.459999,15.960000,16.240000,16.240000,0
2023-09-06,16.410000,17.080000,16.299999,16.610001,16.610001,0
2023-09-07,17.270000,17.459999,16.530001,16.580000,16.580000,0
2023-09-08,16.570000,16.570000,15.980000,16.139999,16.139999,0
2023-09-11,16.160000,16.340000,15.940000,16.020000,16.020000,0
2023-09-12,16.290001,16.370001,15.910000,16.250000,16.250000,0
2023-09-13,16.120001,16.240000,15.780000,15.920000,15.920000,0
2023-09-14,15.700000,15.750000,15.320000,15.340000,15.340000,0
2023-09-15,15.540000,16.160000,15.440000,16.020000,16.020000,0
2023-09-18,16.490000,16.580000,15.980000,16.129999,16.129999,0
2023-09-19,16.320000,16.660000,16.049999,16.129999,16.129999,0
2023-09-20,16.000000,16.809999,15.830000,16.809999,16.809999,0
2023-09-21,17.469999,18.240000,16.010000,18.240000,18.240000,0
2023-09-22,17.969999,18.120001,17.340000,18.090000,18.090000,0
2023-09-25,18.559999,18.750000,17.969999,18.020000,18.020000,0
2023-09-26,18.570000,20.059999,18.400000,19.719999,19.719999,0
2023-09-27,19.230000,20.350000,19.040001,19.110001,19.110001,0
2023-09-28,19.340000,19.450001,18.170000,18.379999,18.379999,0
2023-09-29,17.620001,18.650000,17.379999,18.510000,18.510000,0
2023-10-02,18.900000,19.129999,17.940001,18.620001,18.620001,0
2023-10-03,19.280001,20.850000,18.950001,20.410000,20.410000,0
2023-10-04,20.209999,20.480000,19.340000,19.520000,19.520000,0
2023-10-05,19.510000,20.340000,19.320000,19.500000,19.500000,0
2023-10-06,19.969999,20.379999,18.490000,18.730000,18.730000,0
2023-10-09,19.639999,19.860001,18.719999,18.809999,18.809999,0
2023-10-10,18.639999,18.639999,17.900000,18.270000,18.270000,0
2023-10-11,17.910000,19.090000,17.629999,17.629999,17.629999,0
2023-10-12,17.559999,19.030001,17.219999,18.090000,18.090000,0
2023-10-13,18.040001,21.040001,18.040001,20.570000,20.570000,0
2023-10-16,19.780001,19.780001,18.709999,18.790001,18.790001,0
2023-10-17,19.490000,19.680000,18.469999,19.260000,19.260000,0
2023-10-18,19.620001,20.969999,19.580000,20.469999,20.469999,0
2023-10-19,20.270000,22.200001,19.969999,22.190001,22.190001,0
2023-10-20,22.040001,22.629999,21.559999,22.440001,22.440001,0
2023-10-23,22.590000,23.049999,20.680000,21.330000,21.330000,0
2023-10-24,20.830000,21.280001,19.959999,20.209999,20.209999,0
2023-10-25,20.400000,22.070000,20.400000,21.330000,21.330000,0
2023-10-26,21.709999,22.500000,21.209999,21.570000,21.570000,0
2023-10-27,21.209999,22.549999,20.940001,22.270000,22.270000,0
2023-10-30,21.459999,21.660000,20.670000,20.799999,20.799999,0
2023-10-31,20.639999,20.809999,19.420000,19.490000,19.490000,0
2023-11-01,19.280001,19.340000,18.330000,18.549999,18.549999,0
2023-11-02,18.059999,18.209999,17.719999,17.799999,17.799999,0
2023-11-03,17.490000,17.540001,17.150000,17.219999,17.219999,0
2023-11-06,17.290001,17.520000,17.020000,17.030001,17.030001,0
2023-11-07,17.090000,17.209999,16.860001,16.920000,16.920000,0
2023-11-08,16.850000,17.160000,16.520000,16.639999,16.639999,0
2023-11-09,16.549999,17.469999,16.549999,17.299999,17.299999,0
2023-11-10,17.010000,17.129999,16.469999,16.520000,16.520000,0
2023-11-13,16.969999,17.030001,16.430000,16.610001,16.610001,0
2023-11-14,15.940000,16.290001,15.880000,16.290001,16.290001,0
2023-11-15,16.190001,16.389999,16.100000,16.280001,16.280001,0
2023-11-16,16.190001,16.400000,15.950000,16.139999,16.139999,0
2023-11-17,16.080000,16.080000,15.720000,15.850000,15.850000,0
2023-11-20,15.910000,15.910000,15.600000,15.690000,15.690000,0
2023-11-21,15.850000,15.860000,15.350000,15.500000,15.500000,0
2023-11-22,15.230000,15.620000,15.210000,15.480000,15.480000,0
2023-11-24,15.670000,15.680000,15.090000,15.120000,15.120000,0
2023-11-27,15.480000,15.540000,15.260000,15.340000,15.340000,0
2023-11-28,15.440000,15.590000,15.090000,15.240000,15.240000,0
2023-11-29,15.110000,15.600000,15.080000,15.510000,15.510000,0
2023-11-30,15.610000,15.780000,15.360000,15.440000,15.440000,0
2023-12-01,15.420000,15.490000,15.140000,15.360000,15.360000,0
2023-12-04,15.940000,16.200001,15.620000,15.680000,15.680000,0
2023-12-05,15.800000,15.870000,15.540000,15.570000,15.570000,0
2023-12-06,15.460000,15.750000,15.400000,15.740000,15.740000,0
2023-12-07,15.690000,15.850000,15.600000,15.650000,15.650000,0
2023-12-08,15.530000,15.570000,15.160000,15.160000,15.160000,0
2023-12-11,15.490000,15.500000,15.160000,15.190000,15.190000,0
2023-12-12,15.140000,15.170000,14.690000,14.830000,14.830000,0
2023-12-13,14.890000,15.010000,14.560000,14.660000,14.660000,0
2023-12-14,14.680000,15.140000,14.620000,14.790000,14.790000,0
2023-12-15,14.850000,15.250000,14.750000,15.130000,15.130000,0
2023-12-18,15.240000,15.510000,15.220000,15.470000,15.470000,0
2023-12-19,15.480000,15.650000,15.470000,15.640000,15.640000,0
2023-12-20,15.600000,16.809999,15.550000,16.580000,16.580000,0
2023-12-21,16.330000,16.860001,16.219999,16.299999,16.299999,0
2023-12-22,16.340000,16.530001,15.970000,15.990000,15.990000,0
2023-12-26,16.330000,16.330000,15.850000,15.880000,15.880000,0
2023-12-27,15.830000,15.830000,15.170000,15.270000,15.270000,0
2023-12-28,15.300000,15.390000,15.190000,15.230000,15.230000,0
2023-12-29,15.290000,15.700000,15.120000,15.260000,15.260000,0
2024-01-02,15.890000,16.170000,15.450000,15.480000,15.480000,0
2024-01-03,15.860000,16.290001,15.620000,16.040001,16.040001,0
2024-01-04,16.120001,16.150000,15.750000,16.040001,16.040001,0
2024-01-05,15.860000,15.880000,15.400000,15.510000,15.510000,0
2024-01-08,15.680000,15.730000,15.080000,15.140000,15.140000,0
2024-01-09,15.390000,15.410000,14.860000,14.900000,14.900000,0
2024-01-10,14.820000,14.860000,14.700000,14.730000,14.730000,0
2024-01-11,14.570000,15.200000,14.490000,14.560000,14.560000,0
2024-01-12,14.530000,14.960000,14.510000,14.940000,14.940000,0
2024-01-16,15.530000,16.110001,15.420000,15.740000,15.740000,0
2024-01-17,16.530001,16.770000,16.209999,16.379999,16.379999,0
2024-01-18,16.010000,16.389999,15.780000,15.840000,15.840000,0
2024-01-19,15.600000,16.290001,15.230000,15.260000,15.260000,0
2024-01-22,15.320000,15.370000,14.960000,14.970000,14.970000,0
2024-01-23,14.890000,14.940000,14.480000,14.520000,14.520000,0
2024-01-24,14.390000,14.970000,14.250000,14.970000,14.970000,0
2024-01-25,14.900000,15.200000,14.880000,15.100000,15.100000,0
2024-01-26,15.190000,15.220000,14.890000,15.030000,15.030000,0
2024-01-29,15.300000,15.450000,15.190000,15.220000,15.220000,0
2024-01-30,15.260000,15.290000,15.070000,15.140000,15.140000,0
2024-01-31,15.140000,16.170000,15.140000,15.960000,15.960000,0
2024-02-01,15.740000,16.150000,15.450000,15.500000,15.500000,0
2024-02-02,15.740000,15.820000,15.260000,15.610000,15.610000,0
2024-02-05,15.760000,16.000000,15.260000,15.330000,15.330000,0
2024-02-06,15.190000,15.400000,14.920000,14.990000,14.990000,0
2024-02-07,14.880000,15.170000,14.810000,14.850000,14.850000,0
2024-02-08,14.990000,15.130000,14.880000,14.930000,14.930000,0
2024-02-09,14.990000,15.080000,14.820000,15.080000,15.080000,0
2024-02-12,15.250000,15.680000,15.220000,15.670000,15.670000,0
2024-02-13,16.170000,18.170000,16.059999,16.820000,16.820000,0
2024-02-14,16.010000,16.600000,15.790000,15.930000,15.930000,0
2024-02-15,15.830000,16.110001,15.750000,15.760000,15.760000,0
2024-02-16,15.890000,16.090000,15.480000,15.860000,15.860000,0
2024-02-20,16.209999,16.820000,16.170000,16.410000,16.410000,0
2024-02-21,16.650000,16.719999,16.160000,16.230000,16.230000,0
2024-02-22,15.590000,15.800000,15.340000,15.770000,15.770000,0
2024-02-23,15.530000,15.640000,15.200000,15.250000,15.250000,0
2024-02-26,15.400000,15.400000,15.150000,15.220000,15.220000,0
2024-02-27,15.130000,15.150000,14.870000,14.890000,14.890000,0
2024-02-28,15.110000,15.260000,14.990000,15.220000,15.220000,0
2024-02-29,14.940000,15.250000,14.880000,14.930000,14.930000,0
2024-03-01,14.850000,15.090000,14.760000,14.930000,14.930000,0
2024-03-04,15.150000,15.270000,15.110000,15.230000,15.230000,0
2024-03-05,15.450000,16.360001,15.440000,15.910000,15.910000,0
2024-03-06,15.540000,16.150000,15.510000,15.970000,15.970000,0
2024-03-07,15.790000,16.030001,15.760000,15.910000,15.910000,0
2024-03-08,15.740000,16.840000,15.630000,16.299999,16.299999,0
2024-03-11,16.770000,17.010000,16.430000,16.459999,16.459999,0
2024-03-12,16.100000,16.320000,15.640000,15.660000,15.660000,0
2024-03-13,15.670000,15.890000,15.540000,15.600000,15.600000,0
2024-03-14,15.560000,16.690001,15.520000,16.120001,16.120001,0
2024-03-15,16.389999,17.110001,16.260000,16.410000,16.410000,0
2024-03-18,16.410000,16.420000,16.150000,16.219999,16.219999,0
2024-03-19,16.340000,16.400000,15.750000,15.770000,15.770000,0
2024-03-20,15.870000,15.980000,15.260000,15.280000,15.280000,0
2024-03-21,15.170000,15.340000,14.980000,15.180000,15.180000,0
2024-03-22,15.270000,15.320000,15.020000,15.300000,15.300000,0
2024-03-25,15.520000,15.700000,15.300000,15.380000,15.380000,0
2024-03-26,15.300000,15.380000,15.040000,15.290000,15.290000,0
2024-03-27,15.110000,15.390000,14.970000,15.010000,15.010000,0
2024-03-28,15.090000,15.240000,15.040000,15.190000,15.190000,0
2024-04-01,15.520000,15.830000,15.410000,15.520000,15.520000,0
2024-04-02,16.160000,16.629999,16.070000,16.090000,16.090000,0
2024-04-03,16.400000,16.570000,15.810000,15.910000,15.910000,0
2024-04-04,15.660000,17.469999,15.540000,17.160000,17.160000,0
2024-04-05,17.209999,17.410000,16.680000,17.180000,17.180000,0
2024-04-08,17.059999,17.170000,16.459999,16.559999,16.559999,0
2024-04-09,16.559999,17.370001,16.389999,16.420000,16.420000,0
2024-04-10,17.260000,17.559999,16.809999,17.040001,17.040001,0
2024-04-11,17.080000,17.760000,16.490000,16.490000,16.490000,0
2024-04-12,17.490000,19.299999,17.389999,18.200001,18.200001,0
2024-04-15,17.549999,19.709999,17.459999,19.549999,19.549999,0
2024-04-16,19.230000,19.580000,18.360001,18.840000,18.840000,0
2024-04-17,18.530001,19.700001,18.280001,18.770000,18.770000,0
2024-04-18,18.500000,19.160000,18.070000,18.660000,18.660000,0
2024-04-19,19.040001,19.620001,18.610001,19.250000,19.250000,0
2024-04-22,18.610001,18.670000,17.469999,17.629999,17.629999,0
2024-04-23,17.260000,17.270000,16.620001,16.680000,16.680000,0
2024-04-24,16.709999,17.059999,16.520000,16.840000,16.840000,0
2024-04-25,17.549999,17.910000,16.309999,16.370001,16.370001,0
2024-04-26,16.459999,16.500000,16.160000,16.270000,16.270000,0
2024-04-29,16.209999,16.350000,15.970000,16.000000,16.000000,0
2024-04-30,16.160000,16.690001,15.930000,16.590000,16.590000,0
2024-05-01,16.799999,16.940001,15.790000,16.570000,16.570000,0
2024-05-02,16.280001,16.840000,16.000000,16.049999,16.049999,0
2024-05-03,15.370000,15.650000,15.260000,15.270000,15.270000,0
2024-05-06,15.270000,15.330000,14.980000,15.020000,15.020000,0
2024-05-07,14.990000,15.100000,14.920000,14.950000,14.950000,0
2024-05-08,15.080000,15.090000,14.840000,14.900000,14.900000,0
2024-05-09,14.900000,15.000000,14.710000,14.710000,14.710000,0
2024-05-10,14.750000,14.980000,14.600000,14.660000,14.660000,0
2024-05-13,14.770000,15.020000,14.770000,14.890000,14.890000,0
2024-05-14,14.930000,15.020000,14.610000,14.700000,14.700000,0
2024-05-15,14.440000,14.530000,14.000000,14.080000,14.080000,0
2024-05-16,14.090000,14.300000,14.010000,14.220000,14.220000,0
2024-05-17,14.200000,14.280000,13.930000,13.990000,13.990000,0
2024-05-20,14.170000,14.260000,14.050000,14.110000,14.110000,0
2024-05-21,14.360000,14.370000,13.910000,13.950000,13.950000,0
2024-05-22,14.070000,14.530000,13.930000,14.310000,14.310000,0
2024-05-23,14.050000,14.960000,14.040000,14.670000,14.670000,0
2024-05-24,14.510000,14.580000,14.140000,14.170000,14.170000,0
2024-05-28,14.410000,15.010000,14.370000,14.720000,14.720000,0
2024-05-29,15.410000,15.490000,15.100000,15.450000,15.450000,0
2024-05-30,15.460000,15.680000,15.060000,15.590000,15.590000,0
2024-05-31,15.190000,15.840000,14.630000,14.660000,14.660000,0
2024-06-03,14.790000,15.480000,14.730000,14.800000,14.800000,0
2024-06-04,15.130000,15.350000,14.840000,14.880000,14.880000,0
2024-06-05,14.750000,15.240000,14.470000,14.540000,14.540000,0
2024-06-06,14.590000,14.760000,14.490000,14.540000,14.540000,0
2024-06-07,14.680000,14.710000,14.240000,14.410000,14.410000,0
2024-06-10,14.820000,14.850000,14.480000,14.600000,14.600000,0
2024-06-11,14.830000,15.020000,14.480000,14.490000,14.490000,0
2024-06-12,14.210000,14.430000,13.960000,14.120000,14.120000,0
2024-06-13,14.130000,14.720000,13.890000,14.170000,14.170000,0
2024-06-14,14.670000,14.970000,14.550000,14.840000,14.840000,0
2024-06-17,15.050000,15.160000,14.610000,14.790000,14.790000,0
2024-06-18,14.730000,14.890000,14.660000,14.690000,14.690000,0
2024-06-20,14.840000,15.600000,14.830000,15.410000,15.410000,0
2024-06-21,15.640000,15.750000,15.070000,15.170000,15.170000,0
2024-06-24,15.450000,15.450000,15.040000,15.230000,15.230000,0
2024-06-25,15.200000,15.230000,14.830000,14.860000,14.860000,0
2024-06-26,15.060000,15.090000,14.580000,14.710000,14.710000,0
2024-06-27,14.640000,14.730000,14.400000,14.420000,14.420000,0
2024-06-28,14.500000,14.720000,14.270000,14.520000,14.520000,0
2024-07-01,14.600000,14.860000,14.120000,14.190000,14.190000,0
2024-07-02,14.370000,14.370000,13.900000,14.010000,14.010000,0
2024-07-03,14.000000,14.150000,13.920000,14.020000,14.020000,0
2024-07-05,14.230000,14.370000,14.120000,14.350000,14.350000,0
2024-07-08,14.390000,14.420000,14.230000,14.290000,14.290000,0
2024-07-09,14.320000,14.480000,14.260000,14.390000,14.390000,0
2024-07-10,14.410000,14.520000,14.270000,14.500000,14.500000,0
2024-07-11,14.380000,14.870000,14.360000,14.670000,14.670000,0
2024-07-12,14.460000,14.460000,14.100000,14.370000,14.370000,0
2024-07-15,14.540000,14.920000,14.460000,14.870000,14.870000,0
2024-07-16,14.790000,14.950000,14.690000,14.910000,14.910000,0
2024-07-17,15.350000,16.080000,15.280000,15.790000,15.790000,0
2024-07-18,15.620000,16.920000,15.380000,16.559999,16.559999,0
2024-07-19,16.850000,17.500000,16.570000,17.160000,17.160000,0
2024-07-22,16.760000,16.780001,15.970000,16.090000,16.090000,0
2024-07-23,16.110001,16.170000,15.490000,16.010000,16.010000,0
2024-07-24,16.500000,18.639999,16.490000,18.430000,18.430000,0
2024-07-25,18.340000,19.320000,17.280001,18.690001,18.690001,0
2024-07-26,18.059999,18.090000,17.209999,17.240000,17.240000,0
2024-07-29,17.410000,17.620001,16.879999,17.160000,17.160000,0
2024-07-30,16.980000,18.389999,16.830000,18.010000,18.010000,0
2024-07-31,17.020000,17.129999,16.430000,16.969999,16.969999,0
2024-08-01,16.980000,19.760000,16.900000,19.139999,19.139999,0
2024-08-02,20.959999,26.309999,20.690001,23.340000,23.340000,0
2024-08-05,43.619999,43.680000,27.770000,33.709999,33.709999,0
2024-08-06,30.270000,30.410000,23.790001,26.760000,26.760000,0
2024-08-07,23.559999,28.180000,22.920000,27.010000,27.010000,0
2024-08-08,25.290001,26.090000,23.910000,24.129999,24.129999,0
2024-08-09,24.250000,24.680000,21.180000,21.180000,21.180000,0
2024-08-12,21.209999,21.830000,19.879999,21.629999,21.629999,0
2024-08-13,20.790001,20.889999,19.770000,19.860001,19.860001,0
2024-08-14,19.360001,19.540001,18.360001,18.450001,18.450001,0
2024-08-15,17.799999,18.200001,17.450001,17.879999,17.879999,0
2024-08-16,18.280001,19.500000,17.670000,17.809999,17.809999,0
2024-08-19,18.120001,18.120001,17.420000,17.590000,17.590000,0
2024-08-20,17.809999,18.410000,17.650000,18.280001,18.280001,0
2024-08-21,18.370001,19.170000,18.299999,18.580000,18.580000,0
2024-08-22,18.370001,19.610001,18.350000,19.360001,19.360001,0
2024-08-23,19.020000,19.150000,18.049999,18.190001,18.190001,0
2024-08-26,18.200001,18.680000,18.070000,18.250000,18.250000,0
2024-08-27,18.530001,18.650000,17.719999,17.730000,17.730000,0
2024-08-28,17.809999,19.270000,17.740000,18.900000,18.900000,0
2024-08-29,18.200001,18.379999,17.719999,18.000000,18.000000,0
2024-08-30,17.750000,18.170000,17.379999,17.430000,17.430000,0
2024-09-03,18.389999,22.520000,18.350000,21.700001,21.700001,0
2024-09-04,22.709999,22.709999,20.440001,22.070000,22.070000,0
2024-09-05,21.629999,22.120001,20.559999,20.930000,20.930000,0
2024-09-06,20.320000,23.730000,20.139999,22.740000,22.740000,0
2024-09-09,21.860001,22.040001,20.680000,20.879999,20.879999,0
2024-09-10,20.730000,21.870001,20.510000,20.549999,20.549999,0
2024-09-11,20.370001,22.330000,19.520000,19.590000,19.590000,0
2024-09-12,19.799999,20.160000,19.280001,19.480000,19.480000,0
2024-09-13,19.510000,20.370001,18.920000,19.280001,19.280001,0
2024-09-16,19.670000,20.209999,19.629999,19.809999,19.809999,0
2024-09-17,19.690001,20.740000,19.510000,20.129999,20.129999,0
2024-09-18,20.590000,23.139999,19.540001,20.350000,20.350000,0
2024-09-19,19.180000,19.590000,18.930000,19.070000,19.070000,0
2024-09-20,19.129999,19.260000,18.709999,18.940001,18.940001,0
2024-09-23,18.889999,19.139999,18.580000,18.700001,18.700001,0
2024-09-24,18.650000,19.170000,18.400000,18.469999,18.469999,0
2024-09-25,18.490000,19.090000,18.280001,18.570000,18.570000,0
2024-09-26,18.540001,18.959999,18.370001,18.450001,18.450001,0
2024-09-27,18.440001,19.549999,18.379999,19.540001,19.540001,0
2024-09-30,19.570000,19.990000,19.110001,19.219999,19.219999,0
2024-10-01,19.330000,21.590000,19.330000,20.889999,20.889999,0
2024-10-02,21.280001,21.799999,20.520000,20.590000,20.590000,0
2024-10-03,21.170000,21.790001,20.670000,21.629999,21.629999,0
2024-10-04,20.910000,21.389999,20.389999,20.650000,20.650000,0
2024-10-07,21.240000,22.790001,21.100000,22.590000,22.590000,0
2024-10-08,21.820000,21.980000,21.320000,21.520000,21.520000,0
2024-10-09,21.570000,21.570000,20.750000,20.910000,20.910000,0
2024-10-10,21.010000,21.260000,20.860001,21.020000,21.020000,0
2024-10-11,21.010000,21.850000,20.530001,20.770000,20.770000,0
2024-10-14,20.680000,20.690001,19.990000,20.120001,20.120001,0
2024-10-15,19.959999,20.889999,19.790001,20.799999,20.799999,0
2024-10-16,20.950001,21.049999,20.290001,20.320000,20.320000,0
2024-10-17,20.080000,20.320000,19.740000,19.809999,19.809999,0
2024-10-18,19.730000,19.840000,19.160000,19.190001,19.190001,0
2024-10-21,19.549999,19.950001,19.230000,19.240000,19.240000,0
2024-10-22,19.840000,19.900000,19.000000,19.170000,19.170000,0
2024-10-23,19.400000,20.820000,19.280001,20.040001,20.040001,0
2024-10-24,19.799999,20.770000,19.760000,19.850000,19.850000,0
2024-10-25,19.500000,21.040001,19.040001,20.940001,20.940001,0
2024-10-28,20.100000,20.469999,19.840000,20.170000,20.170000,0
2024-10-29,20.440001,20.590000,19.690001,19.959999,19.959999,0
2024-10-30,20.389999,20.809999,19.990000,20.760000,20.760000,0
2024-10-31,21.570000,22.809999,21.410000,22.639999,22.639999,0
2024-11-01,21.980000,22.120001,21.240000,21.910000,21.910000,0
2024-11-04,22.110001,22.420000,21.400000,21.570000,21.570000,0
2024-11-05,21.320000,21.320000,20.120001,20.190001,20.190001,0
2024-11-06,17.650000,18.260000,17.570000,17.670000,17.670000,0
2024-11-07,17.280001,17.370001,16.900000,16.950001,16.950001,0
2024-11-08,16.740000,16.980000,16.680000,16.830000,16.830000,0
2024-11-11,16.879999,17.040001,16.700001,16.799999,16.799999,0
2024-11-12,16.910000,17.180000,16.700001,16.709999,16.709999,0
2024-11-13,16.790001,17.010000,16.370001,16.510000,16.510000,0
2024-11-14,16.490000,16.680000,16.180000,16.680000,16.680000,0
2024-11-15,16.930000,18.709999,16.820000,17.809999,17.809999,0
2024-11-18,17.959999,17.990000,17.000000,17.190001,17.190001,0
2024-11-19,18.219999,18.260000,17.280001,17.690001,17.690001,0
2024-11-20,17.809999,19.660000,17.709999,18.260000,18.260000,0
2024-11-21,17.620001,19.000000,17.520000,18.180000,18.180000,0
2024-11-22,17.959999,18.070000,17.299999,17.299999,17.299999,0
2024-11-25,17.049999,17.620001,16.860001,16.870001,16.870001,0
2024-11-26,16.799999,16.799999,16.430000,16.530001,16.530001,0
2024-11-27,16.650000,17.150000,16.580000,16.600000,16.600000,0
2024-11-29,16.629999,16.629999,16.250000,16.260000,16.260000,0
2024-12-02,16.520000,16.750000,16.320000,16.340000,16.340000,0
2024-12-03,16.469999,16.650000,16.190001,16.240000,16.240000,0
2024-12-04,16.230000,16.440001,15.820000,16.389999,16.389999,0
2024-12-05,16.480000,16.590000,16.400000,16.580000,16.580000,0
2024-12-06,16.299999,16.420000,16.200001,16.320000,16.320000,0
2024-12-09,16.610001,17.120001,16.559999,17.090000,17.090000,0
2024-12-10,17.040001,17.190001,16.860001,16.980000,16.980000,0
2024-12-11,16.670000,16.930000,16.580000,16.879999,16.879999,0
2024-12-12,16.879999,17.350000,16.790001,17.350000,17.350000,0
2024-12-13,16.850000,17.350000,16.740000,17.150000,17.150000,0
2024-12-16,17.299999,17.570000,17.209999,17.570000,17.570000,0
2024-12-17,17.910000,18.180000,17.750000,18.129999,18.129999,0
2024-12-18,18.040001,24.990000,17.330000,24.240000,24.240000,0
2024-12-19,20.889999,24.150000,20.629999,24.139999,24.139999,0
2024-12-20,23.930000,23.930000,19.740000,20.100000,20.100000,0
2024-12-23,19.850000,20.840000,18.650000,18.650000,18.650000,0
2024-12-24,18.469999,18.500000,17.160000,17.200001,17.200001,0
2024-12-26,17.540001,18.030001,17.190001,17.360001,17.360001,0
2024-12-27,18.040001,19.500000,18.010000,18.070000,18.070000,0
2024-12-30,19.700001,20.219999,18.230000,18.940001,18.940001,0
2024-12-31,18.549999,19.250000,18.270000,18.980000,18.980000,0
2025-01-02,18.709999,20.510000,18.540001,19.330000,19.330000,0
2025-01-03,18.940001,19.129999,18.100000,18.139999,18.139999,0
2025-01-06,17.990000,18.719999,17.700001,18.030001,18.030001,0
2025-01-07,17.820000,19.850000,17.809999,19.190001,19.190001,0
2025-01-08,19.740000,20.670000,19.100000,19.340000,19.340000,0
2025-01-10,20.389999,21.530001,19.950001,20.969999,20.969999,0
2025-01-13,22.139999,22.190001,20.350000,20.430000,20.430000,0
2025-01-14,20.110001,20.799999,19.660000,19.990000,19.990000,0
2025-01-15,18.700001,18.740000,18.070000,18.230000,18.230000,0
2025-01-16,18.209999,18.350000,17.830000,18.350000,18.350000,0
2025-01-17,17.809999,18.190001,17.760000,18.190001,18.190001,0
2025-01-21,17.980000,18.139999,17.430000,17.500000,17.500000,0
2025-01-22,17.820000,17.830000,17.490000,17.809999,17.809999,0
2025-01-23,17.760000,17.780001,17.410000,17.520000,17.520000,0
2025-01-24,17.469999,17.750000,17.350000,17.549999,17.549999,0
2025-01-27,20.309999,20.309999,18.850000,18.969999,18.969999,0
2025-01-28,18.760000,19.379999,17.980000,18.129999,18.129999,0
2025-01-29,18.280001,19.049999,17.860001,18.150000,18.150000,0
2025-01-30,17.740000,18.200001,17.480000,17.910000,17.910000,0
2025-01-31,17.580000,18.790001,17.389999,18.430000,18.430000,0
2025-02-03,20.330000,21.230000,18.840000,19.549999,19.549999,0
2025-02-04,19.290001,19.709999,18.420000,18.639999,18.639999,0
2025-02-05,18.670000,19.889999,17.950001,17.959999,17.959999,0
2025-02-06,17.920000,18.990000,17.740000,17.940001,17.940001,0
2025-02-07,17.709999,21.280001,17.610001,18.629999,18.629999,0
2025-02-10,18.370001,18.540001,18.150000,18.230000,18.230000,0
2025-02-11,18.520000,18.540001,18.080000,18.280001,18.280001,0
2025-02-12,18.969999,19.000000,18.110001,18.309999,18.309999,0
2025-02-13,18.250000,18.690001,17.780001,17.840000,17.840000,0
2025-02-14,17.860001,18.010000,17.719999,17.809999,17.809999,0
2025-02-18,18.100000,18.270000,17.820000,17.820000,17.820000,0
2025-02-19,18.160000,18.770000,17.760000,17.930000,17.930000,0
2025-02-20,18.010000,18.610001,17.850000,18.010000,18.010000,0
2025-02-21,18.030001,19.830000,17.990000,19.480000,19.480000,0
2025-02-24,19.110001,20.430000,18.830000,19.860001,19.860001,0
2025-02-25,20.040001,21.260000,19.700001,20.030001,20.030001,0
2025-02-26,20.030001,20.389999,19.070000,19.750000,19.750000,0
2025-02-27,19.299999,21.290001,19.209999,21.219999,21.219999,0
2025-02-28,21.360001,21.870001,19.950001,20.180000,20.180000,0
2025-03-03,20.100000,23.170000,19.889999,22.180000,22.180000,0
2025-03-04,23.250000,24.830000,21.500000,22.780001,22.780001,0
2025-03-05,22.990000,23.590000,21.350000,21.719999,21.719999,0
2025-03-06,23.100000,24.379999,22.480000,23.700001,23.700001,0
2025-03-07,23.780001,24.660000,22.389999,22.590000,22.590000,0
2025-03-10,24.469999,26.610001,24.180000,25.719999,25.719999,0
2025-03-11,25.799999,27.010000,24.740000,25.340000,25.340000,0
2025-03-12,24.370001,25.290001,23.379999,23.670000,23.670000,0
2025-03-13,23.809999,24.860001,23.110001,24.059999,24.059999,0
2025-03-14,23.510000,23.860001,21.930000,22.170000,22.170000,0
2025-03-17,22.180000,22.180000,21.030001,21.299999,21.299999,0
2025-03-18,21.709999,22.450001,21.629999,21.969999,21.969999,0
2025-03-19,21.809999,22.450001,20.350000,20.830000,20.830000,0
2025-03-20,21.540001,21.570000,20.309999,20.709999,20.709999,0
2025-03-21,21.320000,21.440001,20.290001,20.350000,20.350000,0
2025-03-24,19.910000,19.910000,18.980000,19.040001,19.040001,0
2025-03-25,18.889999,19.160000,18.719999,19.049999,19.049999,0
2025-03-26,19.070000,20.290001,18.930000,19.840000,19.840000,0
2025-03-27,20.120001,20.490000,19.469999,19.889999,19.889999,0
2025-03-28,20.260000,22.100000,20.090000,22.010000,22.010000,0
2025-03-31,23.309999,23.889999,21.570000,21.969999,21.969999,0
2025-04-01,22.360001,22.980000,21.490000,21.820000,21.820000,0
2025-04-02,22.990000,22.990000,20.920000,21.450001,21.450001,0
2025-04-03,25.080000,27.389999,24.719999,27.379999,27.379999,0
2025-04-04,31.670000,36.860001,30.900000,36.709999,36.709999,0
2025-04-07,39.980000,42.110001,26.500000,36.880001,36.880001,0
2025-04-08,31.910000,45.029999,31.299999,41.500000,41.500000,0
2025-04-09,41.630001,42.939999,24.959999,29.920000,29.920000,0
2025-04-10,32.230000,43.029999,31.690001,35.709999,35.709999,0
2025-04-11,37.360001,39.400002,33.840000,33.910000,33.910000,0
2025-04-14,30.330000,32.570000,29.080000,29.629999,29.629999,0
2025-04-15,29.250000,29.290001,27.959999,29.000000,29.000000,0
2025-04-16,30.150000,32.200001,28.840000,30.940001,30.940001,0
2025-04-17,30.110001,30.889999,29.330000,29.350000,29.350000,0
2025-04-21,30.490000,32.820000,30.490000,31.830000,31.830000,0
2025-04-22,30.370001,30.440001,29.190001,29.450001,29.450001,0
2025-04-23,27.639999,28.980000,27.090000,28.020000,28.020000,0
2025-04-24,27.670000,27.670000,26.340000,26.440001,26.440001,0
2025-04-25,26.660000,27.090000,25.370001,25.370001,25.370001,0
2025-04-28,25.370001,26.870001,25.209999,25.730000,25.730000,0
2025-04-29,26.080000,26.080000,24.950001,25.219999,25.219999,0
2025-04-30,26.719999,27.820000,25.299999,25.540001,25.540001,0
2025-05-01,25.120001,25.870001,24.680000,25.490000,25.490000,0
2025-05-02,24.400000,24.660000,23.889999,24.000000,24.000000,0
2025-05-05,24.770000,24.940001,23.990000,24.549999,24.549999,0
2025-05-06,25.340000,25.570000,24.770000,25.410000,25.410000,0
2025-05-07,25.450001,25.780001,24.480000,24.700001,24.700001,0
2025-05-08,24.230000,24.559999,23.299999,23.760000,23.760000,0
2025-05-09,23.530001,23.799999,23.230000,23.379999,23.379999,0
2025-05-12,21.629999,21.650000,20.040001,20.219999,20.219999,0
2025-05-13,19.959999,20.110001,19.500000,20.090000,20.090000,0
2025-05-14,20.120001,20.690001,20.070000,20.580000,20.580000,0
2025-05-15,20.910000,21.030001,20.190001,20.250000,20.250000,0
2025-05-16,20.240000,20.350000,19.889999,20.080000,20.080000,0
2025-05-19,21.520000,21.530001,20.500000,20.690001,20.690001,0
2025-05-20,20.700001,21.129999,20.469999,20.719999,20.719999,0
2025-05-21,21.360001,22.740000,20.670000,22.660000,22.660000,0
2025-05-22,22.889999,23.120001,21.790001,22.320000,22.320000,0
2025-05-23,24.680000,24.680000,23.059999,23.799999,23.799999,0
2025-05-27,22.430000,22.670000,21.280001,21.290001,21.290001,0
2025-05-28,21.389999,21.740000,21.240000,21.670000,21.670000,0
2025-05-29,21.290001,22.129999,21.190001,21.620001,21.620001,0
2025-05-30,21.950001,22.500000,21.340000,21.379999,21.379999,0
2025-06-02,21.809999,22.270000,21.080000,21.090000,21.090000,0
2025-06-03,21.080000,21.270000,20.639999,20.719999,20.719999,0
2025-06-04,20.580000,20.889999,20.450001,20.660000,20.660000,0
2025-06-05,20.440001,21.260000,20.059999,21.110001,21.110001,0
2025-06-06,20.270000,20.400000,19.850000,20.020000,20.020000,0
2025-06-09,20.250000,20.350000,19.820000,20.090000,20.090000,0
2025-06-10,20.040001,20.309999,19.750000,19.940001,19.940001,0
2025-06-11,19.680000,20.650000,19.459999,20.299999,20.299999,0
2025-06-12,20.719999,20.830000,20.270000,20.650000,20.650000,0
2025-06-13,21.980000,23.049999,21.240000,22.620001,22.620001,0
2025-06-16,21.680000,22.330000,20.930000,21.230000,21.230000,0
2025-06-17,21.950001,23.030001,21.610001,22.910000,22.910000,0
2025-06-18,22.700001,22.850000,21.719999,21.969999,21.969999,0
2025-06-20,21.590000,22.770000,21.420000,22.480000,22.480000,0
2025-06-23,22.650000,23.410000,21.750000,21.820000,21.820000,0
2025-06-24,20.660000,20.850000,20.020000,20.049999,20.049999,0
2025-06-25,19.820000,20.040001,19.620001,19.670000,19.670000,0
2025-06-26,19.469999,19.510000,19.150000,19.450001,19.450001,0
2025-06-27,19.280001,19.920000,19.219999,19.450001,19.450001,0
2025-06-30,19.510000,19.740000,19.250000,19.440001,19.440001,0
2025-07-01,19.620001,19.639999,19.230000,19.510000,19.510000,0
2025-07-02,19.580000,19.650000,19.230000,19.350000,19.350000,0
2025-07-03,19.020000,19.270000,18.980000,19.209999,19.209999,0
2025-07-07,19.969999,20.620001,19.920000,20.209999,20.209999,0
2025-07-08,19.770000,19.799999,19.360001,19.580000,19.580000,0
2025-07-09,19.059999,19.389999,18.959999,19.020000,19.020000,0
2025-07-10,19.000000,19.100000,18.620001,18.920000,18.920000,0
2025-07-11,19.490000,19.600000,19.090000,19.370001,19.370001,0
2025-07-14,19.889999,20.020000,19.690001,19.840000,19.840000,0
2025-07-15,19.480000,20.070000,19.480000,20.059999,20.059999,0
2025-07-16,19.740000,21.570000,19.740000,20.090000,20.090000,0
2025-07-17,20.080000,20.080000,19.670000,19.690001,19.690001,0
2025-07-18,19.590000,19.840000,19.480000,19.580000,19.580000,0
2025-07-21,19.620001,19.629999,19.200001,19.510000,19.510000,0
2025-07-22,19.639999,20.080000,19.430000,19.530001,19.530001,0
2025-07-23,19.270000,19.299999,18.549999,18.559999,18.559999,0
2025-07-24,18.420000,18.889999,18.320000,18.559999,18.559999,0
2025-07-25,18.540001,18.559999,18.260000,18.320000,18.320000,0
2025-07-28,18.260000,18.440001,18.110001,18.160000,18.160000,0
2025-07-29,17.969999,18.820000,17.940001,18.770000,18.770000,0
2025-07-30,18.709999,19.330000,18.320000,18.350000,18.350000,0
2025-07-31,18.350000,19.309999,18.180000,19.139999,19.139999,0
2025-08-01,20.580000,21.959999,20.530001,21.240000,21.240000,0
2025-08-04,20.410000,20.410000,19.590000,19.610001,19.610001,0
2025-08-05,19.719999,20.570000,19.580000,20.030001,20.030001,0
2025-08-06,20.080000,20.090000,19.299999,19.469999,19.469999,0
2025-08-07,19.110001,19.940001,19.000000,19.350000,19.350000,0
2025-08-08,19.160000,19.219999,18.700001,18.700001,18.700001,0
2025-08-11,19.120001,19.360001,18.870001,19.250000,19.250000,0
2025-08-12,18.799999,18.980000,18.330000,18.340000,18.340000,0
2025-08-13,18.190001,18.480000,18.120001,18.330000,18.330000,0
2025-08-14,18.740000,18.750000,18.219999,18.490000,18.490000,0
2025-08-15,18.360001,18.690001,18.320000,18.639999,18.639999,0
2025-08-18,18.879999,18.900000,18.400000,18.450001,18.450001,0
2025-08-19,18.480000,19.090000,18.299999,18.900000,18.900000,0
2025-08-20,19.100000,19.980000,19.020000,19.100000,19.100000,0
2025-08-21,19.639999,19.840000,19.180000,19.410000,19.410000,0
2025-08-22,19.330000,19.330000,17.750000,17.760000,17.760000,0
2025-08-25,18.049999,18.110001,17.639999,18.020000,18.020000,0
2025-08-26,18.280001,18.280001,17.900000,17.900000,17.900000,0
2025-08-27,18.090000,18.150000,17.870001,17.940001,17.940001,0
2025-08-28,17.670000,17.980000,17.610001,17.719999,17.719999,0
2025-08-29,17.860001,18.549999,17.780001,18.350000,18.350000,0
2025-09-02,20.510000,20.620001,19.320000,19.379999,19.379999,0
2025-09-03,19.480000,19.530001,18.930000,18.930000,18.930000,0
2025-09-04,18.940001,19.110001,18.299999,18.389999,18.389999,0
2025-09-05,18.049999,19.320000,17.990000,18.420000,18.420000,0
2025-09-08,18.600000,18.600000,18.209999,18.290001,18.290001,0
2025-09-09,18.510000,18.740000,18.240000,18.270000,18.270000,0
2025-09-10,18.260000,18.610001,18.090000,18.440001,18.440001,0
2025-09-11,18.170000,18.260000,17.969999,18.030001,18.030001,0
2025-09-12,18.139999,18.190001,17.840000,18.059999,18.059999,0
2025-09-15,18.090000,18.580000,18.090000,18.530001,18.530001,0
2025-09-16,18.610001,18.980000,18.610001,18.910000,18.910000,0
2025-09-17,18.799999,19.209999,18.200001,18.440001,18.440001,0
2025-09-18,18.260000,18.570000,18.070000,18.520000,18.520000,0
2025-09-19,18.340000,18.850000,18.320000,18.480000,18.480000,0
2025-09-22,18.840000,18.959999,18.660000,18.950001,18.950001,0
2025-09-23,18.959999,19.690001,18.950001,19.440001,19.440001,0
2025-09-24,19.250000,19.799999,19.139999,19.139999,19.139999,0
2025-09-25,19.750000,20.059999,19.110001,19.459999,19.459999,0
2025-09-26,19.299999,19.490000,18.410000,18.410000,18.410000,0
2025-09-29,18.570000,18.900000,18.490000,18.760000,18.760000,0
2025-09-30,18.920000,19.049999,18.530001,18.770000,18.770000,0
2025-10-01,19.000000,19.049999,18.510000,18.760000,18.760000,0
2025-10-02,18.600000,19.090000,18.540001,18.889999,18.889999,0
2025-10-03,18.870001,19.290001,18.770000,19.080000,19.080000,0
2025-10-06,19.160000,19.370001,19.059999,19.120001,19.120001,0
2025-10-07,19.070000,19.790001,19.020000,19.709999,19.709999,0
2025-10-08,19.559999,19.719999,19.219999,19.260000,19.260000,0
2025-10-09,19.240000,19.850000,19.219999,19.379999,19.379999,0
2025-10-10,19.459999,23.129999,19.299999,22.809999,22.809999,0
2025-10-13,21.590000,21.750000,20.660000,20.930000,20.930000,0
2025-10-14,22.480000,23.299999,21.090000,22.030001,22.030001,0
2025-10-15,21.190001,22.980000,20.950001,21.940001,21.940001,0
2025-10-16,21.680000,24.940001,21.600000,24.870001,24.870001,0
2025-10-17,24.240000,24.680000,22.070000,22.090000,22.090000,0
2025-10-20,21.469999,21.469999,20.299999,20.309999,20.309999,0
2025-10-21,20.440001,20.650000,19.790001,19.990000,19.990000,0
2025-10-22,20.389999,21.610001,20.170000,20.309999,20.309999,0
2025-10-23,20.469999,20.520000,19.540001,19.650000,19.650000,0
2025-10-24,19.160000,19.360001,18.980000,19.200001,19.200001,0
2025-10-27,18.730000,19.120001,18.709999,18.990000,18.990000,0
2025-10-28,18.990000,19.590000,18.950001,19.549999,19.549999,0
2025-10-29,19.570000,20.120001,19.440001,19.830000,19.830000,0
2025-10-30,19.870001,20.290001,19.580000,19.980000,19.980000,0
2025-10-31,19.680000,21.070000,19.680000,20.490000,20.490000,0
2025-11-03,20.340000,21.209999,20.280001,20.379999,20.379999,0
2025-11-04,21.430000,21.690001,20.760000,21.290001,21.290001,0
2025-11-05,21.340000,21.420000,20.170000,20.600000,20.600000,0
2025-11-06,20.719999,21.850000,20.620001,21.350000,21.350000,0
2025-11-07,22.219999,23.020000,21.190001,21.190001,21.190001,0
2025-11-10,20.570000,20.770000,20.219999,20.240000,20.240000,0
2025-11-11,20.350000,20.389999,20.160000,20.190001,20.190001,0
2025-11-12,20.129999,20.590000,20.129999,20.340000,20.340000,0
2025-11-13,20.709999,22.520000,20.520000,21.850000,21.850000,0
2025-11-14,23.170000,23.549999,21.370001,21.580000,21.580000,0
2025-11-17,22.360001,23.719999,21.740000,23.180000,23.180000,0
2025-11-18,24.080000,25.290001,23.540001,24.540001,24.540001,0
2025-11-19,24.350000,24.820000,23.170000,23.990000,23.990000,0
2025-11-20,21.690001,26.320000,21.510000,25.760000,25.760000,0
2025-11-21,25.000000,26.690001,23.540001,23.959999,23.959999,0
2025-11-24,23.320000,23.320000,21.780001,21.850000,21.850000,0
2025-11-25,21.780001,22.600000,20.660000,20.730000,20.730000,0
2025-11-26,20.370001,20.520000,19.870001,20.020000,20.020000,0
2025-11-28,20.730000,22.020000,10.060000,19.639999,19.639999,0
2025-12-01,20.570000,20.600000,19.820000,20.219999,20.219999,0
2025-12-02,20.000000,20.250000,19.730000,19.840000,19.840000,0
2025-12-03,20.129999,20.160000,19.620001,19.709999,19.709999,0
2025-12-04,19.680000,20.000000,19.469999,19.490000,19.490000,0
2025-12-05,19.459999,19.670000,19.230000,19.270000,19.270000,0
2025-12-08,19.650000,20.139999,19.639999,19.910000,19.910000,0
2025-12-09,20.170000,20.219999,19.799999,20.080000,20.080000,0
2025-12-10,20.290001,20.459999,19.200001,19.350000,19.350000,0
2025-12-11,19.660000,19.990000,18.900000,19.049999,19.049999,0
2025-12-12,19.080000,20.469999,18.920000,19.250000,19.250000,0
2025-12-15,19.309999,20.170000,19.299999,19.680000,19.680000,0
2025-12-16,19.920000,20.309999,19.500000,19.670000,19.670000,0
2025-12-17,19.590000,20.350000,19.450001,20.080000,20.080000,0
2025-12-18,19.510000,20.020000,19.250000,19.590000,19.590000,0
2025-12-19,19.049999,19.049999,18.250000,18.250000,18.250000,0
2025-12-22,18.160000,18.190001,17.750000,17.790001,17.790001,0
2025-12-23,17.809999,17.900000,17.629999,17.840000,17.840000,0
2025-12-24,17.930000,17.930000,17.629999,17.770000,17.770000,0
2025-12-26,17.930000,18.049999,17.709999,17.770000,17.770000,0
2025-12-29,18.260000,18.290001,17.650000,17.820000,17.820000,0
2025-12-30,17.879999,17.889999,17.549999,17.770000,17.770000,0
2025-12-31,17.840000,18.309999,17.830000,18.180000,18.180000,0
2026-01-02,18.010000,18.500000,17.959999,18.020000,18.020000,0
2026-01-05,18.170000,18.370001,18.110001,18.320000,18.320000,0
2026-01-06,18.340000,18.370001,18.020000,18.150000,18.150000,0
2026-01-07,18.309999,18.629999,18.219999,18.590000,18.590000,0
2026-01-08,18.719999,18.799999,18.290001,18.389999,18.389999,0
2026-01-09,18.379999,18.540001,17.850000,17.879999,17.879999,0
2026-01-12,18.570000,18.580000,18.180000,18.230000,18.230000,0
2026-01-13,18.190001,19.110001,18.190001,18.850000,18.850000,0
2026-01-14,19.469999,20.230000,19.260000,19.370001,19.370001,0
2026-01-15,18.780001,18.990000,18.510000,18.900000,18.900000,0
2026-01-16,18.799999,19.230000,18.650000,18.990000,18.990000,0
2026-01-20,21.160000,21.750000,20.480000,21.280001,21.280001,0
2026-01-21,20.650000,20.969999,19.250000,19.360001,19.360001,0
2026-01-22,18.820000,19.209999,18.620001,18.750000,18.750000,0
2026-01-23,18.900000,19.150000,18.549999,19.150000,19.150000,0
2026-01-26,19.040001,19.090000,18.790001,19.070000,19.070000,0
2026-01-27,18.940001,19.230000,18.760000,19.219999,19.219999,0
2026-01-28,19.270000,19.760000,19.080000,19.299999,19.299999,0
2026-01-29,19.650000,21.129999,19.540001,19.670000,19.670000,0
2026-01-30,19.889999,20.480000,19.480000,20.070000,20.070000,0
2026-02-02,20.370001,20.400000,19.190001,19.370001,19.370001,0
2026-02-03,19.360001,21.540001,19.340000,20.350000,20.350000,0
2026-02-04,20.350000,22.010000,20.190001,20.620001,20.620001,0
2026-02-05,22.430000,23.020000,21.370001,22.450001,22.450001,0
2026-02-06,21.559999,21.559999,20.120001,20.370001,20.370001,0
2026-02-09,21.000000,21.020000,19.879999,20.090000,20.090000,0
2026-02-10,20.139999,20.510000,20.000000,20.430000,20.430000,0
2026-02-11,19.930000,20.990000,19.900000,20.370001,20.370001,0
2026-02-12,20.190001,22.350000,20.030001,22.170000,22.170000,0
2026-02-13,22.240000,23.010000,21.059999,22.170000,22.170000,0
2026-02-17,22.520000,23.180000,21.330000,21.600000,21.600000,0
2026-02-18,21.549999,21.719999,20.730000,21.389999,21.389999,0
2026-02-19,21.860001,22.370001,21.709999,21.879999,21.879999,0
2026-02-20,22.389999,22.389999,20.969999,21.090000,21.090000,0
2026-02-23,21.250000,22.520000,21.129999,22.139999,22.139999,0
2026-02-24,22.400000,22.660000,21.150000,21.340000,21.340000,0
2026-02-25,20.820000,20.920000,20.340000,20.360001,20.360001,0
2026-02-26,20.459999,21.750000,20.410000,20.809999,20.809999,0
2026-02-27,22.190001,22.469999,21.360001,21.559999,21.559999,0
2026-03-02,23.520000,23.520000,21.760000,22.440001,22.440001,0
2026-03-03,24.430000,26.340000,22.780001,23.540001,23.540001,0
2026-03-04,23.000000,23.480000,21.840000,22.290001,22.290001,0
2026-03-05,23.010000,24.940001,22.430000,23.860001,23.860001,0
2026-03-06,26.080000,27.750000,24.990000,27.559999,27.559999,0
2026-03-09,28.040001,29.090000,24.860001,25.340000,25.340000,0
2026-03-10,24.940001,25.840000,23.540001,25.510000,25.510000,0
2026-03-11,25.290001,25.980000,24.930000,24.969999,24.969999,0
2026-03-12,26.270000,26.990000,25.799999,26.950001,26.950001,0
2026-03-13,25.920000,27.340000,25.510000,27.280001,27.280001,0
2026-03-16,25.980000,25.980000,24.670000,24.920000,24.920000,0
2026-03-17,24.260000,24.580000,23.870001,24.330000,24.330000,0
2026-03-18,25.000000,26.570000,24.820000,26.559999,26.559999,0
2026-03-19,27.959999,28.030001,25.190001,25.540001,25.540001,0
2026-03-20,26.070000,28.610001,25.910000,27.430000,27.430000,0
2026-03-23,25.600000,26.590000,24.730000,26.100000,26.100000,0
2026-03-24,26.860001,27.200001,25.790001,26.559999,26.559999,0
2026-03-25,25.530001,26.400000,25.290001,25.629999,25.629999,0
2026-03-26,26.520000,27.690001,25.969999,27.160000,27.160000,0
2026-03-27,28.420000,29.459999,27.860001,29.270000,29.270000,0
2026-03-30,28.100000,29.410000,27.969999,29.129999,29.129999,0
2026-03-31,27.370001,27.580000,25.480000,25.549999,25.549999,0
2026-04-01,25.240000,25.600000,24.440001,24.860001,24.860001,0
2026-04-02,26.670000,26.850000,24.670000,24.719999,24.719999,0
2026-04-06,25.309999,25.480000,24.590000,24.770000,24.770000,0
2026-04-07,25.450001,26.900000,25.450001,25.570000,25.570000,0
2026-04-08,22.379999,23.870001,22.219999,22.680000,22.680000,0
2026-04-09,22.889999,22.930000,21.670000,21.809999,21.809999,0
2026-04-10,21.480000,22.219999,21.379999,21.860001,21.860001,0
2026-04-13,22.559999,22.860001,21.180000,21.340000,21.340000,0
2026-04-14,20.570000,20.969999,20.389999,20.820000,20.820000,0
2026-04-15,20.280001,21.080000,20.280001,20.780001,20.780001,0
2026-04-16,20.850000,21.469999,20.559999,20.770000,20.770000,0
2026-04-17,20.520000,20.709999,20.170000,20.510000,20.510000,0
2026-04-20,21.059999,21.670000,21.010000,21.240000,21.240000,0
2026-04-21,21.320000,22.280001,21.190001,21.510000,21.510000,0
2026-04-22,21.170000,21.520000,21.040001,21.240000,21.240000,0
2026-04-23,21.410000,22.690001,21.110001,21.480000,21.480000,0
2026-04-24,21.330000,21.469999,20.900000,21.299999,21.299999,0
2026-04-27,21.430000,21.590000,20.770000,20.770000,20.770000,0
2026-04-28,21.389999,21.389999,20.459999,20.490000,20.490000,0
2026-04-29,20.740000,21.190001,20.430000,21.190001,21.190001,0
2026-04-30,20.700001,20.940001,20.070000,20.080000,20.080000,0
2026-05-01,19.980000,20.430000,19.840000,20.370001,20.370001,0
2026-05-04,20.719999,21.480000,20.219999,21.049999,21.049999,0
2026-05-05,20.480000,20.850000,20.469999,20.820000,20.820000,0
2026-05-06,20.389999,20.620001,20.309999,20.570000,20.570000,0
2026-05-07,20.450001,20.709999,20.080000,20.350000,20.350000,0
2026-05-08,20.400000,20.660000,20.250000,20.500000,20.500000,0
2026-05-11,21.010000,21.290001,20.850000,21.240000,21.240000,0
2026-05-12,21.440001,21.680000,21.000000,21.040001,21.040001,0
2026-05-13,21.180000,21.260000,20.969999,21.180000,21.180000,0
2026-05-14,21.270000,21.360001,20.780001,20.850000,20.850000,0
2026-05-15,21.750000,21.830000,21.059999,21.360001,21.360001,0
2026-05-18,21.330000,21.469999,20.860001,20.920000,20.920000,0
2026-05-19,21.170000,21.270000,20.900000,21.120001,21.120001,0
2026-05-20,21.059999,21.129999,20.360001,20.760000,20.760000,0
2026-05-21,20.950001,20.980000,19.930000,20.000000,20.000000,0
2026-05-22,20.040001,20.959999,19.850000,20.030001,20.030001,0
2026-05-26,19.830000,19.990000,19.700001,19.889999,19.889999,0
2026-05-27,19.860001,19.910000,19.450001,19.450001,19.450001,0
2026-05-28,19.559999,19.600000,19.090000,19.110001,19.110001,0
2026-05-29,19.049999,19.090000,18.610001,18.660000,18.660000,0
2026-06-01,19.250000,19.450001,19.040001,19.430000,19.430000,0
2026-06-02,19.500000,19.530001,19.379999,19.490000,19.490000,0
2026-06-03,19.730000,19.990000,19.549999,19.760000,19.760000,0
2026-06-04,19.940001,19.940001,19.150000,19.230000,19.230000,0
2026-06-05,19.549999,21.840000,19.490000,21.820000,21.820000,0
2026-06-08,20.610001,20.959999,20.299999,20.790001,20.790001,0
2026-06-09,20.340000,23.080000,20.170000,21.309999,21.309999,0
2026-06-10,21.980000,23.129999,21.600000,22.889999,22.889999,0
2026-06-11,22.670000,23.330000,21.309999,21.420000,21.420000,0
2026-06-12,21.410000,21.650000,20.490000,20.510000,20.510000,0
2026-06-15,19.610001,19.790001,19.299999,19.360001,19.360001,0
2026-06-16,19.379999,19.540001,19.230000,19.530001,19.530001,0
2026-06-17,19.450001,20.840000,19.250000,20.620001,20.620001,0
2026-06-18,19.690001,20.070000,19.500000,19.570000,19.570000,0
2026-06-22,19.510000,20.120001,19.340000,19.760000,19.760000,0
2026-06-23,21.480000,21.520000,20.600000,21.059999,21.059999,0
2026-06-24,20.959999,21.350000,20.150000,20.370001,20.370001,0
2026-06-25,19.879999,20.980000,19.879999,20.330000,20.330000,0
2026-06-26,21.160000,21.370001,20.030001,20.129999,20.129999,0
2026-06-29,19.900000,20.469999,19.450001,19.530001,19.530001,0
2026-06-30,19.570000,19.610001,18.889999,19.000000,19.000000,0
2026-07-01,19.240000,19.440001,18.780001,19.160000,19.160000,0
