Date,Open,High,Low,Close,Adj Close,Volume
2007-01-03,87.629997,87.629997,87.629997,87.629997,87.629997,0
2007-01-04,88.190002,88.190002,88.190002,88.190002,88.190002,0
2007-01-05,90.169998,90.169998,90.169998,90.169998,90.169998,0
2007-01-08,92.040001,92.040001,92.040001,92.040001,92.040001,0
2007-01-09,92.760002,92.760002,92.760002,92.760002,92.760002,0
2007-01-10,93.779999,93.779999,93.779999,93.779999,93.779999,0
2007-01-11,85.970001,85.970001,85.970001,85.970001,85.970001,0
2007-01-12,85.180000,85.180000,85.180000,85.180000,85.180000,0
2007-01-16,85.300003,85.300003,85.300003,85.300003,85.300003,0
2007-01-17,84.930000,84.930000,84.930000,84.930000,84.930000,0
2007-01-18,83.660004,83.660004,83.660004,83.660004,83.660004,0
2007-01-19,82.489998,82.489998,82.489998,82.489998,82.489998,0
2007-01-22,84.430000,84.430000,84.430000,84.430000,84.430000,0
2007-01-23,81.480003,81.480003,81.480003,81.480003,81.480003,0
2007-01-24,77.510002,77.510002,77.510002,77.510002,77.510002,0
2007-01-25,80.449997,80.449997,80.449997,80.449997,80.449997,0
2007-01-26,81.360001,81.360001,81.360001,81.360001,81.360001,0
2007-01-29,81.680000,81.680000,81.680000,81.680000,81.680000,0
2007-01-30,78.900002,78.900002,78.900002,78.900002,78.900002,0
2007-01-31,77.279999,77.279999,77.279999,77.279999,77.279999,0
2007-02-01,73.500000,73.500000,73.500000,73.500000,73.500000,0
2007-02-02,72.440002,72.440002,72.440002,72.440002,72.440002,0
2007-02-05,70.290001,70.290001,70.290001,70.290001,70.290001,0
2007-02-06,68.550003,68.550003,68.550003,68.550003,68.550003,0
2007-02-07,70.320000,70.320000,70.320000,70.320000,70.320000,0
2007-02-08,73.180000,73.180000,73.180000,73.180000,73.180000,0
2007-02-09,74.389999,74.389999,74.389999,74.389999,74.389999,0
2007-02-12,79.120003,79.120003,79.120003,79.120003,79.120003,0
2007-02-13,75.720001,75.720001,75.720001,75.720001,75.720001,0
2007-02-14,74.000000,74.000000,74.000000,74.000000,74.000000,0
2007-02-15,70.339996,70.339996,70.339996,70.339996,70.339996,0
2007-02-16,70.739998,70.739998,70.739998,70.739998,70.739998,0
2007-02-20,65.870003,65.870003,65.870003,65.870003,65.870003,0
2007-02-21,67.370003,67.370003,67.370003,67.370003,67.370003,0
2007-02-22,66.050003,66.050003,66.050003,66.050003,66.050003,0
2007-02-23,70.709999,70.709999,70.709999,70.709999,70.709999,0
2007-02-26,70.330002,70.330002,70.330002,70.330002,70.330002,0
2007-02-27,110.419998,110.419998,110.419998,110.419998,110.419998,0
2007-02-28,91.639999,91.639999,91.639999,91.639999,91.639999,0
2007-03-01,99.470001,99.470001,99.470001,99.470001,99.470001,0
2007-03-02,104.169998,104.169998,104.169998,104.169998,104.169998,0
2007-03-05,101.199997,101.199997,101.199997,101.199997,101.199997,0
2007-03-06,93.650002,93.650002,93.650002,93.650002,93.650002,0
2007-03-07,94.410004,94.410004,94.410004,94.410004,94.410004,0
2007-03-08,93.970001,93.970001,93.970001,93.970001,93.970001,0
2007-03-09,91.820000,91.820000,91.820000,91.820000,91.820000,0
2007-03-12,90.019997,90.019997,90.019997,90.019997,90.019997,0
2007-03-13,94.529999,94.529999,94.529999,94.529999,94.529999,0
2007-03-14,98.080002,98.080002,98.080002,98.080002,98.080002,0
2007-03-15,99.550003,99.550003,99.550003,99.550003,99.550003,0
2007-03-16,102.739998,102.739998,102.739998,102.739998,102.739998,0
2007-03-19,93.900002,93.900002,93.900002,93.900002,93.900002,0
2007-03-20,89.550003,89.550003,89.550003,89.550003,89.550003,0
2007-03-21,94.129997,94.129997,94.129997,94.129997,94.129997,0
2007-03-22,95.519997,95.519997,95.519997,95.519997,95.519997,0
2007-03-23,96.370003,96.370003,96.370003,96.370003,96.370003,0
2007-03-26,95.949997,95.949997,95.949997,95.949997,95.949997,0
2007-03-27,101.000000,101.000000,101.000000,101.000000,101.000000,0
2007-03-28,104.790001,104.790001,104.790001,104.790001,104.790001,0
2007-03-29,102.309998,102.309998,102.309998,102.309998,102.309998,0
2007-03-30,99.779999,99.779999,99.779999,99.779999,99.779999,0
2007-04-02,98.919998,98.919998,98.919998,98.919998,98.919998,0
2007-04-03,94.980003,94.980003,94.980003,94.980003,94.980003,0
2007-04-04,96.120003,96.120003,96.120003,96.120003,96.120003,0
2007-04-05,93.599998,93.599998,93.599998,93.599998,93.599998,0
2007-04-09,92.300003,92.300003,92.300003,92.300003,92.300003,0
2007-04-10,87.370003,87.370003,87.370003,87.370003,87.370003,0
2007-04-11,93.470001,93.470001,93.470001,93.470001,93.470001,0
2007-04-12,91.379997,91.379997,91.379997,91.379997,91.379997,0
2007-04-13,88.709999,88.709999,88.709999,88.709999,88.709999,0
2007-04-16,83.980003,83.980003,83.980003,83.980003,83.980003,0
2007-04-17,83.680000,83.680000,83.680000,83.680000,83.680000,0
2007-04-18,80.589996,80.589996,80.589996,80.589996,80.589996,0
2007-04-19,77.910004,77.910004,77.910004,77.910004,77.910004,0
2007-04-20,79.180000,79.180000,79.180000,79.180000,79.180000,0
2007-04-23,79.330002,79.330002,79.330002,79.330002,79.330002,0
2007-04-24,77.830002,77.830002,77.830002,77.830002,77.830002,0
2007-04-25,80.790001,80.790001,80.790001,80.790001,80.790001,0
2007-04-26,81.669998,81.669998,81.669998,81.669998,81.669998,0
2007-04-27,80.660004,80.660004,80.660004,80.660004,80.660004,0
2007-04-30,85.330002,85.330002,85.330002,85.330002,85.330002,0
2007-05-01,81.279999,81.279999,81.279999,81.279999,81.279999,0
2007-05-02,82.589996,82.589996,82.589996,82.589996,82.589996,0
2007-05-03,78.809998,78.809998,78.809998,78.809998,78.809998,0
2007-05-04,77.099998,77.099998,77.099998,77.099998,77.099998,0
2007-05-07,78.510002,78.510002,78.510002,78.510002,78.510002,0
2007-05-08,79.900002,79.900002,79.900002,79.900002,79.900002,0
2007-05-09,85.889999,85.889999,85.889999,85.889999,85.889999,0
2007-05-10,83.580002,83.580002,83.580002,83.580002,83.580002,0
2007-05-11,79.470001,79.470001,79.470001,79.470001,79.470001,0
2007-05-14,82.019997,82.019997,82.019997,82.019997,82.019997,0
2007-05-15,76.680000,76.680000,76.680000,76.680000,76.680000,0
2007-05-16,70.260002,70.260002,70.260002,70.260002,70.260002,0
2007-05-17,72.940002,72.940002,72.940002,72.940002,72.940002,0
2007-05-18,75.430000,75.430000,75.430000,75.430000,75.430000,0
2007-05-21,71.820000,71.820000,71.820000,71.820000,71.820000,0
2007-05-22,72.360001,72.360001,72.360001,72.360001,72.360001,0
2007-05-23,71.440002,71.440002,71.440002,71.440002,71.440002,0
2007-05-24,74.360001,74.360001,74.360001,74.360001,74.360001,0
2007-05-25,72.419998,72.419998,72.419998,72.419998,72.419998,0
2007-05-29,72.480003,72.480003,72.480003,72.480003,72.480003,0
2007-05-30,71.610001,71.610001,71.610001,71.610001,71.610001,0
2007-05-31,72.199997,72.199997,72.199997,72.199997,72.199997,0
2007-06-01,70.190002,70.190002,70.190002,70.190002,70.190002,0
2007-06-04,70.739998,70.739998,70.739998,70.739998,70.739998,0
2007-06-05,69.239998,69.239998,69.239998,69.239998,69.239998,0
2007-06-06,72.059998,72.059998,72.059998,72.059998,72.059998,0
2007-06-07,75.830002,75.830002,75.830002,75.830002,75.830002,0
2007-06-08,70.690002,70.690002,70.690002,70.690002,70.690002,0
2007-06-11,68.730003,68.730003,68.730003,68.730003,68.730003,0
2007-06-12,69.480003,69.480003,69.480003,69.480003,69.480003,0
2007-06-13,68.809998,68.809998,68.809998,68.809998,68.809998,0
2007-06-14,63.520000,63.520000,63.520000,63.520000,63.520000,0
2007-06-15,64.029999,64.029999,64.029999,64.029999,64.029999,0
2007-06-18,66.760002,66.760002,66.760002,66.760002,66.760002,0
2007-06-19,67.239998,67.239998,67.239998,67.239998,67.239998,0
2007-06-20,76.800003,76.800003,76.800003,76.800003,76.800003,0
2007-06-21,74.760002,74.760002,74.760002,74.760002,74.760002,0
2007-06-22,78.349998,78.349998,78.349998,78.349998,78.349998,0
2007-06-25,78.070000,78.070000,78.070000,78.070000,78.070000,0
2007-06-26,82.010002,82.010002,82.010002,82.010002,82.010002,0
2007-06-27,78.480003,78.480003,78.480003,78.480003,78.480003,0
2007-06-28,76.040001,76.040001,76.040001,76.040001,76.040001,0
2007-06-29,76.940002,76.940002,76.940002,76.940002,76.940002,0
2007-07-02,75.559998,75.559998,75.559998,75.559998,75.559998,0
2007-07-03,74.629997,74.629997,74.629997,74.629997,74.629997,0
2007-07-05,75.860001,75.860001,75.860001,75.860001,75.860001,0
2007-07-06,74.849998,74.849998,74.849998,74.849998,74.849998,0
2007-07-09,73.050003,73.050003,73.050003,73.050003,73.050003,0
2007-07-10,79.989998,79.989998,79.989998,79.989998,79.989998,0
2007-07-11,81.550003,81.550003,81.550003,81.550003,81.550003,0
2007-07-12,76.599998,76.599998,76.599998,76.599998,76.599998,0
2007-07-13,76.650002,76.650002,76.650002,76.650002,76.650002,0
2007-07-16,72.559998,72.559998,72.559998,72.559998,72.559998,0
2007-07-17,72.410004,72.410004,72.410004,72.410004,72.410004,0
2007-07-18,73.570000,73.570000,73.570000,73.570000,73.570000,0
2007-07-19,72.019997,72.019997,72.019997,72.019997,72.019997,0
2007-07-20,73.760002,73.760002,73.760002,73.760002,73.760002,0
2007-07-23,74.559998,74.559998,74.559998,74.559998,74.559998,0
2007-07-24,79.320000,79.320000,79.320000,79.320000,79.320000,0
2007-07-25,75.309998,75.309998,75.309998,75.309998,75.309998,0
2007-07-26,87.379997,87.379997,87.379997,87.379997,87.379997,0
2007-07-27,97.230003,97.230003,97.230003,97.230003,97.230003,0
2007-07-30,97.449997,97.449997,97.449997,97.449997,97.449997,0
2007-07-31,104.080002,104.080002,104.080002,104.080002,104.080002,0
2007-08-01,108.860001,108.860001,108.860001,108.860001,108.860001,0
2007-08-02,100.800003,100.800003,100.800003,100.800003,100.800003,0
2007-08-03,104.050003,104.050003,104.050003,104.050003,104.050003,0
2007-08-06,95.220001,95.220001,95.220001,95.220001,95.220001,0
2007-08-07,85.959999,85.959999,85.959999,85.959999,85.959999,0
2007-08-08,82.519997,82.519997,82.519997,82.519997,82.519997,0
2007-08-09,99.870003,99.870003,99.870003,99.870003,99.870003,0
2007-08-10,108.910004,108.910004,108.910004,108.910004,108.910004,0
2007-08-13,108.570000,108.570000,108.570000,108.570000,108.570000,0
2007-08-14,114.959999,114.959999,114.959999,114.959999,114.959999,0
2007-08-15,121.669998,121.669998,121.669998,121.669998,121.669998,0
2007-08-16,142.990005,142.990005,142.990005,142.990005,142.990005,0
2007-08-17,133.869995,133.869995,133.869995,133.869995,133.869995,0
2007-08-20,125.040001,125.040001,125.040001,125.040001,125.040001,0
2007-08-21,122.599998,122.599998,122.599998,122.599998,122.599998,0
2007-08-22,117.470001,117.470001,117.470001,117.470001,117.470001,0
2007-08-23,117.419998,117.419998,117.419998,117.419998,117.419998,0
2007-08-24,111.949997,111.949997,111.949997,111.949997,111.949997,0
2007-08-27,115.239998,115.239998,115.239998,115.239998,115.239998,0
2007-08-28,119.790001,119.790001,119.790001,119.790001,119.790001,0
2007-08-29,113.220001,113.220001,113.220001,113.220001,113.220001,0
2007-08-30,112.660004,112.660004,112.660004,112.660004,112.660004,0
2007-08-31,109.269997,109.269997,109.269997,109.269997,109.269997,0
2007-09-04,104.870003,104.870003,104.870003,104.870003,104.870003,0
2007-09-05,107.910004,107.910004,107.910004,107.910004,107.910004,0
2007-09-06,106.599998,106.599998,106.599998,106.599998,106.599998,0
2007-09-07,108.220001,108.220001,108.220001,108.220001,108.220001,0
2007-09-10,107.070000,107.070000,107.070000,107.070000,107.070000,0
2007-09-11,103.750000,103.750000,103.750000,103.750000,103.750000,0
2007-09-12,106.949997,106.949997,106.949997,106.949997,106.949997,0
2007-09-13,104.629997,104.629997,104.629997,104.629997,104.629997,0
2007-09-14,104.389999,104.389999,104.389999,104.389999,104.389999,0
2007-09-17,102.220001,102.220001,102.220001,102.220001,102.220001,0
2007-09-18,92.330002,92.330002,92.330002,92.330002,92.330002,0
2007-09-19,97.699997,97.699997,97.699997,97.699997,97.699997,0
2007-09-20,97.379997,97.379997,97.379997,97.379997,97.379997,0
2007-09-21,98.139999,98.139999,98.139999,98.139999,98.139999,0
2007-09-24,94.269997,94.269997,94.269997,94.269997,94.269997,0
2007-09-25,94.330002,94.330002,94.330002,94.330002,94.330002,0
2007-09-26,89.489998,89.489998,89.489998,89.489998,89.489998,0
2007-09-27,87.570000,87.570000,87.570000,87.570000,87.570000,0
2007-09-28,87.129997,87.129997,87.129997,87.129997,87.129997,0
2007-10-01,84.480003,84.480003,84.480003,84.480003,84.480003,0
2007-10-02,88.739998,88.739998,88.739998,88.739998,88.739998,0
2007-10-03,87.650002,87.650002,87.650002,87.650002,87.650002,0
2007-10-04,89.379997,89.379997,89.379997,89.379997,89.379997,0
2007-10-05,83.910004,83.910004,83.910004,83.910004,83.910004,0
2007-10-08,84.959999,84.959999,84.959999,84.959999,84.959999,0
2007-10-09,79.930000,79.930000,79.930000,79.930000,79.930000,0
2007-10-10,87.459999,87.459999,87.459999,87.459999,87.459999,0
2007-10-11,95.779999,95.779999,95.779999,95.779999,95.779999,0
2007-10-12,90.629997,90.629997,90.629997,90.629997,90.629997,0
2007-10-15,86.180000,86.180000,86.180000,86.180000,86.180000,0
2007-10-16,91.470001,91.470001,91.470001,91.470001,91.470001,0
2007-10-17,89.480003,89.480003,89.480003,89.480003,89.480003,0
2007-10-18,83.370003,83.370003,83.370003,83.370003,83.370003,0
2007-10-19,91.559998,91.559998,91.559998,91.559998,91.559998,0
2007-10-22,88.169998,88.169998,88.169998,88.169998,88.169998,0
2007-10-23,86.419998,86.419998,86.419998,86.419998,86.419998,0
2007-10-24,89.139999,89.139999,89.139999,89.139999,89.139999,0
2007-10-25,90.820000,90.820000,90.820000,90.820000,90.820000,0
2007-10-26,95.360001,95.360001,95.360001,95.360001,95.360001,0
2007-10-29,95.010002,95.010002,95.010002,95.010002,95.010002,0
2007-10-30,100.370003,100.370003,100.370003,100.370003,100.370003,0
2007-10-31,93.620003,93.620003,93.620003,93.620003,93.620003,0
2007-11-01,97.529999,97.529999,97.529999,97.529999,97.529999,0
2007-11-02,97.459999,97.459999,97.459999,97.459999,97.459999,0
2007-11-05,97.290001,97.290001,97.290001,97.290001,97.290001,0
2007-11-06,92.699997,92.699997,92.699997,92.699997,92.699997,0
2007-11-07,98.169998,98.169998,98.169998,98.169998,98.169998,0
2007-11-08,97.360001,97.360001,97.360001,97.360001,97.360001,0
2007-11-09,97.860001,97.860001,97.860001,97.860001,97.860001,0
2007-11-12,98.089996,98.089996,98.089996,98.089996,98.089996,0
2007-11-13,92.580002,92.580002,92.580002,92.580002,92.580002,0
2007-11-14,94.389999,94.389999,94.389999,94.389999,94.389999,0
2007-11-15,92.959999,92.959999,92.959999,92.959999,92.959999,0
2007-11-16,92.800003,92.800003,92.800003,92.800003,92.800003,0
2007-11-19,91.129997,91.129997,91.129997,91.129997,91.129997,0
2007-11-20,91.339996,91.339996,91.339996,91.339996,91.339996,0
2007-11-21,94.489998,94.489998,94.489998,94.489998,94.489998,0
2007-11-23,89.620003,89.620003,89.620003,89.620003,89.620003,0
2007-11-26,91.550003,91.550003,91.550003,91.550003,91.550003,0
2007-11-27,90.699997,90.699997,90.699997,90.699997,90.699997,0
2007-11-28,91.620003,91.620003,91.620003,91.620003,91.620003,0
2007-11-29,91.080002,91.080002,91.080002,91.080002,91.080002,0
2007-11-30,88.879997,88.879997,88.879997,88.879997,88.879997,0
2007-12-03,87.449997,87.449997,87.449997,87.449997,87.449997,0
2007-12-04,86.849998,86.849998,86.849998,86.849998,86.849998,0
2007-12-05,83.080002,83.080002,83.080002,83.080002,83.080002,0
2007-12-06,81.510002,81.510002,81.510002,81.510002,81.510002,0
2007-12-07,82.470001,82.470001,82.470001,82.470001,82.470001,0
2007-12-10,81.500000,81.500000,81.500000,81.500000,81.500000,0
2007-12-11,82.580002,82.580002,82.580002,82.580002,82.580002,0
2007-12-12,89.410004,89.410004,89.410004,89.410004,89.410004,0
2007-12-13,88.190002,88.190002,88.190002,88.190002,88.190002,0
2007-12-14,85.820000,85.820000,85.820000,85.820000,85.820000,0
2007-12-17,85.379997,85.379997,85.379997,85.379997,85.379997,0
2007-12-18,80.830002,80.830002,80.830002,80.830002,80.830002,0
2007-12-19,83.470001,83.470001,83.470001,83.470001,83.470001,0
2007-12-20,79.440002,79.440002,79.440002,79.440002,79.440002,0
2007-12-21,82.870003,82.870003,82.870003,82.870003,82.870003,0
2007-12-24,79.849998,79.849998,79.849998,79.849998,79.849998,0
2007-12-26,80.790001,80.790001,80.790001,80.790001,80.790001,0
2007-12-27,84.360001,84.360001,84.360001,84.360001,84.360001,0
2007-12-28,84.029999,84.029999,84.029999,84.029999,84.029999,0
2007-12-31,82.190002,82.190002,82.190002,82.190002,82.190002,0
2008-01-02,80.580002,80.580002,80.580002,80.580002,80.580002,0
2008-01-03,79.330002,79.330002,79.330002,79.330002,79.330002,0
2008-01-04,81.459999,81.459999,81.459999,81.459999,81.459999,0
2008-01-07,79.510002,79.510002,79.510002,79.510002,79.510002,0
2008-01-08,79.589996,79.589996,79.589996,79.589996,79.589996,0
2008-01-09,89.370003,89.370003,89.370003,89.370003,89.370003,0
2008-01-10,84.980003,84.980003,84.980003,84.980003,84.980003,0
2008-01-11,84.660004,84.660004,84.660004,84.660004,84.660004,0
2008-01-14,86.959999,86.959999,86.959999,86.959999,86.959999,0
2008-01-15,81.129997,81.129997,81.129997,81.129997,81.129997,0
2008-01-16,80.510002,80.510002,80.510002,80.510002,80.510002,0
2008-01-17,84.989998,84.989998,84.989998,84.989998,84.989998,0
2008-01-18,77.239998,77.239998,77.239998,77.239998,77.239998,0
2008-01-22,86.580002,86.580002,86.580002,86.580002,86.580002,0
2008-01-23,82.680000,82.680000,82.680000,82.680000,82.680000,0
2008-01-24,81.309998,81.309998,81.309998,81.309998,81.309998,0
2008-01-25,79.000000,79.000000,79.000000,79.000000,79.000000,0
2008-01-28,76.430000,76.430000,76.430000,76.430000,76.430000,0
2008-01-29,77.459999,77.459999,77.459999,77.459999,77.459999,0
2008-01-30,76.410004,76.410004,76.410004,76.410004,76.410004,0
2008-01-31,75.209999,75.209999,75.209999,75.209999,75.209999,0
2008-02-01,73.940002,73.940002,73.940002,73.940002,73.940002,0
2008-02-04,73.900002,73.900002,73.900002,73.900002,73.900002,0
2008-02-05,75.059998,75.059998,75.059998,75.059998,75.059998,0
2008-02-06,74.629997,74.629997,74.629997,74.629997,74.629997,0
2008-02-07,72.000000,72.000000,72.000000,72.000000,72.000000,0
2008-02-08,72.599998,72.599998,72.599998,72.599998,72.599998,0
2008-02-11,71.410004,71.410004,71.410004,71.410004,71.410004,0
2008-02-12,72.519997,72.519997,72.519997,72.519997,72.519997,0
2008-02-13,71.440002,71.440002,71.440002,71.440002,71.440002,0
2008-02-14,69.230003,69.230003,69.230003,69.230003,69.230003,0
2008-02-15,74.720001,74.720001,74.720001,74.720001,74.720001,0
2008-02-19,69.599998,69.599998,69.599998,69.599998,69.599998,0
2008-02-20,71.290001,71.290001,71.290001,71.290001,71.290001,0
2008-02-21,69.650002,69.650002,69.650002,69.650002,69.650002,0
2008-02-22,65.470001,65.470001,65.470001,65.470001,65.470001,0
2008-02-25,68.919998,68.919998,68.919998,68.919998,68.919998,0
2008-02-26,68.589996,68.589996,68.589996,68.589996,68.589996,0
2008-02-27,67.559998,67.559998,67.559998,67.559998,67.559998,0
2008-02-28,66.610001,66.610001,66.610001,66.610001,66.610001,0
2008-02-29,69.809998,69.809998,69.809998,69.809998,69.809998,0
2008-03-03,71.019997,71.019997,71.019997,71.019997,71.019997,0
2008-03-04,69.949997,69.949997,69.949997,69.949997,69.949997,0
2008-03-05,68.510002,68.510002,68.510002,68.510002,68.510002,0
2008-03-06,74.529999,74.529999,74.529999,74.529999,74.529999,0
2008-03-07,76.019997,76.019997,76.019997,76.019997,76.019997,0
2008-03-10,77.449997,77.449997,77.449997,77.449997,77.449997,0
2008-03-11,73.760002,73.760002,73.760002,73.760002,73.760002,0
2008-03-12,73.940002,73.940002,73.940002,73.940002,73.940002,0
2008-03-13,75.559998,75.559998,75.559998,75.559998,75.559998,0
2008-03-14,80.989998,80.989998,80.989998,80.989998,80.989998,0
2008-03-17,80.709999,80.709999,80.709999,80.709999,80.709999,0
2008-03-18,72.970001,72.970001,72.970001,72.970001,72.970001,0
2008-03-19,70.500000,70.500000,70.500000,70.500000,70.500000,0
2008-03-20,66.970001,66.970001,66.970001,66.970001,66.970001,0
2008-03-24,68.820000,68.820000,68.820000,68.820000,68.820000,0
2008-03-25,68.650002,68.650002,68.650002,68.650002,68.650002,0
2008-03-26,69.559998,69.559998,69.559998,69.559998,69.559998,0
2008-03-27,69.000000,69.000000,69.000000,69.000000,69.000000,0
2008-03-28,68.790001,68.790001,68.790001,68.790001,68.790001,0
2008-03-31,67.639999,67.639999,67.639999,67.639999,67.639999,0
2008-04-01,66.959999,66.959999,66.959999,66.959999,66.959999,0
2008-04-02,67.610001,67.610001,67.610001,67.610001,67.610001,0
2008-04-03,66.110001,66.110001,66.110001,66.110001,66.110001,0
2008-04-04,64.559998,64.559998,64.559998,64.559998,64.559998,0
2008-04-07,67.400002,67.400002,67.400002,67.400002,67.400002,0
2008-04-08,67.300003,67.300003,67.300003,67.300003,67.300003,0
2008-04-09,75.239998,75.239998,75.239998,75.239998,75.239998,0
2008-04-10,75.470001,75.470001,75.470001,75.470001,75.470001,0
2008-04-11,74.739998,74.739998,74.739998,74.739998,74.739998,0
2008-04-14,72.389999,72.389999,72.389999,72.389999,72.389999,0
2008-04-15,68.150002,68.150002,68.150002,68.150002,68.150002,0
2008-04-16,66.360001,66.360001,66.360001,66.360001,66.360001,0
2008-04-17,65.089996,65.089996,65.089996,65.089996,65.089996,0
2008-04-18,62.090000,62.090000,62.090000,62.090000,62.090000,0
2008-04-21,63.430000,63.430000,63.430000,63.430000,63.430000,0
2008-04-22,62.840000,62.840000,62.840000,62.840000,62.840000,0
2008-04-23,59.740002,59.740002,59.740002,59.740002,59.740002,0
2008-04-24,62.750000,62.750000,62.750000,62.750000,62.750000,0
2008-04-25,65.989998,65.989998,65.989998,65.989998,65.989998,0
2008-04-28,66.480003,66.480003,66.480003,66.480003,66.480003,0
2008-04-29,65.419998,65.419998,65.419998,65.419998,65.419998,0
2008-04-30,64.690002,64.690002,64.690002,64.690002,64.690002,0
2008-05-01,63.060001,63.060001,63.060001,63.060001,63.060001,0
2008-05-02,63.680000,63.680000,63.680000,63.680000,63.680000,0
2008-05-05,70.099998,70.099998,70.099998,70.099998,70.099998,0
2008-05-06,69.040001,69.040001,69.040001,69.040001,69.040001,0
2008-05-07,72.820000,72.820000,72.820000,72.820000,72.820000,0
2008-05-08,73.449997,73.449997,73.449997,73.449997,73.449997,0
2008-05-09,73.790001,73.790001,73.790001,73.790001,73.790001,0
2008-05-12,72.000000,72.000000,72.000000,72.000000,72.000000,0
2008-05-13,68.620003,68.620003,68.620003,68.620003,68.620003,0
2008-05-14,71.180000,71.180000,71.180000,71.180000,71.180000,0
2008-05-15,71.160004,71.160004,71.160004,71.160004,71.160004,0
2008-05-16,75.769997,75.769997,75.769997,75.769997,75.769997,0
2008-05-19,76.629997,76.629997,76.629997,76.629997,76.629997,0
2008-05-20,79.800003,79.800003,79.800003,79.800003,79.800003,0
2008-05-21,80.120003,80.120003,80.120003,80.120003,80.120003,0
2008-05-22,83.620003,83.620003,83.620003,83.620003,83.620003,0
2008-05-23,79.629997,79.629997,79.629997,79.629997,79.629997,0
2008-05-27,79.349998,79.349998,79.349998,79.349998,79.349998,0
2008-05-28,77.699997,77.699997,77.699997,77.699997,77.699997,0
2008-05-29,74.199997,74.199997,74.199997,74.199997,74.199997,0
2008-05-30,73.459999,73.459999,73.459999,73.459999,73.459999,0
2008-06-02,78.599998,78.599998,78.599998,78.599998,78.599998,0
2008-06-03,79.720001,79.720001,79.720001,79.720001,79.720001,0
2008-06-04,81.040001,81.040001,81.040001,81.040001,81.040001,0
2008-06-05,79.349998,79.349998,79.349998,79.349998,79.349998,0
2008-06-06,88.779999,88.779999,88.779999,88.779999,88.779999,0
2008-06-09,92.230003,92.230003,92.230003,92.230003,92.230003,0
2008-06-10,91.980003,91.980003,91.980003,91.980003,91.980003,0
2008-06-11,93.870003,93.870003,93.870003,93.870003,93.870003,0
2008-06-12,92.410004,92.410004,92.410004,92.410004,92.410004,0
2008-06-13,86.910004,86.910004,86.910004,86.910004,86.910004,0
2008-06-16,84.169998,84.169998,84.169998,84.169998,84.169998,0
2008-06-17,80.889999,80.889999,80.889999,80.889999,80.889999,0
2008-06-18,81.559998,81.559998,81.559998,81.559998,81.559998,0
2008-06-19,77.910004,77.910004,77.910004,77.910004,77.910004,0
2008-06-20,78.349998,78.349998,78.349998,78.349998,78.349998,0
2008-06-23,78.370003,78.370003,78.370003,78.370003,78.370003,0
2008-06-24,77.410004,77.410004,77.410004,77.410004,77.410004,0
2008-06-25,76.010002,76.010002,76.010002,76.010002,76.010002,0
2008-06-26,79.870003,79.870003,79.870003,79.870003,79.870003,0
2008-06-27,79.540001,79.540001,79.540001,79.540001,79.540001,0
2008-06-30,79.660004,79.660004,79.660004,79.660004,79.660004,0
2008-07-01,79.440002,79.440002,79.440002,79.440002,79.440002,0
2008-07-02,79.190002,79.190002,79.190002,79.190002,79.190002,0
2008-07-03,76.440002,76.440002,76.440002,76.440002,76.440002,0
2008-07-07,75.430000,75.430000,75.430000,75.430000,75.430000,0
2008-07-08,76.029999,76.029999,76.029999,76.029999,76.029999,0
2008-07-09,81.690002,81.690002,81.690002,81.690002,81.690002,0
2008-07-10,79.940002,79.940002,79.940002,79.940002,79.940002,0
2008-07-11,77.180000,77.180000,77.180000,77.180000,77.180000,0
2008-07-14,78.830002,78.830002,78.830002,78.830002,78.830002,0
2008-07-15,73.070000,73.070000,73.070000,73.070000,73.070000,0
2008-07-16,73.220001,73.220001,73.220001,73.220001,73.220001,0
2008-07-17,72.459999,72.459999,72.459999,72.459999,72.459999,0
2008-07-18,70.290001,70.290001,70.290001,70.290001,70.290001,0
2008-07-21,71.599998,71.599998,71.599998,71.599998,71.599998,0
2008-07-22,68.389999,68.389999,68.389999,68.389999,68.389999,0
2008-07-23,67.250000,67.250000,67.250000,67.250000,67.250000,0
2008-07-24,74.900002,74.900002,74.900002,74.900002,74.900002,0
2008-07-25,73.699997,73.699997,73.699997,73.699997,73.699997,0
2008-07-28,74.900002,74.900002,74.900002,74.900002,74.900002,0
2008-07-29,71.029999,71.029999,71.029999,71.029999,71.029999,0
2008-07-30,67.209999,67.209999,67.209999,67.209999,67.209999,0
2008-07-31,72.949997,72.949997,72.949997,72.949997,72.949997,0
2008-08-01,72.730003,72.730003,72.730003,72.730003,72.730003,0
2008-08-04,73.169998,73.169998,73.169998,73.169998,73.169998,0
2008-08-05,70.279999,70.279999,70.279999,70.279999,70.279999,0
2008-08-06,71.599998,71.599998,71.599998,71.599998,71.599998,0
2008-08-07,73.110001,73.110001,73.110001,73.110001,73.110001,0
2008-08-08,73.050003,73.050003,73.050003,73.050003,73.050003,0
2008-08-11,75.589996,75.589996,75.589996,75.589996,75.589996,0
2008-08-12,72.400002,72.400002,72.400002,72.400002,72.400002,0
2008-08-13,79.410004,79.410004,79.410004,79.410004,79.410004,0
2008-08-14,74.370003,74.370003,74.370003,74.370003,74.370003,0
2008-08-15,74.099998,74.099998,74.099998,74.099998,74.099998,0
2008-08-18,72.849998,72.849998,72.849998,72.849998,72.849998,0
2008-08-19,77.500000,77.500000,77.500000,77.500000,77.500000,0
2008-08-20,73.419998,73.419998,73.419998,73.419998,73.419998,0
2008-08-21,73.750000,73.750000,73.750000,73.750000,73.750000,0
2008-08-22,73.559998,73.559998,73.559998,73.559998,73.559998,0
2008-08-25,77.029999,77.029999,77.029999,77.029999,77.029999,0
2008-08-26,73.139999,73.139999,73.139999,73.139999,73.139999,0
2008-08-27,72.000000,72.000000,72.000000,72.000000,72.000000,0
2008-08-28,68.050003,68.050003,68.050003,68.050003,68.050003,0
2008-08-29,68.070000,68.070000,68.070000,68.070000,68.070000,0
2008-09-02,69.650002,69.650002,69.650002,69.650002,69.650002,0
2008-09-03,69.930000,69.930000,69.930000,69.930000,69.930000,0
2008-09-04,72.379997,72.379997,72.379997,72.379997,72.379997,0
2008-09-05,70.389999,70.389999,70.389999,70.389999,70.389999,0
2008-09-08,67.940002,67.940002,67.940002,67.940002,67.940002,0
2008-09-09,70.680000,70.680000,70.680000,70.680000,70.680000,0
2008-09-10,70.629997,70.629997,70.629997,70.629997,70.629997,0
2008-09-11,71.029999,71.029999,71.029999,71.029999,71.029999,0
2008-09-12,70.260002,70.260002,70.260002,70.260002,70.260002,0
2008-09-15,79.370003,79.370003,79.370003,79.370003,79.370003,0
2008-09-16,74.379997,74.379997,74.379997,74.379997,74.379997,0
2008-09-17,93.040001,93.040001,93.040001,93.040001,93.040001,0
2008-09-18,89.330002,89.330002,89.330002,89.330002,89.330002,0
2008-09-19,79.370003,79.370003,79.370003,79.370003,79.370003,0
2008-09-22,83.919998,83.919998,83.919998,83.919998,83.919998,0
2008-09-23,84.769997,84.769997,84.769997,84.769997,84.769997,0
2008-09-24,86.660004,86.660004,86.660004,86.660004,86.660004,0
2008-09-25,82.959999,82.959999,82.959999,82.959999,82.959999,0
2008-09-26,87.809998,87.809998,87.809998,87.809998,87.809998,0
2008-09-29,99.860001,99.860001,99.860001,99.860001,99.860001,0
2008-09-30,92.230003,92.230003,92.230003,92.230003,92.230003,0
2008-10-01,89.760002,89.760002,89.760002,89.760002,89.760002,0
2008-10-02,95.290001,95.290001,95.290001,95.290001,95.290001,0
2008-10-03,94.680000,94.680000,94.680000,94.680000,94.680000,0
2008-10-06,104.820000,104.820000,104.820000,104.820000,104.820000,0
2008-10-07,106.470001,106.470001,106.470001,106.470001,106.470001,0
2008-10-08,104.989998,104.989998,104.989998,104.989998,104.989998,0
2008-10-09,108.050003,108.050003,108.050003,108.050003,108.050003,0
2008-10-10,116.000000,116.000000,116.000000,116.000000,116.000000,0
2008-10-13,110.070000,110.070000,110.070000,110.070000,110.070000,0
2008-10-14,105.639999,105.639999,105.639999,105.639999,105.639999,0
2008-10-15,114.930000,114.930000,114.930000,114.930000,114.930000,0
2008-10-16,119.480003,119.480003,119.480003,119.480003,119.480003,0
2008-10-17,117.449997,117.449997,117.449997,117.449997,117.449997,0
2008-10-20,115.980003,115.980003,115.980003,115.980003,115.980003,0
2008-10-21,114.279999,114.279999,114.279999,114.279999,114.279999,0
2008-10-22,123.309998,123.309998,123.309998,123.309998,123.309998,0
2008-10-23,121.610001,121.610001,121.610001,121.610001,121.610001,0
2008-10-24,128.089996,128.089996,128.089996,128.089996,128.089996,0
2008-10-27,134.869995,134.869995,134.869995,134.869995,134.869995,0
2008-10-28,127.459999,127.459999,127.459999,127.459999,127.459999,0
2008-10-29,124.730003,124.730003,124.730003,124.730003,124.730003,0
2008-10-30,121.519997,121.519997,121.519997,121.519997,121.519997,0
2008-10-31,116.940002,116.940002,116.940002,116.940002,116.940002,0
2008-11-03,116.190002,116.190002,116.190002,116.190002,116.190002,0
2008-11-04,116.290001,116.290001,116.290001,116.290001,116.290001,0
2008-11-05,117.029999,117.029999,117.029999,117.029999,117.029999,0
2008-11-06,125.000000,125.000000,125.000000,125.000000,125.000000,0
2008-11-07,116.370003,116.370003,116.370003,116.370003,116.370003,0
2008-11-10,116.529999,116.529999,116.529999,116.529999,116.529999,0
2008-11-11,114.110001,114.110001,114.110001,114.110001,114.110001,0
2008-11-12,123.260002,123.260002,123.260002,123.260002,123.260002,0
2008-11-13,117.120003,117.120003,117.120003,117.120003,117.120003,0
2008-11-14,118.339996,118.339996,118.339996,118.339996,118.339996,0
2008-11-17,115.099998,115.099998,115.099998,115.099998,115.099998,0
2008-11-18,106.900002,106.900002,106.900002,106.900002,106.900002,0
2008-11-19,102.480003,102.480003,102.480003,102.480003,102.480003,0
2008-11-20,106.709999,106.709999,106.709999,106.709999,106.709999,0
2008-11-21,99.480003,99.480003,99.480003,99.480003,99.480003,0
2008-11-24,92.309998,92.309998,92.309998,92.309998,92.309998,0
2008-11-25,90.279999,90.279999,90.279999,90.279999,90.279999,0
2008-11-26,89.320000,89.320000,89.320000,89.320000,89.320000,0
2008-11-28,88.410004,88.410004,88.410004,88.410004,88.410004,0
2008-12-01,90.489998,90.489998,90.489998,90.489998,90.489998,0
2008-12-02,87.080002,87.080002,87.080002,87.080002,87.080002,0
2008-12-03,84.720001,84.720001,84.720001,84.720001,84.720001,0
2008-12-04,83.940002,83.940002,83.940002,83.940002,83.940002,0
2008-12-05,82.900002,82.900002,82.900002,82.900002,82.900002,0
2008-12-08,82.099998,82.099998,82.099998,82.099998,82.099998,0
2008-12-09,80.750000,80.750000,80.750000,80.750000,80.750000,0
2008-12-10,86.459999,86.459999,86.459999,86.459999,86.459999,0
2008-12-11,88.680000,88.680000,88.680000,88.680000,88.680000,0
2008-12-12,86.269997,86.269997,86.269997,86.269997,86.269997,0
2008-12-15,82.029999,82.029999,82.029999,82.029999,82.029999,0
2008-12-16,79.989998,79.989998,79.989998,79.989998,79.989998,0
2008-12-17,75.169998,75.169998,75.169998,75.169998,75.169998,0
2008-12-18,81.260002,81.260002,81.260002,81.260002,81.260002,0
2008-12-19,87.690002,87.690002,87.690002,87.690002,87.690002,0
2008-12-22,87.040001,87.040001,87.040001,87.040001,87.040001,0
2008-12-23,86.389999,86.389999,86.389999,86.389999,86.389999,0
2008-12-24,85.099998,85.099998,85.099998,85.099998,85.099998,0
2008-12-26,83.739998,83.739998,83.739998,83.739998,83.739998,0
2008-12-29,83.959999,83.959999,83.959999,83.959999,83.959999,0
2008-12-30,80.889999,80.889999,80.889999,80.889999,80.889999,0
2008-12-31,85.599998,85.599998,85.599998,85.599998,85.599998,0
2009-01-02,84.410004,84.410004,84.410004,84.410004,84.410004,0
2009-01-05,90.889999,90.889999,90.889999,90.889999,90.889999,0
2009-01-06,90.330002,90.330002,90.330002,90.330002,90.330002,0
2009-01-07,93.989998,93.989998,93.989998,93.989998,93.989998,0
2009-01-08,93.139999,93.139999,93.139999,93.139999,93.139999,0
2009-01-09,91.519997,91.519997,91.519997,91.519997,91.519997,0
2009-01-12,93.260002,93.260002,93.260002,93.260002,93.260002,0
2009-01-13,92.500000,92.500000,92.500000,92.500000,92.500000,0
2009-01-14,99.879997,99.879997,99.879997,99.879997,99.879997,0
2009-01-15,96.440002,96.440002,96.440002,96.440002,96.440002,0
2009-01-16,98.790001,98.790001,98.790001,98.790001,98.790001,0
2009-01-20,104.019997,104.019997,104.019997,104.019997,104.019997,0
2009-01-21,100.809998,100.809998,100.809998,100.809998,100.809998,0
2009-01-22,98.870003,98.870003,98.870003,98.870003,98.870003,0
2009-01-23,95.699997,95.699997,95.699997,95.699997,95.699997,0
2009-01-26,96.169998,96.169998,96.169998,96.169998,96.169998,0
2009-01-27,95.480003,95.480003,95.480003,95.480003,95.480003,0
2009-01-28,98.220001,98.220001,98.220001,98.220001,98.220001,0
2009-01-29,98.980003,98.980003,98.980003,98.980003,98.980003,0
2009-01-30,98.720001,98.720001,98.720001,98.720001,98.720001,0
2009-02-02,96.480003,96.480003,96.480003,96.480003,96.480003,0
2009-02-03,92.250000,92.250000,92.250000,92.250000,92.250000,0
2009-02-04,91.570000,91.570000,91.570000,91.570000,91.570000,0
2009-02-05,92.260002,92.260002,92.260002,92.260002,92.260002,0
2009-02-06,94.010002,94.010002,94.010002,94.010002,94.010002,0
2009-02-09,94.379997,94.379997,94.379997,94.379997,94.379997,0
2009-02-10,95.980003,95.980003,95.980003,95.980003,95.980003,0
2009-02-11,94.669998,94.669998,94.669998,94.669998,94.669998,0
2009-02-12,91.040001,91.040001,91.040001,91.040001,91.040001,0
2009-02-13,91.930000,91.930000,91.930000,91.930000,91.930000,0
2009-02-17,95.070000,95.070000,95.070000,95.070000,95.070000,0
2009-02-18,89.110001,89.110001,89.110001,89.110001,89.110001,0
2009-02-19,88.269997,88.269997,88.269997,88.269997,88.269997,0
2009-02-20,90.660004,90.660004,90.660004,90.660004,90.660004,0
2009-02-23,93.019997,93.019997,93.019997,93.019997,93.019997,0
2009-02-24,89.129997,89.129997,89.129997,89.129997,89.129997,0
2009-02-25,88.930000,88.930000,88.930000,88.930000,88.930000,0
2009-02-26,89.370003,89.370003,89.370003,89.370003,89.370003,0
2009-02-27,91.080002,91.080002,91.080002,91.080002,91.080002,0
2009-03-02,93.860001,93.860001,93.860001,93.860001,93.860001,0
2009-03-03,90.750000,90.750000,90.750000,90.750000,90.750000,0
2009-03-04,85.599998,85.599998,85.599998,85.599998,85.599998,0
2009-03-05,89.879997,89.879997,89.879997,89.879997,89.879997,0
2009-03-06,88.260002,88.260002,88.260002,88.260002,88.260002,0
2009-03-09,90.089996,90.089996,90.089996,90.089996,90.089996,0
2009-03-10,85.360001,85.360001,85.360001,85.360001,85.360001,0
2009-03-11,85.349998,85.349998,85.349998,85.349998,85.349998,0
2009-03-12,81.809998,81.809998,81.809998,81.809998,81.809998,0
2009-03-13,78.129997,78.129997,78.129997,78.129997,78.129997,0
2009-03-16,80.070000,80.070000,80.070000,80.070000,80.070000,0
2009-03-17,75.209999,75.209999,75.209999,75.209999,75.209999,0
2009-03-18,74.800003,74.800003,74.800003,74.800003,74.800003,0
2009-03-19,73.559998,73.559998,73.559998,73.559998,73.559998,0
2009-03-20,73.110001,73.110001,73.110001,73.110001,73.110001,0
2009-03-23,71.389999,71.389999,71.389999,71.389999,71.389999,0
2009-03-24,70.160004,70.160004,70.160004,70.160004,70.160004,0
2009-03-25,71.760002,71.760002,71.760002,71.760002,71.760002,0
2009-03-26,70.970001,70.970001,70.970001,70.970001,70.970001,0
2009-03-27,71.680000,71.680000,71.680000,71.680000,71.680000,0
2009-03-30,74.680000,74.680000,74.680000,74.680000,74.680000,0
2009-03-31,72.709999,72.709999,72.709999,72.709999,72.709999,0
2009-04-01,70.389999,70.389999,70.389999,70.389999,70.389999,0
2009-04-02,69.610001,69.610001,69.610001,69.610001,69.610001,0
2009-04-03,67.860001,67.860001,67.860001,67.860001,67.860001,0
2009-04-06,68.260002,68.260002,68.260002,68.260002,68.260002,0
2009-04-07,66.389999,66.389999,66.389999,66.389999,66.389999,0
2009-04-08,68.720001,68.720001,68.720001,68.720001,68.720001,0
2009-04-09,65.220001,65.220001,65.220001,65.220001,65.220001,0
2009-04-13,67.510002,67.510002,67.510002,67.510002,67.510002,0
2009-04-14,65.790001,65.790001,65.790001,65.790001,65.790001,0
2009-04-15,64.949997,64.949997,64.949997,64.949997,64.949997,0
2009-04-16,69.720001,69.720001,69.720001,69.720001,69.720001,0
2009-04-17,68.919998,68.919998,68.919998,68.919998,68.919998,0
2009-04-20,75.480003,75.480003,75.480003,75.480003,75.480003,0
2009-04-21,75.480003,75.480003,75.480003,75.480003,75.480003,0
2009-04-22,75.519997,75.519997,75.519997,75.519997,75.519997,0
2009-04-23,72.809998,72.809998,72.809998,72.809998,72.809998,0
2009-04-24,72.040001,72.040001,72.040001,72.040001,72.040001,0
2009-04-27,74.160004,74.160004,74.160004,74.160004,74.160004,0
2009-04-28,74.220001,74.220001,74.220001,74.220001,74.220001,0
2009-04-29,72.120003,72.120003,72.120003,72.120003,72.120003,0
2009-04-30,71.419998,71.419998,71.419998,71.419998,71.419998,0
2009-05-01,69.820000,69.820000,69.820000,69.820000,69.820000,0
2009-05-04,70.360001,70.360001,70.360001,70.360001,70.360001,0
2009-05-05,70.769997,70.769997,70.769997,70.769997,70.769997,0
2009-05-06,71.150002,71.150002,71.150002,71.150002,71.150002,0
2009-05-07,72.790001,72.790001,72.790001,72.790001,72.790001,0
2009-05-08,74.660004,74.660004,74.660004,74.660004,74.660004,0
2009-05-11,76.860001,76.860001,76.860001,76.860001,76.860001,0
2009-05-12,77.529999,77.529999,77.529999,77.529999,77.529999,0
2009-05-13,81.870003,81.870003,81.870003,81.870003,81.870003,0
2009-05-14,79.379997,79.379997,79.379997,79.379997,79.379997,0
2009-05-15,80.290001,80.290001,80.290001,80.290001,80.290001,0
2009-05-18,76.410004,76.410004,76.410004,76.410004,76.410004,0
2009-05-19,74.400002,74.400002,74.400002,74.400002,74.400002,0
2009-05-20,77.449997,77.449997,77.449997,77.449997,77.449997,0
2009-05-21,84.690002,84.690002,84.690002,84.690002,84.690002,0
2009-05-22,87.279999,87.279999,87.279999,87.279999,87.279999,0
2009-05-26,91.230003,91.230003,91.230003,91.230003,91.230003,0
2009-05-27,90.860001,90.860001,90.860001,90.860001,90.860001,0
2009-05-28,88.190002,88.190002,88.190002,88.190002,88.190002,0
2009-05-29,83.910004,83.910004,83.910004,83.910004,83.910004,0
2009-06-01,84.230003,84.230003,84.230003,84.230003,84.230003,0
2009-06-02,83.820000,83.820000,83.820000,83.820000,83.820000,0
2009-06-03,84.889999,84.889999,84.889999,84.889999,84.889999,0
2009-06-04,81.260002,81.260002,81.260002,81.260002,81.260002,0
2009-06-05,82.110001,82.110001,82.110001,82.110001,82.110001,0
2009-06-08,82.690002,82.690002,82.690002,82.690002,82.690002,0
2009-06-09,81.639999,81.639999,81.639999,81.639999,81.639999,0
2009-06-10,86.919998,86.919998,86.919998,86.919998,86.919998,0
2009-06-11,85.220001,85.220001,85.220001,85.220001,85.220001,0
2009-06-12,85.430000,85.430000,85.430000,85.430000,85.430000,0
2009-06-15,85.050003,85.050003,85.050003,85.050003,85.050003,0
2009-06-16,88.489998,88.489998,88.489998,88.489998,88.489998,0
2009-06-17,86.489998,86.489998,86.489998,86.489998,86.489998,0
2009-06-18,83.870003,83.870003,83.870003,83.870003,83.870003,0
2009-06-19,84.150002,84.150002,84.150002,84.150002,84.150002,0
2009-06-22,86.099998,86.099998,86.099998,86.099998,86.099998,0
2009-06-23,85.639999,85.639999,85.639999,85.639999,85.639999,0
2009-06-24,83.959999,83.959999,83.959999,83.959999,83.959999,0
2009-06-25,82.570000,82.570000,82.570000,82.570000,82.570000,0
2009-06-26,77.599998,77.599998,77.599998,77.599998,77.599998,0
2009-06-29,79.690002,79.690002,79.690002,79.690002,79.690002,0
2009-06-30,79.599998,79.599998,79.599998,79.599998,79.599998,0
2009-07-01,79.680000,79.680000,79.680000,79.680000,79.680000,0
2009-07-02,81.320000,81.320000,81.320000,81.320000,81.320000,0
2009-07-06,83.199997,83.199997,83.199997,83.199997,83.199997,0
2009-07-07,85.629997,85.629997,85.629997,85.629997,85.629997,0
2009-07-08,86.169998,86.169998,86.169998,86.169998,86.169998,0
2009-07-09,82.879997,82.879997,82.879997,82.879997,82.879997,0
2009-07-10,81.419998,81.419998,81.419998,81.419998,81.419998,0
2009-07-13,80.580002,80.580002,80.580002,80.580002,80.580002,0
2009-07-14,81.519997,81.519997,81.519997,81.519997,81.519997,0
2009-07-15,85.639999,85.639999,85.639999,85.639999,85.639999,0
2009-07-16,83.639999,83.639999,83.639999,83.639999,83.639999,0
2009-07-17,82.489998,82.489998,82.489998,82.489998,82.489998,0
2009-07-20,80.980003,80.980003,80.980003,80.980003,80.980003,0
2009-07-21,80.449997,80.449997,80.449997,80.449997,80.449997,0
2009-07-22,75.300003,75.300003,75.300003,75.300003,75.300003,0
2009-07-23,72.800003,72.800003,72.800003,72.800003,72.800003,0
2009-07-24,73.010002,73.010002,73.010002,73.010002,73.010002,0
2009-07-27,74.349998,74.349998,74.349998,74.349998,74.349998,0
2009-07-28,76.680000,76.680000,76.680000,76.680000,76.680000,0
2009-07-29,77.099998,77.099998,77.099998,77.099998,77.099998,0
2009-07-30,73.879997,73.879997,73.879997,73.879997,73.879997,0
2009-07-31,73.470001,73.470001,73.470001,73.470001,73.470001,0
2009-08-03,72.790001,72.790001,72.790001,72.790001,72.790001,0
2009-08-04,71.050003,71.050003,71.050003,71.050003,71.050003,0
2009-08-05,70.129997,70.129997,70.129997,70.129997,70.129997,0
2009-08-06,73.169998,73.169998,73.169998,73.169998,73.169998,0
2009-08-07,71.529999,71.529999,71.529999,71.529999,71.529999,0
2009-08-10,72.589996,72.589996,72.589996,72.589996,72.589996,0
2009-08-11,75.599998,75.599998,75.599998,75.599998,75.599998,0
2009-08-12,81.279999,81.279999,81.279999,81.279999,81.279999,0
2009-08-13,79.959999,79.959999,79.959999,79.959999,79.959999,0
2009-08-14,80.449997,80.449997,80.449997,80.449997,80.449997,0
2009-08-17,84.220001,84.220001,84.220001,84.220001,84.220001,0
2009-08-18,81.110001,81.110001,81.110001,81.110001,81.110001,0
2009-08-19,76.320000,76.320000,76.320000,76.320000,76.320000,0
2009-08-20,76.699997,76.699997,76.699997,76.699997,76.699997,0
2009-08-21,76.550003,76.550003,76.550003,76.550003,76.550003,0
2009-08-24,78.470001,78.470001,78.470001,78.470001,78.470001,0
2009-08-25,77.760002,77.760002,77.760002,77.760002,77.760002,0
2009-08-26,77.970001,77.970001,77.970001,77.970001,77.970001,0
2009-08-27,75.589996,75.589996,75.589996,75.589996,75.589996,0
2009-08-28,74.410004,74.410004,74.410004,74.410004,74.410004,0
2009-08-31,77.120003,77.120003,77.120003,77.120003,77.120003,0
2009-09-01,81.000000,81.000000,81.000000,81.000000,81.000000,0
2009-09-02,77.070000,77.070000,77.070000,77.070000,77.070000,0
2009-09-03,75.480003,75.480003,75.480003,75.480003,75.480003,0
2009-09-04,77.510002,77.510002,77.510002,77.510002,77.510002,0
2009-09-08,75.690002,75.690002,75.690002,75.690002,75.690002,0
2009-09-09,76.169998,76.169998,76.169998,76.169998,76.169998,0
2009-09-10,71.389999,71.389999,71.389999,71.389999,71.389999,0
2009-09-11,72.360001,72.360001,72.360001,72.360001,72.360001,0
2009-09-14,71.139999,71.139999,71.139999,71.139999,71.139999,0
2009-09-15,72.250000,72.250000,72.250000,72.250000,72.250000,0
2009-09-16,71.699997,71.699997,71.699997,71.699997,71.699997,0
2009-09-17,69.360001,69.360001,69.360001,69.360001,69.360001,0
2009-09-18,70.389999,70.389999,70.389999,70.389999,70.389999,0
2009-09-21,71.000000,71.000000,71.000000,71.000000,71.000000,0
2009-09-22,68.260002,68.260002,68.260002,68.260002,68.260002,0
2009-09-23,68.180000,68.180000,68.180000,68.180000,68.180000,0
2009-09-24,70.779999,70.779999,70.779999,70.779999,70.779999,0
2009-09-25,71.739998,71.739998,71.739998,71.739998,71.739998,0
2009-09-28,70.540001,70.540001,70.540001,70.540001,70.540001,0
2009-09-29,68.989998,68.989998,68.989998,68.989998,68.989998,0
2009-09-30,71.320000,71.320000,71.320000,71.320000,71.320000,0
2009-10-01,76.250000,76.250000,76.250000,76.250000,76.250000,0
2009-10-02,76.129997,76.129997,76.129997,76.129997,76.129997,0
2009-10-05,73.559998,73.559998,73.559998,73.559998,73.559998,0
2009-10-06,71.500000,71.500000,71.500000,71.500000,71.500000,0
2009-10-07,71.010002,71.010002,71.010002,71.010002,71.010002,0
2009-10-08,68.099998,68.099998,68.099998,68.099998,68.099998,0
2009-10-09,65.540001,65.540001,65.540001,65.540001,65.540001,0
2009-10-12,64.970001,64.970001,64.970001,64.970001,64.970001,0
2009-10-13,64.970001,64.970001,64.970001,64.970001,64.970001,0
2009-10-14,68.839996,68.839996,68.839996,68.839996,68.839996,0
2009-10-15,67.070000,67.070000,67.070000,67.070000,67.070000,0
2009-10-16,69.849998,69.849998,69.849998,69.849998,69.849998,0
2009-10-19,67.760002,67.760002,67.760002,67.760002,67.760002,0
2009-10-20,68.629997,68.629997,68.629997,68.629997,68.629997,0
2009-10-21,78.160004,78.160004,78.160004,78.160004,78.160004,0
2009-10-22,77.599998,77.599998,77.599998,77.599998,77.599998,0
2009-10-23,79.879997,79.879997,79.879997,79.879997,79.879997,0
2009-10-26,82.279999,82.279999,82.279999,82.279999,82.279999,0
2009-10-27,80.410004,80.410004,80.410004,80.410004,80.410004,0
2009-10-28,85.430000,85.430000,85.430000,85.430000,85.430000,0
2009-10-29,78.099998,78.099998,78.099998,78.099998,78.099998,0
2009-10-30,89.900002,89.900002,89.900002,89.900002,89.900002,0
2009-11-02,91.980003,91.980003,91.980003,91.980003,91.980003,0
2009-11-03,90.160004,90.160004,90.160004,90.160004,90.160004,0
2009-11-04,85.970001,85.970001,85.970001,85.970001,85.970001,0
2009-11-05,79.099998,79.099998,79.099998,79.099998,79.099998,0
2009-11-06,73.720001,73.720001,73.720001,73.720001,73.720001,0
2009-11-09,68.830002,68.830002,68.830002,68.830002,68.830002,0
2009-11-10,68.489998,68.489998,68.489998,68.489998,68.489998,0
2009-11-11,73.050003,73.050003,73.050003,73.050003,73.050003,0
2009-11-12,80.769997,80.769997,80.769997,80.769997,80.769997,0
2009-11-13,80.279999,80.279999,80.279999,80.279999,80.279999,0
2009-11-16,83.309998,83.309998,83.309998,83.309998,83.309998,0
2009-11-17,83.970001,83.970001,83.970001,83.970001,83.970001,0
2009-11-18,79.150002,79.150002,79.150002,79.150002,79.150002,0
2009-11-19,79.269997,79.269997,79.269997,79.269997,79.269997,0
2009-11-20,75.559998,75.559998,75.559998,75.559998,75.559998,0
2009-11-23,75.839996,75.839996,75.839996,75.839996,75.839996,0
2009-11-24,75.050003,75.050003,75.050003,75.050003,75.050003,0
2009-11-25,73.910004,73.910004,73.910004,73.910004,73.910004,0
2009-11-27,83.239998,83.239998,83.239998,83.239998,83.239998,0
2009-11-30,81.580002,81.580002,81.580002,81.580002,81.580002,0
2009-12-01,80.739998,80.739998,80.739998,80.739998,80.739998,0
2009-12-02,78.260002,78.260002,78.260002,78.260002,78.260002,0
2009-12-03,78.519997,78.519997,78.519997,78.519997,78.519997,0
2009-12-04,77.180000,77.180000,77.180000,77.180000,77.180000,0
2009-12-07,77.750000,77.750000,77.750000,77.750000,77.750000,0
2009-12-08,79.570000,79.570000,79.570000,79.570000,79.570000,0
2009-12-09,84.930000,84.930000,84.930000,84.930000,84.930000,0
2009-12-10,84.559998,84.559998,84.559998,84.559998,84.559998,0
2009-12-11,82.870003,82.870003,82.870003,82.870003,82.870003,0
2009-12-14,81.639999,81.639999,81.639999,81.639999,81.639999,0
2009-12-15,80.989998,80.989998,80.989998,80.989998,80.989998,0
2009-12-16,82.050003,82.050003,82.050003,82.050003,82.050003,0
2009-12-17,83.559998,83.559998,83.559998,83.559998,83.559998,0
2009-12-18,81.750000,81.750000,81.750000,81.750000,81.750000,0
2009-12-21,79.620003,79.620003,79.620003,79.620003,79.620003,0
2009-12-22,71.449997,71.449997,71.449997,71.449997,71.449997,0
2009-12-23,69.809998,69.809998,69.809998,69.809998,69.809998,0
2009-12-24,68.809998,68.809998,68.809998,68.809998,68.809998,0
2009-12-28,69.889999,69.889999,69.889999,69.889999,69.889999,0
2009-12-29,69.099998,69.099998,69.099998,69.099998,69.099998,0
2009-12-30,70.360001,70.360001,70.360001,70.360001,70.360001,0
2009-12-31,74.989998,74.989998,74.989998,74.989998,74.989998,0
2010-01-04,73.300003,73.300003,73.300003,73.300003,73.300003,0
2010-01-05,70.360001,70.360001,70.360001,70.360001,70.360001,0
2010-01-06,67.650002,67.650002,67.650002,67.650002,67.650002,0
2010-01-07,67.150002,67.150002,67.150002,67.150002,67.150002,0
2010-01-08,65.709999,65.709999,65.709999,65.709999,65.709999,0
2010-01-11,64.870003,64.870003,64.870003,64.870003,64.870003,0
2010-01-12,70.419998,70.419998,70.419998,70.419998,70.419998,0
2010-01-13,75.529999,75.529999,75.529999,75.529999,75.529999,0
2010-01-14,74.519997,74.519997,74.519997,74.519997,74.519997,0
2010-01-15,74.269997,74.269997,74.269997,74.269997,74.269997,0
2010-01-19,73.500000,73.500000,73.500000,73.500000,73.500000,0
2010-01-20,80.360001,80.360001,80.360001,80.360001,80.360001,0
2010-01-21,88.820000,88.820000,88.820000,88.820000,88.820000,0
2010-01-22,100.059998,100.059998,100.059998,100.059998,100.059998,0
2010-01-25,90.580002,90.580002,90.580002,90.580002,90.580002,0
2010-01-26,90.040001,90.040001,90.040001,90.040001,90.040001,0
2010-01-27,85.860001,85.860001,85.860001,85.860001,85.860001,0
2010-01-28,87.910004,87.910004,87.910004,87.910004,87.910004,0
2010-01-29,89.000000,89.000000,89.000000,89.000000,89.000000,0
2010-02-01,83.730003,83.730003,83.730003,83.730003,83.730003,0
2010-02-02,80.980003,80.980003,80.980003,80.980003,80.980003,0
2010-02-03,80.550003,80.550003,80.550003,80.550003,80.550003,0
2010-02-04,91.419998,91.419998,91.419998,91.419998,91.419998,0
2010-02-05,88.220001,88.220001,88.220001,88.220001,88.220001,0
2010-02-08,90.010002,90.010002,90.010002,90.010002,90.010002,0
2010-02-09,88.800003,88.800003,88.800003,88.800003,88.800003,0
2010-02-10,92.180000,92.180000,92.180000,92.180000,92.180000,0
2010-02-11,89.589996,89.589996,89.589996,89.589996,89.589996,0
2010-02-12,88.160004,88.160004,88.160004,88.160004,88.160004,0
2010-02-16,81.769997,81.769997,81.769997,81.769997,81.769997,0
2010-02-17,80.290001,80.290001,80.290001,80.290001,80.290001,0
2010-02-18,79.199997,79.199997,79.199997,79.199997,79.199997,0
2010-02-19,77.970001,77.970001,77.970001,77.970001,77.970001,0
2010-02-22,75.440002,75.440002,75.440002,75.440002,75.440002,0
2010-02-23,77.820000,77.820000,77.820000,77.820000,77.820000,0
2010-02-24,75.930000,75.930000,75.930000,75.930000,75.930000,0
2010-02-25,75.300003,75.300003,75.300003,75.300003,75.300003,0
2010-02-26,73.129997,73.129997,73.129997,73.129997,73.129997,0
2010-03-01,73.239998,73.239998,73.239998,73.239998,73.239998,0
2010-03-02,73.430000,73.430000,73.430000,73.430000,73.430000,0
2010-03-03,72.610001,72.610001,72.610001,72.610001,72.610001,0
2010-03-04,70.510002,70.510002,70.510002,70.510002,70.510002,0
2010-03-05,71.059998,71.059998,71.059998,71.059998,71.059998,0
2010-03-08,70.900002,70.900002,70.900002,70.900002,70.900002,0
2010-03-09,71.489998,71.489998,71.489998,71.489998,71.489998,0
2010-03-10,76.199997,76.199997,76.199997,76.199997,76.199997,0
2010-03-11,76.160004,76.160004,76.160004,76.160004,76.160004,0
2010-03-12,73.739998,73.739998,73.739998,73.739998,73.739998,0
2010-03-15,75.220001,75.220001,75.220001,75.220001,75.220001,0
2010-03-16,76.410004,76.410004,76.410004,76.410004,76.410004,0
2010-03-17,73.160004,73.160004,73.160004,73.160004,73.160004,0
2010-03-18,76.459999,76.459999,76.459999,76.459999,76.459999,0
2010-03-19,76.680000,76.680000,76.680000,76.680000,76.680000,0
2010-03-22,77.750000,77.750000,77.750000,77.750000,77.750000,0
2010-03-23,78.309998,78.309998,78.309998,78.309998,78.309998,0
2010-03-24,80.680000,80.680000,80.680000,80.680000,80.680000,0
2010-03-25,83.820000,83.820000,83.820000,83.820000,83.820000,0
2010-03-26,81.559998,81.559998,81.559998,81.559998,81.559998,0
2010-03-29,78.750000,78.750000,78.750000,78.750000,78.750000,0
2010-03-30,76.910004,76.910004,76.910004,76.910004,76.910004,0
2010-03-31,77.489998,77.489998,77.489998,77.489998,77.489998,0
2010-04-01,78.290001,78.290001,78.290001,78.290001,78.290001,0
2010-04-05,76.970001,76.970001,76.970001,76.970001,76.970001,0
2010-04-06,76.820000,76.820000,76.820000,76.820000,76.820000,0
2010-04-07,78.160004,78.160004,78.160004,78.160004,78.160004,0
2010-04-08,77.059998,77.059998,77.059998,77.059998,77.059998,0
2010-04-09,78.239998,78.239998,78.239998,78.239998,78.239998,0
2010-04-12,80.059998,80.059998,80.059998,80.059998,80.059998,0
2010-04-13,79.970001,79.970001,79.970001,79.970001,79.970001,0
2010-04-14,83.309998,83.309998,83.309998,83.309998,83.309998,0
2010-04-15,83.099998,83.099998,83.099998,83.099998,83.099998,0
2010-04-16,86.290001,86.290001,86.290001,86.290001,86.290001,0
2010-04-19,81.720001,81.720001,81.720001,81.720001,81.720001,0
2010-04-20,79.650002,79.650002,79.650002,79.650002,79.650002,0
2010-04-21,83.889999,83.889999,83.889999,83.889999,83.889999,0
2010-04-22,85.760002,85.760002,85.760002,85.760002,85.760002,0
2010-04-23,88.139999,88.139999,88.139999,88.139999,88.139999,0
2010-04-26,87.529999,87.529999,87.529999,87.529999,87.529999,0
2010-04-27,103.230003,103.230003,103.230003,103.230003,103.230003,0
2010-04-28,101.699997,101.699997,101.699997,101.699997,101.699997,0
2010-04-29,92.440002,92.440002,92.440002,92.440002,92.440002,0
2010-04-30,101.410004,101.410004,101.410004,101.410004,101.410004,0
2010-05-03,95.680000,95.680000,95.680000,95.680000,95.680000,0
2010-05-04,101.879997,101.879997,101.879997,101.879997,101.879997,0
2010-05-05,105.589996,105.589996,105.589996,105.589996,105.589996,0
2010-05-06,125.360001,125.360001,125.360001,125.360001,125.360001,0
2010-05-07,135.380005,135.380005,135.380005,135.380005,135.380005,0
2010-05-10,110.959999,110.959999,110.959999,110.959999,110.959999,0
2010-05-11,113.949997,113.949997,113.949997,113.949997,113.949997,0
2010-05-12,116.529999,116.529999,116.529999,116.529999,116.529999,0
2010-05-13,123.169998,123.169998,123.169998,123.169998,123.169998,0
2010-05-14,128.339996,128.339996,128.339996,128.339996,128.339996,0
2010-05-17,120.970001,120.970001,120.970001,120.970001,120.970001,0
2010-05-18,135.820007,135.820007,135.820007,135.820007,135.820007,0
2010-05-19,128.440002,128.440002,128.440002,128.440002,128.440002,0
2010-05-20,145.119995,145.119995,145.119995,145.119995,145.119995,0
2010-05-21,130.669998,130.669998,130.669998,130.669998,130.669998,0
2010-05-24,123.870003,123.870003,123.870003,123.870003,123.870003,0
2010-05-25,119.360001,119.360001,119.360001,119.360001,119.360001,0
2010-05-26,115.680000,115.680000,115.680000,115.680000,115.680000,0
2010-05-27,107.639999,107.639999,107.639999,107.639999,107.639999,0
2010-05-28,110.129997,110.129997,110.129997,110.129997,110.129997,0
2010-06-01,109.919998,109.919998,109.919998,109.919998,109.919998,0
2010-06-02,98.019997,98.019997,98.019997,98.019997,98.019997,0
2010-06-03,95.610001,95.610001,95.610001,95.610001,95.610001,0
2010-06-04,103.309998,103.309998,103.309998,103.309998,103.309998,0
2010-06-07,102.760002,102.760002,102.760002,102.760002,102.760002,0
2010-06-08,101.790001,101.790001,101.790001,101.790001,101.790001,0
2010-06-09,111.769997,111.769997,111.769997,111.769997,111.769997,0
2010-06-10,108.610001,108.610001,108.610001,108.610001,108.610001,0
2010-06-11,103.690002,103.690002,103.690002,103.690002,103.690002,0
2010-06-14,99.919998,99.919998,99.919998,99.919998,99.919998,0
2010-06-15,99.000000,99.000000,99.000000,99.000000,99.000000,0
2010-06-16,93.669998,93.669998,93.669998,93.669998,93.669998,0
2010-06-17,89.650002,89.650002,89.650002,89.650002,89.650002,0
2010-06-18,92.360001,92.360001,92.360001,92.360001,92.360001,0
2010-06-21,96.010002,96.010002,96.010002,96.010002,96.010002,0
2010-06-22,101.650002,101.650002,101.650002,101.650002,101.650002,0
2010-06-23,98.930000,98.930000,98.930000,98.930000,98.930000,0
2010-06-24,103.690002,103.690002,103.690002,103.690002,103.690002,0
2010-06-25,97.510002,97.510002,97.510002,97.510002,97.510002,0
2010-06-28,99.010002,99.010002,99.010002,99.010002,99.010002,0
2010-06-29,104.000000,104.000000,104.000000,104.000000,104.000000,0
2010-06-30,105.160004,105.160004,105.160004,105.160004,105.160004,0
2010-07-01,100.690002,100.690002,100.690002,100.690002,100.690002,0
2010-07-02,97.190002,97.190002,97.190002,97.190002,97.190002,0
2010-07-06,97.580002,97.580002,97.580002,97.580002,97.580002,0
2010-07-07,92.139999,92.139999,92.139999,92.139999,92.139999,0
2010-07-08,89.849998,89.849998,89.849998,89.849998,89.849998,0
2010-07-09,88.580002,88.580002,88.580002,88.580002,88.580002,0
2010-07-12,91.750000,91.750000,91.750000,91.750000,91.750000,0
2010-07-13,90.800003,90.800003,90.800003,90.800003,90.800003,0
2010-07-14,96.129997,96.129997,96.129997,96.129997,96.129997,0
2010-07-15,97.750000,97.750000,97.750000,97.750000,97.750000,0
2010-07-16,101.570000,101.570000,101.570000,101.570000,101.570000,0
2010-07-19,102.580002,102.580002,102.580002,102.580002,102.580002,0
2010-07-20,98.889999,98.889999,98.889999,98.889999,98.889999,0
2010-07-21,97.019997,97.019997,97.019997,97.019997,97.019997,0
2010-07-22,93.199997,93.199997,93.199997,93.199997,93.199997,0
2010-07-23,89.900002,89.900002,89.900002,89.900002,89.900002,0
2010-07-26,88.550003,88.550003,88.550003,88.550003,88.550003,0
2010-07-27,90.139999,90.139999,90.139999,90.139999,90.139999,0
2010-07-28,90.709999,90.709999,90.709999,90.709999,90.709999,0
2010-07-29,90.620003,90.620003,90.620003,90.620003,90.620003,0
2010-07-30,89.550003,89.550003,89.550003,89.550003,89.550003,0
2010-08-02,85.019997,85.019997,85.019997,85.019997,85.019997,0
2010-08-03,85.040001,85.040001,85.040001,85.040001,85.040001,0
2010-08-04,85.050003,85.050003,85.050003,85.050003,85.050003,0
2010-08-05,86.519997,86.519997,86.519997,86.519997,86.519997,0
2010-08-06,87.440002,87.440002,87.440002,87.440002,87.440002,0
2010-08-09,87.860001,87.860001,87.860001,87.860001,87.860001,0
2010-08-10,90.349998,90.349998,90.349998,90.349998,90.349998,0
2010-08-11,102.650002,102.650002,102.650002,102.650002,102.650002,0
2010-08-12,99.750000,99.750000,99.750000,99.750000,99.750000,0
2010-08-13,99.540001,99.540001,99.540001,99.540001,99.540001,0
2010-08-16,98.730003,98.730003,98.730003,98.730003,98.730003,0
2010-08-17,93.250000,93.250000,93.250000,93.250000,93.250000,0
2010-08-18,91.300003,91.300003,91.300003,91.300003,91.300003,0
2010-08-19,91.959999,91.959999,91.959999,91.959999,91.959999,0
2010-08-20,89.339996,89.339996,89.339996,89.339996,89.339996,0
2010-08-23,87.660004,87.660004,87.660004,87.660004,87.660004,0
2010-08-24,85.699997,85.699997,85.699997,85.699997,85.699997,0
2010-08-25,82.639999,82.639999,82.639999,82.639999,82.639999,0
2010-08-26,82.949997,82.949997,82.949997,82.949997,82.949997,0
2010-08-27,79.000000,79.000000,79.000000,79.000000,79.000000,0
2010-08-30,82.519997,82.519997,82.519997,82.519997,82.519997,0
2010-08-31,81.489998,81.489998,81.489998,81.489998,81.489998,0
2010-09-01,78.279999,78.279999,78.279999,78.279999,78.279999,0
2010-09-02,79.050003,79.050003,79.050003,79.050003,79.050003,0
2010-09-03,76.639999,76.639999,76.639999,76.639999,76.639999,0
2010-09-07,78.980003,78.980003,78.980003,78.980003,78.980003,0
2010-09-08,89.879997,89.879997,89.879997,89.879997,89.879997,0
2010-09-09,87.970001,87.970001,87.970001,87.970001,87.970001,0
2010-09-10,87.599998,87.599998,87.599998,87.599998,87.599998,0
2010-09-13,87.330002,87.330002,87.330002,87.330002,87.330002,0
2010-09-14,87.949997,87.949997,87.949997,87.949997,87.949997,0
2010-09-15,88.400002,88.400002,88.400002,88.400002,88.400002,0
2010-09-16,87.629997,87.629997,87.629997,87.629997,87.629997,0
2010-09-17,85.449997,85.449997,85.449997,85.449997,85.449997,0
2010-09-20,81.500000,81.500000,81.500000,81.500000,81.500000,0
2010-09-21,80.970001,80.970001,80.970001,80.970001,80.970001,0
2010-09-22,81.860001,81.860001,81.860001,81.860001,81.860001,0
2010-09-23,83.019997,83.019997,83.019997,83.019997,83.019997,0
2010-09-24,80.000000,80.000000,80.000000,80.000000,80.000000,0
2010-09-27,82.620003,82.620003,82.620003,82.620003,82.620003,0
2010-09-28,83.620003,83.620003,83.620003,83.620003,83.620003,0
2010-09-29,83.349998,83.349998,83.349998,83.349998,83.349998,0
2010-09-30,86.489998,86.489998,86.489998,86.489998,86.489998,0
2010-10-01,84.080002,84.080002,84.080002,84.080002,84.080002,0
2010-10-04,86.220001,86.220001,86.220001,86.220001,86.220001,0
2010-10-05,82.620003,82.620003,82.620003,82.620003,82.620003,0
2010-10-06,81.050003,81.050003,81.050003,81.050003,81.050003,0
2010-10-07,80.699997,80.699997,80.699997,80.699997,80.699997,0
2010-10-08,81.410004,81.410004,81.410004,81.410004,81.410004,0
2010-10-11,84.750000,84.750000,84.750000,84.750000,84.750000,0
2010-10-12,84.769997,84.769997,84.769997,84.769997,84.769997,0
2010-10-13,88.720001,88.720001,88.720001,88.720001,88.720001,0
2010-10-14,87.139999,87.139999,87.139999,87.139999,87.139999,0
2010-10-15,89.820000,89.820000,89.820000,89.820000,89.820000,0
2010-10-18,91.750000,91.750000,91.750000,91.750000,91.750000,0
2010-10-19,91.529999,91.529999,91.529999,91.529999,91.529999,0
2010-10-20,85.480003,85.480003,85.480003,85.480003,85.480003,0
2010-10-21,83.589996,83.589996,83.589996,83.589996,83.589996,0
2010-10-22,81.970001,81.970001,81.970001,81.970001,81.970001,0
2010-10-25,82.019997,82.019997,82.019997,82.019997,82.019997,0
2010-10-26,82.790001,82.790001,82.790001,82.790001,82.790001,0
2010-10-27,80.419998,80.419998,80.419998,80.419998,80.419998,0
2010-10-28,78.470001,78.470001,78.470001,78.470001,78.470001,0
2010-10-29,77.459999,77.459999,77.459999,77.459999,77.459999,0
2010-11-01,79.720001,79.720001,79.720001,79.720001,79.720001,0
2010-11-02,80.180000,80.180000,80.180000,80.180000,80.180000,0
2010-11-03,76.570000,76.570000,76.570000,76.570000,76.570000,0
2010-11-04,70.779999,70.779999,70.779999,70.779999,70.779999,0
2010-11-05,74.019997,74.019997,74.019997,74.019997,74.019997,0
2010-11-08,73.669998,73.669998,73.669998,73.669998,73.669998,0
2010-11-09,76.489998,76.489998,76.489998,76.489998,76.489998,0
2010-11-10,83.070000,83.070000,83.070000,83.070000,83.070000,0
2010-11-12,88.180000,88.180000,88.180000,88.180000,88.180000,0
2010-11-15,88.129997,88.129997,88.129997,88.129997,88.129997,0
2010-11-16,93.650002,93.650002,93.650002,93.650002,93.650002,0
2010-11-17,89.250000,89.250000,89.250000,89.250000,89.250000,0
2010-11-18,83.919998,83.919998,83.919998,83.919998,83.919998,0
2010-11-19,84.730003,84.730003,84.730003,84.730003,84.730003,0
2010-11-22,78.389999,78.389999,78.389999,78.389999,78.389999,0
2010-11-23,87.440002,87.440002,87.440002,87.440002,87.440002,0
2010-11-24,81.550003,81.550003,81.550003,81.550003,81.550003,0
2010-11-26,90.550003,90.550003,90.550003,90.550003,90.550003,0
2010-11-29,89.010002,89.010002,89.010002,89.010002,89.010002,0
2010-11-30,95.730003,95.730003,95.730003,95.730003,95.730003,0
2010-12-01,92.029999,92.029999,92.029999,92.029999,92.029999,0
2010-12-02,87.739998,87.739998,87.739998,87.739998,87.739998,0
2010-12-03,84.279999,84.279999,84.279999,84.279999,84.279999,0
2010-12-06,82.599998,82.599998,82.599998,82.599998,82.599998,0
2010-12-07,82.660004,82.660004,82.660004,82.660004,82.660004,0
2010-12-08,81.800003,81.800003,81.800003,81.800003,81.800003,0
2010-12-09,79.800003,79.800003,79.800003,79.800003,79.800003,0
2010-12-10,79.360001,79.360001,79.360001,79.360001,79.360001,0
2010-12-13,81.669998,81.669998,81.669998,81.669998,81.669998,0
2010-12-14,81.669998,81.669998,81.669998,81.669998,81.669998,0
2010-12-15,83.419998,83.419998,83.419998,83.419998,83.419998,0
2010-12-16,81.320000,81.320000,81.320000,81.320000,81.320000,0
2010-12-17,86.620003,86.620003,86.620003,86.620003,86.620003,0
2010-12-20,84.089996,84.089996,84.089996,84.089996,84.089996,0
2010-12-21,84.379997,84.379997,84.379997,84.379997,84.379997,0
2010-12-22,86.029999,86.029999,86.029999,86.029999,86.029999,0
2010-12-23,86.739998,86.739998,86.739998,86.739998,86.739998,0
2010-12-27,87.440002,87.440002,87.440002,87.440002,87.440002,0
2010-12-28,86.339996,86.339996,86.339996,86.339996,86.339996,0
2010-12-29,85.709999,85.709999,85.709999,85.709999,85.709999,0
2010-12-30,86.519997,86.519997,86.519997,86.519997,86.519997,0
2010-12-31,86.360001,86.360001,86.360001,86.360001,86.360001,0
2011-01-03,84.800003,84.800003,84.800003,84.800003,84.800003,0
2011-01-04,85.250000,85.250000,85.250000,85.250000,85.250000,0
2011-01-05,84.699997,84.699997,84.699997,84.699997,84.699997,0
2011-01-06,84.599998,84.599998,84.599998,84.599998,84.599998,0
2011-01-07,83.730003,83.730003,83.730003,83.730003,83.730003,0
2011-01-10,81.650002,81.650002,81.650002,81.650002,81.650002,0
2011-01-11,79.820000,79.820000,79.820000,79.820000,79.820000,0
2011-01-12,77.940002,77.940002,77.940002,77.940002,77.940002,0
2011-01-13,78.639999,78.639999,78.639999,78.639999,78.639999,0
2011-01-14,75.940002,75.940002,75.940002,75.940002,75.940002,0
2011-01-18,79.769997,79.769997,79.769997,79.769997,79.769997,0
2011-01-19,83.699997,83.699997,83.699997,83.699997,83.699997,0
2011-01-20,82.690002,82.690002,82.690002,82.690002,82.690002,0
2011-01-21,85.410004,85.410004,85.410004,85.410004,85.410004,0
2011-01-24,82.970001,82.970001,82.970001,82.970001,82.970001,0
2011-01-25,82.669998,82.669998,82.669998,82.669998,82.669998,0
2011-01-26,79.430000,79.430000,79.430000,79.430000,79.430000,0
2011-01-27,77.040001,77.040001,77.040001,77.040001,77.040001,0
2011-01-28,91.519997,91.519997,91.519997,91.519997,91.519997,0
2011-01-31,86.080002,86.080002,86.080002,86.080002,86.080002,0
2011-02-01,84.480003,84.480003,84.480003,84.480003,84.480003,0
2011-02-02,83.160004,83.160004,83.160004,83.160004,83.160004,0
2011-02-03,81.750000,81.750000,81.750000,81.750000,81.750000,0
2011-02-04,81.110001,81.110001,81.110001,81.110001,81.110001,0
2011-02-07,80.540001,80.540001,80.540001,80.540001,80.540001,0
2011-02-08,78.930000,78.930000,78.930000,78.930000,78.930000,0
2011-02-09,82.110001,82.110001,82.110001,82.110001,82.110001,0
2011-02-10,83.730003,83.730003,83.730003,83.730003,83.730003,0
2011-02-11,84.500000,84.500000,84.500000,84.500000,84.500000,0
2011-02-14,82.669998,82.669998,82.669998,82.669998,82.669998,0
2011-02-15,84.379997,84.379997,84.379997,84.379997,84.379997,0
2011-02-16,83.050003,83.050003,83.050003,83.050003,83.050003,0
2011-02-17,83.029999,83.029999,83.029999,83.029999,83.029999,0
2011-02-18,85.470001,85.470001,85.470001,85.470001,85.470001,0
2011-02-22,99.180000,99.180000,99.180000,99.180000,99.180000,0
2011-02-23,99.040001,99.040001,99.040001,99.040001,99.040001,0
2011-02-24,94.070000,94.070000,94.070000,94.070000,94.070000,0
2011-02-25,86.169998,86.169998,86.169998,86.169998,86.169998,0
2011-02-28,81.779999,81.779999,81.779999,81.779999,81.779999,0
2011-03-01,89.279999,89.279999,89.279999,89.279999,89.279999,0
2011-03-02,87.550003,87.550003,87.550003,87.550003,87.550003,0
2011-03-03,82.360001,82.360001,82.360001,82.360001,82.360001,0
2011-03-04,81.480003,81.480003,81.480003,81.480003,81.480003,0
2011-03-07,84.320000,84.320000,84.320000,84.320000,84.320000,0
2011-03-08,80.839996,80.839996,80.839996,80.839996,80.839996,0
2011-03-09,84.889999,84.889999,84.889999,84.889999,84.889999,0
2011-03-10,88.160004,88.160004,88.160004,88.160004,88.160004,0
2011-03-11,83.209999,83.209999,83.209999,83.209999,83.209999,0
2011-03-14,83.889999,83.889999,83.889999,83.889999,83.889999,0
2011-03-15,89.680000,89.680000,89.680000,89.680000,89.680000,0
2011-03-16,112.389999,112.389999,112.389999,112.389999,112.389999,0
2011-03-17,101.449997,101.449997,101.449997,101.449997,101.449997,0
2011-03-18,96.279999,96.279999,96.279999,96.279999,96.279999,0
2011-03-21,89.169998,89.169998,89.169998,89.169998,89.169998,0
2011-03-22,87.389999,87.389999,87.389999,87.389999,87.389999,0
2011-03-23,84.769997,84.769997,84.769997,84.769997,84.769997,0
2011-03-24,84.169998,84.169998,84.169998,84.169998,84.169998,0
2011-03-25,84.529999,84.529999,84.529999,84.529999,84.529999,0
2011-03-28,89.940002,89.940002,89.940002,89.940002,89.940002,0
2011-03-29,84.959999,84.959999,84.959999,84.959999,84.959999,0
2011-03-30,82.750000,82.750000,82.750000,82.750000,82.750000,0
2011-03-31,82.510002,82.510002,82.510002,82.510002,82.510002,0
2011-04-01,81.980003,81.980003,81.980003,81.980003,81.980003,0
2011-04-04,81.839996,81.839996,81.839996,81.839996,81.839996,0
2011-04-05,81.440002,81.440002,81.440002,81.440002,81.440002,0
2011-04-06,83.220001,83.220001,83.220001,83.220001,83.220001,0
2011-04-07,82.389999,82.389999,82.389999,82.389999,82.389999,0
2011-04-08,83.430000,83.430000,83.430000,83.430000,83.430000,0
2011-04-11,84.160004,84.160004,84.160004,84.160004,84.160004,0
2011-04-12,85.360001,85.360001,85.360001,85.360001,85.360001,0
2011-04-13,86.040001,86.040001,86.040001,86.040001,86.040001,0
2011-04-14,86.070000,86.070000,86.070000,86.070000,86.070000,0
2011-04-15,85.720001,85.720001,85.720001,85.720001,85.720001,0
2011-04-18,89.110001,89.110001,89.110001,89.110001,89.110001,0
2011-04-19,85.730003,85.730003,85.730003,85.730003,85.730003,0
2011-04-20,86.209999,86.209999,86.209999,86.209999,86.209999,0
2011-04-21,87.709999,87.709999,87.709999,87.709999,87.709999,0
2011-04-25,87.680000,87.680000,87.680000,87.680000,87.680000,0
2011-04-26,85.720001,85.720001,85.720001,85.720001,85.720001,0
2011-04-27,83.209999,83.209999,83.209999,83.209999,83.209999,0
2011-04-28,82.889999,82.889999,82.889999,82.889999,82.889999,0
2011-04-29,83.980003,83.980003,83.980003,83.980003,83.980003,0
2011-05-02,88.500000,88.500000,88.500000,88.500000,88.500000,0
2011-05-03,90.620003,90.620003,90.620003,90.620003,90.620003,0
2011-05-04,91.389999,91.389999,91.389999,91.389999,91.389999,0
2011-05-05,95.080002,95.080002,95.080002,95.080002,95.080002,0
2011-05-06,94.430000,94.430000,94.430000,94.430000,94.430000,0
2011-05-09,90.860001,90.860001,90.860001,90.860001,90.860001,0
2011-05-10,87.559998,87.559998,87.559998,87.559998,87.559998,0
2011-05-11,96.250000,96.250000,96.250000,96.250000,96.250000,0
2011-05-12,93.570000,93.570000,93.570000,93.570000,93.570000,0
2011-05-13,93.860001,93.860001,93.860001,93.860001,93.860001,0
2011-05-16,94.440002,94.440002,94.440002,94.440002,94.440002,0
2011-05-17,93.639999,93.639999,93.639999,93.639999,93.639999,0
2011-05-18,90.699997,90.699997,90.699997,90.699997,90.699997,0
2011-05-19,87.529999,87.529999,87.529999,87.529999,87.529999,0
2011-05-20,90.230003,90.230003,90.230003,90.230003,90.230003,0
2011-05-23,92.080002,92.080002,92.080002,92.080002,92.080002,0
2011-05-24,88.470001,88.470001,88.470001,88.470001,88.470001,0
2011-05-25,85.290001,85.290001,85.290001,85.290001,85.290001,0
2011-05-26,81.480003,81.480003,81.480003,81.480003,81.480003,0
2011-05-27,81.459999,81.459999,81.459999,81.459999,81.459999,0
2011-05-31,80.919998,80.919998,80.919998,80.919998,80.919998,0
2011-06-01,87.589996,87.589996,87.589996,87.589996,87.589996,0
2011-06-02,85.220001,85.220001,85.220001,85.220001,85.220001,0
2011-06-03,85.540001,85.540001,85.540001,85.540001,85.540001,0
2011-06-06,88.150002,88.150002,88.150002,88.150002,88.150002,0
2011-06-07,83.720001,83.720001,83.720001,83.720001,83.720001,0
2011-06-08,88.980003,88.980003,88.980003,88.980003,88.980003,0
2011-06-09,85.650002,85.650002,85.650002,85.650002,85.650002,0
2011-06-10,93.339996,93.339996,93.339996,93.339996,93.339996,0
2011-06-13,98.349998,98.349998,98.349998,98.349998,98.349998,0
2011-06-14,91.739998,91.739998,91.739998,91.739998,91.739998,0
2011-06-15,105.070000,105.070000,105.070000,105.070000,105.070000,0
2011-06-16,100.389999,100.389999,100.389999,100.389999,100.389999,0
2011-06-17,95.309998,95.309998,95.309998,95.309998,95.309998,0
2011-06-20,90.250000,90.250000,90.250000,90.250000,90.250000,0
2011-06-21,90.550003,90.550003,90.550003,90.550003,90.550003,0
2011-06-22,91.709999,91.709999,91.709999,91.709999,91.709999,0
2011-06-23,93.089996,93.089996,93.089996,93.089996,93.089996,0
2011-06-24,99.139999,99.139999,99.139999,99.139999,99.139999,0
2011-06-27,94.290001,94.290001,94.290001,94.290001,94.290001,0
2011-06-28,90.330002,90.330002,90.330002,90.330002,90.330002,0
2011-06-29,85.900002,85.900002,85.900002,85.900002,85.900002,0
2011-06-30,81.080002,81.080002,81.080002,81.080002,81.080002,0
2011-07-01,78.639999,78.639999,78.639999,78.639999,78.639999,0
2011-07-05,81.339996,81.339996,81.339996,81.339996,81.339996,0
2011-07-06,82.690002,82.690002,82.690002,82.690002,82.690002,0
2011-07-07,80.699997,80.699997,80.699997,80.699997,80.699997,0
2011-07-08,80.820000,80.820000,80.820000,80.820000,80.820000,0
2011-07-11,90.870003,90.870003,90.870003,90.870003,90.870003,0
2011-07-12,88.389999,88.389999,88.389999,88.389999,88.389999,0
2011-07-13,88.919998,88.919998,88.919998,88.919998,88.919998,0
2011-07-14,95.720001,95.720001,95.720001,95.720001,95.720001,0
2011-07-15,89.330002,89.330002,89.330002,89.330002,89.330002,0
2011-07-18,97.809998,97.809998,97.809998,97.809998,97.809998,0
2011-07-19,91.010002,91.010002,91.010002,91.010002,91.010002,0
2011-07-20,86.059998,86.059998,86.059998,86.059998,86.059998,0
2011-07-21,81.680000,81.680000,81.680000,81.680000,81.680000,0
2011-07-22,82.449997,82.449997,82.449997,82.449997,82.449997,0
2011-07-25,90.199997,90.199997,90.199997,90.199997,90.199997,0
2011-07-26,93.349998,93.349998,93.349998,93.349998,93.349998,0
2011-07-27,102.010002,102.010002,102.010002,102.010002,102.010002,0
2011-07-28,105.620003,105.620003,105.620003,105.620003,105.620003,0
2011-07-29,106.570000,106.570000,106.570000,106.570000,106.570000,0
2011-08-01,95.889999,95.889999,95.889999,95.889999,95.889999,0
2011-08-02,102.010002,102.010002,102.010002,102.010002,102.010002,0
2011-08-03,98.580002,98.580002,98.580002,98.580002,98.580002,0
2011-08-04,121.760002,121.760002,121.760002,121.760002,121.760002,0
2011-08-05,118.610001,118.610001,118.610001,118.610001,118.610001,0
2011-08-08,134.630005,134.630005,134.630005,134.630005,134.630005,0
2011-08-09,112.800003,112.800003,112.800003,112.800003,112.800003,0
2011-08-10,132.860001,132.860001,132.860001,132.860001,132.860001,0
2011-08-11,128.759995,128.759995,128.759995,128.759995,128.759995,0
2011-08-12,120.190002,120.190002,120.190002,120.190002,120.190002,0
2011-08-15,109.000000,109.000000,109.000000,109.000000,109.000000,0
2011-08-16,104.660004,104.660004,104.660004,104.660004,104.660004,0
2011-08-17,104.620003,104.620003,104.620003,104.620003,104.620003,0
2011-08-18,106.660004,106.660004,106.660004,106.660004,106.660004,0
2011-08-19,111.580002,111.580002,111.580002,111.580002,111.580002,0
2011-08-22,111.250000,111.250000,111.250000,111.250000,111.250000,0
2011-08-23,103.430000,103.430000,103.430000,103.430000,103.430000,0
2011-08-24,104.540001,104.540001,104.540001,104.540001,104.540001,0
2011-08-25,112.400002,112.400002,112.400002,112.400002,112.400002,0
2011-08-26,104.720001,104.720001,104.720001,104.720001,104.720001,0
2011-08-29,96.510002,96.510002,96.510002,96.510002,96.510002,0
2011-08-30,96.160004,96.160004,96.160004,96.160004,96.160004,0
2011-08-31,94.160004,94.160004,94.160004,94.160004,94.160004,0
2011-09-01,92.309998,92.309998,92.309998,92.309998,92.309998,0
2011-09-02,91.000000,91.000000,91.000000,91.000000,91.000000,0
2011-09-06,97.010002,97.010002,97.010002,97.010002,97.010002,0
2011-09-07,93.300003,93.300003,93.300003,93.300003,93.300003,0
2011-09-08,93.449997,93.449997,93.449997,93.449997,93.449997,0
2011-09-09,99.070000,99.070000,99.070000,99.070000,99.070000,0
2011-09-12,97.070000,97.070000,97.070000,97.070000,97.070000,0
2011-09-13,96.139999,96.139999,96.139999,96.139999,96.139999,0
2011-09-14,100.220001,100.220001,100.220001,100.220001,100.220001,0
2011-09-15,96.690002,96.690002,96.690002,96.690002,96.690002,0
2011-09-16,93.669998,93.669998,93.669998,93.669998,93.669998,0
2011-09-19,95.949997,95.949997,95.949997,95.949997,95.949997,0
2011-09-20,92.900002,92.900002,92.900002,92.900002,92.900002,0
2011-09-21,98.580002,98.580002,98.580002,98.580002,98.580002,0
2011-09-22,103.910004,103.910004,103.910004,103.910004,103.910004,0
2011-09-23,104.769997,104.769997,104.769997,104.769997,104.769997,0
2011-09-26,102.889999,102.889999,102.889999,102.889999,102.889999,0
2011-09-27,100.309998,100.309998,100.309998,100.309998,100.309998,0
2011-09-28,104.300003,104.300003,104.300003,104.300003,104.300003,0
2011-09-29,101.050003,101.050003,101.050003,101.050003,101.050003,0
2011-09-30,101.080002,101.080002,101.080002,101.080002,101.080002,0
2011-10-03,103.889999,103.889999,103.889999,103.889999,103.889999,0
2011-10-04,99.309998,99.309998,99.309998,99.309998,99.309998,0
2011-10-05,94.660004,94.660004,94.660004,94.660004,94.660004,0
2011-10-06,93.519997,93.519997,93.519997,93.519997,93.519997,0
2011-10-07,92.570000,92.570000,92.570000,92.570000,92.570000,0
2011-10-10,89.389999,89.389999,89.389999,89.389999,89.389999,0
2011-10-11,90.980003,90.980003,90.980003,90.980003,90.980003,0
2011-10-12,91.339996,91.339996,91.339996,91.339996,91.339996,0
2011-10-13,95.099998,95.099998,95.099998,95.099998,95.099998,0
2011-10-14,94.690002,94.690002,94.690002,94.690002,94.690002,0
2011-10-17,103.550003,103.550003,103.550003,103.550003,103.550003,0
2011-10-18,100.209999,100.209999,100.209999,100.209999,100.209999,0
2011-10-19,103.290001,103.290001,103.290001,103.290001,103.290001,0
2011-10-20,102.970001,102.970001,102.970001,102.970001,102.970001,0
2011-10-21,98.050003,98.050003,98.050003,98.050003,98.050003,0
2011-10-24,97.129997,97.129997,97.129997,97.129997,97.129997,0
2011-10-25,97.750000,97.750000,97.750000,97.750000,97.750000,0
2011-10-26,97.739998,97.739998,97.739998,97.739998,97.739998,0
2011-10-27,94.440002,94.440002,94.440002,94.440002,94.440002,0
2011-10-28,94.190002,94.190002,94.190002,94.190002,94.190002,0
2011-10-31,104.839996,104.839996,104.839996,104.839996,104.839996,0
2011-11-01,113.150002,113.150002,113.150002,113.150002,113.150002,0
2011-11-02,107.400002,107.400002,107.400002,107.400002,107.400002,0
2011-11-03,104.279999,104.279999,104.279999,104.279999,104.279999,0
2011-11-04,103.339996,103.339996,103.339996,103.339996,103.339996,0
2011-11-07,103.349998,103.349998,103.349998,103.349998,103.349998,0
2011-11-08,98.050003,98.050003,98.050003,98.050003,98.050003,0
2011-11-09,122.730003,122.730003,122.730003,122.730003,122.730003,0
2011-11-10,113.540001,113.540001,113.540001,113.540001,113.540001,0
2011-11-11,112.099998,112.099998,112.099998,112.099998,112.099998,0
2011-11-14,112.349998,112.349998,112.349998,112.349998,112.349998,0
2011-11-15,107.550003,107.550003,107.550003,107.550003,107.550003,0
2011-11-16,111.180000,111.180000,111.180000,111.180000,111.180000,0
2011-11-17,111.860001,111.860001,111.860001,111.860001,111.860001,0
2011-11-18,101.919998,101.919998,101.919998,101.919998,101.919998,0
2011-11-21,99.599998,99.599998,99.599998,99.599998,99.599998,0
2011-11-22,98.529999,98.529999,98.529999,98.529999,98.529999,0
2011-11-23,101.459999,101.459999,101.459999,101.459999,101.459999,0
2011-11-25,98.980003,98.980003,98.980003,98.980003,98.980003,0
2011-11-28,96.230003,96.230003,96.230003,96.230003,96.230003,0
2011-11-29,95.470001,95.470001,95.470001,95.470001,95.470001,0
2011-11-30,92.220001,92.220001,92.220001,92.220001,92.220001,0
2011-12-01,90.879997,90.879997,90.879997,90.879997,90.879997,0
2011-12-02,92.459999,92.459999,92.459999,92.459999,92.459999,0
2011-12-05,92.970001,92.970001,92.970001,92.970001,92.970001,0
2011-12-06,92.209999,92.209999,92.209999,92.209999,92.209999,0
2011-12-07,92.839996,92.839996,92.839996,92.839996,92.839996,0
2011-12-08,94.970001,94.970001,94.970001,94.970001,94.970001,0
2011-12-09,90.919998,90.919998,90.919998,90.919998,90.919998,0
2011-12-12,93.209999,93.209999,93.209999,93.209999,93.209999,0
2011-12-13,94.550003,94.550003,94.550003,94.550003,94.550003,0
2011-12-14,99.629997,99.629997,99.629997,99.629997,99.629997,0
2011-12-15,97.709999,97.709999,97.709999,97.709999,97.709999,0
2011-12-16,94.279999,94.279999,94.279999,94.279999,94.279999,0
2011-12-19,90.269997,90.269997,90.269997,90.269997,90.269997,0
2011-12-20,88.639999,88.639999,88.639999,88.639999,88.639999,0
2011-12-21,85.540001,85.540001,85.540001,85.540001,85.540001,0
2011-12-22,86.180000,86.180000,86.180000,86.180000,86.180000,0
2011-12-23,86.540001,86.540001,86.540001,86.540001,86.540001,0
2011-12-27,88.129997,88.129997,88.129997,88.129997,88.129997,0
2011-12-28,94.080002,94.080002,94.080002,94.080002,94.080002,0
2011-12-29,91.800003,91.800003,91.800003,91.800003,91.800003,0
2011-12-30,91.699997,91.699997,91.699997,91.699997,91.699997,0
2012-01-03,91.389999,91.389999,91.389999,91.389999,91.389999,0
2012-01-04,88.889999,88.889999,88.889999,88.889999,88.889999,0
2012-01-05,87.690002,87.690002,87.690002,87.690002,87.690002,0
2012-01-06,86.949997,86.949997,86.949997,86.949997,86.949997,0
2012-01-09,87.800003,87.800003,87.800003,87.800003,87.800003,0
2012-01-10,88.820000,88.820000,88.820000,88.820000,88.820000,0
2012-01-11,93.169998,93.169998,93.169998,93.169998,93.169998,0
2012-01-12,90.510002,90.510002,90.510002,90.510002,90.510002,0
2012-01-13,93.550003,93.550003,93.550003,93.550003,93.550003,0
2012-01-17,93.660004,93.660004,93.660004,93.660004,93.660004,0
2012-01-18,90.089996,90.089996,90.089996,90.089996,90.089996,0
2012-01-19,88.730003,88.730003,88.730003,88.730003,88.730003,0
2012-01-20,89.239998,89.239998,89.239998,89.239998,89.239998,0
2012-01-23,89.589996,89.589996,89.589996,89.589996,89.589996,0
2012-01-24,89.010002,89.010002,89.010002,89.010002,89.010002,0
2012-01-25,86.010002,86.010002,86.010002,86.010002,86.010002,0
2012-01-26,88.919998,88.919998,88.919998,88.919998,88.919998,0
2012-01-27,87.440002,87.440002,87.440002,87.440002,87.440002,0
2012-01-30,89.860001,89.860001,89.860001,89.860001,89.860001,0
2012-01-31,88.510002,88.510002,88.510002,88.510002,88.510002,0
2012-02-01,85.779999,85.779999,85.779999,85.779999,85.779999,0
2012-02-02,84.099998,84.099998,84.099998,84.099998,84.099998,0
2012-02-03,84.040001,84.040001,84.040001,84.040001,84.040001,0
2012-02-06,85.379997,85.379997,85.379997,85.379997,85.379997,0
2012-02-07,83.790001,83.790001,83.790001,83.790001,83.790001,0
2012-02-08,97.010002,97.010002,97.010002,97.010002,97.010002,0
2012-02-09,100.760002,100.760002,100.760002,100.760002,100.760002,0
2012-02-10,104.150002,104.150002,104.150002,104.150002,104.150002,0
2012-02-13,102.449997,102.449997,102.449997,102.449997,102.449997,0
2012-02-14,107.820000,107.820000,107.820000,107.820000,107.820000,0
2012-02-15,114.650002,114.650002,114.650002,114.650002,114.650002,0
2012-02-16,110.410004,110.410004,110.410004,110.410004,110.410004,0
2012-02-17,108.559998,108.559998,108.559998,108.559998,108.559998,0
2012-02-21,107.709999,107.709999,107.709999,107.709999,107.709999,0
2012-02-22,100.809998,100.809998,100.809998,100.809998,100.809998,0
2012-02-23,94.440002,94.440002,94.440002,94.440002,94.440002,0
2012-02-24,99.430000,99.430000,99.430000,99.430000,99.430000,0
2012-02-27,101.680000,101.680000,101.680000,101.680000,101.680000,0
2012-02-28,99.129997,99.129997,99.129997,99.129997,99.129997,0
2012-02-29,101.599998,101.599998,101.599998,101.599998,101.599998,0
2012-03-01,97.430000,97.430000,97.430000,97.430000,97.430000,0
2012-03-02,96.940002,96.940002,96.940002,96.940002,96.940002,0
2012-03-05,98.180000,98.180000,98.180000,98.180000,98.180000,0
2012-03-06,105.110001,105.110001,105.110001,105.110001,105.110001,0
2012-03-07,100.459999,100.459999,100.459999,100.459999,100.459999,0
2012-03-08,97.190002,97.190002,97.190002,97.190002,97.190002,0
2012-03-09,97.980003,97.980003,97.980003,97.980003,97.980003,0
2012-03-12,98.610001,98.610001,98.610001,98.610001,98.610001,0
2012-03-13,98.470001,98.470001,98.470001,98.470001,98.470001,0
2012-03-14,106.629997,106.629997,106.629997,106.629997,106.629997,0
2012-03-15,108.419998,108.419998,108.419998,108.419998,108.419998,0
2012-03-16,105.779999,105.779999,105.779999,105.779999,105.779999,0
2012-03-19,106.489998,106.489998,106.489998,106.489998,106.489998,0
2012-03-20,109.379997,109.379997,109.379997,109.379997,109.379997,0
2012-03-21,104.650002,104.650002,104.650002,104.650002,104.650002,0
2012-03-22,102.529999,102.529999,102.529999,102.529999,102.529999,0
2012-03-23,98.599998,98.599998,98.599998,98.599998,98.599998,0
2012-03-26,96.080002,96.080002,96.080002,96.080002,96.080002,0
2012-03-27,101.150002,101.150002,101.150002,101.150002,101.150002,0
2012-03-28,102.739998,102.739998,102.739998,102.739998,102.739998,0
2012-03-29,101.940002,101.940002,101.940002,101.940002,101.940002,0
2012-03-30,100.279999,100.279999,100.279999,100.279999,100.279999,0
2012-04-02,100.379997,100.379997,100.379997,100.379997,100.379997,0
2012-04-03,98.370003,98.370003,98.370003,98.370003,98.370003,0
2012-04-04,99.730003,99.730003,99.730003,99.730003,99.730003,0
2012-04-05,99.470001,99.470001,99.470001,99.470001,99.470001,0
2012-04-09,104.589996,104.589996,104.589996,104.589996,104.589996,0
2012-04-10,109.129997,109.129997,109.129997,109.129997,109.129997,0
2012-04-11,111.190002,111.190002,111.190002,111.190002,111.190002,0
2012-04-12,104.269997,104.269997,104.269997,104.269997,104.269997,0
2012-04-13,110.760002,110.760002,110.760002,110.760002,110.760002,0
2012-04-16,110.970001,110.970001,110.970001,110.970001,110.970001,0
2012-04-17,107.010002,107.010002,107.010002,107.010002,107.010002,0
2012-04-18,106.059998,106.059998,106.059998,106.059998,106.059998,0
2012-04-19,103.959999,103.959999,103.959999,103.959999,103.959999,0
2012-04-20,101.080002,101.080002,101.080002,101.080002,101.080002,0
2012-04-23,104.010002,104.010002,104.010002,104.010002,104.010002,0
2012-04-24,99.839996,99.839996,99.839996,99.839996,99.839996,0
2012-04-25,93.279999,93.279999,93.279999,93.279999,93.279999,0
2012-04-26,89.650002,89.650002,89.650002,89.650002,89.650002,0
2012-04-27,88.620003,88.620003,88.620003,88.620003,88.620003,0
2012-04-30,89.320000,89.320000,89.320000,89.320000,89.320000,0
2012-05-01,87.059998,87.059998,87.059998,87.059998,87.059998,0
2012-05-02,86.290001,86.290001,86.290001,86.290001,86.290001,0
2012-05-03,88.349998,88.349998,88.349998,88.349998,88.349998,0
2012-05-04,91.309998,91.309998,91.309998,91.309998,91.309998,0
2012-05-07,90.910004,90.910004,90.910004,90.910004,90.910004,0
2012-05-08,91.330002,91.330002,91.330002,91.330002,91.330002,0
2012-05-09,102.070000,102.070000,102.070000,102.070000,102.070000,0
2012-05-10,98.650002,98.650002,98.650002,98.650002,98.650002,0
2012-05-11,100.120003,100.120003,100.120003,100.120003,100.120003,0
2012-05-14,105.849998,105.849998,105.849998,105.849998,105.849998,0
2012-05-15,109.610001,109.610001,109.610001,109.610001,109.610001,0
2012-05-16,109.220001,109.220001,109.220001,109.220001,109.220001,0
2012-05-17,112.839996,112.839996,112.839996,112.839996,112.839996,0
2012-05-18,117.440002,117.440002,117.440002,117.440002,117.440002,0
2012-05-21,108.500000,108.500000,108.500000,108.500000,108.500000,0
2012-05-22,110.480003,110.480003,110.480003,110.480003,110.480003,0
2012-05-23,107.480003,107.480003,107.480003,107.480003,107.480003,0
2012-05-24,104.519997,104.519997,104.519997,104.519997,104.519997,0
2012-05-25,103.099998,103.099998,103.099998,103.099998,103.099998,0
2012-05-29,100.980003,100.980003,100.980003,100.980003,100.980003,0
2012-05-30,109.730003,109.730003,109.730003,109.730003,109.730003,0
2012-05-31,108.750000,108.750000,108.750000,108.750000,108.750000,0
2012-06-01,111.410004,111.410004,111.410004,111.410004,111.410004,0
2012-06-04,107.040001,107.040001,107.040001,107.040001,107.040001,0
2012-06-05,102.779999,102.779999,102.779999,102.779999,102.779999,0
2012-06-06,97.709999,97.709999,97.709999,97.709999,97.709999,0
2012-06-07,98.360001,98.360001,98.360001,98.360001,98.360001,0
2012-06-08,96.599998,96.599998,96.599998,96.599998,96.599998,0
2012-06-11,105.510002,105.510002,105.510002,105.510002,105.510002,0
2012-06-12,103.220001,103.220001,103.220001,103.220001,103.220001,0
2012-06-13,110.599998,110.599998,110.599998,110.599998,110.599998,0
2012-06-14,107.779999,107.779999,107.779999,107.779999,107.779999,0
2012-06-15,108.230003,108.230003,108.230003,108.230003,108.230003,0
2012-06-18,99.300003,99.300003,99.300003,99.300003,99.300003,0
2012-06-19,98.129997,98.129997,98.129997,98.129997,98.129997,0
2012-06-20,96.410004,96.410004,96.410004,96.410004,96.410004,0
2012-06-21,105.470001,105.470001,105.470001,105.470001,105.470001,0
2012-06-22,104.129997,104.129997,104.129997,104.129997,104.129997,0
2012-06-25,104.459999,104.459999,104.459999,104.459999,104.459999,0
2012-06-26,100.660004,100.660004,100.660004,100.660004,100.660004,0
2012-06-27,98.110001,98.110001,98.110001,98.110001,98.110001,0
2012-06-28,97.209999,97.209999,97.209999,97.209999,97.209999,0
2012-06-29,89.589996,89.589996,89.589996,89.589996,89.589996,0
2012-07-02,85.610001,85.610001,85.610001,85.610001,85.610001,0
2012-07-03,84.589996,84.589996,84.589996,84.589996,84.589996,0
2012-07-05,89.430000,89.430000,89.430000,89.430000,89.430000,0
2012-07-06,90.099998,90.099998,90.099998,90.099998,90.099998,0
2012-07-09,92.849998,92.849998,92.849998,92.849998,92.849998,0
2012-07-10,94.910004,94.910004,94.910004,94.910004,94.910004,0
2012-07-11,96.250000,96.250000,96.250000,96.250000,96.250000,0
2012-07-12,95.220001,95.220001,95.220001,95.220001,95.220001,0
2012-07-13,91.099998,91.099998,91.099998,91.099998,91.099998,0
2012-07-16,94.209999,94.209999,94.209999,94.209999,94.209999,0
2012-07-17,93.489998,93.489998,93.489998,93.489998,93.489998,0
2012-07-18,94.029999,94.029999,94.029999,94.029999,94.029999,0
2012-07-19,93.730003,93.730003,93.730003,93.730003,93.730003,0
2012-07-20,100.610001,100.610001,100.610001,100.610001,100.610001,0
2012-07-23,107.320000,107.320000,107.320000,107.320000,107.320000,0
2012-07-24,111.650002,111.650002,111.650002,111.650002,111.650002,0
2012-07-25,106.529999,106.529999,106.529999,106.529999,106.529999,0
2012-07-26,98.589996,98.589996,98.589996,98.589996,98.589996,0
2012-07-27,93.080002,93.080002,93.080002,93.080002,93.080002,0
2012-07-30,94.739998,94.739998,94.739998,94.739998,94.739998,0
2012-07-31,96.110001,96.110001,96.110001,96.110001,96.110001,0
2012-08-01,94.230003,94.230003,94.230003,94.230003,94.230003,0
2012-08-02,89.629997,89.629997,89.629997,89.629997,89.629997,0
2012-08-03,84.500000,84.500000,84.500000,84.500000,84.500000,0
2012-08-06,84.470001,84.470001,84.470001,84.470001,84.470001,0
2012-08-07,86.870003,86.870003,86.870003,86.870003,86.870003,0
2012-08-08,85.180000,85.180000,85.180000,85.180000,85.180000,0
2012-08-09,83.910004,83.910004,83.910004,83.910004,83.910004,0
2012-08-10,84.830002,84.830002,84.830002,84.830002,84.830002,0
2012-08-13,89.580002,89.580002,89.580002,89.580002,89.580002,0
2012-08-14,94.330002,94.330002,94.330002,94.330002,94.330002,0
2012-08-15,97.949997,97.949997,97.949997,97.949997,97.949997,0
2012-08-16,95.650002,95.650002,95.650002,95.650002,95.650002,0
2012-08-17,95.019997,95.019997,95.019997,95.019997,95.019997,0
2012-08-20,96.639999,96.639999,96.639999,96.639999,96.639999,0
2012-08-21,97.410004,97.410004,97.410004,97.410004,97.410004,0
2012-08-22,99.139999,99.139999,99.139999,99.139999,99.139999,0
2012-08-23,98.400002,98.400002,98.400002,98.400002,98.400002,0
2012-08-24,94.989998,94.989998,94.989998,94.989998,94.989998,0
2012-08-27,94.889999,94.889999,94.889999,94.889999,94.889999,0
2012-08-28,94.430000,94.430000,94.430000,94.430000,94.430000,0
2012-08-29,94.709999,94.709999,94.709999,94.709999,94.709999,0
2012-08-30,96.330002,96.330002,96.330002,96.330002,96.330002,0
2012-08-31,93.300003,93.300003,93.300003,93.300003,93.300003,0
2012-09-04,93.709999,93.709999,93.709999,93.709999,93.709999,0
2012-09-05,90.150002,90.150002,90.150002,90.150002,90.150002,0
2012-09-06,83.650002,83.650002,83.650002,83.650002,83.650002,0
2012-09-07,82.239998,82.239998,82.239998,82.239998,82.239998,0
2012-09-10,92.769997,92.769997,92.769997,92.769997,92.769997,0
2012-09-11,92.389999,92.389999,92.389999,92.389999,92.389999,0
2012-09-12,93.940002,93.940002,93.940002,93.940002,93.940002,0
2012-09-13,87.809998,87.809998,87.809998,87.809998,87.809998,0
2012-09-14,93.040001,93.040001,93.040001,93.040001,93.040001,0
2012-09-17,92.949997,92.949997,92.949997,92.949997,92.949997,0
2012-09-18,90.129997,90.129997,90.129997,90.129997,90.129997,0
2012-09-19,88.610001,88.610001,88.610001,88.610001,88.610001,0
2012-09-20,88.720001,88.720001,88.720001,88.720001,88.720001,0
2012-09-21,87.900002,87.900002,87.900002,87.900002,87.900002,0
2012-09-24,85.879997,85.879997,85.879997,85.879997,85.879997,0
2012-09-25,92.790001,92.790001,92.790001,92.790001,92.790001,0
2012-09-26,95.050003,95.050003,95.050003,95.050003,95.050003,0
2012-09-27,88.239998,88.239998,88.239998,88.239998,88.239998,0
2012-09-28,90.489998,90.489998,90.489998,90.489998,90.489998,0
2012-10-01,92.510002,92.510002,92.510002,92.510002,92.510002,0
2012-10-02,90.250000,90.250000,90.250000,90.250000,90.250000,0
2012-10-03,87.559998,87.559998,87.559998,87.559998,87.559998,0
2012-10-04,83.510002,83.510002,83.510002,83.510002,83.510002,0
2012-10-05,83.099998,83.099998,83.099998,83.099998,83.099998,0
2012-10-08,85.849998,85.849998,85.849998,85.849998,85.849998,0
2012-10-09,88.529999,88.529999,88.529999,88.529999,88.529999,0
2012-10-10,94.360001,94.360001,94.360001,94.360001,94.360001,0
2012-10-11,90.739998,90.739998,90.739998,90.739998,90.739998,0
2012-10-12,91.870003,91.870003,91.870003,91.870003,91.870003,0
2012-10-15,92.919998,92.919998,92.919998,92.919998,92.919998,0
2012-10-16,90.309998,90.309998,90.309998,90.309998,90.309998,0
2012-10-17,85.599998,85.599998,85.599998,85.599998,85.599998,0
2012-10-18,86.510002,86.510002,86.510002,86.510002,86.510002,0
2012-10-19,92.629997,92.629997,92.629997,92.629997,92.629997,0
2012-10-22,92.480003,92.480003,92.480003,92.480003,92.480003,0
2012-10-23,99.660004,99.660004,99.660004,99.660004,99.660004,0
2012-10-24,96.389999,96.389999,96.389999,96.389999,96.389999,0
2012-10-25,91.860001,91.860001,91.860001,91.860001,91.860001,0
2012-10-26,89.430000,89.430000,89.430000,89.430000,89.430000,0
2012-10-31,90.230003,90.230003,90.230003,90.230003,90.230003,0
2012-11-01,81.699997,81.699997,81.699997,81.699997,81.699997,0
2012-11-02,87.839996,87.839996,87.839996,87.839996,87.839996,0
2012-11-05,90.750000,90.750000,90.750000,90.750000,90.750000,0
2012-11-06,87.559998,87.559998,87.559998,87.559998,87.559998,0
2012-11-07,94.750000,94.750000,94.750000,94.750000,94.750000,0
2012-11-08,93.389999,93.389999,93.389999,93.389999,93.389999,0
2012-11-09,94.019997,94.019997,94.019997,94.019997,94.019997,0
2012-11-12,90.540001,90.540001,90.540001,90.540001,90.540001,0
2012-11-13,87.839996,87.839996,87.839996,87.839996,87.839996,0
2012-11-14,94.660004,94.660004,94.660004,94.660004,94.660004,0
2012-11-15,94.540001,94.540001,94.540001,94.540001,94.540001,0
2012-11-16,90.269997,90.269997,90.269997,90.269997,90.269997,0
2012-11-19,88.430000,88.430000,88.430000,88.430000,88.430000,0
2012-11-20,85.930000,85.930000,85.930000,85.930000,85.930000,0
2012-11-21,85.849998,85.849998,85.849998,85.849998,85.849998,0
2012-11-23,82.860001,82.860001,82.860001,82.860001,82.860001,0
2012-11-26,82.449997,82.449997,82.449997,82.449997,82.449997,0
2012-11-27,84.169998,84.169998,84.169998,84.169998,84.169998,0
2012-11-28,80.389999,80.389999,80.389999,80.389999,80.389999,0
2012-11-29,78.419998,78.419998,78.419998,78.419998,78.419998,0
2012-11-30,78.589996,78.589996,78.589996,78.589996,78.589996,0
2012-12-03,84.070000,84.070000,84.070000,84.070000,84.070000,0
2012-12-04,86.180000,86.180000,86.180000,86.180000,86.180000,0
2012-12-05,82.980003,82.980003,82.980003,82.980003,82.980003,0
2012-12-06,84.150002,84.150002,84.150002,84.150002,84.150002,0
2012-12-07,80.739998,80.739998,80.739998,80.739998,80.739998,0
2012-12-10,81.559998,81.559998,81.559998,81.559998,81.559998,0
2012-12-11,78.699997,78.699997,78.699997,78.699997,78.699997,0
2012-12-12,83.019997,83.019997,83.019997,83.019997,83.019997,0
2012-12-13,86.739998,86.739998,86.739998,86.739998,86.739998,0
2012-12-14,86.389999,86.389999,86.389999,86.389999,86.389999,0
2012-12-17,82.099998,82.099998,82.099998,82.099998,82.099998,0
2012-12-18,79.360001,79.360001,79.360001,79.360001,79.360001,0
2012-12-19,83.330002,83.330002,83.330002,83.330002,83.330002,0
2012-12-20,83.059998,83.059998,83.059998,83.059998,83.059998,0
2012-12-21,87.699997,87.699997,87.699997,87.699997,87.699997,0
2012-12-24,89.269997,89.269997,89.269997,89.269997,89.269997,0
2012-12-26,92.169998,92.169998,92.169998,92.169998,92.169998,0
2012-12-27,90.889999,90.889999,90.889999,90.889999,90.889999,0
2012-12-28,104.720001,104.720001,104.720001,104.720001,104.720001,0
2012-12-31,92.500000,92.500000,92.500000,92.500000,92.500000,0
2013-01-02,78.769997,78.769997,78.769997,78.769997,78.769997,0
2013-01-03,77.019997,77.019997,77.019997,77.019997,77.019997,0
2013-01-04,75.180000,75.180000,75.180000,75.180000,75.180000,0
2013-01-07,76.769997,76.769997,76.769997,76.769997,76.769997,0
2013-01-08,78.370003,78.370003,78.370003,78.370003,78.370003,0
2013-01-09,78.510002,78.510002,78.510002,78.510002,78.510002,0
2013-01-10,77.489998,77.489998,77.489998,77.489998,77.489998,0
2013-01-11,78.519997,78.519997,78.519997,78.519997,78.519997,0
2013-01-14,78.279999,78.279999,78.279999,78.279999,78.279999,0
2013-01-15,77.839996,77.839996,77.839996,77.839996,77.839996,0
2013-01-16,77.260002,77.260002,77.260002,77.260002,77.260002,0
2013-01-17,78.769997,78.769997,78.769997,78.769997,78.769997,0
2013-01-18,73.430000,73.430000,73.430000,73.430000,73.430000,0
2013-01-22,73.870003,73.870003,73.870003,73.870003,73.870003,0
2013-01-23,71.860001,71.860001,71.860001,71.860001,71.860001,0
2013-01-24,76.169998,76.169998,76.169998,76.169998,76.169998,0
2013-01-25,76.919998,76.919998,76.919998,76.919998,76.919998,0
2013-01-28,78.160004,78.160004,78.160004,78.160004,78.160004,0
2013-01-29,73.610001,73.610001,73.610001,73.610001,73.610001,0
2013-01-30,77.339996,77.339996,77.339996,77.339996,77.339996,0
2013-01-31,76.720001,76.720001,76.720001,76.720001,76.720001,0
2013-02-01,73.290001,73.290001,73.290001,73.290001,73.290001,0
2013-02-04,77.790001,77.790001,77.790001,77.790001,77.790001,0
2013-02-05,75.070000,75.070000,75.070000,75.070000,75.070000,0
2013-02-06,77.239998,77.239998,77.239998,77.239998,77.239998,0
2013-02-07,76.860001,76.860001,76.860001,76.860001,76.860001,0
2013-02-08,74.419998,74.419998,74.419998,74.419998,74.419998,0
2013-02-11,76.099998,76.099998,76.099998,76.099998,76.099998,0
2013-02-12,73.830002,73.830002,73.830002,73.830002,73.830002,0
2013-02-13,73.250000,73.250000,73.250000,73.250000,73.250000,0
2013-02-14,72.989998,72.989998,72.989998,72.989998,72.989998,0
2013-02-15,72.550003,72.550003,72.550003,72.550003,72.550003,0
2013-02-19,70.449997,70.449997,70.449997,70.449997,70.449997,0
2013-02-20,79.650002,79.650002,79.650002,79.650002,79.650002,0
2013-02-21,80.830002,80.830002,80.830002,80.830002,80.830002,0
2013-02-22,78.660004,78.660004,78.660004,78.660004,78.660004,0
2013-02-25,94.339996,94.339996,94.339996,94.339996,94.339996,0
2013-02-26,90.230003,90.230003,90.230003,90.230003,90.230003,0
2013-02-27,82.290001,82.290001,82.290001,82.290001,82.290001,0
2013-02-28,86.570000,86.570000,86.570000,86.570000,86.570000,0
2013-03-01,87.830002,87.830002,87.830002,87.830002,87.830002,0
2013-03-04,82.269997,82.269997,82.269997,82.269997,82.269997,0
2013-03-05,79.320000,79.320000,79.320000,79.320000,79.320000,0
2013-03-06,78.779999,78.779999,78.779999,78.779999,78.779999,0
2013-03-07,77.160004,77.160004,77.160004,77.160004,77.160004,0
2013-03-08,76.650002,76.650002,76.650002,76.650002,76.650002,0
2013-03-11,77.320000,77.320000,77.320000,77.320000,77.320000,0
2013-03-12,79.989998,79.989998,79.989998,79.989998,79.989998,0
2013-03-13,84.360001,84.360001,84.360001,84.360001,84.360001,0
2013-03-14,83.500000,83.500000,83.500000,83.500000,83.500000,0
2013-03-15,85.720001,85.720001,85.720001,85.720001,85.720001,0
2013-03-18,93.070000,93.070000,93.070000,93.070000,93.070000,0
2013-03-19,94.389999,94.389999,94.389999,94.389999,94.389999,0
2013-03-20,89.449997,89.449997,89.449997,89.449997,89.449997,0
2013-03-21,93.980003,93.980003,93.980003,93.980003,93.980003,0
2013-03-22,91.779999,91.779999,91.779999,91.779999,91.779999,0
2013-03-25,88.860001,88.860001,88.860001,88.860001,88.860001,0
2013-03-26,85.139999,85.139999,85.139999,85.139999,85.139999,0
2013-03-27,85.320000,85.320000,85.320000,85.320000,85.320000,0
2013-03-28,83.199997,83.199997,83.199997,83.199997,83.199997,0
2013-04-01,84.230003,84.230003,84.230003,84.230003,84.230003,0
2013-04-02,80.489998,80.489998,80.489998,80.489998,80.489998,0
2013-04-03,85.230003,85.230003,85.230003,85.230003,85.230003,0
2013-04-04,83.120003,83.120003,83.120003,83.120003,83.120003,0
2013-04-05,84.489998,84.489998,84.489998,84.489998,84.489998,0
2013-04-08,82.120003,82.120003,82.120003,82.120003,82.120003,0
2013-04-09,82.040001,82.040001,82.040001,82.040001,82.040001,0
2013-04-10,82.750000,82.750000,82.750000,82.750000,82.750000,0
2013-04-11,83.370003,83.370003,83.370003,83.370003,83.370003,0
2013-04-12,82.389999,82.389999,82.389999,82.389999,82.389999,0
2013-04-15,104.620003,104.620003,104.620003,104.620003,104.620003,0
2013-04-16,88.190002,88.190002,88.190002,88.190002,88.190002,0
2013-04-17,105.260002,105.260002,105.260002,105.260002,105.260002,0
2013-04-18,107.650002,107.650002,107.650002,107.650002,107.650002,0
2013-04-19,95.519997,95.519997,95.519997,95.519997,95.519997,0
2013-04-22,90.910004,90.910004,90.910004,90.910004,90.910004,0
2013-04-23,85.160004,85.160004,85.160004,85.160004,85.160004,0
2013-04-24,84.989998,84.989998,84.989998,84.989998,84.989998,0
2013-04-25,85.889999,85.889999,85.889999,85.889999,85.889999,0
2013-04-26,85.089996,85.089996,85.089996,85.089996,85.089996,0
2013-04-29,84.419998,84.419998,84.419998,84.419998,84.419998,0
2013-04-30,83.459999,83.459999,83.459999,83.459999,83.459999,0
2013-05-01,88.110001,88.110001,88.110001,88.110001,88.110001,0
2013-05-02,83.820000,83.820000,83.820000,83.820000,83.820000,0
2013-05-03,80.910004,80.910004,80.910004,80.910004,80.910004,0
2013-05-06,79.779999,79.779999,79.779999,79.779999,79.779999,0
2013-05-07,78.860001,78.860001,78.860001,78.860001,78.860001,0
2013-05-08,79.809998,79.809998,79.809998,79.809998,79.809998,0
2013-05-09,81.139999,81.139999,81.139999,81.139999,81.139999,0
2013-05-10,80.449997,80.449997,80.449997,80.449997,80.449997,0
2013-05-13,80.449997,80.449997,80.449997,80.449997,80.449997,0
2013-05-14,80.449997,80.449997,80.449997,80.449997,80.449997,0
2013-05-15,83.150002,83.150002,83.150002,83.150002,83.150002,0
2013-05-16,84.500000,84.500000,84.500000,84.500000,84.500000,0
2013-05-17,84.000000,84.000000,84.000000,84.000000,84.000000,0
2013-05-20,85.010002,85.010002,85.010002,85.010002,85.010002,0
2013-05-21,88.040001,88.040001,88.040001,88.040001,88.040001,0
2013-05-22,88.230003,88.230003,88.230003,88.230003,88.230003,0
2013-05-23,87.400002,87.400002,87.400002,87.400002,87.400002,0
2013-05-24,83.879997,83.879997,83.879997,83.879997,83.879997,0
2013-05-28,82.650002,82.650002,82.650002,82.650002,82.650002,0
2013-05-29,81.720001,81.720001,81.720001,81.720001,81.720001,0
2013-05-30,80.220001,80.220001,80.220001,80.220001,80.220001,0
2013-05-31,84.870003,84.870003,84.870003,84.870003,84.870003,0
2013-06-03,86.989998,86.989998,86.989998,86.989998,86.989998,0
2013-06-04,87.389999,87.389999,87.389999,87.389999,87.389999,0
2013-06-05,93.180000,93.180000,93.180000,93.180000,93.180000,0
2013-06-06,91.910004,91.910004,91.910004,91.910004,91.910004,0
2013-06-07,84.190002,84.190002,84.190002,84.190002,84.190002,0
2013-06-10,82.940002,82.940002,82.940002,82.940002,82.940002,0
2013-06-11,92.320000,92.320000,92.320000,92.320000,92.320000,0
2013-06-12,101.769997,101.769997,101.769997,101.769997,101.769997,0
2013-06-13,95.080002,95.080002,95.080002,95.080002,95.080002,0
2013-06-14,93.870003,93.870003,93.870003,93.870003,93.870003,0
2013-06-17,90.449997,90.449997,90.449997,90.449997,90.449997,0
2013-06-18,89.989998,89.989998,89.989998,89.989998,89.989998,0
2013-06-19,88.589996,88.589996,88.589996,88.589996,88.589996,0
2013-06-20,100.980003,100.980003,100.980003,100.980003,100.980003,0
2013-06-21,96.099998,96.099998,96.099998,96.099998,96.099998,0
2013-06-24,100.930000,100.930000,100.930000,100.930000,100.930000,0
2013-06-25,94.830002,94.830002,94.830002,94.830002,94.830002,0
2013-06-26,90.760002,90.760002,90.760002,90.760002,90.760002,0
2013-06-27,86.050003,86.050003,86.050003,86.050003,86.050003,0
2013-06-28,86.540001,86.540001,86.540001,86.540001,86.540001,0
2013-07-01,84.889999,84.889999,84.889999,84.889999,84.889999,0
2013-07-02,83.699997,83.699997,83.699997,83.699997,83.699997,0
2013-07-03,82.720001,82.720001,82.720001,82.720001,82.720001,0
2013-07-05,77.410004,77.410004,77.410004,77.410004,77.410004,0
2013-07-08,75.489998,75.489998,75.489998,75.489998,75.489998,0
2013-07-09,75.919998,75.919998,75.919998,75.919998,75.919998,0
2013-07-10,79.540001,79.540001,79.540001,79.540001,79.540001,0
2013-07-11,77.160004,77.160004,77.160004,77.160004,77.160004,0
2013-07-12,76.139999,76.139999,76.139999,76.139999,76.139999,0
2013-07-15,76.220001,76.220001,76.220001,76.220001,76.220001,0
2013-07-16,80.839996,80.839996,80.839996,80.839996,80.839996,0
2013-07-17,77.059998,77.059998,77.059998,77.059998,77.059998,0
2013-07-18,74.680000,74.680000,74.680000,74.680000,74.680000,0
2013-07-19,73.639999,73.639999,73.639999,73.639999,73.639999,0
2013-07-22,72.489998,72.489998,72.489998,72.489998,72.489998,0
2013-07-23,75.050003,75.050003,75.050003,75.050003,75.050003,0
2013-07-24,76.800003,76.800003,76.800003,76.800003,76.800003,0
2013-07-25,76.739998,76.739998,76.739998,76.739998,76.739998,0
2013-07-26,76.540001,76.540001,76.540001,76.540001,76.540001,0
2013-07-29,76.650002,76.650002,76.650002,76.650002,76.650002,0
2013-07-30,74.349998,74.349998,74.349998,74.349998,74.349998,0
2013-07-31,73.080002,73.080002,73.080002,73.080002,73.080002,0
2013-08-01,71.099998,71.099998,71.099998,71.099998,71.099998,0
2013-08-02,70.360001,70.360001,70.360001,70.360001,70.360001,0
2013-08-05,69.739998,69.739998,69.739998,69.739998,69.739998,0
2013-08-06,75.529999,75.529999,75.529999,75.529999,75.529999,0
2013-08-07,76.570000,76.570000,76.570000,76.570000,76.570000,0
2013-08-08,75.410004,75.410004,75.410004,75.410004,75.410004,0
2013-08-09,77.330002,77.330002,77.330002,77.330002,77.330002,0
2013-08-12,78.769997,78.769997,78.769997,78.769997,78.769997,0
2013-08-13,78.940002,78.940002,78.940002,78.940002,78.940002,0
2013-08-14,80.220001,80.220001,80.220001,80.220001,80.220001,0
2013-08-15,86.209999,86.209999,86.209999,86.209999,86.209999,0
2013-08-16,84.089996,84.089996,84.089996,84.089996,84.089996,0
2013-08-19,86.910004,86.910004,86.910004,86.910004,86.910004,0
2013-08-20,89.080002,89.080002,89.080002,89.080002,89.080002,0
2013-08-21,90.379997,90.379997,90.379997,90.379997,90.379997,0
2013-08-22,84.519997,84.519997,84.519997,84.519997,84.519997,0
2013-08-23,80.019997,80.019997,80.019997,80.019997,80.019997,0
2013-08-26,83.059998,83.059998,83.059998,83.059998,83.059998,0
2013-08-27,92.360001,92.360001,92.360001,92.360001,92.360001,0
2013-08-28,91.459999,91.459999,91.459999,91.459999,91.459999,0
2013-08-29,91.489998,91.489998,91.489998,91.489998,91.489998,0
2013-08-30,92.599998,92.599998,92.599998,92.599998,92.599998,0
2013-09-03,90.660004,90.660004,90.660004,90.660004,90.660004,0
2013-09-04,88.279999,88.279999,88.279999,88.279999,88.279999,0
2013-09-05,85.800003,85.800003,85.800003,85.800003,85.800003,0
2013-09-06,86.510002,86.510002,86.510002,86.510002,86.510002,0
2013-09-09,83.459999,83.459999,83.459999,83.459999,83.459999,0
2013-09-10,79.250000,79.250000,79.250000,79.250000,79.250000,0
2013-09-11,78.400002,78.400002,78.400002,78.400002,78.400002,0
2013-09-12,80.970001,80.970001,80.970001,80.970001,80.970001,0
2013-09-13,79.730003,79.730003,79.730003,79.730003,79.730003,0
2013-09-16,80.089996,80.089996,80.089996,80.089996,80.089996,0
2013-09-17,79.489998,79.489998,79.489998,79.489998,79.489998,0
2013-09-18,74.650002,74.650002,74.650002,74.650002,74.650002,0
2013-09-19,73.220001,73.220001,73.220001,73.220001,73.220001,0
2013-09-20,76.889999,76.889999,76.889999,76.889999,76.889999,0
2013-09-23,77.559998,77.559998,77.559998,77.559998,77.559998,0
2013-09-24,74.779999,74.779999,74.779999,74.779999,74.779999,0
2013-09-25,73.080002,73.080002,73.080002,73.080002,73.080002,0
2013-09-26,69.959999,69.959999,69.959999,69.959999,69.959999,0
2013-09-27,74.930000,74.930000,74.930000,74.930000,74.930000,0
2013-09-30,81.669998,81.669998,81.669998,81.669998,81.669998,0
2013-10-01,76.430000,76.430000,76.430000,76.430000,76.430000,0
2013-10-02,85.730003,85.730003,85.730003,85.730003,85.730003,0
2013-10-03,93.790001,93.790001,93.790001,93.790001,93.790001,0
2013-10-04,88.709999,88.709999,88.709999,88.709999,88.709999,0
2013-10-07,103.080002,103.080002,103.080002,103.080002,103.080002,0
2013-10-08,106.550003,106.550003,106.550003,106.550003,106.550003,0
2013-10-09,111.430000,111.430000,111.430000,111.430000,111.430000,0
2013-10-10,95.309998,95.309998,95.309998,95.309998,95.309998,0
2013-10-11,90.849998,90.849998,90.849998,90.849998,90.849998,0
2013-10-14,91.800003,91.800003,91.800003,91.800003,91.800003,0
2013-10-15,103.370003,103.370003,103.370003,103.370003,103.370003,0
2013-10-16,85.699997,85.699997,85.699997,85.699997,85.699997,0
2013-10-17,72.699997,72.699997,72.699997,72.699997,72.699997,0
2013-10-18,73.419998,73.419998,73.419998,73.419998,73.419998,0
2013-10-21,75.019997,75.019997,75.019997,75.019997,75.019997,0
2013-10-22,74.129997,74.129997,74.129997,74.129997,74.129997,0
2013-10-23,72.430000,72.430000,72.430000,72.430000,72.430000,0
2013-10-24,70.839996,70.839996,70.839996,70.839996,70.839996,0
2013-10-25,70.029999,70.029999,70.029999,70.029999,70.029999,0
2013-10-28,70.160004,70.160004,70.160004,70.160004,70.160004,0
2013-10-29,68.519997,68.519997,68.519997,68.519997,68.519997,0
2013-10-30,69.559998,69.559998,69.559998,69.559998,69.559998,0
2013-10-31,69.440002,69.440002,69.440002,69.440002,69.440002,0
2013-11-01,68.940002,68.940002,68.940002,68.940002,68.940002,0
2013-11-04,67.089996,67.089996,67.089996,67.089996,67.089996,0
2013-11-05,67.410004,67.410004,67.410004,67.410004,67.410004,0
2013-11-06,67.410004,67.410004,67.410004,67.410004,67.410004,0
2013-11-07,71.739998,71.739998,71.739998,71.739998,71.739998,0
2013-11-08,69.389999,69.389999,69.389999,69.389999,69.389999,0
2013-11-11,69.389999,69.389999,69.389999,69.389999,69.389999,0
2013-11-12,69.389999,69.389999,69.389999,69.389999,69.389999,0
2013-11-13,71.370003,71.370003,71.370003,71.370003,71.370003,0
2013-11-14,71.910004,71.910004,71.910004,71.910004,71.910004,0
2013-11-15,73.580002,73.580002,73.580002,73.580002,73.580002,0
2013-11-18,75.059998,75.059998,75.059998,75.059998,75.059998,0
2013-11-19,74.449997,74.449997,74.449997,74.449997,74.449997,0
2013-11-20,69.050003,69.050003,69.050003,69.050003,69.050003,0
2013-11-21,64.949997,64.949997,64.949997,64.949997,64.949997,0
2013-11-22,63.770000,63.770000,63.770000,63.770000,63.770000,0
2013-11-25,64.879997,64.879997,64.879997,64.879997,64.879997,0
2013-11-26,65.139999,65.139999,65.139999,65.139999,65.139999,0
2013-11-27,64.809998,64.809998,64.809998,64.809998,64.809998,0
2013-11-29,64.809998,64.809998,64.809998,64.809998,64.809998,0
2013-12-02,69.589996,69.589996,69.589996,69.589996,69.589996,0
2013-12-03,73.209999,73.209999,73.209999,73.209999,73.209999,0
2013-12-04,72.730003,72.730003,72.730003,72.730003,72.730003,0
2013-12-05,75.800003,75.800003,75.800003,75.800003,75.800003,0
2013-12-06,70.449997,70.449997,70.449997,70.449997,70.449997,0
2013-12-09,70.449997,70.449997,70.449997,70.449997,70.449997,0
2013-12-10,70.449997,70.449997,70.449997,70.449997,70.449997,0
2013-12-11,80.550003,80.550003,80.550003,80.550003,80.550003,0
2013-12-12,83.379997,83.379997,83.379997,83.379997,83.379997,0
2013-12-13,85.389999,85.389999,85.389999,85.389999,85.389999,0
2013-12-16,83.199997,83.199997,83.199997,83.199997,83.199997,0
2013-12-17,82.230003,82.230003,82.230003,82.230003,82.230003,0
2013-12-18,67.169998,67.169998,67.169998,67.169998,67.169998,0
2013-12-19,67.029999,67.029999,67.029999,67.029999,67.029999,0
2013-12-20,68.000000,68.000000,68.000000,68.000000,68.000000,0
2013-12-23,63.490002,63.490002,63.490002,63.490002,63.490002,0
2013-12-24,63.490002,63.490002,63.490002,63.490002,63.490002,0
2013-12-26,62.709999,62.709999,62.709999,62.709999,62.709999,0
2013-12-27,66.669998,66.669998,66.669998,66.669998,66.669998,0
2013-12-30,69.709999,69.709999,69.709999,69.709999,69.709999,0
2013-12-31,70.830002,70.830002,70.830002,70.830002,70.830002,0
2014-01-02,73.139999,73.139999,73.139999,73.139999,73.139999,0
2014-01-03,70.029999,70.029999,70.029999,70.029999,70.029999,0
2014-01-06,68.330002,68.330002,68.330002,68.330002,68.330002,0
2014-01-07,68.330002,68.330002,68.330002,68.330002,68.330002,0
2014-01-08,68.330002,68.330002,68.330002,68.330002,68.330002,0
2014-01-09,68.330002,68.330002,68.330002,68.330002,68.330002,0
2014-01-10,67.739998,67.739998,67.739998,67.739998,67.739998,0
2014-01-13,75.709999,75.709999,75.709999,75.709999,75.709999,0
2014-01-14,69.309998,69.309998,69.309998,69.309998,69.309998,0
2014-01-15,69.559998,69.559998,69.559998,69.559998,69.559998,0
2014-01-16,73.980003,73.980003,73.980003,73.980003,73.980003,0
2014-01-17,75.720001,75.720001,75.720001,75.720001,75.720001,0
2014-01-21,77.779999,77.779999,77.779999,77.779999,77.779999,0
2014-01-22,74.459999,74.459999,74.459999,74.459999,74.459999,0
2014-01-23,78.250000,78.250000,78.250000,78.250000,78.250000,0
2014-01-24,97.709999,97.709999,97.709999,97.709999,97.709999,0
2014-01-27,93.500000,93.500000,93.500000,93.500000,93.500000,0
2014-01-28,83.959999,83.959999,83.959999,83.959999,83.959999,0
2014-01-29,92.470001,92.470001,92.470001,92.470001,92.470001,0
2014-01-30,92.349998,92.349998,92.349998,92.349998,92.349998,0
2014-01-31,99.660004,99.660004,99.660004,99.660004,99.660004,0
2014-02-03,106.779999,106.779999,106.779999,106.779999,106.779999,0
2014-02-04,100.400002,100.400002,100.400002,100.400002,100.400002,0
2014-02-05,102.870003,102.870003,102.870003,102.870003,102.870003,0
2014-02-06,92.580002,92.580002,92.580002,92.580002,92.580002,0
2014-02-07,83.169998,83.169998,83.169998,83.169998,83.169998,0
2014-02-10,79.889999,79.889999,79.889999,79.889999,79.889999,0
2014-02-11,78.639999,78.639999,78.639999,78.639999,78.639999,0
2014-02-12,79.559998,79.559998,79.559998,79.559998,79.559998,0
2014-02-13,78.410004,78.410004,78.410004,78.410004,78.410004,0
2014-02-14,77.489998,77.489998,77.489998,77.489998,77.489998,0
2014-02-18,75.820000,75.820000,75.820000,75.820000,75.820000,0
2014-02-19,86.230003,86.230003,86.230003,86.230003,86.230003,0
2014-02-20,79.830002,79.830002,79.830002,79.830002,79.830002,0
2014-02-21,78.959999,78.959999,78.959999,78.959999,78.959999,0
2014-02-24,77.839996,77.839996,77.839996,77.839996,77.839996,0
2014-02-25,76.459999,76.459999,76.459999,76.459999,76.459999,0
2014-02-26,79.419998,79.419998,79.419998,79.419998,79.419998,0
2014-02-27,78.940002,78.940002,78.940002,78.940002,78.940002,0
2014-02-28,81.449997,81.449997,81.449997,81.449997,81.449997,0
2014-03-03,92.839996,92.839996,92.839996,92.839996,92.839996,0
2014-03-04,82.139999,82.139999,82.139999,82.139999,82.139999,0
2014-03-05,80.519997,80.519997,80.519997,80.519997,80.519997,0
2014-03-06,79.550003,79.550003,79.550003,79.550003,79.550003,0
2014-03-07,83.070000,83.070000,83.070000,83.070000,83.070000,0
2014-03-10,82.349998,82.349998,82.349998,82.349998,82.349998,0
2014-03-11,85.120003,85.120003,85.120003,85.120003,85.120003,0
2014-03-12,83.449997,83.449997,83.449997,83.449997,83.449997,0
2014-03-13,92.139999,92.139999,92.139999,92.139999,92.139999,0
2014-03-14,97.110001,97.110001,97.110001,97.110001,97.110001,0
2014-03-17,87.790001,87.790001,87.790001,87.790001,87.790001,0
2014-03-18,81.889999,81.889999,81.889999,81.889999,81.889999,0
2014-03-19,81.349998,81.349998,81.349998,81.349998,81.349998,0
2014-03-20,77.029999,77.029999,77.029999,77.029999,77.029999,0
2014-03-21,78.639999,78.639999,78.639999,78.639999,78.639999,0
2014-03-24,77.290001,77.290001,77.290001,77.290001,77.290001,0
2014-03-25,74.769997,74.769997,74.769997,74.769997,74.769997,0
2014-03-26,76.269997,76.269997,76.269997,76.269997,76.269997,0
2014-03-27,74.709999,74.709999,74.709999,74.709999,74.709999,0
2014-03-28,74.860001,74.860001,74.860001,74.860001,74.860001,0
2014-03-31,72.199997,72.199997,72.199997,72.199997,72.199997,0
2014-04-01,67.510002,67.510002,67.510002,67.510002,67.510002,0
2014-04-02,67.330002,67.330002,67.330002,67.330002,67.330002,0
2014-04-03,67.730003,67.730003,67.730003,67.730003,67.730003,0
2014-04-04,69.529999,69.529999,69.529999,69.529999,69.529999,0
2014-04-07,74.510002,74.510002,74.510002,74.510002,74.510002,0
2014-04-08,71.430000,71.430000,71.430000,71.430000,71.430000,0
2014-04-09,69.190002,69.190002,69.190002,69.190002,69.190002,0
2014-04-10,78.559998,78.559998,78.559998,78.559998,78.559998,0
2014-04-11,83.940002,83.940002,83.940002,83.940002,83.940002,0
2014-04-14,82.199997,82.199997,82.199997,82.199997,82.199997,0
2014-04-15,80.669998,80.669998,80.669998,80.669998,80.669998,0
2014-04-16,72.080002,72.080002,72.080002,72.080002,72.080002,0
2014-04-17,70.080002,70.080002,70.080002,70.080002,70.080002,0
2014-04-21,68.620003,68.620003,68.620003,68.620003,68.620003,0
2014-04-22,66.739998,66.739998,66.739998,66.739998,66.739998,0
2014-04-23,66.220001,66.220001,66.220001,66.220001,66.220001,0
2014-04-24,68.750000,68.750000,68.750000,68.750000,68.750000,0
2014-04-25,70.489998,70.489998,70.489998,70.489998,70.489998,0
2014-04-28,67.629997,67.629997,67.629997,67.629997,67.629997,0
2014-04-29,65.470001,65.470001,65.470001,65.470001,65.470001,0
2014-04-30,64.489998,64.489998,64.489998,64.489998,64.489998,0
2014-05-01,64.500000,64.500000,64.500000,64.500000,64.500000,0
2014-05-02,64.540001,64.540001,64.540001,64.540001,64.540001,0
2014-05-05,64.400002,64.400002,64.400002,64.400002,64.400002,0
2014-05-06,64.930000,64.930000,64.930000,64.930000,64.930000,0
2014-05-07,62.639999,62.639999,62.639999,62.639999,62.639999,0
2014-05-08,62.160000,62.160000,62.160000,62.160000,62.160000,0
2014-05-09,61.759998,61.759998,61.759998,61.759998,61.759998,0
2014-05-12,61.759998,61.759998,61.759998,61.759998,61.759998,0
2014-05-13,61.759998,61.759998,61.759998,61.759998,61.759998,0
2014-05-14,69.029999,69.029999,69.029999,69.029999,69.029999,0
2014-05-15,71.599998,71.599998,71.599998,71.599998,71.599998,0
2014-05-16,68.720001,68.720001,68.720001,68.720001,68.720001,0
2014-05-19,67.580002,67.580002,67.580002,67.580002,67.580002,0
2014-05-20,68.769997,68.769997,68.769997,68.769997,68.769997,0
2014-05-21,66.559998,66.559998,66.559998,66.559998,66.559998,0
2014-05-22,68.059998,68.059998,68.059998,68.059998,68.059998,0
2014-05-23,66.860001,66.860001,66.860001,66.860001,66.860001,0
2014-05-27,64.949997,64.949997,64.949997,64.949997,64.949997,0
2014-05-28,67.370003,67.370003,67.370003,67.370003,67.370003,0
2014-05-29,66.930000,66.930000,66.930000,66.930000,66.930000,0
2014-05-30,67.949997,67.949997,67.949997,67.949997,67.949997,0
2014-06-02,68.760002,68.760002,68.760002,68.760002,68.760002,0
2014-06-03,68.190002,68.190002,68.190002,68.190002,68.190002,0
2014-06-04,67.669998,67.669998,67.669998,67.669998,67.669998,0
2014-06-05,65.470001,65.470001,65.470001,65.470001,65.470001,0
2014-06-06,67.080002,67.080002,67.080002,67.080002,67.080002,0
2014-06-09,70.879997,70.879997,70.879997,70.879997,70.879997,0
2014-06-10,70.500000,70.500000,70.500000,70.500000,70.500000,0
2014-06-11,74.209999,74.209999,74.209999,74.209999,74.209999,0
2014-06-12,79.970001,79.970001,79.970001,79.970001,79.970001,0
2014-06-13,79.809998,79.809998,79.809998,79.809998,79.809998,0
2014-06-16,81.500000,81.500000,81.500000,81.500000,81.500000,0
2014-06-17,78.410004,78.410004,78.410004,78.410004,78.410004,0
2014-06-18,71.760002,71.760002,71.760002,71.760002,71.760002,0
2014-06-19,73.410004,73.410004,73.410004,73.410004,73.410004,0
2014-06-20,73.330002,73.330002,73.330002,73.330002,73.330002,0
2014-06-23,72.580002,72.580002,72.580002,72.580002,72.580002,0
2014-06-24,75.239998,75.239998,75.239998,75.239998,75.239998,0
2014-06-25,72.309998,72.309998,72.309998,72.309998,72.309998,0
2014-06-26,72.860001,72.860001,72.860001,72.860001,72.860001,0
2014-06-27,72.720001,72.720001,72.720001,72.720001,72.720001,0
2014-06-30,71.559998,71.559998,71.559998,71.559998,71.559998,0
2014-07-01,69.279999,69.279999,69.279999,69.279999,69.279999,0
2014-07-02,68.150002,68.150002,68.150002,68.150002,68.150002,0
2014-07-03,68.349998,68.349998,68.349998,68.349998,68.349998,0
2014-07-07,71.660004,71.660004,71.660004,71.660004,71.660004,0
2014-07-08,73.209999,73.209999,73.209999,73.209999,73.209999,0
2014-07-09,76.279999,76.279999,76.279999,76.279999,76.279999,0
2014-07-10,82.139999,82.139999,82.139999,82.139999,82.139999,0
2014-07-11,79.910004,79.910004,79.910004,79.910004,79.910004,0
2014-07-14,77.290001,77.290001,77.290001,77.290001,77.290001,0
2014-07-15,78.919998,78.919998,78.919998,78.919998,78.919998,0
2014-07-16,75.809998,75.809998,75.809998,75.809998,75.809998,0
2014-07-17,89.959999,89.959999,89.959999,89.959999,89.959999,0
2014-07-18,80.370003,80.370003,80.370003,80.370003,80.370003,0
2014-07-21,81.410004,81.410004,81.410004,81.410004,81.410004,0
2014-07-22,75.220001,75.220001,75.220001,75.220001,75.220001,0
2014-07-23,76.639999,76.639999,76.639999,76.639999,76.639999,0
2014-07-24,77.660004,77.660004,77.660004,77.660004,77.660004,0
2014-07-25,81.080002,81.080002,81.080002,81.080002,81.080002,0
2014-07-28,81.209999,81.209999,81.209999,81.209999,81.209999,0
2014-07-29,81.720001,81.720001,81.720001,81.720001,81.720001,0
2014-07-30,83.580002,83.580002,83.580002,83.580002,83.580002,0
2014-07-31,97.419998,97.419998,97.419998,97.419998,97.419998,0
2014-08-01,101.110001,101.110001,101.110001,101.110001,101.110001,0
2014-08-04,93.120003,93.120003,93.120003,93.120003,93.120003,0
2014-08-05,98.320000,98.320000,98.320000,98.320000,98.320000,0
2014-08-06,96.379997,96.379997,96.379997,96.379997,96.379997,0
2014-08-07,97.400002,97.400002,97.400002,97.400002,97.400002,0
2014-08-08,91.839996,91.839996,91.839996,91.839996,91.839996,0
2014-08-11,87.540001,87.540001,87.540001,87.540001,87.540001,0
2014-08-12,85.980003,85.980003,85.980003,85.980003,85.980003,0
2014-08-13,81.269997,81.269997,81.269997,81.269997,81.269997,0
2014-08-14,78.480003,78.480003,78.480003,78.480003,78.480003,0
2014-08-15,82.199997,82.199997,82.199997,82.199997,82.199997,0
2014-08-18,81.019997,81.019997,81.019997,81.019997,81.019997,0
2014-08-19,80.839996,80.839996,80.839996,80.839996,80.839996,0
2014-08-20,79.900002,79.900002,79.900002,79.900002,79.900002,0
2014-08-21,79.610001,79.610001,79.610001,79.610001,79.610001,0
2014-08-22,79.580002,79.580002,79.580002,79.580002,79.580002,0
2014-08-25,79.330002,79.330002,79.330002,79.330002,79.330002,0
2014-08-26,79.389999,79.389999,79.389999,79.389999,79.389999,0
2014-08-27,78.849998,78.849998,78.849998,78.849998,78.849998,0
2014-08-28,80.529999,80.529999,80.529999,80.529999,80.529999,0
2014-08-29,81.110001,81.110001,81.110001,81.110001,81.110001,0
2014-09-02,82.410004,82.410004,82.410004,82.410004,82.410004,0
2014-09-03,80.769997,80.769997,80.769997,80.769997,80.769997,0
2014-09-04,79.989998,79.989998,79.989998,79.989998,79.989998,0
2014-09-05,77.330002,77.330002,77.330002,77.330002,77.330002,0
2014-09-08,77.839996,77.839996,77.839996,77.839996,77.839996,0
2014-09-09,79.300003,79.300003,79.300003,79.300003,79.300003,0
2014-09-10,82.120003,82.120003,82.120003,82.120003,82.120003,0
2014-09-11,83.099998,83.099998,83.099998,83.099998,83.099998,0
2014-09-12,89.250000,89.250000,89.250000,89.250000,89.250000,0
2014-09-15,91.580002,91.580002,91.580002,91.580002,91.580002,0
2014-09-16,84.519997,84.519997,84.519997,84.519997,84.519997,0
2014-09-17,81.519997,81.519997,81.519997,81.519997,81.519997,0
2014-09-18,77.470001,77.470001,77.470001,77.470001,77.470001,0
2014-09-19,77.699997,77.699997,77.699997,77.699997,77.699997,0
2014-09-22,87.410004,87.410004,87.410004,87.410004,87.410004,0
2014-09-23,91.900002,91.900002,91.900002,91.900002,91.900002,0
2014-09-24,86.209999,86.209999,86.209999,86.209999,86.209999,0
2014-09-25,96.720001,96.720001,96.720001,96.720001,96.720001,0
2014-09-26,90.629997,90.629997,90.629997,90.629997,90.629997,0
2014-09-29,95.019997,95.019997,95.019997,95.019997,95.019997,0
2014-09-30,92.470001,92.470001,92.470001,92.470001,92.470001,0
2014-10-01,98.120003,98.120003,98.120003,98.120003,98.120003,0
2014-10-02,93.750000,93.750000,93.750000,93.750000,93.750000,0
2014-10-03,87.769997,87.769997,87.769997,87.769997,87.769997,0
2014-10-06,88.730003,88.730003,88.730003,88.730003,88.730003,0
2014-10-07,99.199997,99.199997,99.199997,99.199997,99.199997,0
2014-10-08,89.080002,89.080002,89.080002,89.080002,89.080002,0
2014-10-09,102.129997,102.129997,102.129997,102.129997,102.129997,0
2014-10-10,113.379997,113.379997,113.379997,113.379997,113.379997,0
2014-10-13,131.570007,131.570007,131.570007,131.570007,131.570007,0
2014-10-14,120.610001,120.610001,120.610001,120.610001,120.610001,0
2014-10-15,129.009995,129.009995,129.009995,129.009995,129.009995,0
2014-10-16,121.940002,121.940002,121.940002,121.940002,121.940002,0
2014-10-17,118.839996,118.839996,118.839996,118.839996,118.839996,0
2014-10-20,108.830002,108.830002,108.830002,108.830002,108.830002,0
2014-10-21,104.089996,104.089996,104.089996,104.089996,104.089996,0
2014-10-22,108.820000,108.820000,108.820000,108.820000,108.820000,0
2014-10-23,102.050003,102.050003,102.050003,102.050003,102.050003,0
2014-10-24,104.379997,104.379997,104.379997,104.379997,104.379997,0
2014-10-27,100.750000,100.750000,100.750000,100.750000,100.750000,0
2014-10-28,95.889999,95.889999,95.889999,95.889999,95.889999,0
2014-10-29,99.339996,99.339996,99.339996,99.339996,99.339996,0
2014-10-30,98.519997,98.519997,98.519997,98.519997,98.519997,0
2014-10-31,94.099998,94.099998,94.099998,94.099998,94.099998,0
2014-11-03,93.190002,93.190002,93.190002,93.190002,93.190002,0
2014-11-04,92.440002,92.440002,92.440002,92.440002,92.440002,0
2014-11-05,87.080002,87.080002,87.080002,87.080002,87.080002,0
2014-11-06,83.419998,83.419998,83.419998,83.419998,83.419998,0
2014-11-07,80.440002,80.440002,80.440002,80.440002,80.440002,0
2014-11-10,79.699997,79.699997,79.699997,79.699997,79.699997,0
2014-11-11,79.790001,79.790001,79.790001,79.790001,79.790001,0
2014-11-12,83.099998,83.099998,83.099998,83.099998,83.099998,0
2014-11-13,86.290001,86.290001,86.290001,86.290001,86.290001,0
2014-11-14,85.580002,85.580002,85.580002,85.580002,85.580002,0
2014-11-17,84.790001,84.790001,84.790001,84.790001,84.790001,0
2014-11-18,82.599998,82.599998,82.599998,82.599998,82.599998,0
2014-11-19,81.059998,81.059998,81.059998,81.059998,81.059998,0
2014-11-20,79.139999,79.139999,79.139999,79.139999,79.139999,0
2014-11-21,79.339996,79.339996,79.339996,79.339996,79.339996,0
2014-11-24,79.250000,79.250000,79.250000,79.250000,79.250000,0
2014-11-25,77.930000,77.930000,77.930000,77.930000,77.930000,0
2014-11-26,77.040001,77.040001,77.040001,77.040001,77.040001,0
2014-11-28,79.839996,79.839996,79.839996,79.839996,79.839996,0
2014-12-01,86.839996,86.839996,86.839996,86.839996,86.839996,0
2014-12-02,83.470001,83.470001,83.470001,83.470001,83.470001,0
2014-12-03,86.449997,86.449997,86.449997,86.449997,86.449997,0
2014-12-04,85.169998,85.169998,85.169998,85.169998,85.169998,0
2014-12-05,85.410004,85.410004,85.410004,85.410004,85.410004,0
2014-12-08,94.449997,94.449997,94.449997,94.449997,94.449997,0
2014-12-09,97.129997,97.129997,97.129997,97.129997,97.129997,0
2014-12-10,117.320000,117.320000,117.320000,117.320000,117.320000,0
2014-12-11,132.399994,132.399994,132.399994,132.399994,132.399994,0
2014-12-12,138.600006,138.600006,138.600006,138.600006,138.600006,0
2014-12-15,128.220001,128.220001,128.220001,128.220001,128.220001,0
2014-12-16,132.940002,132.940002,132.940002,132.940002,132.940002,0
2014-12-17,114.370003,114.370003,114.370003,114.370003,114.370003,0
2014-12-18,107.239998,107.239998,107.239998,107.239998,107.239998,0
2014-12-19,99.169998,99.169998,99.169998,99.169998,99.169998,0
2014-12-22,99.690002,99.690002,99.690002,99.690002,99.690002,0
2014-12-23,94.730003,94.730003,94.730003,94.730003,94.730003,0
2014-12-24,95.290001,95.290001,95.290001,95.290001,95.290001,0
2014-12-26,92.279999,92.279999,92.279999,92.279999,92.279999,0
2014-12-29,94.860001,94.860001,94.860001,94.860001,94.860001,0
2014-12-30,97.839996,97.839996,97.839996,97.839996,97.839996,0
2014-12-31,113.080002,113.080002,113.080002,113.080002,113.080002,0
2015-01-02,109.559998,119.820000,107.040001,112.550003,112.550003,0
2015-01-05,115.480003,125.120003,115.349998,121.870003,121.870003,0
2015-01-06,120.690002,125.680000,114.099998,118.449997,118.449997,0
2015-01-07,113.309998,113.330002,107.459999,107.690002,107.690002,0
2015-01-08,103.800003,103.800003,98.180000,98.440002,98.440002,0
2015-01-09,97.919998,103.849998,97.919998,103.769997,103.769997,0
2015-01-12,105.550003,111.449997,105.550003,109.040001,109.040001,0
2015-01-13,105.790001,111.910004,102.669998,109.220001,109.220001,0
2015-01-14,118.220001,119.550003,113.410004,113.500000,113.500000,0
2015-01-15,113.260002,117.550003,111.580002,117.070000,117.070000,0
2015-01-16,116.010002,117.349998,111.320000,111.320000,111.320000,0
2015-01-20,111.040001,113.550003,107.550003,108.400002,108.400002,0
2015-01-21,109.589996,110.209999,98.570000,98.620003,98.620003,0
2015-01-22,96.889999,99.029999,92.919998,93.250000,93.250000,0
2015-01-23,94.559998,98.550003,93.540001,96.330002,96.330002,0
2015-01-26,96.699997,97.739998,91.849998,91.940002,91.940002,0
2015-01-27,97.809998,100.110001,96.019997,96.110001,96.110001,0
2015-01-28,96.019997,109.110001,95.150002,108.680000,108.680000,0
2015-01-29,106.550003,109.989998,100.699997,100.699997,100.699997,0
2015-01-30,104.660004,111.519997,102.690002,108.989998,108.989998,0
2015-02-02,108.239998,113.570000,106.470001,106.739998,106.739998,0
2015-02-03,105.220001,105.379997,100.919998,101.029999,101.029999,0
2015-02-04,102.919998,103.800003,98.650002,103.739998,103.739998,0
2015-02-05,101.440002,101.440002,97.669998,98.559998,98.559998,0
2015-02-06,96.910004,104.790001,94.910004,101.690002,101.690002,0
2015-02-09,107.209999,107.500000,104.190002,104.190002,104.190002,0
2015-02-10,102.320000,103.099998,96.870003,97.330002,97.330002,0
2015-02-11,102.150002,102.309998,98.730003,98.730003,98.730003,0
2015-02-12,97.699997,98.209999,92.309998,93.239998,93.239998,0
2015-02-13,93.220001,95.089996,91.900002,92.739998,92.739998,0
2015-02-17,95.209999,95.360001,92.260002,92.949997,92.949997,0
2015-02-18,94.209999,95.059998,88.680000,89.379997,89.379997,0
2015-02-19,90.199997,90.430000,86.639999,87.599998,87.599998,0
2015-02-20,88.860001,89.650002,85.360001,85.779999,85.779999,0
2015-02-23,87.870003,88.500000,85.250000,86.129997,86.129997,0
2015-02-24,85.430000,85.620003,80.879997,82.650002,82.650002,0
2015-02-25,83.269997,88.220001,81.730003,86.570000,86.570000,0
2015-02-26,85.970001,89.620003,84.660004,86.930000,86.930000,0
2015-02-27,87.370003,87.669998,84.470001,85.230003,85.230003,0
2015-03-02,87.470001,87.519997,81.830002,81.839996,81.839996,0
2015-03-03,82.629997,86.620003,82.070000,85.050003,85.050003,0
2015-03-04,86.519997,89.500000,84.029999,84.099998,84.099998,0
2015-03-05,84.300003,84.410004,81.059998,81.260002,81.260002,0
2015-03-06,82.730003,88.320000,81.209999,86.879997,86.879997,0
2015-03-09,88.750000,88.919998,85.080002,85.550003,85.550003,0
2015-03-10,89.459999,92.400002,88.730003,91.889999,91.889999,0
2015-03-11,93.980003,97.610001,93.889999,97.279999,97.279999,0
2015-03-12,94.629997,95.000000,88.779999,89.480003,89.480003,0
2015-03-13,89.459999,96.019997,88.500000,93.120003,93.120003,0
2015-03-16,92.239998,93.040001,89.639999,90.540001,90.540001,0
2015-03-17,91.099998,91.250000,86.820000,88.250000,88.250000,0
2015-03-18,88.639999,89.650002,80.230003,81.220001,81.220001,0
2015-03-19,82.550003,83.430000,80.330002,81.610001,81.610001,0
2015-03-20,79.489998,80.860001,77.709999,80.489998,80.489998,0
2015-03-23,81.050003,81.410004,78.370003,79.980003,79.980003,0
2015-03-24,78.809998,80.680000,77.029999,80.040001,80.040001,0
2015-03-25,78.760002,84.430000,78.750000,83.519997,83.519997,0
2015-03-26,87.110001,88.650002,82.860001,87.029999,87.029999,0
2015-03-27,86.879997,88.050003,86.220001,86.500000,86.500000,0
2015-03-30,85.720001,85.779999,81.809998,82.160004,82.160004,0
2015-03-31,82.669998,84.379997,81.500000,84.010002,84.010002,0
2015-04-01,84.180000,87.790001,82.760002,82.820000,82.820000,0
2015-04-02,82.389999,83.080002,80.029999,80.209999,80.209999,0
2015-04-06,83.870003,83.949997,79.900002,80.300003,80.300003,0
2015-04-07,80.330002,80.330002,78.989998,79.699997,79.699997,0
2015-04-08,85.730003,86.489998,83.699997,84.760002,84.760002,0
2015-04-09,84.199997,86.000000,80.599998,80.709999,80.709999,0
2015-04-10,80.139999,80.660004,78.260002,78.910004,78.910004,0
2015-04-13,79.180000,85.779999,78.940002,83.800003,83.800003,0
2015-04-14,83.470001,85.150002,81.239998,81.910004,81.910004,0
2015-04-15,81.680000,82.099998,79.480003,79.830002,79.830002,0
2015-04-16,80.230003,81.190002,78.709999,79.779999,79.779999,0
2015-04-17,82.849998,89.000000,82.269997,85.970001,85.970001,0
2015-04-20,84.440002,84.440002,79.669998,81.480003,81.480003,0
2015-04-21,80.669998,82.830002,79.809998,81.290001,81.290001,0
2015-04-22,81.250000,83.040001,79.559998,79.699997,79.699997,0
2015-04-23,80.559998,80.599998,77.610001,78.169998,78.169998,0
2015-04-24,78.000000,78.930000,76.199997,76.430000,76.430000,0
2015-04-27,76.510002,82.260002,76.480003,81.220001,81.220001,0
2015-04-28,82.070000,85.419998,77.629997,77.680000,77.680000,0
2015-04-29,80.300003,84.809998,79.440002,82.269997,82.269997,0
2015-04-30,83.080002,88.550003,82.199997,87.080002,87.080002,0
2015-05-01,84.540001,85.040001,79.570000,79.639999,79.639999,0
2015-05-04,80.790001,81.180000,78.559998,78.559998,78.559998,0
2015-05-05,80.360001,84.750000,80.070000,84.449997,84.449997,0
2015-05-06,82.199997,95.720001,82.199997,90.800003,90.800003,0
2015-05-07,90.449997,93.699997,89.180000,89.209999,89.209999,0
2015-05-08,83.919998,84.360001,78.620003,79.440002,79.440002,0
2015-05-11,80.940002,83.110001,78.239998,83.110001,83.110001,0
2015-05-12,84.370003,85.809998,82.470001,84.639999,84.639999,0
2015-05-13,86.519997,87.559998,84.089996,84.449997,84.449997,0
2015-05-14,83.389999,83.860001,80.169998,82.339996,82.339996,0
2015-05-15,81.370003,83.279999,80.830002,80.930000,80.930000,0
2015-05-18,82.290001,82.360001,80.589996,82.059998,82.059998,0
2015-05-19,81.449997,82.910004,77.110001,77.529999,77.529999,0
2015-05-20,77.830002,79.830002,75.349998,77.029999,77.029999,0
2015-05-21,77.720001,77.940002,72.620003,73.180000,73.180000,0
2015-05-22,73.070000,76.410004,72.199997,75.980003,75.980003,0
2015-05-26,78.320000,84.139999,77.760002,81.940002,81.940002,0
2015-05-27,80.860001,81.580002,76.889999,77.790001,77.790001,0
2015-05-28,78.830002,80.209999,77.349998,77.349998,77.349998,0
2015-05-29,78.940002,80.620003,77.379997,79.070000,79.070000,0
2015-06-01,79.010002,80.790001,78.120003,78.889999,78.889999,0
2015-06-02,80.470001,81.720001,78.459999,80.610001,80.610001,0
2015-06-03,79.419998,80.510002,78.360001,79.269997,79.269997,0
2015-06-04,80.660004,89.610001,80.580002,87.989998,87.989998,0
2015-06-05,87.849998,89.129997,83.559998,84.099998,84.099998,0
2015-06-08,85.669998,87.330002,85.290001,86.500000,86.500000,0
2015-06-09,86.239998,87.239998,83.550003,84.339996,84.339996,0
2015-06-10,88.330002,88.410004,81.099998,81.599998,81.599998,0
2015-06-11,81.040001,81.370003,77.820000,79.529999,79.529999,0
2015-06-12,80.529999,88.080002,80.029999,85.550003,85.550003,0
2015-06-15,90.320000,97.699997,90.320000,96.120003,96.120003,0
2015-06-16,95.650002,97.419998,94.120003,95.959999,95.959999,0
2015-06-17,94.669998,96.639999,91.129997,93.190002,93.190002,0
2015-06-18,91.440002,91.809998,88.110001,89.199997,89.199997,0
2015-06-19,89.830002,92.980003,88.699997,92.160004,92.160004,0
2015-06-22,89.269997,89.269997,83.220001,83.870003,83.870003,0
2015-06-23,82.570000,84.580002,78.839996,78.849998,78.849998,0
2015-06-24,80.370003,83.260002,78.459999,82.529999,82.529999,0
2015-06-25,80.739998,83.949997,79.059998,83.510002,83.510002,0
2015-06-26,81.510002,85.599998,81.510002,83.089996,83.089996,0
2015-06-29,92.389999,117.599998,91.209999,117.000000,117.000000,0
2015-06-30,108.599998,117.839996,107.870003,110.169998,110.169998,0
2015-07-01,101.099998,105.290001,97.139999,97.599998,97.599998,0
2015-07-02,97.330002,111.790001,97.169998,105.139999,105.139999,0
2015-07-06,110.620003,112.419998,104.570000,105.970001,105.970001,0
2015-07-07,106.849998,114.010002,99.070000,99.349998,99.349998,0
2015-07-08,104.860001,112.260002,104.019997,111.669998,111.669998,0
2015-07-09,106.309998,115.360001,104.669998,115.360001,115.360001,0
2015-07-10,106.849998,109.830002,100.680000,101.190002,101.190002,0
2015-07-13,96.029999,96.110001,85.889999,85.949997,85.949997,0
2015-07-14,86.199997,87.449997,83.910004,87.349998,87.349998,0
2015-07-15,90.129997,93.290001,88.620003,90.809998,90.809998,0
2015-07-16,87.480003,88.250000,84.650002,87.120003,87.120003,0
2015-07-17,86.480003,87.430000,84.910004,85.320000,85.320000,0
2015-07-20,85.739998,86.070000,83.589996,84.379997,84.379997,0
2015-07-21,84.930000,85.709999,82.430000,82.559998,82.559998,0
2015-07-22,84.610001,84.650002,78.220001,78.889999,78.889999,0
2015-07-23,79.239998,84.180000,78.519997,81.639999,81.639999,0
2015-07-24,82.029999,91.860001,82.029999,88.360001,88.360001,0
2015-07-27,94.440002,100.120003,93.779999,97.320000,97.320000,0
2015-07-28,92.349998,95.370003,83.519997,84.769997,84.769997,0
2015-07-29,84.419998,84.680000,82.510002,82.940002,82.940002,0
2015-07-30,83.930000,87.019997,80.510002,80.650002,80.650002,0
2015-07-31,81.709999,82.849998,80.120003,81.769997,81.769997,0
2015-08-03,83.669998,84.570000,78.980003,79.430000,79.430000,0
2015-08-04,80.050003,81.779999,78.940002,80.820000,80.820000,0
2015-08-05,79.010002,80.389999,77.160004,80.099998,80.099998,0
2015-08-06,79.389999,87.279999,79.209999,84.360001,84.360001,0
2015-08-07,83.980003,86.779999,82.360001,82.570000,82.570000,0
2015-08-10,81.809998,81.900002,79.510002,80.209999,80.209999,0
2015-08-11,85.650002,86.870003,83.139999,85.220001,85.220001,0
2015-08-12,94.059998,100.680000,87.889999,88.129997,88.129997,0
2015-08-13,87.360001,89.000000,85.220001,88.360001,88.360001,0
2015-08-14,89.339996,90.680000,87.750000,89.379997,89.379997,0
2015-08-17,91.389999,93.040001,87.070000,87.349998,87.349998,0
2015-08-18,87.519997,89.239998,85.720001,88.839996,88.839996,0
2015-08-19,89.849998,95.129997,85.879997,91.839996,91.839996,0
2015-08-20,96.129997,108.839996,94.279999,108.750000,108.750000,0
2015-08-21,113.269997,138.949997,111.680000,138.570007,138.570007,0
2015-08-24,212.220001,212.220001,148.679993,168.750000,168.750000,0
2015-08-25,146.759995,157.479996,141.690002,152.419998,152.419998,0
2015-08-26,142.979996,147.880005,131.080002,134.309998,134.309998,0
2015-08-27,128.690002,134.729996,121.769997,128.589996,128.589996,0
2015-08-28,130.690002,131.929993,125.629997,127.180000,127.180000,0
2015-08-31,128.270004,128.270004,122.199997,127.279999,127.279999,0
2015-09-01,135.169998,135.300003,128.460007,128.940002,128.940002,0
2015-09-02,125.620003,125.620003,113.959999,114.430000,114.430000,0
2015-09-03,113.199997,118.629997,112.440002,118.160004,118.160004,0
2015-09-04,121.150002,125.809998,120.309998,123.150002,123.150002,0
2015-09-08,120.510002,120.730003,117.540001,117.620003,117.620003,0
2015-09-09,128.740005,131.630005,127.779999,131.300003,131.300003,0
2015-09-10,132.279999,132.899994,126.879997,127.059998,127.059998,0
2015-09-11,126.290001,126.660004,118.989998,119.089996,119.089996,0
2015-09-14,120.019997,120.190002,117.250000,118.010002,118.010002,0
2015-09-15,116.690002,117.209999,109.339996,109.339996,109.339996,0
2015-09-16,108.510002,112.769997,106.480003,107.019997,107.019997,0
2015-09-17,108.449997,118.470001,93.900002,118.089996,118.089996,0
2015-09-18,120.790001,120.830002,113.330002,116.260002,116.260002,0
2015-09-21,115.019997,115.180000,103.400002,103.400002,103.400002,0
2015-09-22,111.910004,116.669998,110.040001,111.360001,111.360001,0
2015-09-23,110.470001,112.339996,104.629997,105.860001,105.860001,0
2015-09-24,110.519997,116.290001,108.320000,110.120003,110.120003,0
2015-09-25,105.879997,113.239998,104.980003,110.540001,110.540001,0
2015-09-28,113.400002,117.599998,112.389999,115.309998,115.309998,0
2015-09-29,113.940002,115.750000,110.629997,110.989998,110.989998,0
2015-09-30,107.099998,107.169998,102.370003,103.279999,103.279999,0
2015-10-01,102.629997,103.300003,98.269997,98.269997,98.269997,0
2015-10-02,102.139999,102.620003,95.070000,95.070000,95.070000,0
2015-10-05,94.839996,94.839996,90.860001,92.290001,92.290001,0
2015-10-06,92.500000,93.830002,90.730003,92.459999,92.459999,0
2015-10-07,91.029999,94.040001,89.330002,89.430000,89.430000,0
2015-10-08,90.570000,90.820000,85.599998,88.419998,88.419998,0
2015-10-09,88.139999,91.150002,87.349998,89.080002,89.080002,0
2015-10-12,91.570000,92.370003,88.230003,88.269997,88.269997,0
2015-10-13,92.190002,98.470001,90.510002,98.349998,98.349998,0
2015-10-14,101.489998,103.750000,99.550003,102.290001,102.290001,0
2015-10-15,100.949997,101.820000,96.559998,96.610001,96.610001,0
2015-10-16,97.190002,100.889999,96.989998,97.580002,97.580002,0
2015-10-19,99.169998,100.059998,94.000000,94.379997,94.379997,0
2015-10-20,94.690002,97.739998,93.370003,97.110001,97.110001,0
2015-10-21,94.970001,106.589996,91.699997,106.019997,106.019997,0
2015-10-22,100.510002,101.430000,96.690002,97.070000,97.070000,0
2015-10-23,95.690002,101.290001,94.870003,97.209999,97.209999,0
2015-10-26,99.349998,99.559998,96.029999,98.099998,98.099998,0
2015-10-27,98.080002,99.669998,94.699997,95.209999,95.209999,0
2015-10-28,94.629997,96.080002,87.989998,88.279999,88.279999,0
2015-10-29,89.959999,92.029999,88.260002,88.599998,88.599998,0
2015-10-30,88.709999,90.279999,86.430000,90.269997,90.269997,0
2015-11-02,93.320000,93.449997,85.459999,86.750000,86.750000,0
2015-11-03,86.709999,87.750000,85.470001,87.339996,87.339996,0
2015-11-04,86.800003,89.779999,86.279999,89.459999,89.459999,0
2015-11-05,88.720001,91.209999,87.680000,87.680000,87.680000,0
2015-11-06,88.080002,90.070000,85.029999,85.029999,85.029999,0
2015-11-09,88.209999,93.860001,87.360001,92.970001,92.970001,0
2015-11-10,92.489998,92.919998,86.269997,86.959999,86.959999,0
2015-11-11,89.000000,91.639999,88.480003,91.250000,91.250000,0
2015-11-12,93.540001,98.989998,92.250000,98.190002,98.190002,0
2015-11-13,98.739998,107.629997,98.000000,106.059998,106.059998,0
2015-11-16,106.000000,106.540001,96.709999,96.709999,96.709999,0
2015-11-17,96.839996,103.559998,95.029999,100.370003,100.370003,0
2015-11-18,99.589996,100.150002,92.379997,93.470001,93.470001,0
2015-11-19,93.839996,97.230003,93.139999,96.180000,96.180000,0
2015-11-20,93.769997,93.889999,90.570000,90.790001,90.790001,0
2015-11-23,92.529999,92.839996,88.269997,88.550003,88.550003,0
2015-11-24,92.629997,93.269997,88.529999,89.639999,89.639999,0
2015-11-25,89.239998,89.610001,86.139999,86.139999,86.139999,0
2015-11-27,88.080002,89.419998,87.650002,88.349998,88.349998,0
2015-11-30,89.370003,91.849998,89.269997,90.839996,90.839996,0
2015-12-01,89.730003,90.330002,87.250000,87.320000,87.320000,0
2015-12-02,87.809998,94.779999,86.300003,92.940002,92.940002,0
2015-12-03,93.040001,106.910004,92.669998,101.800003,101.800003,0
2015-12-04,99.169998,99.919998,88.690002,89.190002,89.190002,0
2015-12-07,91.790001,98.349998,91.650002,94.300003,94.300003,0
2015-12-08,99.720001,100.910004,97.260002,99.160004,99.160004,0
2015-12-09,107.410004,116.470001,105.330002,113.830002,113.830002,0
2015-12-10,113.070000,115.160004,110.040001,113.800003,113.800003,0
2015-12-11,116.849998,131.860001,116.500000,131.089996,131.089996,0
2015-12-14,128.860001,135.369995,120.690002,122.220001,122.220001,0
2015-12-15,116.970001,117.699997,112.970001,114.370003,114.370003,0
2015-12-16,110.949997,115.879997,104.599998,108.930000,108.930000,0
2015-12-17,108.419998,114.889999,107.709999,113.519997,113.519997,0
2015-12-18,115.120003,120.089996,114.089996,118.320000,118.320000,0
2015-12-21,113.629997,115.029999,109.220001,109.440002,109.440002,0
2015-12-22,107.209999,108.820000,100.889999,100.910004,100.910004,0
2015-12-23,100.209999,102.779999,98.510002,99.610001,99.610001,0
2015-12-24,100.059998,100.519997,98.300003,99.879997,99.879997,0
2015-12-28,102.620003,103.879997,99.239998,99.239998,99.239998,0
2015-12-29,97.580002,97.750000,94.849998,95.129997,95.129997,0
2015-12-30,96.750000,100.820000,96.750000,100.820000,100.820000,0
2015-12-31,101.099998,102.440002,98.480003,100.199997,100.199997,0
2016-01-04,110.080002,115.059998,107.690002,107.690002,107.690002,0
2016-01-05,106.540001,107.339996,101.040001,101.839996,101.839996,0
2016-01-06,108.470001,108.680000,102.519997,103.059998,103.059998,0
2016-01-07,110.970001,116.970001,106.550003,116.550003,116.550003,0
2016-01-08,110.739998,116.620003,108.209999,116.459999,116.459999,0
2016-01-11,114.269997,115.860001,108.300003,109.629997,109.629997,0
2016-01-12,105.739998,109.480003,103.769997,104.519997,104.519997,0
2016-01-13,106.120003,117.419998,104.629997,117.139999,117.139999,0
2016-01-14,114.940002,118.019997,109.000000,110.070000,110.070000,0
2016-01-15,119.389999,121.110001,115.150002,116.410004,116.410004,0
2016-01-19,114.010002,117.309998,113.699997,113.760002,113.760002,0
2016-01-20,118.510002,121.150002,111.610001,112.879997,112.879997,0
2016-01-21,113.510002,114.690002,105.580002,108.379997,108.379997,0
2016-01-22,105.680000,105.680000,98.220001,98.919998,98.919998,0
2016-01-25,100.169998,103.250000,99.709999,102.879997,102.879997,0
2016-01-26,101.629997,102.959999,98.029999,98.400002,98.400002,0
2016-01-27,98.599998,101.150002,96.010002,100.040001,100.040001,0
2016-01-28,97.820000,100.040001,95.400002,96.559998,96.559998,0
2016-01-29,95.470001,95.470001,89.629997,89.949997,89.949997,0
2016-02-01,92.580002,92.580002,89.320000,89.650002,89.650002,0
2016-02-02,92.099998,98.730003,92.099998,97.599998,97.599998,0
2016-02-03,97.260002,102.580002,97.089996,97.320000,97.320000,0
2016-02-04,98.099998,99.040001,94.720001,95.220001,95.220001,0
2016-02-05,95.360001,101.949997,94.320000,100.550003,100.550003,0
2016-02-08,106.129997,109.790001,104.300003,104.529999,104.529999,0
2016-02-09,107.589996,108.290001,102.820000,103.059998,103.059998,0
2016-02-10,106.529999,107.019997,103.750000,106.190002,106.190002,0
2016-02-11,114.190002,114.190002,106.129997,107.209999,107.209999,0
2016-02-12,105.790001,106.750000,102.150002,103.250000,103.250000,0
2016-02-16,101.690002,101.830002,93.209999,94.199997,94.199997,0
2016-02-17,92.769997,93.419998,88.480003,88.959999,88.959999,0
2016-02-18,88.150002,88.709999,84.580002,87.529999,87.529999,0
2016-02-19,88.389999,89.349998,85.489998,86.250000,86.250000,0
2016-02-22,86.150002,86.900002,85.129997,86.190002,86.190002,0
2016-02-23,87.019997,89.919998,86.320000,89.669998,89.669998,0
2016-02-24,92.099998,93.160004,86.410004,86.739998,86.739998,0
2016-02-25,86.120003,87.480003,83.419998,83.510002,83.510002,0
2016-02-26,83.279999,83.919998,81.760002,83.720001,83.720001,0
2016-02-29,85.800003,85.860001,81.720001,85.059998,85.059998,0
2016-03-01,84.050003,84.400002,79.389999,79.449997,79.449997,0
2016-03-02,81.010002,82.180000,78.510002,78.839996,78.839996,0
2016-03-03,79.269997,79.680000,77.290001,79.410004,79.410004,0
2016-03-04,78.949997,82.040001,78.389999,81.970001,81.970001,0
2016-03-07,84.410004,84.540001,81.699997,82.300003,82.300003,0
2016-03-08,83.870003,87.860001,83.629997,87.459999,87.459999,0
2016-03-09,94.230003,95.760002,92.059998,92.860001,92.860001,0
2016-03-10,92.330002,99.809998,89.739998,94.769997,94.769997,0
2016-03-11,92.800003,93.730003,90.360001,92.349998,92.349998,0
2016-03-14,92.800003,93.760002,88.370003,89.739998,89.739998,0
2016-03-15,91.910004,91.910004,88.290001,90.339996,90.339996,0
2016-03-16,90.750000,91.209999,84.080002,84.370003,84.370003,0
2016-03-17,85.410004,85.410004,81.629997,84.709999,84.709999,0
2016-03-18,83.440002,86.199997,81.449997,86.199997,86.199997,0
2016-03-21,86.790001,90.279999,85.589996,87.779999,87.779999,0
2016-03-22,87.889999,88.779999,84.430000,85.040001,85.040001,0
2016-03-23,86.349998,86.879997,83.949997,86.059998,86.059998,0
2016-03-24,88.379997,89.190002,83.699997,84.199997,84.199997,0
2016-03-28,86.720001,88.129997,82.169998,83.290001,83.290001,0
2016-03-29,84.089996,84.379997,80.610001,81.389999,81.389999,0
2016-03-30,80.459999,82.080002,78.930000,80.330002,80.330002,0
2016-03-31,81.330002,84.680000,80.459999,82.940002,82.940002,0
2016-04-01,85.089996,86.169998,81.239998,81.570000,81.570000,0
2016-04-04,83.839996,85.260002,82.790001,84.430000,84.430000,0
2016-04-05,87.500000,89.589996,86.959999,89.110001,89.110001,0
2016-04-06,88.589996,89.410004,85.379997,85.589996,85.589996,0
2016-04-07,87.199997,94.970001,86.480003,92.739998,92.739998,0
2016-04-08,90.059998,90.540001,87.849998,89.730003,89.730003,0
2016-04-11,89.949997,93.080002,88.540001,92.809998,92.809998,0
2016-04-12,91.760002,93.809998,89.570000,89.779999,89.779999,0
2016-04-13,91.050003,91.500000,87.820000,87.889999,87.889999,0
2016-04-14,87.900002,89.160004,86.290001,87.919998,87.919998,0
2016-04-15,88.699997,92.250000,87.769997,90.269997,90.269997,0
2016-04-18,92.230003,92.230003,86.290001,86.570000,86.570000,0
2016-04-19,86.690002,88.680000,84.879997,86.980003,86.980003,0
2016-04-20,85.150002,88.449997,84.099998,87.970001,87.970001,0
2016-04-21,88.309998,88.989998,86.209999,87.070000,87.070000,0
2016-04-22,87.760002,87.760002,83.690002,84.099998,84.099998,0
2016-04-25,86.599998,87.510002,85.620003,85.769997,85.769997,0
2016-04-26,85.389999,86.120003,84.019997,84.510002,84.510002,0
2016-04-27,85.559998,87.470001,83.080002,83.099998,83.099998,0
2016-04-28,84.910004,88.239998,81.419998,87.360001,87.360001,0
2016-04-29,87.709999,95.720001,86.930000,91.680000,91.680000,0
2016-05-02,92.250000,92.500000,88.199997,89.489998,89.489998,0
2016-05-03,91.730003,94.269997,91.220001,91.660004,91.660004,0
2016-05-04,92.500000,94.440002,91.790001,91.860001,91.860001,0
2016-05-05,91.529999,93.699997,90.489998,91.580002,91.580002,0
2016-05-06,92.320000,92.320000,88.550003,88.860001,88.860001,0
2016-05-09,90.720001,90.940002,86.080002,86.419998,86.419998,0
2016-05-10,85.739998,86.470001,84.480003,85.919998,85.919998,0
2016-05-11,88.550003,91.529999,88.199997,91.529999,91.529999,0
2016-05-12,90.510002,93.889999,89.750000,91.250000,91.250000,0
2016-05-13,90.959999,94.129997,88.949997,94.000000,94.000000,0
2016-05-16,94.010002,94.489998,90.019997,90.610001,90.610001,0
2016-05-17,91.040001,93.230003,89.680000,91.760002,91.760002,0
2016-05-18,91.809998,92.050003,85.379997,89.989998,89.989998,0
2016-05-19,90.769997,94.699997,89.139999,90.459999,90.459999,0
2016-05-20,89.790001,89.790001,84.519997,85.459999,85.459999,0
2016-05-23,86.949997,87.000000,83.519997,84.120003,84.120003,0
2016-05-24,83.980003,84.080002,79.239998,79.480003,79.480003,0
2016-05-25,78.699997,79.570000,77.230003,78.540001,78.540001,0
2016-05-26,78.580002,78.860001,77.300003,77.480003,77.480003,0
2016-05-27,77.959999,78.870003,76.169998,76.169998,76.169998,0
2016-05-31,79.820000,82.410004,79.300003,79.430000,79.430000,0
2016-06-01,79.980003,81.470001,78.709999,78.930000,78.930000,0
2016-06-02,80.239998,80.839996,78.820000,79.540001,79.540001,0
2016-06-03,80.620003,82.209999,78.349998,79.080002,79.080002,0
2016-06-06,81.260002,82.180000,80.349998,80.709999,80.709999,0
2016-06-07,80.540001,82.820000,79.410004,82.300003,82.300003,0
2016-06-08,86.099998,88.800003,85.089996,86.610001,86.610001,0
2016-06-09,87.379997,91.330002,87.290001,89.980003,89.980003,0
2016-06-10,93.120003,103.879997,92.040001,103.779999,103.779999,0
2016-06-13,104.800003,125.339996,104.800003,124.559998,124.559998,0
2016-06-14,123.959999,125.260002,114.970001,116.440002,116.440002,0
2016-06-15,114.690002,116.160004,111.230003,114.230003,114.230003,0
2016-06-16,116.400002,123.239998,114.760002,115.470001,115.470001,0
2016-06-17,115.629997,116.570000,111.690002,115.720001,115.720001,0
2016-06-20,109.709999,112.879997,105.610001,112.400002,112.400002,0
2016-06-21,110.269997,116.220001,109.959999,113.459999,113.459999,0
2016-06-22,112.830002,130.449997,111.739998,122.940002,122.940002,0
2016-06-23,114.800003,115.099998,104.709999,104.709999,104.709999,0
2016-06-24,131.949997,132.419998,114.790001,125.129997,125.129997,0
2016-06-27,124.739998,124.800003,113.309998,115.599998,115.599998,0
2016-06-28,108.660004,110.739998,106.220001,108.000000,108.000000,0
2016-06-29,104.959999,104.959999,98.129997,98.599998,98.599998,0
2016-06-30,99.019997,99.660004,94.059998,94.230003,94.230003,0
2016-07-01,95.199997,95.330002,89.489998,91.699997,91.699997,0
2016-07-05,94.510002,96.160004,91.349998,91.849998,91.849998,0
2016-07-06,94.220001,94.620003,89.230003,89.239998,89.239998,0
2016-07-07,89.080002,93.309998,86.860001,89.500000,89.500000,0
2016-07-08,86.949997,87.699997,84.089996,84.720001,84.720001,0
2016-07-11,84.860001,85.370003,83.419998,84.779999,84.779999,0
2016-07-12,83.080002,87.080002,82.620003,84.980003,84.980003,0
2016-07-13,86.830002,88.489998,83.620003,84.180000,84.180000,0
2016-07-14,82.800003,86.930000,81.449997,86.029999,86.029999,0
2016-07-15,86.050003,91.010002,84.739998,89.040001,89.040001,0
2016-07-18,89.879997,90.500000,86.430000,87.199997,87.199997,0
2016-07-19,87.099998,91.790001,86.120003,89.029999,89.029999,0
2016-07-20,87.910004,89.360001,87.050003,87.089996,87.089996,0
2016-07-21,88.199997,96.000000,87.389999,92.839996,92.839996,0
2016-07-22,91.720001,92.070000,87.660004,89.510002,89.510002,0
2016-07-25,90.610001,95.300003,90.129997,91.949997,91.949997,0
2016-07-26,91.639999,93.529999,90.449997,91.440002,91.440002,0
2016-07-27,90.370003,94.610001,89.410004,91.230003,91.230003,0
2016-07-28,90.870003,92.190002,89.330002,89.809998,89.809998,0
2016-07-29,90.269997,91.639999,88.150002,90.839996,90.839996,0
2016-08-01,92.389999,93.709999,89.589996,90.680000,90.680000,0
2016-08-02,91.910004,96.750000,91.599998,93.889999,93.889999,0
2016-08-03,93.820000,94.699997,88.449997,88.589996,88.589996,0
2016-08-04,88.910004,89.239998,87.580002,88.139999,88.139999,0
2016-08-05,86.480003,86.599998,83.919998,85.230003,85.230003,0
2016-08-08,87.470001,87.470001,84.239998,84.500000,84.500000,0
2016-08-09,82.900002,88.040001,82.410004,86.650002,86.650002,0
2016-08-10,87.029999,91.339996,86.080002,89.400002,89.400002,0
2016-08-11,93.699997,97.360001,91.879997,97.360001,97.360001,0
2016-08-12,96.440002,97.980003,93.750000,94.489998,94.489998,0
2016-08-15,94.349998,94.639999,90.830002,91.669998,91.669998,0
2016-08-16,93.300003,95.269997,90.720001,91.860001,91.860001,0
2016-08-17,90.730003,92.949997,84.279999,84.839996,84.839996,0
2016-08-18,85.669998,86.779999,81.730003,82.830002,82.830002,0
2016-08-19,84.029999,84.800003,80.910004,82.440002,82.440002,0
2016-08-22,85.389999,86.430000,82.239998,83.129997,83.129997,0
2016-08-23,82.449997,83.589996,80.300003,83.449997,83.449997,0
2016-08-24,83.370003,86.250000,81.830002,85.370003,85.370003,0
2016-08-25,87.239998,87.239998,83.870003,85.430000,85.430000,0
2016-08-26,85.769997,92.459999,80.599998,88.620003,88.620003,0
2016-08-29,90.320000,90.339996,85.629997,85.830002,85.830002,0
2016-08-30,86.230003,86.639999,84.220001,84.440002,84.440002,0
2016-08-31,85.199997,89.269997,84.230003,84.870003,84.870003,0
2016-09-01,84.730003,88.610001,83.959999,84.900002,84.900002,0
2016-09-02,82.900002,82.900002,80.220001,81.349998,81.349998,0
2016-09-06,84.330002,84.589996,81.970001,82.139999,82.139999,0
2016-09-07,82.519997,84.239998,81.599998,83.080002,83.080002,0
2016-09-08,84.220001,86.839996,83.809998,85.570000,85.570000,0
2016-09-09,89.669998,110.669998,89.669998,110.019997,110.019997,0
2016-09-12,110.180000,110.750000,98.370003,99.529999,99.529999,0
2016-09-13,103.839996,116.010002,102.489998,110.019997,110.019997,0
2016-09-14,112.339996,113.660004,105.959999,113.150002,113.150002,0
2016-09-15,111.050003,111.480003,105.720001,109.269997,109.269997,0
2016-09-16,109.480003,111.139999,102.080002,102.589996,102.589996,0
2016-09-19,100.190002,103.269997,97.440002,101.580002,101.580002,0
2016-09-20,99.779999,102.510002,99.779999,101.980003,101.980003,0
2016-09-21,99.320000,101.230003,90.839996,92.589996,92.589996,0
2016-09-22,88.410004,91.019997,87.540001,89.220001,89.220001,0
2016-09-23,89.379997,90.730003,87.110001,90.400002,90.400002,0
2016-09-26,94.839996,97.779999,94.720001,96.239998,96.239998,0
2016-09-27,96.570000,96.650002,88.160004,88.940002,88.940002,0
2016-09-28,88.019997,90.260002,87.089996,87.550003,87.550003,0
2016-09-29,88.279999,100.500000,87.099998,93.779999,93.779999,0
2016-09-30,92.779999,94.279999,90.699997,91.419998,91.419998,0
2016-10-03,94.809998,95.559998,91.150002,91.510002,91.510002,0
2016-10-04,91.349998,93.779999,89.879997,89.940002,89.940002,0
2016-10-05,89.669998,90.769997,88.290001,89.879997,89.879997,0
2016-10-06,90.900002,91.650002,89.849998,89.860001,89.860001,0
2016-10-07,89.750000,92.459999,89.570000,90.860001,90.860001,0
2016-10-10,92.400002,92.699997,89.180000,90.660004,90.660004,0
2016-10-11,91.940002,98.550003,91.849998,95.430000,95.430000,0
2016-10-12,101.410004,103.529999,99.410004,102.019997,102.019997,0
2016-10-13,104.980003,108.309998,102.019997,103.400002,103.400002,0
2016-10-14,100.889999,101.739998,98.139999,101.010002,101.010002,0
2016-10-17,99.459999,101.110001,98.989998,99.339996,99.339996,0
2016-10-18,97.199997,97.949997,95.750000,96.870003,96.870003,0
2016-10-19,94.860001,95.610001,93.050003,93.900002,93.900002,0
2016-10-20,94.120003,94.550003,89.610001,89.720001,89.720001,0
2016-10-21,90.870003,92.470001,87.110001,87.339996,87.339996,0
2016-10-24,86.470001,87.699997,85.360001,85.809998,85.809998,0
2016-10-25,85.389999,87.250000,84.790001,86.230003,86.230003,0
2016-10-26,88.230003,88.279999,85.110001,86.900002,86.900002,0
2016-10-27,87.070000,91.410004,86.930000,91.209999,91.209999,0
2016-10-28,90.529999,106.660004,87.849998,99.440002,99.440002,0
2016-10-31,99.690002,103.639999,98.400002,102.820000,102.820000,0
2016-11-01,102.410004,113.570000,102.300003,108.260002,108.260002,0
2016-11-02,107.660004,112.389999,107.620003,112.389999,112.389999,0
2016-11-03,110.559998,120.389999,110.129997,120.239998,120.239998,0
2016-11-04,115.879997,120.919998,114.750000,120.230003,120.230003,0
2016-11-07,110.080002,113.320000,106.599998,107.839996,107.839996,0
2016-11-08,112.000000,114.559998,108.129997,108.669998,108.669998,0
2016-11-09,113.419998,113.419998,95.669998,96.139999,96.139999,0
2016-11-10,95.639999,107.239998,92.620003,102.669998,102.669998,0
2016-11-11,105.400002,106.040001,97.220001,97.220001,97.220001,0
2016-11-14,99.989998,101.290001,95.730003,98.220001,98.220001,0
2016-11-15,98.209999,100.269997,91.379997,91.769997,91.769997,0
2016-11-16,93.470001,94.139999,90.139999,92.449997,92.449997,0
2016-11-17,91.980003,91.980003,86.849998,87.580002,87.580002,0
2016-11-18,88.150002,88.150002,84.940002,86.400002,86.400002,0
2016-11-21,86.000000,86.000000,79.779999,80.750000,80.750000,0
2016-11-22,81.309998,84.830002,80.300003,83.400002,83.400002,0
2016-11-23,83.089996,85.480003,82.080002,82.449997,82.449997,0
2016-11-25,83.519997,84.260002,82.449997,82.650002,82.650002,0
2016-11-28,85.290001,87.639999,84.849998,86.169998,86.169998,0
2016-11-29,86.860001,87.730003,85.120003,86.279999,86.279999,0
2016-11-30,85.379997,89.040001,84.989998,88.989998,88.989998,0
2016-12-01,88.059998,99.389999,87.750000,97.790001,97.790001,0
2016-12-02,99.059998,99.389999,94.940002,98.070000,98.070000,0
2016-12-05,95.050003,95.669998,88.849998,88.879997,88.879997,0
2016-12-06,87.930000,88.959999,87.110001,88.120003,88.120003,0
2016-12-07,88.169998,89.110001,86.699997,89.110001,89.110001,0
2016-12-08,89.519997,94.620003,88.930000,91.269997,91.269997,0
2016-12-09,91.250000,91.519997,88.860001,89.400002,89.400002,0
2016-12-12,91.529999,92.169998,90.779999,91.870003,91.870003,0
2016-12-13,91.550003,93.870003,91.230003,93.320000,93.320000,0
2016-12-14,95.599998,98.040001,93.500000,96.820000,96.820000,0
2016-12-15,94.790001,95.980003,92.800003,93.080002,93.080002,0
2016-12-16,92.690002,94.739998,92.269997,93.790001,93.790001,0
2016-12-19,93.330002,93.839996,90.440002,90.510002,90.510002,0
2016-12-20,89.430000,89.959999,87.620003,88.260002,88.260002,0
2016-12-21,87.739998,88.970001,86.500000,87.970001,87.970001,0
2016-12-22,88.160004,91.000000,87.559998,89.720001,89.720001,0
2016-12-23,90.000000,90.000000,87.089996,87.639999,87.639999,0
2016-12-27,90.209999,90.239998,86.209999,86.370003,86.370003,0
2016-12-28,85.559998,89.400002,85.220001,89.169998,89.169998,0
2016-12-29,89.110001,90.959999,87.750000,88.870003,88.870003,0
2016-12-30,88.070000,92.510002,87.709999,91.599998,91.599998,0
2017-01-03,90.160004,90.349998,85.120003,85.370003,85.370003,0
2017-01-04,85.050003,85.050003,81.120003,82.269997,82.269997,0
2017-01-05,83.070000,83.769997,81.260002,81.330002,81.330002,0
2017-01-06,80.330002,81.360001,78.720001,80.589996,80.589996,0
2017-01-09,83.709999,84.339996,82.160004,83.470001,83.470001,0
2017-01-10,83.250000,86.709999,83.250000,86.360001,86.360001,0
2017-01-11,89.480003,92.580002,86.510002,86.720001,86.720001,0
2017-01-12,87.940002,94.459999,87.540001,90.440002,90.440002,0
2017-01-13,89.589996,94.199997,89.129997,92.900002,92.900002,0
2017-01-17,96.089996,96.570000,92.139999,92.389999,92.389999,0
2017-01-18,92.000000,93.089996,85.620003,87.059998,87.059998,0
2017-01-19,85.820000,88.419998,84.919998,86.839996,86.839996,0
2017-01-20,86.800003,87.419998,83.349998,83.629997,83.629997,0
2017-01-23,85.680000,87.900002,84.510002,84.510002,84.510002,0
2017-01-24,83.760002,84.279999,78.470001,79.050003,79.050003,0
2017-01-25,79.050003,79.279999,77.610001,78.660004,78.660004,0
2017-01-26,79.570000,80.849998,79.080002,79.650002,79.650002,0
2017-01-27,81.260002,84.379997,80.290001,83.629997,83.629997,0
2017-01-30,86.839996,95.919998,86.839996,92.040001,92.040001,0
2017-01-31,92.930000,94.940002,89.790001,89.830002,89.830002,0
2017-02-01,87.839996,89.260002,86.389999,87.750000,87.750000,0
2017-02-02,89.070000,90.010002,87.519997,89.730003,89.730003,0
2017-02-03,88.430000,89.419998,87.570000,88.970001,88.970001,0
2017-02-06,92.059998,92.330002,89.610001,90.019997,90.019997,0
2017-02-07,89.800003,90.470001,89.320000,89.610001,89.610001,0
2017-02-08,97.529999,99.400002,93.050003,94.580002,94.580002,0
2017-02-09,93.660004,93.660004,88.349998,89.589996,89.589996,0
2017-02-10,88.430000,88.750000,83.669998,85.769997,85.769997,0
2017-02-13,85.919998,85.919998,80.110001,80.839996,80.839996,0
2017-02-14,82.099998,82.540001,77.919998,78.349998,78.349998,0
2017-02-15,79.400002,82.970001,77.769997,81.120003,81.120003,0
2017-02-16,80.940002,88.190002,78.239998,79.660004,79.660004,0
2017-02-17,82.000000,83.629997,79.150002,81.250000,81.250000,0
2017-02-21,82.699997,83.139999,80.250000,82.449997,82.449997,0
2017-02-22,83.580002,84.800003,81.260002,81.529999,81.529999,0
2017-02-23,83.010002,86.669998,81.470001,82.199997,82.199997,0
2017-02-24,87.709999,89.089996,82.180000,83.309998,83.309998,0
2017-02-27,87.089996,87.910004,83.800003,85.690002,85.690002,0
2017-02-28,86.029999,88.669998,85.970001,88.080002,88.080002,0
2017-03-01,84.910004,85.019997,81.529999,84.029999,84.029999,0
2017-03-02,84.750000,85.010002,81.480003,83.610001,83.610001,0
2017-03-03,82.739998,82.930000,80.620003,81.190002,81.190002,0
2017-03-06,84.070000,84.150002,80.690002,81.440002,81.440002,0
2017-03-07,81.919998,82.349998,80.269997,81.430000,81.430000,0
2017-03-08,81.339996,82.820000,80.129997,82.500000,82.500000,0
2017-03-09,82.199997,84.099998,81.720001,83.639999,83.639999,0
2017-03-10,82.110001,82.940002,80.070000,80.269997,80.269997,0
2017-03-13,82.779999,82.910004,80.669998,81.570000,81.570000,0
2017-03-14,82.820000,87.669998,82.209999,85.879997,85.879997,0
2017-03-15,85.690002,85.830002,78.480003,80.760002,80.760002,0
2017-03-16,80.059998,80.580002,75.610001,75.959999,75.959999,0
2017-03-17,76.470001,78.660004,71.750000,78.660004,78.660004,0
2017-03-20,79.870003,80.129997,75.779999,77.160004,77.160004,0
2017-03-21,77.470001,84.680000,75.290001,83.019997,83.019997,0
2017-03-22,85.290001,87.070000,82.500000,83.800003,83.800003,0
2017-03-23,84.550003,88.930000,80.870003,88.930000,88.930000,0
2017-03-24,87.070000,96.699997,83.199997,89.739998,89.739998,0
2017-03-27,96.750000,97.779999,84.320000,84.860001,84.860001,0
2017-03-28,84.800003,84.919998,78.489998,79.269997,79.269997,0
2017-03-29,78.589996,79.459999,76.709999,78.260002,78.260002,0
2017-03-30,79.010002,79.739998,77.220001,77.870003,77.870003,0
2017-03-31,79.690002,79.690002,77.529999,78.309998,78.309998,0
2017-04-03,81.459999,87.400002,81.029999,82.959999,82.959999,0
2017-04-04,84.790001,84.839996,79.160004,79.669998,79.669998,0
2017-04-05,78.779999,87.269997,76.989998,86.589996,86.589996,0
2017-04-06,85.089996,85.970001,81.070000,83.910004,83.910004,0
2017-04-07,86.279999,89.889999,84.940002,89.389999,89.389999,0
2017-04-10,92.209999,97.900002,91.029999,97.900002,97.900002,0
2017-04-11,99.980003,109.980003,99.470001,103.739998,103.739998,0
2017-04-12,109.290001,114.620003,109.290001,111.529999,111.529999,0
2017-04-13,112.050003,115.690002,109.790001,115.540001,115.540001,0
2017-04-17,111.580002,111.830002,101.489998,101.489998,101.489998,0
2017-04-18,102.589996,104.209999,99.279999,99.519997,99.519997,0
2017-04-19,97.400002,98.980003,92.830002,97.889999,97.889999,0
2017-04-20,96.500000,100.279999,92.639999,94.529999,94.529999,0
2017-04-21,95.169998,100.550003,94.279999,95.410004,95.410004,0
2017-04-24,85.330002,85.959999,77.589996,78.169998,78.169998,0
2017-04-25,75.089996,77.339996,74.339996,75.639999,75.639999,0
2017-04-26,76.440002,79.260002,75.699997,76.639999,76.639999,0
2017-04-27,76.629997,77.839996,75.919998,76.660004,76.660004,0
2017-04-28,76.959999,78.620003,76.500000,77.089996,77.089996,0
2017-05-01,78.019997,78.639999,76.419998,78.330002,78.330002,0
2017-05-02,78.339996,80.040001,77.949997,79.330002,79.330002,0
2017-05-03,79.860001,81.389999,77.989998,78.769997,78.769997,0
2017-05-04,78.199997,80.639999,77.370003,78.000000,78.000000,0
2017-05-05,78.389999,81.230003,78.070000,80.650002,80.650002,0
2017-05-08,81.669998,82.050003,79.650002,81.379997,81.379997,0
2017-05-09,82.820000,83.919998,82.510002,83.629997,83.629997,0
2017-05-10,87.830002,88.989998,85.970001,87.489998,87.489998,0
2017-05-11,89.050003,92.400002,84.860001,86.510002,86.510002,0
2017-05-12,87.050003,87.239998,80.900002,82.500000,82.500000,0
2017-05-15,83.639999,83.980003,78.730003,79.529999,79.529999,0
2017-05-16,79.410004,80.209999,76.059998,76.760002,76.760002,0
2017-05-17,89.389999,112.570000,85.669998,111.480003,111.480003,0
2017-05-18,113.309998,115.440002,99.849998,104.120003,104.120003,0
2017-05-19,97.470001,97.660004,84.860001,87.209999,87.209999,0
2017-05-22,87.440002,87.440002,82.949997,83.470001,83.470001,0
2017-05-23,83.650002,84.199997,81.889999,84.190002,84.190002,0
2017-05-24,82.550003,84.169998,81.029999,81.910004,81.910004,0
2017-05-25,81.959999,83.470001,81.199997,82.199997,82.199997,0
2017-05-26,82.489998,82.900002,80.839996,81.809998,81.809998,0
2017-05-30,85.150002,85.769997,83.360001,84.300003,84.300003,0
2017-05-31,83.440002,88.300003,83.199997,84.519997,84.519997,0
2017-06-01,84.290001,85.070000,83.199997,83.830002,83.830002,0
2017-06-02,84.440002,84.930000,82.650002,83.620003,83.620003,0
2017-06-05,85.760002,86.180000,82.790001,86.080002,86.080002,0
2017-06-06,87.540001,89.989998,86.760002,89.150002,89.150002,0
2017-06-07,87.620003,91.300003,87.250000,88.220001,88.220001,0
2017-06-08,87.419998,87.519997,83.019997,83.279999,83.279999,0
2017-06-09,83.330002,91.610001,81.599998,87.410004,87.410004,0
2017-06-12,90.120003,94.209999,89.440002,91.209999,91.209999,0
2017-06-13,89.709999,89.750000,86.279999,86.660004,86.660004,0
2017-06-14,87.400002,91.349998,87.300003,89.970001,89.970001,0
2017-06-15,93.800003,94.190002,88.610001,89.949997,89.949997,0
2017-06-16,90.150002,91.070000,86.839996,87.000000,87.000000,0
2017-06-19,88.339996,88.419998,83.910004,85.269997,85.269997,0
2017-06-20,87.610001,90.080002,86.199997,89.190002,89.190002,0
2017-06-21,89.349998,90.150002,86.519997,88.070000,88.070000,0
2017-06-22,87.330002,88.400002,84.410004,86.379997,86.379997,0
2017-06-23,86.129997,86.870003,83.480003,84.519997,84.519997,0
2017-06-26,84.540001,85.089996,81.930000,81.940002,81.940002,0
2017-06-27,83.529999,88.070000,82.220001,87.300003,87.300003,0
2017-06-28,85.680000,87.449997,83.589996,84.239998,84.239998,0
2017-06-29,84.449997,105.279999,84.370003,93.779999,93.779999,0
2017-06-30,92.139999,94.160004,88.760002,90.430000,90.430000,0
2017-07-03,89.889999,93.309998,88.559998,93.309998,93.309998,0
2017-07-05,90.459999,95.669998,90.320000,91.980003,91.980003,0
2017-07-06,93.959999,101.389999,93.930000,100.209999,100.209999,0
2017-07-07,97.220001,97.830002,92.129997,92.500000,92.500000,0
2017-07-10,94.699997,94.830002,88.269997,89.690002,89.690002,0
2017-07-11,89.459999,93.970001,87.730003,88.230003,88.230003,0
2017-07-12,89.959999,89.959999,87.389999,88.190002,88.190002,0
2017-07-13,87.790001,88.680000,84.910004,85.680000,85.680000,0
2017-07-14,85.879997,85.879997,80.750000,82.199997,82.199997,0
2017-07-17,81.779999,82.260002,80.000000,80.269997,80.269997,0
2017-07-18,82.239998,83.559998,78.400002,79.139999,79.139999,0
2017-07-19,78.459999,78.589996,75.559998,77.959999,77.959999,0
2017-07-20,77.529999,78.269997,75.580002,76.260002,76.260002,0
2017-07-21,76.930000,78.620003,76.349998,77.860001,77.860001,0
2017-07-24,78.800003,79.919998,77.150002,78.239998,78.239998,0
2017-07-25,77.459999,79.870003,76.809998,79.169998,79.169998,0
2017-07-26,79.389999,82.529999,79.120003,82.339996,82.339996,0
2017-07-27,80.760002,92.809998,80.529999,86.870003,86.870003,0
2017-07-28,89.099998,91.989998,87.099998,87.199997,87.199997,0
2017-07-31,89.080002,90.199997,86.570000,86.760002,86.760002,0
2017-08-01,87.309998,87.570000,84.230003,84.550003,84.550003,0
2017-08-02,84.110001,88.660004,83.389999,86.889999,86.889999,0
2017-08-03,86.550003,88.330002,86.080002,87.660004,87.660004,0
2017-08-04,86.510002,87.489998,85.709999,87.389999,87.389999,0
2017-08-07,89.559998,91.199997,88.610001,90.010002,90.010002,0
2017-08-08,89.730003,99.489998,87.629997,98.680000,98.680000,0
2017-08-09,109.309998,113.440002,103.199997,106.769997,106.769997,0
2017-08-10,113.919998,135.320007,113.610001,135.320007,135.320007,0
2017-08-11,134.979996,135.270004,117.290001,127.430000,127.430000,0
2017-08-14,115.580002,115.580002,99.809998,100.599998,100.599998,0
2017-08-15,97.809998,101.269997,95.629997,96.709999,96.709999,0
2017-08-16,97.540001,97.540001,93.690002,94.820000,94.820000,0
2017-08-17,98.389999,120.760002,96.470001,117.769997,117.769997,0
2017-08-18,114.769997,121.680000,107.339996,114.389999,114.389999,0
2017-08-21,112.919998,113.870003,101.239998,101.389999,101.389999,0
2017-08-22,96.980003,97.279999,92.099998,92.699997,92.699997,0
2017-08-23,97.489998,99.830002,94.690002,98.959999,98.959999,0
2017-08-24,98.000000,103.989998,97.320000,100.260002,100.260002,0
2017-08-25,99.190002,99.279999,95.300003,95.529999,95.529999,0
2017-08-28,97.849998,99.480003,96.120003,96.419998,96.419998,0
2017-08-29,109.279999,109.279999,98.790001,98.790001,98.790001,0
2017-08-30,99.779999,100.620003,97.040001,98.900002,98.900002,0
2017-08-31,97.660004,97.669998,94.190002,94.860001,94.860001,0
2017-09-01,93.940002,94.480003,92.820000,93.599998,93.599998,0
2017-09-05,100.470001,110.150002,99.790001,102.660004,102.660004,0
2017-09-06,102.260002,103.849998,98.730003,99.610001,99.610001,0
2017-09-07,99.529999,100.449997,96.099998,96.290001,96.290001,0
2017-09-08,97.949997,100.889999,97.779999,100.120003,100.120003,0
2017-09-11,98.309998,98.489998,93.129997,93.660004,93.660004,0
2017-09-12,93.040001,93.860001,91.769997,92.389999,92.389999,0
2017-09-13,94.349998,94.349998,89.940002,90.889999,90.889999,0
2017-09-14,91.610001,92.589996,90.260002,92.089996,92.089996,0
2017-09-15,91.879997,92.410004,90.040001,90.629997,90.629997,0
2017-09-18,90.370003,90.860001,88.849998,90.459999,90.459999,0
2017-09-19,90.320000,92.279999,89.639999,91.220001,91.220001,0
2017-09-20,90.779999,94.550003,89.169998,90.910004,90.910004,0
2017-09-21,91.290001,92.790001,90.599998,92.320000,92.320000,0
2017-09-22,93.110001,93.779999,92.180000,93.290001,93.290001,0
2017-09-25,95.489998,100.889999,95.160004,96.400002,96.400002,0
2017-09-26,96.320000,96.430000,94.029999,94.809998,94.809998,0
2017-09-27,94.870003,96.519997,94.269997,95.360001,95.360001,0
2017-09-28,95.599998,96.419998,93.699997,94.099998,94.099998,0
2017-09-29,94.120003,94.660004,91.690002,93.139999,93.139999,0
2017-10-02,94.870003,94.989998,92.410004,92.480003,92.480003,0
2017-10-03,92.050003,93.970001,91.379997,91.589996,91.589996,0
2017-10-04,92.000000,93.019997,91.400002,92.120003,92.120003,0
2017-10-05,91.599998,92.669998,91.059998,91.790001,91.790001,0
2017-10-06,92.430000,98.370003,91.720001,97.089996,97.089996,0
2017-10-09,97.970001,102.720001,97.470001,101.830002,101.830002,0
2017-10-10,100.320000,102.070000,97.290001,97.330002,97.330002,0
2017-10-11,100.139999,100.930000,98.059998,99.220001,99.220001,0
2017-10-12,99.709999,100.989998,96.070000,97.769997,97.769997,0
2017-10-13,97.040001,98.940002,95.839996,97.800003,97.800003,0
2017-10-16,98.309998,99.620003,97.309998,97.650002,97.650002,0
2017-10-17,98.449997,99.269997,97.199997,98.739998,98.739998,0
2017-10-18,98.169998,98.169998,94.339996,94.339996,94.339996,0
2017-10-19,100.610001,101.669998,93.330002,93.330002,93.330002,0
2017-10-20,92.279999,93.089996,89.660004,90.529999,90.529999,0
2017-10-23,92.480003,97.110001,91.459999,97.089996,97.089996,0
2017-10-24,94.459999,98.430000,94.309998,98.430000,98.430000,0
2017-10-25,99.620003,113.459999,98.959999,100.160004,100.160004,0
2017-10-26,100.169998,101.220001,96.250000,97.730003,97.730003,0
2017-10-27,96.440002,97.320000,92.199997,92.779999,92.779999,0
2017-10-30,96.970001,97.639999,92.769997,95.190002,95.190002,0
2017-10-31,94.180000,94.419998,91.760002,92.010002,92.010002,0
2017-11-01,91.910004,92.800003,90.610001,92.000000,92.000000,0
2017-11-02,92.010002,94.769997,90.720001,91.480003,91.480003,0
2017-11-03,90.540001,91.650002,89.029999,89.680000,89.680000,0
2017-11-06,92.419998,92.419998,90.570000,91.250000,91.250000,0
2017-11-07,91.510002,95.199997,90.300003,93.449997,93.449997,0
2017-11-08,99.769997,100.680000,96.150002,97.739998,97.739998,0
2017-11-09,101.809998,109.550003,97.320000,98.820000,98.820000,0
2017-11-10,100.019997,106.570000,98.980003,104.760002,104.760002,0
2017-11-13,108.269997,108.570000,103.620003,106.300003,106.300003,0
2017-11-14,107.029999,107.680000,102.010002,103.180000,103.180000,0
2017-11-15,107.160004,113.779999,104.669998,106.269997,106.269997,0
2017-11-16,102.730003,102.750000,98.650002,100.150002,100.150002,0
2017-11-17,100.379997,100.379997,95.970001,97.120003,97.120003,0
2017-11-20,97.570000,97.720001,92.440002,93.760002,93.760002,0
2017-11-21,91.540001,91.540001,88.209999,89.269997,89.269997,0
2017-11-22,88.169998,88.389999,85.830002,86.419998,86.419998,0
2017-11-24,86.400002,86.790001,85.769997,86.320000,86.320000,0
2017-11-27,88.580002,88.620003,85.750000,86.580002,86.580002,0
2017-11-28,86.309998,87.209999,84.580002,85.730003,85.730003,0
2017-11-29,85.919998,92.470001,85.570000,89.570000,89.570000,0
2017-11-30,87.349998,90.980003,87.180000,89.940002,89.940002,0
2017-12-01,90.559998,111.480003,89.889999,95.029999,95.029999,0
2017-12-04,91.190002,97.809998,90.019997,97.570000,97.570000,0
2017-12-05,96.160004,98.040001,92.580002,97.949997,97.949997,0
2017-12-06,98.059998,100.120003,96.570000,98.169998,98.169998,0
2017-12-07,97.540001,98.099998,95.070000,95.830002,95.830002,0
2017-12-08,93.510002,94.029999,91.330002,91.889999,91.889999,0
2017-12-11,93.769997,93.940002,91.500000,92.059998,92.059998,0
2017-12-12,91.470001,93.680000,91.389999,93.269997,93.269997,0
2017-12-13,94.550003,96.260002,93.580002,95.559998,95.559998,0
2017-12-14,94.779999,98.320000,93.760002,96.070000,96.070000,0
2017-12-15,94.300003,94.559998,91.080002,92.199997,92.199997,0
2017-12-18,92.949997,93.139999,90.239998,90.639999,90.639999,0
2017-12-19,91.489998,93.820000,90.410004,93.580002,93.580002,0
2017-12-20,91.070000,93.529999,90.129997,92.860001,92.860001,0
2017-12-21,92.860001,93.889999,91.550003,92.209999,92.209999,0
2017-12-22,92.480003,95.559998,91.580002,94.900002,94.900002,0
2017-12-26,98.889999,98.970001,96.000000,97.559998,97.559998,0
2017-12-27,97.080002,98.279999,95.769997,97.080002,97.080002,0
2017-12-28,97.120003,97.650002,96.260002,97.250000,97.250000,0
2017-12-29,96.790001,101.250000,96.419998,100.760002,100.760002,0
2018-01-02,103.070000,103.070000,97.120003,97.360001,97.360001,0
2018-01-03,96.190002,96.190002,93.970001,94.400002,94.400002,0
2018-01-04,94.129997,94.940002,93.449997,94.209999,94.209999,0
2018-01-05,94.349998,94.870003,92.809998,93.099998,93.099998,0
2018-01-08,97.599998,97.599998,93.239998,93.970001,93.970001,0
2018-01-09,94.400002,96.300003,93.419998,94.739998,94.739998,0
2018-01-10,98.709999,100.720001,93.629997,93.699997,93.699997,0
2018-01-11,92.709999,95.879997,90.730003,92.239998,92.239998,0
2018-01-12,91.199997,93.879997,90.889999,92.220001,92.220001,0
2018-01-16,96.389999,108.599998,96.080002,106.489998,106.489998,0
2018-01-17,105.480003,108.360001,97.980003,102.629997,102.629997,0
2018-01-18,103.480003,107.110001,101.650002,103.680000,103.680000,0
2018-01-19,102.669998,104.339996,101.010002,101.589996,101.589996,0
2018-01-22,103.699997,103.730003,98.589996,99.680000,99.680000,0
2018-01-23,100.239998,101.180000,97.070000,98.589996,98.589996,0
2018-01-24,98.190002,104.940002,97.849998,99.769997,99.769997,0
2018-01-25,99.599998,103.400002,99.519997,101.779999,101.779999,0
2018-01-26,100.760002,101.629997,98.290001,98.650002,98.650002,0
2018-01-29,102.349998,110.010002,101.690002,110.010002,110.010002,0
2018-01-30,113.250000,119.959999,112.040001,113.480003,113.480003,0
2018-01-31,110.029999,111.930000,106.809998,108.410004,108.410004,0
2018-02-01,110.269997,110.269997,99.830002,105.769997,105.769997,0
2018-02-02,109.919998,128.410004,109.879997,125.510002,125.510002,0
2018-02-05,130.449997,203.729996,121.010002,177.339996,177.339996,0
2018-02-06,152.660004,181.589996,140.660004,161.119995,161.119995,0
2018-02-07,159.070007,163.789993,142.970001,159.029999,159.029999,0
2018-02-08,155.800003,182.449997,154.240005,180.610001,180.610001,0
2018-02-09,176.720001,182.550003,165.350006,167.279999,167.279999,0
2018-02-12,163.320007,164.410004,137.789993,140.800003,140.800003,0
2018-02-13,144.300003,144.809998,136.289993,136.580002,136.580002,0
2018-02-14,135.369995,135.800003,118.169998,124.489998,124.489998,0
2018-02-15,120.820000,125.470001,120.820000,122.760002,122.760002,0
2018-02-16,122.889999,124.309998,115.070000,121.199997,121.199997,0
2018-02-20,123.150002,125.190002,119.330002,122.580002,122.580002,0
2018-02-21,121.480003,126.510002,112.919998,125.730003,125.730003,0
2018-02-22,121.250000,121.989998,116.110001,116.980003,116.980003,0
2018-02-23,115.269997,117.320000,109.489998,110.190002,110.190002,0
2018-02-26,109.419998,111.190002,106.400002,107.680000,107.680000,0
2018-02-27,109.900002,121.500000,107.849998,119.500000,119.500000,0
2018-02-28,116.750000,124.449997,115.099998,121.699997,121.699997,0
2018-03-01,121.989998,139.350006,121.029999,128.139999,128.139999,0
2018-03-02,135.029999,139.789993,114.580002,114.779999,114.779999,0
2018-03-05,119.070000,119.070000,108.879997,109.660004,109.660004,0
2018-03-06,107.959999,109.989998,104.080002,104.610001,104.610001,0
2018-03-07,107.889999,107.889999,98.709999,99.489998,99.489998,0
2018-03-08,97.889999,100.040001,96.760002,96.919998,96.919998,0
2018-03-09,96.110001,99.809998,94.889999,99.709999,99.709999,0
2018-03-12,101.449997,106.919998,100.739998,104.940002,104.940002,0
2018-03-13,103.389999,108.930000,102.889999,107.040001,107.040001,0
2018-03-14,107.400002,112.290001,106.379997,110.290001,110.290001,0
2018-03-15,108.970001,111.070000,105.949997,109.279999,109.279999,0
2018-03-16,107.570000,107.599998,103.330002,106.489998,106.489998,0
2018-03-19,109.739998,120.300003,107.089996,112.919998,112.919998,0
2018-03-20,113.519997,113.529999,107.029999,107.129997,107.129997,0
2018-03-21,106.879997,107.610001,102.349998,106.599998,106.599998,0
2018-03-22,115.309998,126.430000,111.519997,125.120003,125.120003,0
2018-03-23,122.629997,133.369995,116.000000,129.820007,129.820007,0
2018-03-26,123.540001,123.540001,112.709999,113.080002,113.080002,0
2018-03-27,112.949997,123.139999,110.650002,118.610001,118.610001,0
2018-03-28,118.230003,120.650002,113.300003,114.019997,114.019997,0
2018-03-29,110.849998,111.839996,101.800003,103.320000,103.320000,0
2018-04-02,108.430000,118.199997,107.110001,111.669998,111.669998,0
2018-04-03,109.040001,109.410004,102.059998,102.059998,102.059998,0
2018-04-04,109.809998,109.809998,94.930000,95.440002,95.440002,0
2018-04-05,95.129997,96.050003,91.639999,92.209999,92.209999,0
2018-04-06,95.449997,103.239998,93.000000,98.599998,98.599998,0
2018-04-09,98.790001,100.339996,96.790001,100.239998,100.239998,0
2018-04-10,97.610001,100.239998,97.349998,98.209999,98.209999,0
2018-04-11,102.519997,102.540001,98.879997,100.019997,100.019997,0
2018-04-12,98.190002,100.279999,97.160004,98.080002,98.080002,0
2018-04-13,96.769997,97.330002,92.980003,93.940002,93.940002,0
2018-04-16,92.830002,93.339996,91.349998,93.220001,93.220001,0
2018-04-17,91.510002,91.620003,87.599998,89.589996,89.589996,0
2018-04-18,90.949997,96.089996,89.320000,92.410004,92.410004,0
2018-04-19,93.160004,97.779999,93.029999,95.379997,95.379997,0
2018-04-20,94.050003,100.349998,93.769997,99.209999,99.209999,0
2018-04-23,98.750000,99.860001,96.339996,96.870003,96.870003,0
2018-04-24,94.529999,109.699997,93.550003,100.809998,100.809998,0
2018-04-25,100.919998,104.639999,97.470001,97.800003,97.800003,0
2018-04-26,96.250000,96.970001,89.830002,90.709999,90.709999,0
2018-04-27,89.330002,95.489998,89.330002,92.150002,92.150002,0
2018-04-30,92.400002,94.900002,90.349998,94.300003,94.300003,0
2018-05-01,94.800003,96.019997,89.970001,89.970001,89.970001,0
2018-05-02,90.550003,93.790001,87.680000,93.790001,93.790001,0
2018-05-03,93.580002,98.470001,91.019997,91.070000,91.070000,0
2018-05-04,94.099998,94.190002,87.650002,88.120003,88.120003,0
2018-05-07,90.879997,90.879997,88.769997,90.709999,90.709999,0
2018-05-08,90.970001,92.139999,89.250000,89.500000,89.500000,0
2018-05-09,96.230003,96.910004,92.860001,93.889999,93.889999,0
2018-05-10,94.129997,95.000000,91.760002,93.019997,93.019997,0
2018-05-11,92.739998,94.110001,90.019997,90.029999,90.029999,0
2018-05-14,91.290001,93.099998,88.620003,92.620003,92.620003,0
2018-05-15,96.309998,100.279999,96.309998,99.180000,99.180000,0
2018-05-16,96.709999,97.260002,94.629997,94.790001,94.790001,0
2018-05-17,95.190002,96.779999,93.050003,93.480003,93.480003,0
2018-05-18,94.059998,96.790001,93.010002,94.760002,94.760002,0
2018-05-21,92.199997,92.860001,89.309998,91.040001,91.040001,0
2018-05-22,89.690002,91.500000,89.220001,90.470001,90.470001,0
2018-05-23,93.870003,95.680000,89.510002,89.800003,89.800003,0
2018-05-24,90.639999,95.599998,89.360001,90.639999,90.639999,0
2018-05-25,91.489998,94.290001,90.820000,93.779999,93.779999,0
2018-05-29,98.970001,113.430000,97.970001,108.669998,108.669998,0
2018-05-30,105.550003,105.629997,97.589996,99.080002,99.080002,0
2018-05-31,99.349998,101.809998,98.239998,100.629997,100.629997,0
2018-06-01,96.559998,97.010002,93.150002,93.300003,93.300003,0
2018-06-04,93.930000,94.300003,90.650002,90.830002,90.830002,0
2018-06-05,91.029999,92.690002,89.480003,89.839996,89.839996,0
2018-06-06,89.239998,90.360001,87.489998,88.120003,88.120003,0
2018-06-07,88.250000,94.690002,88.120003,91.279999,91.279999,0
2018-06-08,92.860001,94.849998,91.540001,93.489998,93.489998,0
2018-06-11,95.410004,95.690002,93.010002,94.540001,94.540001,0
2018-06-12,93.860001,96.669998,93.500000,95.709999,95.709999,0
2018-06-13,97.110001,100.010002,96.669998,100.010002,100.010002,0
2018-06-14,97.019997,99.660004,95.739998,98.209999,98.209999,0
2018-06-15,100.820000,103.220001,100.230003,101.660004,101.660004,0
2018-06-18,105.650002,107.410004,98.360001,99.870003,99.870003,0
2018-06-19,106.660004,108.230003,102.440002,104.129997,104.129997,0
2018-06-20,102.160004,102.160004,98.040001,98.510002,98.510002,0
2018-06-21,98.879997,107.559998,97.470001,107.449997,107.449997,0
2018-06-22,103.110001,104.809998,101.540001,102.489998,102.489998,0
2018-06-25,108.739998,126.070000,108.669998,114.320000,114.320000,0
2018-06-26,110.459999,113.410004,104.860001,107.519997,107.519997,0
2018-06-27,106.750000,116.099998,103.239998,112.750000,112.750000,0
2018-06-28,113.400002,116.739998,108.370003,108.879997,108.879997,0
2018-06-29,105.430000,106.150002,102.489998,105.970001,105.970001,0
2018-07-02,111.389999,112.379997,104.690002,104.800003,104.800003,0
2018-07-03,103.239998,108.500000,102.730003,108.500000,108.500000,0
2018-07-05,103.440002,108.580002,103.110001,103.220001,103.220001,0
2018-07-06,102.849998,102.930000,95.339996,95.739998,95.739998,0
2018-07-09,96.430000,96.430000,92.379997,94.160004,94.160004,0
2018-07-10,93.000000,94.610001,91.519997,91.959999,91.959999,0
2018-07-11,103.519997,106.330002,100.309998,104.500000,104.500000,0
2018-07-12,101.589996,102.989998,100.339996,100.820000,100.820000,0
2018-07-13,100.809998,101.970001,98.849998,99.809998,99.809998,0
2018-07-16,100.389999,102.080002,98.709999,100.949997,100.949997,0
2018-07-17,101.720001,102.070000,96.290001,98.559998,98.559998,0
2018-07-18,97.330002,101.410004,96.879997,98.080002,98.080002,0
2018-07-19,100.089996,102.760002,98.690002,100.580002,100.580002,0
2018-07-20,101.760002,103.470001,99.599998,102.760002,102.760002,0
2018-07-23,102.860001,105.459999,101.790001,102.040001,102.040001,0
2018-07-24,98.629997,102.000000,97.400002,98.680000,98.680000,0
2018-07-25,98.440002,98.690002,92.989998,94.199997,94.199997,0
2018-07-26,92.809998,93.750000,90.910004,91.660004,91.660004,0
2018-07-27,91.309998,101.099998,91.059998,97.150002,97.150002,0
2018-07-30,97.550003,102.860001,97.510002,101.410004,101.410004,0
2018-07-31,97.660004,98.970001,94.059998,94.129997,94.129997,0
2018-08-01,93.720001,96.160004,92.660004,95.279999,95.279999,0
2018-08-02,98.680000,98.959999,91.129997,91.660004,91.660004,0
2018-08-03,91.809998,91.949997,86.300003,86.599998,86.599998,0
2018-08-06,88.650002,88.930000,84.430000,84.660004,84.660004,0
2018-08-07,83.879997,85.000000,82.599998,83.209999,83.209999,0
2018-08-08,83.699997,85.519997,82.800003,84.419998,84.419998,0
2018-08-09,84.529999,88.690002,84.169998,88.690002,88.690002,0
2018-08-10,94.680000,100.660004,93.209999,99.070000,99.070000,0
2018-08-13,101.110001,107.779999,97.400002,107.779999,107.779999,0
2018-08-14,105.080002,105.430000,99.930000,100.339996,100.339996,0
2018-08-15,108.300003,120.000000,107.959999,111.129997,111.129997,0
2018-08-16,108.199997,108.199997,98.949997,103.489998,103.489998,0
2018-08-17,104.570000,106.489998,101.260002,101.809998,101.809998,0
2018-08-20,100.459999,102.040001,99.620003,100.769997,100.769997,0
2018-08-21,99.940002,101.690002,97.489998,101.559998,101.559998,0
2018-08-22,100.550003,100.639999,95.470001,95.720001,95.720001,0
2018-08-23,95.029999,97.230003,93.260002,95.919998,95.919998,0
2018-08-24,94.500000,94.500000,92.230003,93.949997,93.949997,0
2018-08-27,94.540001,94.720001,92.449997,93.389999,93.389999,0
2018-08-28,92.760002,93.470001,91.639999,92.309998,92.309998,0
2018-08-29,91.980003,93.160004,90.040001,91.099998,91.099998,0
2018-08-30,91.989998,95.360001,90.230003,95.110001,95.110001,0
2018-08-31,95.370003,96.120003,92.129997,92.730003,92.730003,0
2018-09-04,96.540001,99.190002,95.180000,95.230003,95.230003,0
2018-09-05,97.400002,99.910004,96.180000,97.940002,97.940002,0
2018-09-06,96.919998,102.699997,96.320000,101.360001,101.360001,0
2018-09-07,102.830002,103.269997,99.040001,102.379997,102.379997,0
2018-09-10,101.510002,101.660004,99.570000,100.379997,100.379997,0
2018-09-11,101.139999,101.919998,95.820000,96.440002,96.440002,0
2018-09-12,99.940002,100.570000,96.459999,97.239998,97.239998,0
2018-09-13,95.199997,95.260002,90.760002,91.059998,91.059998,0
2018-09-14,91.080002,91.529999,87.900002,88.070000,88.070000,0
2018-09-17,90.779999,96.339996,89.610001,96.339996,96.339996,0
2018-09-18,94.099998,94.279999,89.620003,92.489998,92.489998,0
2018-09-19,90.300003,91.220001,87.279999,88.180000,88.180000,0
2018-09-20,86.739998,88.019997,86.019997,87.309998,87.309998,0
2018-09-21,86.889999,90.199997,86.559998,90.199997,90.199997,0
2018-09-24,92.730003,94.410004,91.410004,91.510002,91.510002,0
2018-09-25,90.760002,92.019997,89.610001,91.070000,91.070000,0
2018-09-26,90.160004,92.470001,86.760002,91.559998,91.559998,0
2018-09-27,90.029999,90.120003,87.139999,87.660004,87.660004,0
2018-09-28,88.519997,91.300003,86.900002,87.309998,87.309998,0
2018-10-01,87.459999,88.389999,85.419998,86.970001,86.970001,0
2018-10-02,87.129997,88.570000,85.559998,88.120003,88.120003,0
2018-10-03,86.209999,87.129997,85.300003,85.800003,85.800003,0
2018-10-04,88.739998,105.430000,88.739998,99.440002,99.440002,0
2018-10-05,98.519997,114.589996,96.029999,102.629997,102.629997,0
2018-10-08,108.309998,112.849998,102.309998,102.739998,102.739998,0
2018-10-09,105.620003,107.279999,100.790001,103.919998,103.919998,0
2018-10-10,113.430000,136.429993,113.430000,135.610001,135.610001,0
2018-10-11,131.580002,147.380005,124.699997,129.300003,129.300003,0
2018-10-12,123.570000,133.220001,122.790001,124.809998,124.809998,0
2018-10-15,125.790001,127.860001,114.839996,118.779999,118.779999,0
2018-10-16,115.570000,115.769997,111.190002,111.779999,111.779999,0
2018-10-17,111.169998,117.339996,109.279999,109.279999,109.279999,0
2018-10-18,111.489998,123.989998,109.839996,116.820000,116.820000,0
2018-10-19,115.870003,118.199997,112.120003,114.949997,114.949997,0
2018-10-22,114.220001,117.279999,111.290001,112.150002,112.150002,0
2018-10-23,120.760002,121.120003,108.709999,108.709999,108.709999,0
2018-10-24,110.099998,119.559998,109.250000,118.580002,118.580002,0
2018-10-25,118.489998,120.250000,110.360001,113.910004,113.910004,0
2018-10-26,116.449997,120.459999,110.099998,110.489998,110.489998,0
2018-10-29,110.320000,114.279999,108.660004,110.389999,110.389999,0
2018-10-30,111.559998,111.620003,105.709999,106.080002,106.080002,0
2018-10-31,104.970001,105.070000,100.650002,102.900002,102.900002,0
2018-11-01,102.309998,102.709999,98.900002,99.570000,99.570000,0
2018-11-02,98.610001,105.709999,97.769997,102.379997,102.379997,0
2018-11-05,104.449997,104.459999,101.730003,101.830002,101.830002,0
2018-11-06,102.139999,103.669998,101.040001,102.480003,102.480003,0
2018-11-07,98.360001,98.790001,93.300003,95.750000,95.750000,0
2018-11-08,95.919998,97.139999,92.769997,95.400002,95.400002,0
2018-11-09,96.559998,101.470001,95.959999,100.550003,100.550003,0
2018-11-12,102.169998,108.459999,102.029999,107.769997,107.769997,0
2018-11-13,107.870003,108.430000,102.989998,105.320000,105.320000,0
2018-11-14,108.250000,114.500000,107.419998,111.419998,111.419998,0
2018-11-15,113.059998,115.519997,107.379997,107.379997,107.379997,0
2018-11-16,109.279999,109.930000,101.610001,101.930000,101.930000,0
2018-11-19,103.620003,108.239998,103.180000,107.129997,107.129997,0
2018-11-20,112.559998,112.739998,107.559998,107.610001,107.610001,0
2018-11-21,106.459999,106.540001,99.089996,100.269997,100.269997,0
2018-11-23,102.000000,102.019997,98.709999,99.290001,99.290001,0
2018-11-26,97.940002,98.269997,91.400002,92.169998,92.169998,0
2018-11-27,93.120003,94.610001,90.750000,91.540001,91.540001,0
2018-11-28,90.580002,94.029999,90.320000,93.550003,93.550003,0
2018-11-29,93.680000,95.330002,92.470001,93.360001,93.360001,0
2018-11-30,94.330002,94.980003,93.220001,93.589996,93.589996,0
2018-12-03,86.750000,89.230003,85.559998,85.870003,85.870003,0
2018-12-04,86.650002,97.839996,85.290001,96.570000,96.570000,0
2018-12-06,102.550003,104.980003,93.459999,93.849998,93.849998,0
2018-12-07,94.529999,98.529999,93.040001,96.489998,96.489998,0
2018-12-10,98.209999,99.519997,91.489998,91.779999,91.779999,0
2018-12-11,90.360001,93.610001,89.580002,89.769997,89.769997,0
2018-12-12,91.360001,93.180000,90.040001,91.410004,91.410004,0
2018-12-13,91.730003,94.639999,91.180000,93.000000,93.000000,0
2018-12-14,94.260002,97.730003,93.279999,96.449997,96.449997,0
2018-12-17,98.190002,104.010002,96.199997,101.550003,101.550003,0
2018-12-18,101.599998,104.650002,99.500000,103.639999,103.639999,0
2018-12-19,103.800003,106.639999,101.169998,105.050003,105.050003,0
2018-12-20,104.699997,111.889999,103.110001,109.650002,109.650002,0
2018-12-21,109.379997,109.379997,104.169998,106.610001,106.610001,0
2018-12-24,107.570000,112.019997,107.010002,111.879997,111.879997,0
2018-12-26,108.949997,109.169998,94.570000,97.320000,97.320000,0
2018-12-27,97.970001,99.279999,95.699997,95.889999,95.889999,0
2018-12-28,95.959999,96.790001,90.709999,91.239998,91.239998,0
2018-12-31,90.930000,91.309998,86.820000,87.110001,87.110001,0
2019-01-02,89.389999,89.449997,81.500000,81.660004,81.660004,0
2019-01-03,82.589996,85.839996,82.320000,83.800003,83.800003,0
2019-01-04,82.070000,84.570000,80.309998,84.440002,84.440002,0
2019-01-07,84.860001,85.989998,82.470001,82.739998,82.739998,0
2019-01-08,83.000000,85.449997,82.070000,82.410004,82.410004,0
2019-01-09,84.349998,87.089996,84.099998,86.620003,86.620003,0
2019-01-10,87.699997,89.589996,86.220001,86.349998,86.349998,0
2019-01-11,87.339996,87.910004,83.550003,83.849998,83.849998,0
2019-01-14,86.330002,86.410004,81.620003,83.010002,83.010002,0
2019-01-15,82.570000,82.959999,80.099998,81.389999,81.389999,0
2019-01-16,80.870003,83.339996,80.019997,83.339996,83.339996,0
2019-01-17,82.209999,83.230003,81.480003,82.790001,82.790001,0
2019-01-18,81.070000,82.879997,78.040001,82.489998,82.489998,0
2019-01-22,84.209999,96.199997,84.070000,93.809998,93.809998,0
2019-01-23,92.889999,95.389999,88.339996,88.449997,88.449997,0
2019-01-24,89.269997,89.949997,83.900002,84.889999,84.889999,0
2019-01-25,83.029999,84.239998,82.769997,83.379997,83.379997,0
2019-01-28,86.680000,90.779999,86.139999,86.440002,86.440002,0
2019-01-29,85.559998,87.949997,85.480003,86.839996,86.839996,0
2019-01-30,86.050003,86.230003,81.870003,82.389999,82.389999,0
2019-01-31,81.790001,82.209999,79.110001,79.239998,79.239998,0
2019-02-01,78.989998,81.279999,78.699997,80.000000,80.000000,0
2019-02-04,81.739998,82.010002,76.550003,77.360001,77.360001,0
2019-02-05,76.849998,81.040001,76.070000,80.620003,80.620003,0
2019-02-06,85.750000,86.309998,84.040001,84.989998,84.989998,0
2019-02-07,86.550003,88.959999,83.629997,85.010002,85.010002,0
2019-02-08,86.050003,88.879997,82.559998,82.699997,82.699997,0
2019-02-11,82.339996,84.430000,82.070000,82.769997,82.769997,0
2019-02-12,80.959999,82.629997,80.089996,81.629997,81.629997,0
2019-02-13,81.070000,83.540001,79.889999,80.269997,80.269997,0
2019-02-14,82.510002,84.779999,80.139999,81.639999,81.639999,0
2019-02-15,80.250000,82.400002,78.980003,80.449997,80.449997,0
2019-02-19,83.820000,84.220001,76.870003,78.639999,78.639999,0
2019-02-20,78.360001,78.650002,74.419998,75.589996,75.589996,0
2019-02-21,75.580002,78.940002,75.150002,76.639999,76.639999,0
2019-02-22,75.800003,75.949997,74.360001,74.980003,74.980003,0
2019-02-25,75.610001,79.349998,74.379997,79.349998,79.349998,0
2019-02-26,80.370003,81.180000,78.790001,80.529999,80.529999,0
2019-02-27,81.260002,85.580002,80.139999,80.370003,80.370003,0
2019-02-28,80.540001,80.900002,78.519997,80.000000,80.000000,0
2019-03-01,78.419998,80.589996,77.290001,79.269997,79.269997,0
2019-03-04,79.720001,90.290001,78.169998,82.339996,82.339996,0
2019-03-05,82.019997,84.709999,81.050003,82.459999,82.459999,0
2019-03-06,81.989998,87.279999,81.989998,86.099998,86.099998,0
2019-03-07,87.769997,92.730003,86.889999,88.699997,88.699997,0
2019-03-08,91.690002,93.410004,87.220001,87.239998,87.239998,0
2019-03-11,87.699997,87.699997,81.120003,81.230003,81.230003,0
2019-03-12,83.889999,84.120003,81.379997,83.059998,83.059998,0
2019-03-13,81.720001,84.339996,79.949997,82.760002,82.760002,0
2019-03-14,82.930000,83.800003,81.820000,82.559998,82.559998,0
2019-03-15,82.180000,83.930000,80.510002,82.940002,82.940002,0
2019-03-18,84.940002,86.349998,83.190002,85.519997,85.519997,0
2019-03-19,83.739998,87.919998,83.739998,87.360001,87.360001,0
2019-03-20,87.480003,89.650002,84.080002,86.629997,86.629997,0
2019-03-21,86.680000,86.680000,82.339996,83.889999,83.889999,0
2019-03-22,85.430000,103.940002,84.730003,98.500000,98.500000,0
2019-03-25,99.650002,102.419998,96.760002,97.199997,97.199997,0
2019-03-26,93.230003,93.230003,89.510002,89.849998,89.849998,0
2019-03-27,89.849998,96.379997,89.089996,91.339996,91.339996,0
2019-03-28,89.739998,90.110001,86.739998,87.949997,87.949997,0
2019-03-29,87.139999,87.410004,85.400002,85.820000,85.820000,0
2019-04-01,86.779999,87.269997,84.370003,84.930000,84.930000,0
2019-04-02,85.209999,85.610001,81.970001,83.279999,83.279999,0
2019-04-03,81.720001,85.669998,81.559998,84.230003,84.230003,0
2019-04-04,83.839996,84.110001,81.320000,82.150002,82.150002,0
2019-04-05,81.010002,81.550003,78.449997,79.099998,79.099998,0
2019-04-08,80.989998,82.370003,80.220001,81.860001,81.860001,0
2019-04-09,83.879997,88.220001,83.870003,88.139999,88.139999,0
2019-04-10,90.820000,93.080002,88.739998,89.489998,89.489998,0
2019-04-11,87.690002,90.029999,86.610001,88.059998,88.059998,0
2019-04-12,85.839996,86.529999,83.570000,84.980003,84.980003,0
2019-04-15,85.019997,88.639999,83.470001,84.169998,84.169998,0
2019-04-16,83.300003,84.029999,81.339996,83.580002,83.580002,0
2019-04-17,82.410004,86.290001,81.949997,85.550003,85.550003,0
2019-04-18,85.800003,85.970001,83.120003,84.410004,84.410004,0
2019-04-22,87.540001,88.300003,82.930000,83.269997,83.269997,0
2019-04-23,83.300003,83.309998,80.650002,81.430000,81.430000,0
2019-04-24,81.559998,85.940002,81.129997,85.169998,85.169998,0
2019-04-25,85.190002,88.870003,85.190002,86.940002,86.940002,0
2019-04-26,86.279999,87.230003,82.940002,84.089996,84.089996,0
2019-04-29,85.910004,86.400002,83.529999,86.080002,86.080002,0
2019-04-30,86.440002,89.250000,85.309998,88.559998,88.559998,0
2019-05-01,87.309998,96.610001,85.820000,95.750000,95.750000,0
2019-05-02,93.650002,100.279999,92.190002,93.019997,93.019997,0
2019-05-03,89.430000,89.430000,85.860001,86.230003,86.230003,0
2019-05-06,99.790001,99.790001,93.010002,94.849998,94.849998,0
2019-05-07,98.889999,117.629997,98.540001,111.540001,111.540001,0
2019-05-08,112.129997,113.260002,104.580002,106.480003,106.480003,0
2019-05-09,111.809998,114.800003,102.290001,102.919998,102.919998,0
2019-05-10,103.620003,105.440002,93.430000,96.010002,96.010002,0
2019-05-13,106.059998,107.599998,102.169998,105.599998,105.599998,0
2019-05-14,105.269997,105.269997,95.519997,97.260002,97.260002,0
2019-05-15,101.739998,102.349998,94.120003,94.529999,94.529999,0
2019-05-16,94.540001,94.540001,89.800003,94.230003,94.230003,0
2019-05-17,97.099998,99.349998,93.650002,99.120003,99.120003,0
2019-05-20,101.730003,102.930000,96.169998,96.830002,96.830002,0
2019-05-21,94.190002,94.589996,90.290001,92.379997,92.379997,0
2019-05-22,92.900002,94.419998,88.430000,89.300003,89.300003,0
2019-05-23,93.870003,97.040001,91.910004,94.980003,94.980003,0
2019-05-24,92.019997,93.550003,89.930000,90.190002,90.190002,0
2019-05-28,90.029999,95.669998,90.029999,95.080002,95.080002,0
2019-05-29,97.959999,98.580002,93.269997,93.830002,93.830002,0
2019-05-30,92.120003,94.209999,90.389999,92.779999,92.779999,0
2019-05-31,98.769997,99.709999,93.760002,96.720001,96.720001,0
2019-06-03,98.220001,98.629997,94.059998,96.029999,96.029999,0
2019-06-04,93.639999,94.379997,88.779999,88.930000,88.930000,0
2019-06-05,88.209999,90.480003,86.690002,86.720001,86.720001,0
2019-06-06,87.029999,87.480003,85.889999,86.110001,86.110001,0
2019-06-07,85.199997,86.309998,84.230003,86.000000,86.000000,0
2019-06-10,86.959999,86.959999,82.889999,83.860001,83.860001,0
2019-06-11,83.459999,86.580002,82.919998,84.949997,84.949997,0
2019-06-12,88.930000,89.379997,85.519997,86.199997,86.199997,0
2019-06-13,84.769997,85.669998,83.550003,84.730003,84.730003,0
2019-06-14,85.699997,86.180000,82.290001,82.570000,82.570000,0
2019-06-17,83.809998,84.410004,81.790001,83.480003,83.480003,0
2019-06-18,83.300003,87.860001,82.529999,87.370003,87.370003,0
2019-06-19,86.680000,87.720001,81.709999,84.580002,84.580002,0
2019-06-20,83.230003,87.000000,80.930000,81.209999,81.209999,0
2019-06-21,82.550003,83.370003,79.330002,83.139999,83.139999,0
2019-06-24,83.750000,83.879997,81.489998,82.589996,82.589996,0
2019-06-25,82.970001,85.339996,82.540001,85.160004,85.160004,0
2019-06-26,85.180000,85.870003,83.129997,85.360001,85.360001,0
2019-06-27,85.300003,87.620003,84.199997,86.519997,86.519997,0
2019-06-28,86.629997,87.820000,85.690002,85.779999,85.779999,0
2019-07-01,80.559998,81.419998,77.769997,79.580002,79.580002,0
2019-07-02,78.760002,79.220001,75.370003,78.220001,78.220001,0
2019-07-03,79.010002,80.099998,78.680000,80.040001,80.040001,0
2019-07-08,83.949997,84.379997,81.669998,83.660004,83.660004,0
2019-07-09,85.570000,85.680000,81.629997,82.309998,82.309998,0
2019-07-10,82.260002,86.000000,82.260002,85.970001,85.970001,0
2019-07-11,85.180000,89.629997,84.769997,88.199997,88.199997,0
2019-07-12,86.370003,88.540001,85.879997,86.139999,86.139999,0
2019-07-15,86.860001,87.980003,85.419998,86.199997,86.199997,0
2019-07-16,85.769997,89.110001,84.660004,88.250000,88.250000,0
2019-07-17,87.099998,90.349998,85.989998,90.349998,90.349998,0
2019-07-18,90.349998,90.349998,83.800003,84.040001,84.040001,0
2019-07-19,84.040001,86.980003,82.949997,86.769997,86.769997,0
2019-07-22,86.769997,87.230003,81.089996,81.220001,81.220001,0
2019-07-23,80.360001,82.129997,78.720001,78.989998,78.989998,0
2019-07-24,80.199997,84.139999,77.050003,83.889999,83.889999,0
2019-07-25,84.550003,89.720001,83.449997,84.300003,84.300003,0
2019-07-26,82.750000,83.739998,79.709999,83.110001,83.110001,0
2019-07-29,85.300003,88.169998,84.389999,88.160004,88.160004,0
2019-07-30,90.699997,91.849998,87.709999,91.580002,91.580002,0
2019-07-31,91.849998,98.680000,86.959999,96.279999,96.279999,0
2019-08-01,95.489998,111.330002,90.470001,105.470001,105.470001,0
2019-08-02,103.730003,111.959999,102.550003,102.690002,102.690002,0
2019-08-05,110.370003,114.959999,109.230003,114.400002,114.400002,0
2019-08-06,106.339996,111.029999,104.900002,107.449997,107.449997,0
2019-08-07,110.860001,113.349998,103.320000,104.269997,104.269997,0
2019-08-08,102.010002,102.309998,98.110001,98.660004,98.660004,0
2019-08-09,98.660004,104.779999,98.360001,101.519997,101.519997,0
2019-08-12,103.519997,105.360001,103.070000,105.309998,105.309998,0
2019-08-13,109.470001,109.470001,99.860001,102.209999,102.209999,0
2019-08-14,102.360001,116.360001,102.360001,113.989998,113.989998,0
2019-08-15,112.750000,117.349998,111.480003,112.260002,112.260002,0
2019-08-16,112.260002,112.419998,107.629997,110.320000,110.320000,0
2019-08-19,106.330002,106.410004,100.260002,101.220001,101.220001,0
2019-08-20,102.300003,105.099998,100.040001,104.769997,104.769997,0
2019-08-21,100.769997,101.059998,97.620003,98.029999,98.029999,0
2019-08-22,97.830002,102.599998,97.699997,100.940002,100.940002,0
2019-08-23,104.029999,115.269997,99.099998,111.370003,111.370003,0
2019-08-26,109.970001,112.370003,105.970001,106.269997,106.269997,0
2019-08-27,106.709999,107.949997,103.139999,106.489998,106.489998,0
2019-08-28,107.279999,108.449997,103.360001,103.949997,103.949997,0
2019-08-29,101.410004,102.839996,99.309998,99.800003,99.800003,0
2019-08-30,99.800003,102.949997,98.279999,102.660004,102.660004,0
2019-09-03,102.480003,106.139999,102.029999,102.190002,102.190002,0
2019-09-04,99.510002,99.800003,96.680000,97.300003,97.300003,0
2019-09-05,97.349998,97.349998,94.110001,95.510002,95.510002,0
2019-09-06,94.900002,98.050003,94.260002,94.400002,94.400002,0
2019-09-09,94.480003,96.410004,92.139999,94.500000,94.500000,0
2019-09-10,95.650002,97.000000,93.639999,93.849998,93.849998,0
2019-09-11,98.980003,98.980003,95.610001,97.790001,97.790001,0
2019-09-12,96.480003,97.510002,93.830002,95.940002,95.940002,0
2019-09-13,94.860001,100.529999,93.910004,98.930000,98.930000,0
2019-09-16,99.510002,102.220001,98.940002,101.730003,101.730003,0
2019-09-17,101.860001,102.650002,100.510002,101.669998,101.669998,0
2019-09-18,102.220001,105.680000,98.760002,99.089996,99.089996,0
2019-09-19,99.150002,99.150002,96.190002,97.300003,97.300003,0
2019-09-20,96.620003,102.300003,95.430000,101.029999,101.029999,0
2019-09-23,101.040001,101.040001,97.559998,97.599998,97.599998,0
2019-09-24,96.309998,108.379997,95.900002,104.959999,104.959999,0
2019-09-25,104.779999,107.169998,99.330002,99.680000,99.680000,0
2019-09-26,100.370003,102.250000,98.699997,100.309998,100.309998,0
2019-09-27,100.040001,106.010002,97.580002,103.199997,103.199997,0
2019-09-30,103.449997,103.449997,97.620003,97.620003,97.620003,0
2019-10-01,97.750000,102.739998,95.570000,102.739998,102.739998,0
2019-10-02,104.529999,105.449997,101.120003,103.809998,103.809998,0
2019-10-03,103.690002,104.820000,97.790001,98.199997,98.199997,0
2019-10-04,97.860001,97.860001,93.849998,95.190002,95.190002,0
2019-10-07,95.150002,98.419998,95.150002,97.040001,97.040001,0
2019-10-08,97.290001,102.349998,97.290001,102.269997,102.269997,0
2019-10-09,102.269997,106.730003,99.489998,101.250000,101.250000,0
2019-10-10,101.339996,102.480003,99.029999,99.660004,99.660004,0
2019-10-11,99.820000,99.820000,94.320000,97.699997,97.699997,0
2019-10-14,97.820000,98.629997,94.250000,94.430000,94.430000,0
2019-10-15,94.430000,94.529999,92.050003,93.980003,93.980003,0
2019-10-16,94.510002,95.940002,92.989998,93.160004,93.160004,0
2019-10-17,93.160004,93.300003,89.510002,90.269997,90.269997,0
2019-10-18,90.239998,92.199997,89.699997,91.199997,91.199997,0
2019-10-21,91.209999,91.349998,87.879997,88.099998,88.099998,0
2019-10-22,87.269997,89.750000,85.739998,89.320000,89.320000,0
2019-10-23,89.230003,89.750000,87.290001,87.589996,87.589996,0
2019-10-24,87.169998,88.360001,85.239998,86.550003,86.550003,0
2019-10-25,86.709999,86.970001,83.379997,83.820000,83.820000,0
2019-10-28,83.889999,86.910004,83.889999,86.480003,86.480003,0
2019-10-29,86.589996,88.160004,86.169998,87.750000,87.750000,0
2019-10-30,87.660004,89.339996,86.389999,86.470001,86.470001,0
2019-10-31,86.470001,90.320000,86.470001,88.919998,88.919998,0
2019-11-01,88.860001,88.860001,84.839996,85.690002,85.690002,0
2019-11-04,85.760002,88.750000,85.760002,88.750000,88.750000,0
2019-11-05,88.739998,91.080002,88.699997,90.980003,90.980003,0
2019-11-06,90.830002,91.790001,89.589996,89.589996,89.589996,0
2019-11-07,89.779999,90.760002,88.820000,90.150002,90.150002,0
2019-11-08,90.279999,91.099998,88.220001,89.059998,89.059998,0
2019-11-11,89.059998,93.599998,89.059998,89.559998,89.559998,0
2019-11-12,89.739998,90.870003,88.839996,90.349998,90.349998,0
2019-11-13,90.440002,95.129997,90.440002,93.500000,93.500000,0
2019-11-14,93.629997,95.910004,92.320000,93.449997,93.449997,0
2019-11-15,93.449997,93.570000,91.360001,93.349998,93.349998,0
2019-11-18,93.349998,94.930000,93.320000,93.989998,93.989998,0
2019-11-19,93.849998,96.269997,93.589996,95.949997,95.949997,0
2019-11-20,95.699997,99.089996,94.059998,95.360001,95.360001,0
2019-11-21,95.360001,97.120003,95.360001,96.089996,96.089996,0
2019-11-22,95.839996,95.839996,93.330002,94.400002,94.400002,0
2019-11-25,94.320000,94.320000,89.839996,90.239998,90.239998,0
2019-11-26,90.220001,90.470001,88.500000,89.879997,89.879997,0
2019-11-27,89.120003,90.459999,88.820000,90.199997,90.199997,0
2019-11-29,91.000000,91.419998,89.870003,91.050003,91.050003,0
2019-12-02,90.959999,99.160004,90.959999,98.910004,98.910004,0
2019-12-03,98.910004,105.440002,98.910004,102.650002,102.650002,0
2019-12-04,102.820000,102.820000,95.529999,98.720001,98.720001,0
2019-12-05,98.690002,99.989998,97.459999,98.120003,98.120003,0
2019-12-06,98.139999,98.139999,94.160004,96.519997,96.519997,0
2019-12-09,97.930000,102.540001,96.360001,101.889999,101.889999,0
2019-12-10,100.489998,102.320000,99.699997,101.029999,101.029999,0
2019-12-11,104.879997,105.720001,103.989998,104.820000,104.820000,0
2019-12-12,105.230003,105.930000,99.730003,101.300003,101.300003,0
2019-12-13,101.690002,103.209999,96.610001,96.610001,96.610001,0
2019-12-16,95.330002,95.370003,93.239998,94.209999,94.209999,0
2019-12-17,93.959999,98.959999,92.430000,98.559998,98.559998,0
2019-12-18,96.809998,100.449997,96.559998,99.199997,99.199997,0
2019-12-19,99.639999,100.040001,97.019997,97.250000,97.250000,0
2019-12-20,96.809998,100.019997,96.599998,99.290001,99.290001,0
2019-12-23,99.739998,100.190002,98.540001,99.820000,99.820000,0
2019-12-24,99.459999,100.180000,98.529999,98.830002,98.830002,0
2019-12-26,98.139999,98.480003,97.139999,97.459999,97.459999,0
2019-12-27,96.959999,99.830002,96.959999,99.629997,99.629997,0
2019-12-30,99.769997,102.680000,98.940002,100.019997,100.019997,0
2019-12-31,100.110001,100.190002,94.080002,94.099998,94.099998,0
2020-01-02,92.660004,93.650002,88.930000,89.669998,89.669998,0
2020-01-03,99.919998,99.919998,90.680000,93.790001,93.790001,0
2020-01-06,96.370003,96.410004,92.150002,92.660004,92.660004,0
2020-01-07,92.800003,93.440002,89.660004,91.070000,91.070000,0
2020-01-08,90.330002,91.570000,86.709999,90.209999,90.209999,0
2020-01-09,88.849998,90.589996,87.730003,87.809998,87.809998,0
2020-01-10,88.389999,88.930000,86.720001,88.330002,88.330002,0
2020-01-13,89.379997,90.309998,87.940002,88.480003,88.480003,0
2020-01-14,88.540001,88.540001,85.309998,86.870003,86.870003,0
2020-01-15,90.620003,91.680000,88.900002,91.150002,91.150002,0
2020-01-16,89.750000,90.970001,88.769997,90.379997,90.379997,0
2020-01-17,90.010002,93.360001,89.739998,91.750000,91.750000,0
2020-01-21,93.599998,93.599998,90.690002,92.980003,92.980003,0
2020-01-22,90.879997,92.480003,90.040001,91.110001,91.110001,0
2020-01-23,90.860001,94.690002,90.860001,92.540001,92.540001,0
2020-01-24,91.800003,100.589996,91.570000,98.430000,98.430000,0
2020-01-27,98.239998,107.570000,98.239998,107.389999,107.389999,0
2020-01-28,105.129997,105.309998,99.940002,102.110001,102.110001,0
2020-01-29,99.550003,101.529999,96.739998,99.070000,99.070000,0
2020-01-30,101.949997,104.040001,96.389999,96.489998,96.489998,0
2020-01-31,99.309998,112.019997,99.019997,105.599998,105.599998,0
2020-02-03,104.080002,104.099998,99.349998,102.949997,102.949997,0
2020-02-04,97.459999,98.080002,94.610001,96.180000,96.180000,0
2020-02-05,92.650002,94.220001,92.129997,92.820000,92.820000,0
2020-02-06,91.199997,93.839996,91.000000,93.610001,93.610001,0
2020-02-07,96.160004,98.220001,94.739998,96.010002,96.010002,0
2020-02-10,99.459999,99.459999,95.269997,96.809998,96.809998,0
2020-02-11,96.019997,97.309998,94.260002,96.959999,96.959999,0
2020-02-12,99.629997,99.669998,96.650002,96.650002,96.650002,0
2020-02-13,100.029999,100.029999,97.940002,99.169998,99.169998,0
2020-02-14,97.489998,99.269997,97.300003,98.169998,98.169998,0
2020-02-18,98.680000,101.949997,97.559998,101.019997,101.019997,0
2020-02-19,97.860001,98.750000,95.760002,95.919998,95.919998,0
2020-02-20,95.889999,102.019997,95.070000,99.480003,99.480003,0
2020-02-21,101.339996,106.860001,100.989998,104.860001,104.860001,0
2020-02-24,118.129997,118.129997,110.449997,112.720001,112.720001,0
2020-02-25,110.900002,126.099998,110.900002,121.010002,121.010002,0
2020-02-26,119.089996,119.089996,111.440002,113.440002,113.440002,0
2020-02-27,117.680000,120.739998,109.419998,118.000000,118.000000,0
2020-02-28,120.139999,133.050003,116.610001,125.730003,125.730003,0
2020-03-02,124.940002,125.839996,113.760002,114.690002,114.690002,0
2020-03-03,113.699997,118.120003,108.589996,116.720001,116.720001,0
2020-03-04,111.500000,114.919998,111.260002,113.970001,113.970001,0
2020-03-05,114.599998,122.550003,113.440002,119.660004,119.660004,0
2020-03-06,127.820000,132.750000,123.650002,127.160004,127.160004,0
2020-03-09,130.470001,160.539993,127.620003,137.190002,137.190002,0
2020-03-10,138.720001,143.389999,134.649994,138.820007,138.820007,0
2020-03-11,149.220001,149.410004,144.440002,146.929993,146.929993,0
2020-03-12,153.649994,157.880005,151.240005,155.050003,155.050003,0
2020-03-13,151.789993,181.740005,151.300003,171.279999,171.279999,0
2020-03-16,171.279999,209.759995,171.279999,207.589996,207.589996,0
2020-03-17,203.029999,205.289993,187.270004,194.429993,194.429993,0
2020-03-18,193.240005,199.639999,155.190002,181.330002,181.330002,0
2020-03-19,181.649994,184.179993,167.380005,181.759995,181.759995,0
2020-03-20,181.199997,192.169998,174.350006,187.179993,187.179993,0
2020-03-23,186.089996,187.470001,161.960007,167.929993,167.929993,0
2020-03-24,160.320007,174.839996,152.210007,171.910004,171.910004,0
2020-03-25,173.139999,177.259995,164.570007,171.889999,171.889999,0
2020-03-26,167.919998,170.529999,165.570007,169.580002,169.580002,0
2020-03-27,173.380005,176.059998,166.429993,168.710007,168.710007,0
2020-03-30,168.250000,168.419998,156.649994,157.660004,157.660004,0
2020-03-31,157.259995,157.399994,152.669998,152.919998,152.919998,0
2020-04-01,156.460007,158.160004,152.009995,156.990005,156.990005,0
2020-04-02,155.570007,155.850006,147.250000,147.330002,147.330002,0
2020-04-03,146.589996,146.589996,143.330002,143.520004,143.520004,0
2020-04-06,142.380005,146.619995,141.589996,143.300003,143.300003,0
2020-04-07,141.779999,142.020004,132.630005,134.449997,134.449997,0
2020-04-08,146.179993,146.179993,138.389999,141.369995,141.369995,0
2020-04-09,141.190002,141.860001,137.360001,137.750000,137.750000,0
2020-04-13,138.649994,139.880005,137.770004,138.679993,138.679993,0
2020-04-14,138.679993,138.679993,131.470001,131.779999,131.779999,0
2020-04-15,137.649994,140.899994,135.440002,135.929993,135.929993,0
2020-04-16,134.830002,134.929993,129.479996,129.550003,129.550003,0
2020-04-17,127.059998,129.740005,125.970001,127.150002,127.150002,0
2020-04-20,126.980003,132.500000,124.349998,132.039993,132.039993,0
2020-04-21,135.229996,136.600006,130.880005,132.220001,132.220001,0
2020-04-22,130.220001,130.529999,123.919998,124.099998,124.099998,0
2020-04-23,122.559998,122.959999,116.480003,121.860001,121.860001,0
2020-04-24,119.839996,120.250000,115.779999,119.879997,119.879997,0
2020-04-27,120.820000,122.059998,117.739998,120.559998,120.559998,0
2020-04-28,120.570000,120.570000,117.389999,117.790001,117.790001,0
2020-04-29,114.099998,116.360001,113.980003,115.980003,115.980003,0
2020-04-30,118.709999,119.919998,117.190002,118.529999,118.529999,0
2020-05-01,123.379997,123.379997,120.080002,122.150002,122.150002,0
2020-05-04,124.919998,125.250000,120.550003,121.250000,121.250000,0
2020-05-05,119.790001,119.889999,116.940002,118.870003,118.870003,0
2020-05-06,117.620003,120.180000,117.199997,119.160004,119.160004,0
2020-05-07,116.750000,117.110001,115.029999,115.830002,115.830002,0
2020-05-08,114.820000,116.500000,114.080002,115.650002,115.650002,0
2020-05-11,120.580002,120.669998,117.599998,118.709999,118.709999,0
2020-05-12,118.059998,130.750000,117.809998,130.750000,130.750000,0
2020-05-13,133.979996,146.270004,133.979996,142.750000,142.750000,0
2020-05-14,145.179993,149.020004,136.779999,137.050003,137.050003,0
2020-05-15,140.770004,141.309998,130.949997,133.020004,133.020004,0
2020-05-18,128.220001,128.380005,124.059998,125.900002,125.900002,0
2020-05-19,125.889999,126.260002,122.089996,125.599998,125.599998,0
2020-05-20,121.529999,122.660004,119.650002,120.040001,120.040001,0
2020-05-21,119.970001,123.629997,118.790001,122.080002,122.080002,0
2020-05-22,120.879997,121.669998,117.879997,118.379997,118.379997,0
2020-05-26,118.379997,118.379997,113.589996,113.589996,113.589996,0
2020-05-27,112.739998,115.320000,109.389999,109.820000,109.820000,0
2020-05-28,110.410004,111.059998,106.440002,108.989998,108.989998,0
2020-05-29,109.489998,109.879997,105.599998,105.599998,105.599998,0
2020-06-01,109.660004,109.660004,105.769997,106.470001,106.470001,0
2020-06-02,106.050003,106.650002,104.169998,104.830002,104.830002,0
2020-06-03,104.339996,106.949997,103.730003,106.849998,106.849998,0
2020-06-04,106.660004,110.730003,105.089996,109.879997,109.879997,0
2020-06-05,106.190002,107.900002,105.790001,107.589996,107.589996,0
2020-06-08,109.389999,110.050003,108.400002,110.050003,110.050003,0
2020-06-09,111.739998,112.080002,110.199997,111.000000,111.000000,0
2020-06-10,110.900002,120.489998,110.900002,116.529999,116.529999,0
2020-06-12,147.339996,172.210007,133.039993,151.600006,151.600006,0
2020-06-15,155.479996,158.919998,140.149994,141.830002,141.830002,0
2020-06-16,138.070007,150.380005,135.580002,143.240005,143.240005,0
2020-06-17,143.479996,143.860001,134.419998,139.940002,139.940002,0
2020-06-18,140.300003,140.839996,135.490005,135.830002,135.830002,0
2020-06-19,132.080002,139.029999,129.059998,138.350006,138.350006,0
2020-06-22,135.460007,136.520004,130.559998,133.979996,133.979996,0
2020-06-23,130.419998,130.910004,127.900002,130.729996,130.729996,0
2020-06-24,132.199997,142.800003,130.399994,136.889999,136.889999,0
2020-06-25,137.169998,139.339996,126.790001,127.199997,127.199997,0
2020-06-26,126.980003,133.820007,126.980003,128.630005,128.630005,0
2020-06-29,128.000000,129.970001,120.980003,121.320000,121.320000,0
2020-06-30,122.589996,122.769997,118.529999,120.760002,120.760002,0
2020-07-01,120.059998,121.559998,119.559998,120.830002,120.830002,0
2020-07-02,116.550003,121.309998,115.470001,115.470001,115.470001,0
2020-07-06,115.000000,118.190002,114.269997,116.570000,116.570000,0
2020-07-07,117.349998,118.330002,112.750000,118.120003,118.120003,0
2020-07-08,116.500000,118.410004,112.760002,113.339996,113.339996,0
2020-07-09,112.480003,119.500000,112.480003,115.110001,115.110001,0
2020-07-10,115.110001,116.220001,109.099998,109.709999,109.709999,0
2020-07-13,111.839996,124.239998,111.540001,123.300003,123.300003,0
2020-07-14,122.650002,124.639999,112.330002,112.750000,112.750000,0
2020-07-15,112.720001,117.330002,112.720001,113.709999,113.709999,0
2020-07-16,115.269997,116.209999,113.669998,115.620003,115.620003,0
2020-07-17,113.690002,118.430000,113.379997,117.970001,117.970001,0
2020-07-20,118.059998,118.830002,112.120003,112.510002,112.510002,0
2020-07-21,110.400002,116.480003,109.760002,115.459999,115.459999,0
2020-07-22,116.080002,116.129997,112.839996,112.839996,112.839996,0
2020-07-23,112.110001,118.550003,111.129997,116.699997,116.699997,0
2020-07-24,119.739998,121.320000,116.790001,117.220001,117.220001,0
2020-07-27,117.000000,117.389999,112.330002,112.709999,112.709999,0
2020-07-28,113.070000,114.250000,110.300003,113.879997,113.879997,0
2020-07-29,112.709999,112.940002,110.669998,110.949997,110.949997,0
2020-07-30,115.919998,121.330002,112.019997,112.160004,112.160004,0
2020-07-31,110.620003,116.830002,110.440002,112.040001,112.040001,0
2020-08-03,113.400002,113.940002,110.699997,111.019997,111.019997,0
2020-08-04,111.190002,111.400002,108.449997,109.000000,109.000000,0
2020-08-05,107.779999,108.110001,105.040001,105.669998,105.669998,0
2020-08-06,106.059998,106.830002,105.169998,105.839996,105.839996,0
2020-08-07,107.620003,110.000000,105.150002,108.180000,108.180000,0
2020-08-10,110.449997,113.279999,109.129997,111.129997,111.129997,0
2020-08-11,107.089996,121.589996,107.089996,118.339996,118.339996,0
2020-08-12,117.570000,119.290001,114.669998,115.730003,115.730003,0
2020-08-13,115.139999,117.129997,112.059998,115.180000,115.180000,0
2020-08-14,115.559998,116.489998,113.820000,114.349998,114.349998,0
2020-08-17,111.820000,112.300003,109.449997,110.349998,110.349998,0
2020-08-18,109.349998,113.529999,108.470001,112.589996,112.589996,0
2020-08-19,111.279999,115.260002,110.459999,114.720001,114.720001,0
2020-08-20,117.699997,117.699997,112.650002,112.989998,112.989998,0
2020-08-21,114.500000,115.440002,110.639999,111.250000,111.250000,0
2020-08-24,108.760002,111.099998,107.440002,108.250000,108.250000,0
2020-08-25,108.309998,110.279999,103.599998,103.879997,103.879997,0
2020-08-26,103.680000,106.620003,100.489998,105.800003,105.800003,0
2020-08-27,104.209999,122.889999,102.709999,114.739998,114.739998,0
2020-08-28,115.349998,124.820000,109.220001,111.559998,111.559998,0
2020-08-31,115.019997,119.660004,111.029999,119.010002,119.010002,0
2020-09-01,118.669998,120.500000,116.949997,120.099998,120.099998,0
2020-09-02,119.779999,122.089996,117.959999,122.010002,122.010002,0
2020-09-03,121.309998,137.490005,117.870003,132.910004,132.910004,0
2020-09-04,129.309998,135.039993,121.050003,122.139999,122.139999,0
2020-09-08,130.910004,130.910004,120.559998,123.559998,123.559998,0
2020-09-09,127.129997,127.610001,116.699997,121.540001,121.540001,0
2020-09-10,120.559998,122.830002,117.970001,120.580002,120.580002,0
2020-09-11,116.500000,121.160004,112.230003,113.949997,113.949997,0
2020-09-14,114.510002,114.750000,109.029999,111.269997,111.269997,0
2020-09-15,108.910004,110.610001,107.980003,108.970001,108.970001,0
2020-09-16,109.769997,110.169998,101.889999,103.480003,103.480003,0
2020-09-17,109.510002,109.510002,100.180000,100.370003,100.370003,0
2020-09-18,100.050003,106.379997,98.019997,101.190002,101.190002,0
2020-09-21,109.269997,117.360001,107.680000,108.739998,108.739998,0
2020-09-22,108.349998,108.959999,103.120003,104.690002,104.690002,0
2020-09-23,103.400002,109.820000,102.589996,107.349998,107.349998,0
2020-09-24,108.330002,109.860001,100.660004,102.260002,102.260002,0
2020-09-25,102.459999,104.230003,98.680000,99.639999,99.639999,0
2020-09-28,102.730003,103.480003,101.559998,101.849998,101.849998,0
2020-09-29,102.480003,102.480003,96.680000,96.930000,96.930000,0
2020-09-30,97.800003,101.959999,96.190002,101.580002,101.580002,0
2020-10-01,100.629997,102.209999,99.290001,101.000000,101.000000,0
2020-10-02,108.739998,110.199997,102.720001,102.720001,102.720001,0
2020-10-05,105.800003,105.989998,102.540001,103.220001,103.220001,0
2020-10-06,103.000000,107.930000,102.610001,106.139999,106.139999,0
2020-10-07,105.669998,106.419998,103.800003,104.190002,104.190002,0
2020-10-08,104.129997,105.379997,103.379997,104.800003,104.800003,0
2020-10-09,104.269997,109.400002,104.260002,109.220001,109.220001,0
2020-10-12,112.599998,112.790001,109.320000,109.680000,109.680000,0
2020-10-13,110.339996,112.279999,109.779999,110.970001,110.970001,0
2020-10-14,116.680000,118.209999,115.250000,116.930000,116.930000,0
2020-10-15,119.919998,121.339996,117.220001,117.589996,117.589996,0
2020-10-16,116.709999,117.400002,114.900002,115.919998,115.919998,0
2020-10-19,117.330002,119.870003,116.120003,119.760002,119.760002,0
2020-10-20,119.610001,120.019997,116.190002,119.589996,119.589996,0
2020-10-21,119.169998,119.419998,117.110001,117.470001,117.470001,0
2020-10-22,117.269997,118.599998,114.300003,118.599998,118.599998,0
2020-10-23,117.580002,119.809998,116.900002,118.940002,118.940002,0
2020-10-26,121.589996,135.220001,121.300003,133.080002,133.080002,0
2020-10-27,131.960007,137.520004,131.929993,135.320007,135.320007,0
2020-10-28,144.110001,154.990005,143.460007,152.009995,152.009995,0
2020-10-29,149.600006,151.669998,140.789993,147.839996,147.839996,0
2020-10-30,146.869995,150.960007,144.550003,145.240005,145.240005,0
2020-11-02,142.679993,143.649994,140.440002,142.649994,142.649994,0
2020-11-03,138.509995,139.169998,134.940002,136.279999,136.279999,0
2020-11-04,127.959999,127.959999,117.279999,122.120003,122.120003,0
2020-11-05,119.190002,119.930000,116.870003,117.680000,117.680000,0
2020-11-06,116.290001,116.339996,112.529999,113.129997,113.129997,0
2020-11-09,108.239998,117.660004,103.750000,116.779999,116.779999,0
2020-11-10,115.839996,116.739998,113.779999,116.050003,116.050003,0
2020-11-11,119.470001,121.620003,115.930000,118.320000,118.320000,0
2020-11-12,118.650002,126.419998,115.820000,121.570000,121.570000,0
2020-11-13,118.449997,118.449997,113.900002,114.389999,114.389999,0
2020-11-16,114.209999,116.489998,112.360001,115.000000,115.000000,0
2020-11-17,117.010002,117.139999,113.599998,116.250000,116.250000,0
2020-11-18,114.360001,118.250000,112.050003,117.900002,117.900002,0
2020-11-19,116.589996,117.459999,112.379997,114.150002,114.150002,0
2020-11-20,113.330002,113.989998,110.199997,113.989998,113.989998,0
2020-11-23,114.029999,114.089996,108.970001,109.849998,109.849998,0
2020-11-24,107.589996,109.300003,104.419998,104.559998,104.559998,0
2020-11-25,104.580002,105.500000,102.000000,103.459999,103.459999,0
2020-11-27,102.669998,106.660004,102.360001,106.120003,106.120003,0
2020-11-30,108.930000,111.400002,105.930000,106.120003,106.120003,0
2020-12-01,105.110001,109.230003,103.879997,108.430000,108.430000,0
2020-12-02,109.029999,109.339996,106.660004,107.519997,107.519997,0
2020-12-03,106.419998,109.269997,105.180000,107.889999,107.889999,0
2020-12-04,106.599998,106.660004,102.430000,103.720001,103.720001,0
2020-12-07,106.779999,106.889999,104.120003,104.419998,104.419998,0
2020-12-08,104.660004,104.860001,100.529999,102.820000,102.820000,0
2020-12-09,108.410004,117.139999,107.430000,113.930000,113.930000,0
2020-12-10,114.900002,116.470001,110.250000,114.660004,114.660004,0
2020-12-11,115.790001,121.800003,113.550003,120.769997,120.769997,0
2020-12-14,117.010002,127.680000,114.419998,127.680000,127.680000,0
2020-12-15,122.059998,122.279999,117.489998,119.110001,119.110001,0
2020-12-16,118.400002,119.320000,109.860001,111.849998,111.849998,0
2020-12-17,110.419998,110.760002,108.220001,110.209999,110.209999,0
2020-12-18,110.059998,115.099998,110.059998,110.300003,110.300003,0
2020-12-21,124.330002,127.790001,119.279999,121.610001,121.610001,0
2020-12-22,120.389999,120.989998,117.220001,120.570000,120.570000,0
2020-12-23,116.949997,118.820000,115.169998,118.309998,118.309998,0
2020-12-24,116.290001,117.089996,115.080002,115.260002,115.260002,0
2020-12-28,115.029999,115.260002,113.480003,114.400002,114.400002,0
2020-12-29,113.070000,117.580002,113.070000,116.269997,116.269997,0
2020-12-30,114.959999,116.070000,111.739998,112.040001,112.040001,0
2020-12-31,110.980003,113.089996,109.330002,111.860001,111.860001,0
2021-01-04,114.300003,131.389999,113.900002,124.650002,124.650002,0
2021-01-05,125.919998,125.919998,118.430000,120.070000,120.070000,0
2021-01-06,116.610001,123.900002,111.309998,119.900002,119.900002,0
2021-01-07,114.860001,114.860001,109.379997,109.379997,109.379997,0
2021-01-08,109.000000,114.610001,107.750000,111.000000,111.000000,0
2021-01-11,118.349998,120.739998,115.879997,118.800003,118.800003,0
2021-01-12,117.500000,119.980003,114.889999,115.790001,115.790001,0
2021-01-13,119.339996,120.110001,116.790001,117.760002,117.760002,0
2021-01-14,117.190002,123.379997,116.080002,122.779999,122.779999,0
2021-01-15,123.589996,127.610001,119.599998,124.250000,124.250000,0
2021-01-19,118.739998,121.269997,118.169998,120.709999,120.709999,0
2021-01-20,118.040001,118.339996,112.529999,114.169998,114.169998,0
2021-01-21,113.570000,115.120003,111.660004,112.589996,112.589996,0
2021-01-25,114.860001,128.520004,114.199997,116.629997,116.629997,0
2021-01-26,114.550003,117.110001,113.500000,115.309998,115.309998,0
2021-01-27,123.870003,168.779999,121.230003,157.690002,157.690002,0
2021-01-28,136.929993,136.929993,128.270004,133.220001,133.220001,0
2021-01-29,136.080002,148.899994,130.369995,137.330002,137.330002,0
2021-02-01,134.850006,140.800003,129.179993,129.440002,129.440002,0
2021-02-02,123.400002,123.720001,115.510002,119.099998,119.099998,0
2021-02-03,116.410004,116.809998,110.779999,111.029999,111.029999,0
2021-02-04,109.940002,109.940002,107.129997,108.470001,108.470001,0
2021-02-05,108.019997,110.290001,107.000000,107.639999,107.639999,0
2021-02-08,110.279999,110.570000,106.610001,106.610001,106.610001,0
2021-02-09,108.389999,110.430000,106.459999,108.139999,108.139999,0
2021-02-10,112.110001,119.070000,111.440002,114.930000,114.930000,0
2021-02-11,113.190002,118.410004,112.730003,116.220001,116.220001,0
2021-02-12,115.660004,121.500000,115.449997,118.589996,118.589996,0
2021-02-16,119.809998,126.830002,118.750000,124.660004,124.660004,0
2021-02-18,124.690002,124.940002,120.230003,121.050003,121.050003,0
2021-02-19,120.059998,120.750000,115.440002,117.449997,117.449997,0
2021-02-22,120.709999,121.029999,114.709999,117.059998,117.059998,0
2021-02-23,118.660004,122.180000,111.930000,112.779999,112.779999,0
2021-02-24,114.019997,115.339996,109.239998,109.599998,109.599998,0
2021-02-25,111.339996,131.479996,109.690002,127.830002,127.830002,0
2021-02-26,124.349998,135.399994,121.690002,124.959999,124.959999,0
2021-03-01,118.720001,118.720001,112.839996,114.940002,114.940002,0
2021-03-02,115.599998,115.599998,111.620003,114.919998,114.919998,0
2021-03-03,114.250000,122.059998,113.400002,121.230003,121.230003,0
2021-03-04,120.300003,127.709999,117.610001,124.620003,124.620003,0
2021-03-05,121.680000,127.610001,115.750000,116.209999,116.209999,0
2021-03-08,118.470001,119.459999,111.540001,114.620003,114.620003,0
2021-03-09,112.190002,112.209999,105.169998,108.709999,108.709999,0
2021-03-10,115.160004,115.910004,113.370003,114.680000,114.680000,0
2021-03-11,113.160004,113.440002,110.919998,112.870003,112.870003,0
2021-03-12,114.389999,114.610001,110.830002,111.730003,111.730003,0
2021-03-15,112.760002,112.980003,108.040001,110.489998,110.489998,0
2021-03-16,109.309998,114.379997,108.250000,113.730003,113.730003,0
2021-03-17,115.290001,115.870003,108.870003,109.900002,109.900002,0
2021-03-18,110.480003,119.730003,109.739998,117.800003,117.800003,0
2021-03-19,116.620003,122.879997,113.580002,115.949997,115.949997,0
2021-03-22,113.570000,114.290001,108.070000,108.629997,108.629997,0
2021-03-23,109.800003,114.500000,108.879997,111.690002,111.690002,0
2021-03-24,109.459999,112.269997,107.550003,110.669998,110.669998,0
2021-03-25,112.099998,113.220001,104.190002,104.750000,104.750000,0
2021-03-26,103.809998,110.290001,100.050003,103.260002,103.260002,0
2021-03-29,107.449997,112.290001,105.839996,105.839996,105.839996,0
2021-03-30,105.650002,107.290001,101.730003,101.900002,101.900002,0
2021-03-31,100.320000,102.190002,97.610001,100.040001,100.040001,0
2021-04-01,98.290001,99.300003,96.349998,98.970001,98.970001,0
2021-04-05,99.129997,100.750000,98.250000,99.239998,99.239998,0
2021-04-06,99.320000,99.660004,96.430000,99.059998,99.059998,0
2021-04-07,98.360001,98.360001,95.919998,97.089996,97.089996,0
2021-04-08,96.089996,101.169998,95.930000,100.720001,100.720001,0
2021-04-09,101.269997,102.440002,100.320000,102.059998,102.059998,0
2021-04-12,105.519997,105.570000,101.930000,102.080002,102.080002,0
2021-04-13,103.419998,103.419998,99.870003,100.440002,100.440002,0
2021-04-14,104.139999,110.160004,103.449997,107.470001,107.470001,0
2021-04-15,105.360001,109.620003,104.879997,108.660004,108.660004,0
2021-04-16,108.910004,110.790001,107.540001,107.800003,107.800003,0
2021-04-19,108.900002,113.309998,108.320000,111.900002,111.900002,0
2021-04-20,114.059998,121.989998,113.320000,116.370003,116.370003,0
2021-04-21,116.040001,117.430000,110.269997,112.900002,112.900002,0
2021-04-22,112.110001,119.570000,109.809998,116.050003,116.050003,0
2021-04-23,114.260002,114.339996,106.480003,108.360001,108.360001,0
2021-04-26,109.419998,109.510002,103.959999,104.010002,104.010002,0
2021-04-27,104.290001,105.980003,103.190002,103.389999,103.389999,0
2021-04-28,103.129997,106.550003,102.580002,104.779999,104.779999,0
2021-04-29,102.949997,109.300003,102.930000,105.459999,105.459999,0
2021-04-30,107.000000,109.860001,105.760002,109.220001,109.220001,0
2021-05-03,109.470001,110.059998,107.050003,108.320000,108.320000,0
2021-05-04,110.500000,118.279999,109.800003,111.220001,111.220001,0
2021-05-06,109.709999,114.190002,108.080002,108.389999,108.389999,0
2021-05-07,108.260002,108.610001,105.379997,107.029999,107.029999,0
2021-05-10,109.690002,114.959999,108.769997,114.099998,114.099998,0
2021-05-12,129.000000,151.500000,128.839996,146.279999,146.279999,0
2021-05-13,138.699997,138.699997,126.760002,130.009995,130.009995,0
2021-05-14,123.519997,123.519997,116.889999,117.559998,117.559998,0
2021-05-17,121.070000,126.930000,120.309998,120.699997,120.699997,0
2021-05-18,120.320000,124.139999,117.800003,123.930000,123.930000,0
2021-05-19,132.149994,142.990005,128.399994,130.169998,130.169998,0
2021-05-21,124.050003,124.849998,121.690002,124.220001,124.220001,0
2021-05-24,121.930000,122.099998,114.470001,116.120003,116.120003,0
2021-05-26,111.750000,112.989998,106.290001,106.290001,106.290001,0
2021-05-27,105.440002,105.809998,102.510002,103.879997,103.879997,0
2021-05-28,103.639999,105.949997,103.080002,105.410004,105.410004,0
2021-06-01,104.930000,114.070000,104.550003,113.040001,113.040001,0
2021-06-02,112.849998,113.349998,109.059998,112.570000,112.570000,0
2021-06-03,114.029999,117.110001,111.360001,114.309998,114.309998,0
2021-06-04,110.370003,110.379997,106.800003,108.160004,108.160004,0
2021-06-07,111.040001,111.379997,107.709999,108.029999,108.029999,0
2021-06-08,107.650002,111.360001,107.459999,109.620003,109.620003,0
2021-06-09,118.500000,121.779999,118.309998,120.970001,120.970001,0
2021-06-10,117.650002,118.669998,115.290001,116.760002,116.760002,0
2021-06-11,114.680000,116.959999,113.680000,116.120003,116.120003,0
2021-06-14,117.639999,120.419998,115.839996,119.800003,119.800003,0
2021-06-15,120.559998,123.870003,119.360001,122.900002,122.900002,0
2021-06-16,121.129997,131.919998,118.849998,121.570000,121.570000,0
2021-06-17,122.849998,124.629997,117.500000,120.629997,120.629997,0
2021-06-18,124.970001,131.190002,122.070000,128.830002,128.830002,0
2021-06-21,127.269997,129.809998,120.099998,121.250000,121.250000,0
2021-06-22,121.000000,121.080002,113.320000,114.010002,114.010002,0
2021-06-23,113.699997,114.029999,109.430000,110.480003,110.480003,0
2021-06-24,107.519997,107.910004,105.989998,107.870003,107.870003,0
2021-06-25,106.800003,108.550003,104.519997,105.910004,105.910004,0
2021-06-28,106.830002,108.099998,106.099998,106.320000,106.320000,0
2021-06-29,106.279999,108.019997,106.010002,107.010002,107.010002,0
2021-06-30,108.419998,109.580002,105.559998,106.730003,106.730003,0
2021-07-01,106.370003,109.470001,106.360001,108.720001,108.720001,0
2021-07-02,106.070000,107.360001,104.339996,106.110001,106.110001,0
2021-07-06,109.160004,117.669998,108.949997,112.239998,112.239998,0
2021-07-07,111.559998,116.839996,111.309998,112.699997,112.699997,0
2021-07-08,122.360001,124.510002,117.209999,120.029999,120.029999,0
2021-07-09,116.169998,116.169998,109.349998,112.620003,112.620003,0
2021-07-12,114.820000,115.300003,110.870003,111.589996,111.589996,0
2021-07-13,112.760002,116.599998,110.449997,116.400002,116.400002,0
2021-07-14,117.489998,122.669998,116.660004,117.660004,117.660004,0
2021-07-15,119.959999,124.699997,119.010002,121.029999,121.029999,0
2021-07-16,118.059998,128.990005,117.620003,128.889999,128.889999,0
2021-07-19,135.899994,149.600006,133.820007,139.539993,139.539993,0
2021-07-20,138.419998,138.550003,128.740005,131.300003,131.300003,0
2021-07-21,128.830002,128.830002,119.080002,122.529999,122.529999,0
2021-07-22,122.300003,123.209999,97.440002,118.820000,118.820000,0
2021-07-23,116.629997,117.169998,113.599998,114.919998,114.919998,0
2021-07-26,118.639999,118.639999,114.709999,114.860001,114.860001,0
2021-07-27,118.430000,128.369995,110.839996,121.110001,121.110001,0
2021-07-28,118.019997,121.769997,114.449997,117.080002,117.080002,0
2021-07-29,113.980003,114.309998,112.660004,114.040001,114.040001,0
2021-07-30,117.209999,117.209999,112.970001,116.180000,116.180000,0
2021-08-02,117.330002,124.239998,116.150002,122.849998,122.849998,0
2021-08-03,121.610001,124.830002,116.430000,117.550003,117.550003,0
2021-08-04,118.580002,118.739998,115.239998,116.209999,116.209999,0
2021-08-05,115.510002,115.540001,112.540001,113.349998,113.349998,0
2021-08-06,111.989998,112.739998,110.820000,112.000000,112.000000,0
2021-08-09,115.510002,117.419998,114.349998,115.089996,115.089996,0
2021-08-10,114.720001,115.580002,112.540001,114.150002,114.150002,0
2021-08-11,117.559998,118.900002,116.309998,118.059998,118.059998,0
2021-08-12,118.099998,119.070000,114.190002,117.720001,117.720001,0
2021-08-13,116.660004,119.440002,115.680000,117.809998,117.809998,0
2021-08-16,122.680000,124.440002,117.260002,117.690002,117.690002,0
2021-08-17,120.650002,127.510002,117.839996,120.529999,120.529999,0
2021-08-18,121.080002,128.960007,116.949997,128.410004,128.410004,0
2021-08-19,133.500000,135.509995,127.089996,130.410004,130.410004,0
2021-08-20,126.680000,126.860001,117.379997,120.510002,120.510002,0
2021-08-23,118.690002,118.690002,112.169998,113.330002,113.330002,0
2021-08-24,113.320000,114.129997,110.360001,111.089996,111.089996,0
2021-08-25,111.180000,111.370003,108.040001,108.839996,108.839996,0
2021-08-26,110.919998,120.370003,109.599998,116.599998,116.599998,0
2021-08-27,113.000000,113.279999,107.410004,109.620003,109.620003,0
2021-08-30,110.379997,111.849998,106.699997,107.900002,107.900002,0
2021-08-31,109.000000,109.610001,105.720001,105.809998,105.809998,0
2021-09-01,105.750000,106.870003,103.209999,105.199997,105.199997,0
2021-09-02,104.879997,106.889999,104.500000,105.699997,105.699997,0
2021-09-03,106.459999,108.199997,104.480003,105.480003,105.480003,0
2021-09-07,108.959999,112.349998,108.489998,111.010002,111.010002,0
2021-09-08,118.860001,121.139999,114.519997,115.059998,115.059998,0
2021-09-09,115.139999,118.559998,110.430000,117.029999,117.029999,0
2021-09-10,113.160004,125.839996,111.500000,124.980003,124.980003,0
2021-09-13,119.540001,126.160004,117.230003,118.010002,118.010002,0
2021-09-14,114.879997,123.089996,114.370003,120.370003,120.370003,0
2021-09-15,119.849998,121.910004,111.419998,112.480003,112.480003,0
2021-09-16,113.400002,116.739998,110.129997,112.110001,112.110001,0
2021-09-17,112.790001,120.589996,111.239998,118.900002,118.900002,0
2021-09-20,130.550003,146.309998,125.320000,138.929993,138.929993,0
2021-09-21,133.199997,135.389999,126.430000,130.759995,130.759995,0
2021-09-22,126.099998,127.849998,116.580002,117.620003,117.620003,0
2021-09-23,114.220001,114.849998,107.230003,108.309998,108.309998,0
2021-09-24,112.660004,112.660004,102.529999,103.070000,103.070000,0
2021-09-27,107.080002,109.360001,105.029999,107.730003,107.730003,0
2021-09-28,112.870003,125.839996,112.870003,121.059998,121.059998,0
2021-09-29,119.010002,121.180000,115.000000,119.040001,119.040001,0
2021-09-30,115.169998,122.750000,112.330002,118.010002,118.010002,0
2021-10-01,115.519997,121.019997,112.019997,112.610001,112.610001,0
2021-10-04,116.559998,122.169998,115.599998,117.169998,117.169998,0
2021-10-05,116.449997,116.459999,108.459999,110.750000,110.750000,0
2021-10-06,115.010002,120.099998,110.250000,110.919998,110.919998,0
2021-10-07,108.599998,108.650002,105.599998,107.430000,107.430000,0
2021-10-08,106.940002,108.639999,105.330002,107.269997,107.269997,0
2021-10-11,111.129997,111.389999,106.730003,110.290001,110.290001,0
2021-10-12,109.580002,111.160004,107.620003,109.120003,109.120003,0
2021-10-13,111.400002,114.559998,108.720001,108.720001,108.720001,0
2021-10-14,105.250000,107.970001,105.059998,107.970001,107.970001,0
2021-10-15,107.029999,108.190002,104.610001,106.760002,106.760002,0
2021-10-18,111.160004,111.300003,104.370003,104.370003,104.370003,0
2021-10-19,106.269997,106.269997,101.339996,103.059998,103.059998,0
2021-10-20,102.620003,103.389999,100.690002,101.839996,101.839996,0
2021-10-21,102.930000,103.790001,100.059998,102.139999,102.139999,0
2021-10-22,102.349998,111.169998,101.150002,106.080002,106.080002,0
2021-10-25,106.330002,107.529999,101.139999,102.360001,102.360001,0
2021-10-26,101.589996,106.550003,101.389999,103.250000,103.250000,0
2021-10-27,103.330002,110.209999,101.680000,109.610001,109.610001,0
2021-10-28,106.510002,107.510002,104.410004,106.279999,106.279999,0
2021-10-29,109.440002,109.440002,104.449997,105.169998,105.169998,0
2021-11-01,106.870003,110.360001,105.129997,106.660004,106.660004,0
2021-11-02,105.940002,106.529999,104.860001,105.440002,105.440002,0
2021-11-03,105.389999,106.260002,99.660004,102.250000,102.250000,0
2021-11-04,100.449997,105.570000,100.370003,104.459999,104.459999,0
2021-11-05,103.519997,110.519997,102.820000,110.209999,110.209999,0
2021-11-08,110.919998,113.190002,110.360001,111.489998,111.489998,0
2021-11-09,111.540001,115.019997,110.230003,110.550003,110.550003,0
2021-11-10,118.989998,120.339996,113.919998,117.190002,117.190002,0
2021-11-11,115.120003,116.169998,111.830002,114.660004,114.660004,0
2021-11-12,112.510002,112.970001,109.320000,112.110001,112.110001,0
2021-11-15,112.870003,115.120003,110.599998,110.660004,110.660004,0
2021-11-16,111.209999,111.480003,107.440002,109.580002,109.580002,0
2021-11-17,109.879997,111.760002,107.199997,111.529999,111.529999,0
2021-11-18,110.379997,114.769997,109.000000,112.150002,112.150002,0
2021-11-19,114.660004,116.639999,111.550003,113.739998,113.739998,0
2021-11-22,114.150002,120.489998,112.730003,118.620003,118.620003,0
2021-11-23,118.570000,122.570000,114.339996,115.029999,115.029999,0
2021-11-24,117.919998,119.570000,109.870003,110.480003,110.480003,0
2021-11-26,123.830002,153.380005,122.820000,149.740005,149.740005,0
2021-11-29,132.639999,135.460007,123.160004,131.240005,131.240005,0
2021-11-30,141.789993,145.630005,131.339996,142.550003,142.550003,0
2021-12-01,134.210007,161.529999,128.149994,155.020004,155.020004,0
2021-12-02,151.350006,155.229996,144.190002,147.309998,147.309998,0
2021-12-03,143.100006,168.369995,141.580002,156.100006,156.100006,0
2021-12-06,149.789993,152.830002,138.880005,138.880005,138.880005,0
2021-12-07,130.960007,131.100006,117.410004,117.919998,117.919998,0
2021-12-08,119.839996,120.500000,113.510002,114.290001,114.290001,0
2021-12-09,115.160004,125.720001,112.910004,121.790001,121.790001,0
2021-12-10,114.889999,119.949997,112.989998,113.849998,113.849998,0
2021-12-13,118.739998,122.570000,118.080002,121.070000,121.070000,0
2021-12-14,126.879997,131.630005,123.790001,126.570000,126.570000,0
2021-12-15,129.100006,135.919998,117.809998,118.610001,118.610001,0
2021-12-16,117.510002,133.020004,116.940002,128.970001,128.970001,0
2021-12-17,132.860001,136.580002,128.139999,136.059998,136.059998,0
2021-12-20,150.369995,153.929993,137.910004,138.669998,138.669998,0
2021-12-21,134.169998,136.119995,130.399994,131.410004,131.410004,0
2021-12-22,130.830002,130.830002,121.680000,122.699997,122.699997,0
2021-12-23,121.910004,122.139999,119.190002,120.459999,120.459999,0
2021-12-27,120.589996,121.230003,115.739998,115.919998,115.919998,0
2021-12-28,117.260002,118.459999,114.760002,114.830002,114.830002,0
2021-12-29,114.550003,115.150002,109.010002,109.500000,109.500000,0
2021-12-30,109.699997,112.080002,107.110001,110.839996,110.839996,0
2021-12-31,111.580002,112.699997,108.739998,109.669998,109.669998,0
2022-01-03,110.199997,111.940002,107.540001,108.449997,108.449997,0
2022-01-04,107.970001,113.339996,107.300003,109.309998,109.309998,0
2022-01-05,109.580002,121.449997,106.830002,119.309998,119.309998,0
2022-01-06,119.949997,122.269997,115.470001,117.820000,117.820000,0
2022-01-07,117.160004,120.300003,112.620003,113.860001,113.860001,0
2022-01-10,120.349998,127.889999,112.480003,113.019997,113.019997,0
2022-01-11,115.849998,118.589996,110.139999,111.610001,111.610001,0
2022-01-12,113.730003,118.190002,112.709999,113.940002,113.940002,0
2022-01-13,114.339996,124.180000,112.580002,123.440002,123.440002,0
2022-01-14,128.669998,129.470001,116.309998,117.570000,117.570000,0
2022-01-18,122.930000,128.820007,122.930000,127.949997,127.949997,0
2022-01-19,127.000000,130.589996,123.900002,129.850006,129.850006,0
2022-01-20,126.440002,136.139999,122.250000,135.600006,135.600006,0
2022-01-21,138.350006,151.800003,136.800003,149.500000,149.500000,0
2022-01-24,161.089996,172.820007,153.259995,154.380005,154.380005,0
2022-01-25,159.199997,164.000000,146.809998,150.800003,150.800003,0
2022-01-26,145.509995,155.979996,138.880005,148.550003,148.550003,0
2022-01-27,141.940002,145.899994,137.860001,141.139999,141.139999,0
2022-01-28,141.070007,144.960007,131.110001,132.440002,132.440002,0
2022-01-31,133.869995,134.710007,124.839996,125.059998,125.059998,0
2022-02-01,123.410004,127.260002,117.900002,117.989998,117.989998,0
2022-02-02,117.699997,120.169998,114.220001,119.610001,119.610001,0
2022-02-03,124.410004,127.669998,118.949997,125.110001,125.110001,0
2022-02-04,125.110001,129.979996,121.580002,124.889999,124.889999,0
2022-02-07,126.709999,126.900002,122.209999,124.129997,124.129997,0
2022-02-08,122.489998,125.099998,117.680000,118.860001,118.860001,0
2022-02-09,119.309998,121.150002,118.440002,119.320000,119.320000,0
2022-02-10,124.489998,132.339996,118.269997,129.100006,129.100006,0
2022-02-11,128.100006,147.389999,126.720001,141.169998,141.169998,0
2022-02-14,142.389999,147.369995,139.600006,140.589996,140.589996,0
2022-02-15,133.679993,135.220001,128.380005,129.050003,129.050003,0
2022-02-16,130.399994,130.399994,120.339996,122.580002,122.580002,0
2022-02-17,128.059998,134.880005,126.839996,134.490005,134.490005,0
2022-02-18,132.889999,138.830002,132.179993,133.639999,133.639999,0
2022-02-22,134.770004,136.550003,130.389999,130.690002,130.690002,0
2022-02-23,128.559998,131.779999,125.349998,131.240005,131.240005,0
2022-02-24,145.630005,145.889999,125.070000,128.500000,128.500000,0
2022-02-25,125.059998,125.400002,117.010002,117.760002,117.760002,0
2022-02-28,124.820000,128.429993,120.769997,123.639999,123.639999,0
2022-03-01,124.519997,136.270004,123.430000,132.800003,132.800003,0
2022-03-02,131.779999,132.419998,123.459999,124.919998,124.919998,0
2022-03-03,122.610001,127.180000,120.370003,122.360001,122.360001,0
2022-03-04,127.190002,130.520004,125.940002,127.849998,127.849998,0
2022-03-07,130.440002,134.639999,129.979996,133.660004,133.660004,0
2022-03-08,144.080002,147.089996,135.690002,139.710007,139.710007,0
2022-03-09,133.270004,133.899994,125.709999,130.860001,130.860001,0
2022-03-10,131.580002,131.580002,124.779999,125.470001,125.470001,0
2022-03-11,123.820000,127.220001,122.099998,125.580002,125.580002,0
2022-03-14,125.940002,129.029999,118.830002,126.260002,126.260002,0
2022-03-15,126.410004,126.410004,120.040001,122.180000,122.180000,0
2022-03-16,119.650002,122.900002,114.480003,115.099998,115.099998,0
2022-03-17,115.800003,116.070000,107.239998,109.250000,109.250000,0
2022-03-18,111.570000,112.129997,105.480003,106.739998,106.739998,0
2022-03-21,108.379997,112.559998,105.889999,108.959999,108.959999,0
2022-03-22,106.529999,109.919998,105.419998,108.220001,108.220001,0
2022-03-23,110.930000,110.940002,106.309998,108.769997,108.769997,0
2022-03-24,109.220001,110.629997,105.099998,106.050003,106.050003,0
2022-03-25,106.019997,111.400002,104.129997,109.209999,109.209999,0
2022-03-28,113.279999,117.199997,107.739998,108.290001,108.290001,0
2022-03-29,105.199997,107.559998,103.419998,104.349998,104.349998,0
2022-03-30,106.290001,111.480003,104.730003,107.410004,107.410004,0
2022-03-31,109.050003,114.209999,107.629997,111.449997,111.449997,0
2022-04-01,109.970001,112.599998,108.050003,112.220001,112.220001,0
2022-04-04,112.889999,113.480003,106.720001,107.110001,107.110001,0
2022-04-05,108.870003,117.790001,108.769997,116.269997,116.269997,0
2022-04-06,120.959999,124.620003,113.220001,114.839996,114.839996,0
2022-04-07,115.730003,117.910004,111.599998,113.330002,113.330002,0
2022-04-08,113.269997,114.970001,109.199997,112.139999,112.139999,0
2022-04-11,116.500000,118.120003,114.989998,117.349998,117.349998,0
2022-04-12,116.129997,119.589996,113.419998,117.260002,117.260002,0
2022-04-13,122.330002,122.330002,112.470001,113.760002,113.760002,0
2022-04-14,112.529999,116.029999,111.300003,114.750000,114.750000,0
2022-04-18,115.839996,115.839996,110.510002,110.900002,110.900002,0
2022-04-19,110.760002,111.269997,101.760002,106.059998,106.059998,0
2022-04-20,102.589996,105.559998,100.940002,103.029999,103.029999,0
2022-04-21,101.269997,112.589996,100.660004,110.930000,110.930000,0
2022-04-22,111.419998,122.820000,111.099998,122.370003,122.370003,0
2022-04-25,123.779999,124.940002,116.029999,116.980003,116.980003,0
2022-04-26,118.879997,127.709999,118.879997,127.500000,127.500000,0
2022-04-27,125.699997,125.699997,120.089996,123.709999,123.709999,0
2022-04-28,118.959999,121.290001,114.809998,119.750000,119.750000,0
2022-04-29,120.599998,124.019997,117.169998,121.980003,121.980003,0
2022-05-02,125.419998,130.759995,123.510002,124.480003,124.480003,0
2022-05-03,123.110001,123.190002,117.099998,117.550003,117.550003,0
2022-05-04,116.349998,116.800003,104.830002,106.620003,106.620003,0
2022-05-05,107.400002,121.459999,106.930000,119.180000,119.180000,0
2022-05-06,120.360001,125.519997,116.169998,116.779999,116.779999,0
2022-05-09,122.790001,126.330002,122.230003,125.930000,125.930000,0
2022-05-10,122.120003,125.540001,120.470001,120.980003,120.980003,0
2022-05-11,126.099998,127.919998,122.669998,125.889999,125.889999,0
2022-05-12,127.949997,129.690002,121.480003,122.110001,122.110001,0
2022-05-13,118.709999,119.550003,113.519997,113.889999,113.889999,0
2022-05-16,114.400002,114.889999,108.260002,108.260002,108.260002,0
2022-05-17,104.650002,105.260002,99.309998,101.199997,101.199997,0
2022-05-18,103.839996,115.650002,103.199997,114.959999,114.959999,0
2022-05-19,115.209999,115.510002,104.889999,104.889999,104.889999,0
2022-05-20,104.160004,114.110001,102.779999,107.800003,107.800003,0
2022-05-23,106.449997,108.970001,102.470001,102.680000,102.680000,0
2022-05-24,103.849998,106.309998,101.730003,104.290001,104.290001,0
2022-05-25,104.629997,105.309998,98.239998,98.790001,98.790001,0
2022-05-26,97.769997,98.180000,94.629997,96.250000,96.250000,0
2022-05-27,94.860001,94.860001,92.709999,93.660004,93.660004,0
2022-05-31,97.169998,97.449997,92.059998,93.099998,93.099998,0
2022-06-01,92.519997,95.430000,90.540001,91.389999,91.389999,0
2022-06-02,92.269997,92.699997,88.339996,91.080002,91.080002,0
2022-06-03,92.550003,93.540001,90.360001,90.500000,90.500000,0
2022-06-06,91.089996,92.019997,88.930000,89.529999,89.529999,0
2022-06-07,91.309998,91.589996,87.330002,87.820000,87.820000,0
2022-06-08,93.959999,94.480003,91.339996,92.680000,92.680000,0
2022-06-09,94.550003,99.010002,93.750000,98.820000,98.820000,0
2022-06-10,99.489998,103.820000,97.330002,99.750000,99.750000,0
2022-06-13,104.639999,114.900002,103.269997,113.720001,113.720001,0
2022-06-14,112.739998,113.320000,108.360001,111.010002,111.010002,0
2022-06-15,110.330002,110.660004,103.970001,105.370003,105.370003,0
2022-06-16,110.349998,116.639999,109.650002,114.360001,114.360001,0
2022-06-17,113.290001,113.589996,107.279999,110.059998,110.059998,0
2022-06-21,106.489998,106.489998,102.489998,104.370003,104.370003,0
2022-06-22,106.089996,106.089996,99.099998,99.660004,99.660004,0
2022-06-23,98.849998,100.099998,98.059998,98.309998,98.309998,0
2022-06-24,96.349998,96.669998,90.820000,91.339996,91.339996,0
2022-06-27,91.860001,93.489998,87.529999,87.580002,87.580002,0
2022-06-28,86.970001,90.620003,85.360001,90.620003,90.620003,0
2022-06-29,90.500000,92.160004,88.610001,88.919998,88.919998,0
2022-06-30,91.379997,94.629997,87.839996,89.389999,89.389999,0
2022-07-01,90.099998,90.699997,85.139999,85.510002,85.510002,0
2022-07-05,90.940002,91.930000,86.989998,87.300003,87.300003,0
2022-07-06,87.699997,88.349998,84.680000,85.879997,85.879997,0
2022-07-07,85.629997,85.879997,83.980003,85.879997,85.879997,0
2022-07-08,85.800003,86.070000,83.050003,84.739998,84.739998,0
2022-07-11,88.779999,89.320000,86.900002,88.050003,88.050003,0
2022-07-12,88.690002,90.510002,86.970001,90.059998,90.059998,0
2022-07-13,95.379997,95.410004,88.330002,90.489998,90.489998,0
2022-07-14,92.610001,94.139999,90.080002,90.730003,90.730003,0
2022-07-15,89.040001,90.809998,88.099998,89.370003,89.370003,0
2022-07-18,90.680000,92.790001,89.940002,91.860001,91.860001,0
2022-07-19,89.440002,89.870003,87.339996,88.610001,88.610001,0
2022-07-20,87.760002,87.879997,84.970001,86.750000,86.750000,0
2022-07-21,86.349998,87.099998,83.860001,85.040001,85.040001,0
2022-07-22,84.419998,86.330002,83.400002,84.529999,84.529999,0
2022-07-25,84.860001,85.690002,83.209999,83.820000,83.820000,0
2022-07-26,84.620003,87.379997,83.900002,84.830002,84.830002,0
2022-07-27,82.839996,83.820000,80.449997,81.769997,81.769997,0
2022-07-28,80.150002,82.059998,79.430000,80.879997,80.879997,0
2022-07-29,79.139999,81.220001,78.730003,80.290001,80.290001,0
2022-08-01,83.639999,86.430000,82.800003,86.339996,86.339996,0
2022-08-02,87.540001,90.379997,84.400002,88.470001,88.470001,0
2022-08-03,85.949997,86.190002,82.699997,84.599998,84.599998,0
2022-08-04,85.040001,86.480003,83.690002,83.690002,83.690002,0
2022-08-05,86.379997,86.379997,82.930000,84.129997,84.129997,0
2022-08-08,86.489998,89.000000,84.169998,86.949997,86.949997,0
2022-08-09,88.239998,88.940002,87.110001,87.489998,87.489998,0
2022-08-10,88.870003,90.300003,87.360001,90.040001,90.040001,0
2022-08-11,88.190002,92.800003,87.879997,90.839996,90.839996,0
2022-08-12,91.250000,91.879997,89.339996,91.010002,91.010002,0
2022-08-15,92.230003,92.309998,87.029999,88.730003,88.730003,0
2022-08-16,88.190002,89.519997,86.269997,88.050003,88.050003,0
2022-08-17,87.949997,89.470001,84.970001,87.470001,87.470001,0
2022-08-18,87.239998,89.019997,84.250000,86.459999,86.459999,0
2022-08-19,88.250000,92.830002,87.820000,89.769997,89.769997,0
2022-08-22,95.199997,95.970001,92.510002,94.750000,94.750000,0
2022-08-23,94.879997,95.099998,91.220001,93.339996,93.339996,0
2022-08-24,92.349998,92.349998,86.449997,86.449997,86.449997,0
2022-08-25,86.589996,87.070000,83.019997,83.320000,83.320000,0
2022-08-26,85.120003,92.470001,84.010002,91.660004,91.660004,0
2022-08-29,94.110001,94.279999,89.500000,91.570000,91.570000,0
2022-08-30,90.559998,93.820000,89.709999,91.110001,91.110001,0
2022-08-31,90.309998,90.639999,86.919998,88.400002,88.400002,0
2022-09-01,89.430000,91.830002,87.169998,87.739998,87.739998,0
2022-09-02,85.339996,90.379997,83.110001,89.190002,89.190002,0
2022-09-06,88.489998,94.080002,88.419998,94.080002,94.080002,0
2022-09-07,94.139999,94.190002,87.680000,88.260002,88.260002,0
2022-09-08,89.669998,89.800003,85.430000,85.570000,85.570000,0
2022-09-09,84.779999,84.989998,83.760002,84.089996,84.089996,0
2022-09-12,85.459999,86.209999,84.470001,84.529999,84.529999,0
2022-09-13,87.010002,95.660004,85.839996,93.889999,93.889999,0
2022-09-14,96.980003,96.980003,92.919998,93.580002,93.580002,0
2022-09-15,93.690002,93.830002,90.139999,92.610001,92.610001,0
2022-09-16,94.949997,96.779999,92.050003,92.419998,92.419998,0
2022-09-19,94.459999,94.720001,88.339996,88.989998,88.989998,0
2022-09-20,90.870003,91.589996,87.709999,91.120003,91.120003,0
2022-09-21,90.620003,92.099998,86.779999,92.050003,92.050003,0
2022-09-22,89.989998,91.940002,88.550003,89.180000,89.180000,0
2022-09-23,91.830002,105.510002,91.730003,101.550003,101.550003,0
2022-09-26,103.139999,111.000000,100.080002,109.089996,109.089996,0
2022-09-27,106.610001,117.070000,105.139999,113.760002,113.760002,0
2022-09-28,116.070000,117.300003,105.610001,105.830002,105.830002,0
2022-09-29,108.930000,114.970001,107.730003,108.309998,108.309998,0
2022-09-30,107.940002,108.930000,102.720001,106.190002,106.190002,0
2022-10-03,106.470001,107.750000,102.320000,103.029999,103.029999,0
2022-10-04,98.529999,99.709999,96.040001,96.830002,96.830002,0
2022-10-05,98.610001,99.900002,92.570000,92.790001,92.790001,0
2022-10-06,94.230003,97.730003,93.900002,97.730003,97.730003,0
2022-10-07,97.980003,104.760002,97.910004,103.370003,103.370003,0
2022-10-10,104.180000,109.889999,104.180000,107.110001,107.110001,0
2022-10-11,107.989998,108.769997,103.949997,105.260002,105.260002,0
2022-10-12,109.010002,109.830002,107.690002,109.190002,109.190002,0
2022-10-13,109.849998,109.910004,99.160004,101.260002,101.260002,0
2022-10-14,100.309998,104.410004,99.510002,101.940002,101.940002,0
2022-10-17,99.529999,99.779999,96.879997,97.320000,97.320000,0
2022-10-18,93.989998,95.139999,92.239998,92.300003,92.300003,0
2022-10-19,94.279999,94.440002,89.949997,90.690002,90.690002,0
2022-10-20,90.650002,90.790001,85.540001,88.349998,88.349998,0
2022-10-21,87.099998,88.150002,84.879997,87.320000,87.320000,0
2022-10-24,88.970001,90.120003,85.589996,86.059998,86.059998,0
2022-10-25,85.540001,85.949997,81.480003,82.209999,82.209999,0
2022-10-26,82.230003,82.589996,79.169998,80.419998,80.419998,0
2022-10-27,80.300003,83.129997,79.489998,82.510002,82.510002,0
2022-10-28,80.790001,80.849998,77.410004,78.120003,78.120003,0
2022-10-31,80.190002,80.190002,77.959999,78.860001,78.860001,0
2022-11-01,77.389999,80.629997,77.209999,80.239998,80.239998,0
2022-11-02,79.879997,81.919998,79.129997,80.930000,80.930000,0
2022-11-03,83.440002,83.459999,77.980003,79.169998,79.169998,0
2022-11-04,77.320000,81.300003,76.910004,79.239998,79.239998,0
2022-11-07,79.709999,81.199997,79.199997,79.949997,79.949997,0
2022-11-08,80.550003,85.849998,80.360001,84.599998,84.599998,0
2022-11-09,87.669998,92.239998,86.480003,90.110001,90.110001,0
2022-11-10,85.080002,87.080002,82.059998,85.779999,85.779999,0
2022-11-11,85.860001,86.870003,83.370003,85.889999,85.889999,0
2022-11-14,86.419998,86.489998,80.540001,84.570000,84.570000,0
2022-11-15,84.220001,89.849998,79.809998,88.309998,88.309998,0
2022-11-16,87.500000,87.629997,80.349998,81.379997,81.379997,0
2022-11-17,85.029999,85.040001,80.320000,81.160004,81.160004,0
2022-11-18,79.029999,79.230003,77.330002,77.680000,77.680000,0
2022-11-21,79.730003,80.370003,76.190002,77.110001,77.110001,0
2022-11-22,76.480003,77.930000,76.129997,77.809998,77.809998,0
2022-11-23,78.730003,82.870003,78.239998,81.720001,81.720001,0
2022-11-25,82.440002,84.389999,82.339996,82.500000,82.500000,0
2022-11-28,85.599998,88.510002,85.010002,87.330002,87.330002,0
2022-11-29,87.620003,87.669998,84.190002,85.430000,85.430000,0
2022-11-30,84.750000,86.040001,80.410004,81.790001,81.790001,0
2022-12-01,82.059998,82.300003,80.889999,82.190002,82.190002,0
2022-12-02,85.540001,85.540001,80.120003,81.570000,81.570000,0
2022-12-05,84.019997,86.680000,83.300003,84.709999,84.709999,0
2022-12-06,84.639999,87.180000,84.440002,86.589996,86.589996,0
2022-12-07,86.760002,87.669998,86.320000,87.180000,87.180000,0
2022-12-08,86.839996,87.180000,84.190002,84.900002,84.900002,0
2022-12-09,83.930000,87.260002,83.690002,87.260002,87.260002,0
2022-12-12,88.949997,92.750000,88.809998,91.730003,91.730003,0
2022-12-13,85.860001,91.629997,85.300003,88.739998,88.739998,0
2022-12-14,89.820000,92.000000,88.050003,88.349998,88.349998,0
2022-12-15,89.839996,93.589996,89.330002,92.260002,92.260002,0
2022-12-16,92.190002,93.540001,89.150002,89.150002,89.150002,0
2022-12-19,94.330002,94.330002,86.910004,87.540001,87.540001,0
2022-12-20,87.910004,88.440002,81.669998,83.000000,83.000000,0
2022-12-21,81.400002,81.629997,77.639999,77.639999,77.639999,0
2022-12-22,78.209999,88.260002,78.209999,81.940002,81.940002,0
2022-12-23,81.110001,82.160004,77.949997,78.839996,78.839996,0
2022-12-27,81.040001,81.769997,78.449997,78.650002,78.650002,0
2022-12-28,79.250000,80.050003,77.150002,79.900002,79.900002,0
2022-12-29,78.790001,78.989998,76.849998,77.279999,77.279999,0
2022-12-30,78.440002,78.559998,77.010002,77.050003,77.050003,0
2023-01-03,78.849998,82.830002,78.410004,80.339996,80.339996,0
2023-01-04,79.449997,80.099998,76.599998,76.650002,76.650002,0
2023-01-05,77.660004,78.610001,75.620003,75.959999,75.959999,0
2023-01-06,74.430000,75.309998,72.269997,73.879997,73.879997,0
2023-01-09,75.870003,77.470001,74.529999,77.269997,77.269997,0
2023-01-10,77.870003,77.889999,75.709999,76.019997,76.019997,0
2023-01-11,77.209999,78.970001,76.959999,78.940002,78.940002,0
2023-01-12,78.540001,79.800003,75.980003,78.790001,78.790001,0
2023-01-13,79.550003,81.169998,78.120003,80.889999,80.889999,0
2023-01-17,83.089996,84.029999,81.099998,83.440002,83.440002,0
2023-01-18,83.169998,86.349998,82.910004,85.330002,85.330002,0
2023-01-19,87.379997,87.940002,84.000000,85.139999,85.139999,0
2023-01-20,85.349998,85.820000,80.570000,81.029999,81.029999,0
2023-01-23,82.330002,82.510002,77.879997,78.339996,78.339996,0
2023-01-24,79.269997,79.949997,77.209999,79.370003,79.370003,0
2023-01-25,81.570000,84.699997,80.580002,80.739998,80.739998,0
2023-01-26,81.510002,83.730003,80.150002,81.599998,81.599998,0
2023-01-27,82.949997,83.599998,80.010002,83.309998,83.309998,0
2023-01-30,86.220001,86.349998,84.540001,86.129997,86.129997,0
2023-01-31,86.339996,87.739998,83.900002,83.900002,83.900002,0
2023-02-01,83.900002,86.320000,79.540001,81.199997,81.199997,0
2023-02-02,79.169998,86.779999,77.629997,84.970001,84.970001,0
2023-02-03,86.000000,86.000000,81.370003,83.489998,83.489998,0
2023-02-06,86.529999,86.529999,83.849998,85.099998,85.099998,0
2023-02-07,86.120003,87.510002,83.250000,84.540001,84.540001,0
2023-02-08,90.849998,95.769997,89.720001,94.830002,94.830002,0
2023-02-09,92.529999,100.529999,91.949997,97.959999,97.959999,0
2023-02-10,97.800003,100.209999,94.750000,95.629997,95.629997,0
2023-02-13,95.900002,96.820000,91.879997,93.949997,93.949997,0
2023-02-14,93.879997,94.480003,86.489998,89.199997,89.199997,0
2023-02-15,89.589996,89.629997,82.940002,84.809998,84.809998,0
2023-02-16,88.620003,91.709999,84.190002,88.250000,88.250000,0
2023-02-17,89.970001,90.809998,87.190002,87.970001,87.970001,0
2023-02-21,93.019997,96.900002,91.279999,95.989998,95.989998,0
2023-02-22,95.660004,95.660004,90.129997,91.239998,91.239998,0
2023-02-23,89.430000,90.470001,85.070000,85.160004,85.160004,0
2023-02-24,87.870003,90.339996,84.860001,85.260002,85.260002,0
2023-02-27,84.559998,85.230003,82.309998,83.209999,83.209999,0
2023-02-28,82.970001,83.000000,79.220001,80.760002,80.760002,0
2023-03-01,81.320000,82.110001,79.400002,80.550003,80.550003,0
2023-03-02,81.870003,82.089996,77.040001,77.339996,77.339996,0
2023-03-03,76.629997,76.989998,75.080002,75.930000,75.930000,0
2023-03-06,78.470001,78.480003,75.889999,76.410004,76.410004,0
2023-03-07,77.360001,78.949997,75.320000,78.540001,78.540001,0
2023-03-08,78.790001,78.860001,73.699997,74.669998,74.669998,0
2023-03-09,74.559998,92.260002,73.599998,92.040001,92.040001,0
2023-03-10,91.910004,126.769997,91.019997,108.620003,108.620003,0
2023-03-13,127.730003,128.339996,105.830002,114.540001,114.540001,0
2023-03-14,100.500000,109.980003,93.309998,104.900002,104.900002,0
2023-03-15,123.089996,137.649994,119.639999,122.750000,122.750000,0
2023-03-16,123.660004,124.739998,107.930000,110.769997,110.769997,0
2023-03-17,114.580002,126.050003,113.379997,124.750000,124.750000,0
2023-03-20,125.419998,126.000000,109.879997,110.160004,110.160004,0
2023-03-21,100.570000,104.029999,98.980003,101.190002,101.190002,0
2023-03-22,100.599998,103.099998,95.839996,102.639999,102.639999,0
2023-03-23,100.230003,109.709999,94.360001,102.919998,102.919998,0
2023-03-24,108.690002,112.389999,99.430000,99.720001,99.720001,0
2023-03-27,97.230003,98.599998,94.730003,95.070000,95.070000,0
2023-03-28,94.769997,96.830002,91.389999,91.410004,91.410004,0
2023-03-29,88.620003,90.010002,87.370003,87.779999,87.779999,0
2023-03-30,87.309998,89.970001,85.120003,85.339996,85.339996,0
2023-03-31,85.389999,87.529999,82.959999,87.529999,87.529999,0
2023-04-03,86.089996,87.169998,83.709999,84.070000,84.070000,0
2023-04-04,84.919998,89.489998,84.180000,84.720001,84.720001,0
2023-04-05,87.519997,88.820000,85.849998,85.919998,85.919998,0
2023-04-06,87.279999,88.360001,82.930000,84.639999,84.639999,0
2023-04-10,88.779999,88.779999,85.449997,85.940002,85.940002,0
2023-04-11,85.790001,86.529999,83.809998,85.919998,85.919998,0
2023-04-12,88.510002,90.010002,84.360001,87.059998,87.059998,0
2023-04-13,84.410004,85.440002,82.629997,84.730003,84.730003,0
2023-04-14,85.489998,87.620003,83.970001,84.010002,84.010002,0
2023-04-17,81.849998,84.580002,81.180000,83.150002,83.150002,0
2023-04-18,82.620003,88.160004,81.690002,88.010002,88.010002,0
2023-04-19,88.570000,95.080002,87.169998,95.040001,95.040001,0
2023-04-20,98.370003,99.809998,95.199997,98.459999,98.459999,0
2023-04-21,98.510002,100.000000,95.639999,96.940002,96.940002,0
2023-04-24,97.809998,98.089996,93.809998,93.959999,93.959999,0
2023-04-25,96.349998,100.389999,94.010002,94.349998,94.349998,0
2023-04-26,94.540001,94.540001,89.120003,90.650002,90.650002,0
2023-04-27,89.410004,89.820000,85.139999,85.790001,85.790001,0
2023-04-28,85.809998,86.900002,83.570000,86.900002,86.900002,0
2023-05-01,88.230003,89.300003,87.019997,88.209999,88.209999,0
2023-05-02,90.180000,101.059998,89.709999,91.459999,91.459999,0
2023-05-03,91.839996,94.900002,88.879997,91.540001,91.540001,0
2023-05-04,94.889999,108.110001,94.459999,98.739998,98.739998,0
2023-05-05,93.790001,93.790001,90.489998,91.800003,91.800003,0
2023-05-08,94.360001,94.849998,91.430000,91.980003,91.980003,0
2023-05-09,93.519997,93.870003,91.949997,92.449997,92.449997,0
2023-05-10,96.690002,101.529999,94.980003,97.529999,97.529999,0
2023-05-11,99.459999,101.599998,96.250000,97.320000,97.320000,0
2023-05-12,95.620003,101.959999,95.430000,100.540001,100.540001,0
2023-05-15,99.389999,100.050003,94.129997,94.650002,94.650002,0
2023-05-16,96.019997,98.160004,94.370003,97.629997,97.629997,0
2023-05-17,95.400002,95.750000,92.419998,92.760002,92.760002,0
2023-05-18,92.730003,92.940002,88.900002,89.059998,89.059998,0
2023-05-19,88.370003,99.019997,88.150002,94.769997,94.769997,0
2023-05-22,95.089996,98.660004,92.830002,97.639999,97.639999,0
2023-05-23,100.260002,104.790001,98.430000,101.910004,101.910004,0
2023-05-24,105.269997,111.470001,104.400002,106.519997,106.519997,0
2023-05-25,102.940002,105.620003,101.070000,103.879997,103.879997,0
2023-05-26,101.519997,101.760002,93.820000,97.570000,97.570000,0
2023-05-30,93.989998,96.919998,91.339996,91.910004,91.910004,0
2023-05-31,93.739998,95.709999,90.300003,91.389999,91.389999,0
2023-06-01,89.440002,89.959999,84.070000,85.070000,85.070000,0
2023-06-02,83.489998,86.180000,82.360001,86.160004,86.160004,0
2023-06-05,88.320000,88.599998,85.239998,85.769997,85.769997,0
2023-06-06,85.779999,86.779999,83.610001,85.739998,85.739998,0
2023-06-07,85.040001,85.470001,83.250000,84.000000,84.000000,0
2023-06-08,84.400002,88.120003,84.150002,87.629997,87.629997,0
2023-06-09,87.769997,93.250000,87.760002,89.699997,89.699997,0
2023-06-12,91.809998,93.080002,90.800003,92.830002,92.830002,0
2023-06-13,88.440002,92.339996,88.330002,92.099998,92.099998,0
2023-06-14,93.849998,95.830002,91.860001,91.910004,91.910004,0
2023-06-15,94.099998,95.889999,92.099998,93.949997,93.949997,0
2023-06-16,93.599998,94.099998,89.440002,90.690002,90.690002,0
2023-06-20,94.339996,98.889999,94.339996,96.260002,96.260002,0
2023-06-21,97.550003,97.620003,91.480003,92.730003,92.730003,0
2023-06-22,95.949997,96.099998,90.089996,90.639999,90.639999,0
2023-06-23,93.830002,93.830002,88.570000,92.339996,92.339996,0
2023-06-26,96.050003,96.970001,93.660004,95.419998,95.419998,0
2023-06-27,93.769997,94.269997,90.160004,91.330002,91.330002,0
2023-06-28,91.279999,91.279999,85.570000,85.790001,85.790001,0
2023-06-29,86.199997,87.129997,84.839996,85.260002,85.260002,0
2023-06-30,85.150002,85.260002,82.330002,83.110001,83.110001,0
2023-07-03,85.709999,85.739998,83.709999,84.169998,84.169998,0
2023-07-05,88.309998,88.839996,86.940002,87.760002,87.760002,0
2023-07-06,93.750000,104.750000,93.739998,95.300003,95.300003,0
2023-07-07,97.830002,97.830002,92.230003,94.489998,94.489998,0
2023-07-10,95.599998,97.300003,94.739998,95.330002,95.330002,0
2023-07-11,94.970001,95.879997,93.959999,95.209999,95.209999,0
2023-07-12,94.660004,97.330002,91.330002,95.849998,95.849998,0
2023-07-13,94.849998,97.699997,94.230003,96.430000,96.430000,0
2023-07-14,96.220001,98.050003,94.800003,94.889999,94.889999,0
2023-07-17,96.570000,96.599998,93.629997,95.980003,95.980003,0
2023-07-18,96.070000,97.080002,92.290001,92.989998,92.989998,0
2023-07-19,91.860001,93.580002,91.430000,93.570000,93.570000,0
2023-07-20,92.889999,94.379997,90.449997,94.059998,94.059998,0
2023-07-21,93.169998,94.050003,92.230003,93.360001,93.360001,0
2023-07-24,94.550003,95.000000,91.610001,91.739998,91.739998,0
2023-07-25,92.370003,92.620003,89.320000,90.000000,90.000000,0
2023-07-26,90.500000,90.519997,85.250000,85.379997,85.379997,0
2023-07-27,82.809998,97.290001,82.809998,94.050003,94.050003,0
2023-07-28,88.269997,88.660004,85.430000,87.379997,87.379997,0
2023-07-31,88.669998,88.669998,86.529999,86.680000,86.680000,0
2023-08-01,89.110001,89.190002,86.860001,87.489998,87.489998,0
2023-08-02,92.919998,101.500000,92.919998,96.199997,96.199997,0
2023-08-03,100.580002,102.239998,93.989998,94.040001,94.040001,0
2023-08-04,91.370003,102.000000,89.120003,99.629997,99.629997,0
2023-08-07,99.680000,100.019997,92.839996,92.989998,92.989998,0
2023-08-08,97.730003,105.129997,94.910004,94.910004,94.910004,0
2023-08-09,100.050003,106.519997,96.480003,97.430000,97.430000,0
2023-08-10,93.139999,104.720001,90.010002,99.779999,99.779999,0
2023-08-11,101.570000,103.570000,96.519997,96.680000,96.680000,0
2023-08-14,100.430000,101.209999,93.570000,95.330002,95.330002,0
2023-08-15,98.400002,103.410004,98.050003,103.279999,103.279999,0
2023-08-16,102.580002,104.989998,100.019997,104.540001,104.540001,0
2023-08-17,103.529999,109.400002,102.190002,106.739998,106.739998,0
2023-08-18,109.389999,109.470001,96.669998,97.279999,97.279999,0
2023-08-21,98.750000,98.910004,94.550003,95.239998,95.239998,0
2023-08-22,93.660004,96.139999,92.029999,92.620003,92.620003,0
2023-08-23,91.790001,92.230003,88.650002,88.989998,88.989998,0
2023-08-24,88.559998,92.500000,88.019997,92.169998,92.169998,0
2023-08-25,90.540001,93.099998,83.050003,84.320000,84.320000,0
2023-08-28,85.360001,85.360001,82.230003,82.230003,82.230003,0
2023-08-29,81.989998,82.169998,78.519997,79.050003,79.050003,0
2023-08-30,78.830002,79.970001,77.949997,78.629997,78.629997,0
2023-08-31,78.989998,81.709999,78.250000,80.800003,80.800003,0
2023-09-01,81.980003,82.709999,80.959999,82.650002,82.650002,0
2023-09-05,87.699997,88.489998,85.459999,86.430000,86.430000,0
2023-09-06,87.080002,89.949997,86.680000,87.849998,87.849998,0
2023-09-07,91.190002,92.959999,87.080002,87.650002,87.650002,0
2023-09-08,87.300003,87.300003,84.410004,85.269997,85.269997,0
2023-09-11,86.379997,88.040001,84.900002,85.190002,85.190002,0
2023-09-12,85.849998,86.940002,84.519997,85.629997,85.629997,0
2023-09-13,86.559998,86.559998,84.830002,84.970001,84.970001,0
2023-09-14,83.510002,84.650002,82.480003,82.480003,82.480003,0
2023-09-15,82.489998,85.830002,82.389999,84.839996,84.839996,0
2023-09-18,88.290001,89.129997,83.820000,84.769997,84.769997,0
2023-09-19,85.260002,86.470001,81.739998,83.540001,83.540001,0
2023-09-20,83.419998,88.570000,82.620003,88.050003,88.050003,0
2023-09-21,90.669998,94.550003,88.820000,94.440002,94.440002,0
2023-09-22,93.779999,93.779999,88.050003,90.540001,90.540001,0
2023-09-25,94.300003,95.089996,91.230003,91.739998,91.739998,0
2023-09-26,94.070000,105.400002,93.120003,103.040001,103.040001,0
2023-09-27,100.510002,104.510002,96.559998,97.089996,97.089996,0
2023-09-28,97.550003,98.070000,93.260002,93.720001,93.720001,0
2023-09-29,91.349998,96.669998,88.019997,94.099998,94.099998,0
2023-10-02,96.180000,98.489998,92.339996,95.389999,95.389999,0
2023-10-03,98.589996,106.790001,96.449997,104.389999,104.389999,0
2023-10-04,103.180000,103.680000,94.889999,95.580002,95.580002,0
2023-10-05,96.779999,101.379997,94.730003,95.589996,95.589996,0
2023-10-06,99.680000,101.599998,90.040001,91.160004,91.160004,0
2023-10-09,96.639999,96.639999,91.260002,92.029999,92.029999,0
2023-10-10,91.300003,91.820000,88.980003,90.099998,90.099998,0
2023-10-11,92.150002,97.849998,90.389999,90.570000,90.570000,0
2023-10-12,90.470001,97.440002,88.849998,91.870003,91.870003,0
2023-10-13,92.540001,114.660004,92.320000,108.099998,108.099998,0
2023-10-16,102.750000,102.750000,95.089996,95.690002,95.690002,0
2023-10-17,97.820000,99.680000,91.980003,95.800003,95.800003,0
2023-10-18,96.540001,109.400002,96.440002,105.889999,105.889999,0
2023-10-19,104.970001,116.470001,102.190002,116.470001,116.470001,0
2023-10-20,114.900002,117.550003,112.150002,115.430000,115.430000,0
2023-10-23,117.699997,118.790001,105.260002,109.000000,109.000000,0
2023-10-24,107.839996,108.010002,97.739998,98.540001,98.540001,0
2023-10-25,98.889999,107.919998,98.889999,102.919998,102.919998,0
2023-10-26,104.010002,106.440002,99.860001,101.970001,101.970001,0
2023-10-27,100.089996,104.000000,97.160004,102.040001,102.040001,0
2023-10-30,100.309998,100.309998,93.989998,95.230003,95.230003,0
2023-10-31,94.570000,95.480003,87.419998,87.940002,87.940002,0
2023-11-01,87.089996,87.709999,84.680000,85.080002,85.080002,0
2023-11-02,83.910004,85.160004,82.820000,83.239998,83.239998,0
2023-11-03,83.029999,83.150002,81.739998,82.830002,82.830002,0
2023-11-06,83.889999,86.419998,83.580002,84.330002,84.330002,0
2023-11-07,85.480003,86.139999,82.940002,83.430000,83.430000,0
2023-11-08,88.360001,89.599998,84.000000,85.040001,85.040001,0
2023-11-09,83.989998,90.370003,83.930000,88.739998,88.739998,0
2023-11-10,87.889999,87.989998,84.989998,85.660004,85.660004,0
2023-11-13,88.400002,88.580002,81.449997,85.510002,85.510002,0
2023-11-14,82.809998,85.430000,82.480003,83.769997,83.769997,0
2023-11-15,81.790001,85.209999,81.209999,84.910004,84.910004,0
2023-11-16,84.580002,85.449997,82.760002,83.230003,83.230003,0
2023-11-17,82.959999,84.680000,81.349998,81.830002,81.830002,0
2023-11-20,83.669998,83.669998,80.800003,81.809998,81.809998,0
2023-11-21,82.339996,82.720001,79.370003,81.769997,81.769997,0
2023-11-22,80.230003,83.970001,79.900002,83.379997,83.379997,0
2023-11-24,84.269997,84.769997,81.639999,83.000000,83.000000,0
2023-11-27,84.919998,85.970001,84.730003,85.150002,85.150002,0
2023-11-28,86.040001,86.699997,84.769997,85.139999,85.139999,0
2023-11-29,84.449997,88.199997,84.419998,87.790001,87.790001,0
2023-11-30,87.610001,90.419998,86.500000,86.709999,86.709999,0
2023-12-01,86.309998,86.760002,83.949997,85.900002,85.900002,0
2023-12-04,90.419998,92.160004,87.540001,87.760002,87.760002,0
2023-12-05,88.139999,88.419998,85.669998,85.760002,85.760002,0
2023-12-06,84.320000,87.129997,83.820000,86.849998,86.849998,0
2023-12-07,87.230003,87.800003,85.680000,86.000000,86.000000,0
2023-12-08,85.309998,85.309998,80.980003,81.110001,81.110001,0
2023-12-11,83.930000,84.029999,81.919998,82.349998,82.349998,0
2023-12-12,82.139999,83.570000,80.730003,83.540001,83.540001,0
2023-12-13,84.750000,111.849998,80.120003,80.830002,80.830002,0
2023-12-14,80.839996,83.570000,80.629997,80.830002,80.830002,0
2023-12-15,81.709999,88.339996,78.220001,88.040001,88.040001,0
2023-12-18,89.870003,89.870003,87.559998,88.669998,88.669998,0
2023-12-19,89.489998,89.519997,88.430000,88.769997,88.769997,0
2023-12-20,89.019997,94.230003,85.250000,92.180000,92.180000,0
2023-12-21,90.389999,94.440002,89.080002,89.849998,89.849998,0
2023-12-22,89.419998,90.699997,87.559998,88.620003,88.620003,0
2023-12-26,91.919998,91.989998,88.870003,88.870003,88.870003,0
2023-12-27,88.500000,88.500000,86.070000,86.220001,86.220001,0
2023-12-28,85.989998,87.669998,85.989998,86.690002,86.690002,0
2023-12-29,86.800003,89.010002,86.019997,86.959999,86.959999,0
2024-01-02,91.860001,92.820000,87.589996,88.089996,88.089996,0
2024-01-03,89.260002,92.309998,86.230003,89.650002,89.650002,0
2024-01-04,89.919998,90.410004,86.680000,87.589996,87.589996,0
2024-01-05,86.459999,86.480003,82.550003,82.870003,82.870003,0
2024-01-08,85.620003,85.620003,80.230003,81.260002,81.260002,0
2024-01-09,82.370003,82.559998,78.320000,78.589996,78.589996,0
2024-01-10,79.720001,79.980003,76.459999,77.089996,77.089996,0
2024-01-11,76.139999,79.809998,75.459999,75.540001,75.540001,0
2024-01-12,75.629997,86.070000,75.139999,86.070000,86.070000,0
2024-01-16,90.320000,93.660004,88.349998,89.589996,89.589996,0
2024-01-17,95.970001,96.190002,88.820000,91.360001,91.360001,0
2024-01-18,88.620003,90.099998,86.070000,86.339996,86.339996,0
2024-01-19,84.930000,85.730003,81.570000,81.949997,81.949997,0
2024-01-22,83.419998,83.449997,78.629997,79.169998,79.169998,0
2024-01-23,78.190002,78.779999,76.080002,76.669998,76.669998,0
2024-01-24,75.610001,81.160004,74.650002,80.940002,80.940002,0
2024-01-25,80.570000,81.809998,79.750000,81.389999,81.389999,0
2024-01-26,81.419998,82.199997,79.870003,82.199997,82.199997,0
2024-01-29,83.919998,84.919998,83.010002,83.400002,83.400002,0
2024-01-30,83.690002,83.940002,81.800003,82.239998,82.239998,0
2024-01-31,82.120003,89.400002,81.989998,87.559998,87.559998,0
2024-02-01,85.949997,89.660004,83.010002,84.830002,84.830002,0
2024-02-02,85.989998,86.510002,82.559998,83.309998,83.309998,0
2024-02-05,84.690002,86.820000,78.809998,79.580002,79.580002,0
2024-02-06,78.599998,80.300003,76.680000,76.970001,76.970001,0
2024-02-07,79.830002,82.260002,79.599998,80.540001,80.540001,0
2024-02-08,85.250000,86.769997,82.800003,83.070000,83.070000,0
2024-02-09,82.459999,84.849998,81.529999,81.940002,81.940002,0
2024-02-12,82.949997,85.370003,82.800003,84.629997,84.629997,0
2024-02-13,88.010002,101.459999,85.099998,93.190002,93.190002,0
2024-02-14,88.589996,89.040001,81.440002,83.169998,83.169998,0
2024-02-15,82.529999,85.330002,81.940002,82.400002,82.400002,0
2024-02-16,82.879997,85.010002,80.029999,82.629997,82.629997,0
2024-02-20,88.790001,90.610001,85.559998,86.099998,86.099998,0
2024-02-21,86.830002,87.709999,84.349998,84.660004,84.660004,0
2024-02-22,80.879997,81.010002,77.989998,80.879997,80.879997,0
2024-02-23,79.889999,80.320000,78.169998,78.860001,78.860001,0
2024-02-26,79.989998,81.040001,79.589996,80.500000,80.500000,0
2024-02-27,79.449997,79.620003,77.989998,78.540001,78.540001,0
2024-02-28,80.349998,81.559998,79.599998,80.360001,80.360001,0
2024-02-29,78.949997,80.680000,77.029999,77.449997,77.449997,0
2024-03-01,76.690002,80.970001,76.339996,77.680000,77.680000,0
2024-03-04,79.870003,80.410004,78.970001,79.410004,79.410004,0
2024-03-05,80.360001,86.139999,80.360001,83.910004,83.910004,0
2024-03-06,81.470001,83.809998,81.430000,83.110001,83.110001,0
2024-03-07,81.930000,83.070000,81.930000,82.129997,82.129997,0
2024-03-08,80.779999,91.320000,80.419998,86.559998,86.559998,0
2024-03-11,90.610001,92.139999,88.129997,88.970001,88.970001,0
2024-03-12,87.389999,88.459999,83.660004,83.760002,83.760002,0
2024-03-13,86.440002,87.320000,85.849998,86.269997,86.269997,0
2024-03-14,85.449997,92.610001,85.339996,88.750000,88.750000,0
2024-03-15,90.230003,96.230003,89.820000,92.169998,92.169998,0
2024-03-18,92.000000,92.059998,86.629997,86.779999,86.779999,0
2024-03-19,86.860001,87.139999,83.650002,83.900002,83.900002,0
2024-03-20,83.949997,84.260002,78.639999,78.870003,78.870003,0
2024-03-21,79.629997,81.099998,77.139999,77.300003,77.300003,0
2024-03-22,77.199997,77.790001,74.879997,76.489998,76.489998,0
2024-03-25,78.849998,78.870003,76.190002,76.599998,76.599998,0
2024-03-26,76.419998,79.279999,75.019997,76.769997,76.769997,0
2024-03-27,76.190002,78.080002,75.199997,76.000000,76.000000,0
2024-03-28,76.500000,78.099998,75.790001,76.570000,76.570000,0
2024-04-01,79.809998,82.959999,78.279999,78.449997,78.449997,0
2024-04-02,82.139999,86.639999,82.139999,82.760002,82.760002,0
2024-04-03,84.290001,85.339996,80.529999,81.080002,81.080002,0
2024-04-04,79.610001,91.070000,77.809998,90.040001,90.040001,0
2024-04-05,90.750000,91.660004,88.430000,90.580002,90.580002,0
2024-04-08,90.480003,90.879997,85.760002,86.260002,86.260002,0
2024-04-09,85.849998,90.010002,84.260002,84.449997,84.449997,0
2024-04-10,93.639999,95.610001,90.669998,91.760002,91.760002,0
2024-04-11,92.570000,96.330002,88.730003,89.400002,89.400002,0
2024-04-12,94.589996,112.860001,94.419998,102.720001,102.720001,0
2024-04-15,98.449997,111.580002,93.949997,109.639999,109.639999,0
2024-04-16,107.129997,107.529999,97.820000,99.250000,99.250000,0
2024-04-17,99.339996,102.820000,94.790001,98.760002,98.760002,0
2024-04-18,96.800003,98.889999,92.959999,95.989998,95.989998,0
2024-04-19,99.410004,102.870003,96.750000,99.089996,99.089996,0
2024-04-22,95.599998,96.220001,89.260002,89.540001,89.540001,0
2024-04-23,87.379997,87.589996,82.019997,82.360001,82.360001,0
2024-04-24,82.699997,85.019997,81.730003,83.610001,83.610001,0
2024-04-25,90.379997,91.019997,82.370003,82.540001,82.540001,0
2024-04-26,82.580002,83.089996,79.559998,79.559998,79.559998,0
2024-04-29,80.059998,80.650002,77.389999,78.220001,78.220001,0
2024-04-30,79.440002,81.959999,77.220001,81.820000,81.820000,0
2024-05-01,83.570000,123.550003,76.730003,81.930000,81.930000,0
2024-05-02,80.300003,83.809998,78.370003,78.589996,78.589996,0
2024-05-03,75.430000,76.790001,74.360001,74.570000,74.570000,0
2024-05-06,75.269997,75.269997,73.300003,73.459999,73.459999,0
2024-05-07,73.389999,75.320000,73.169998,74.540001,74.540001,0
2024-05-08,74.250000,75.500000,74.019997,74.500000,74.500000,0
2024-05-09,74.599998,75.279999,73.650002,73.769997,73.769997,0
2024-05-10,73.959999,74.790001,72.879997,73.260002,73.260002,0
2024-05-13,76.389999,77.940002,74.660004,77.550003,77.550003,0
2024-05-14,77.750000,79.139999,77.589996,77.650002,77.650002,0
2024-05-15,76.580002,77.230003,74.860001,76.309998,76.309998,0
2024-05-16,76.730003,78.120003,75.180000,77.739998,77.739998,0
2024-05-17,77.220001,79.330002,77.160004,78.430000,78.430000,0
2024-05-20,80.370003,80.570000,79.070000,79.449997,79.449997,0
2024-05-21,80.059998,80.650002,77.029999,77.620003,77.620003,0
2024-05-22,78.370003,85.970001,76.230003,79.959999,79.959999,0
2024-05-23,78.389999,89.629997,77.820000,84.620003,84.620003,0
2024-05-24,84.389999,84.400002,78.199997,79.089996,79.089996,0
2024-05-28,82.139999,84.330002,81.250000,81.639999,81.639999,0
2024-05-29,85.370003,85.930000,81.970001,83.790001,83.790001,0
2024-05-30,83.910004,84.339996,79.949997,83.440002,83.440002,0
2024-05-31,81.349998,85.160004,78.260002,78.269997,78.269997,0
2024-06-03,80.050003,82.849998,78.410004,78.790001,78.790001,0
2024-06-04,81.000000,81.730003,77.650002,77.650002,77.650002,0
2024-06-05,77.290001,78.129997,74.820000,75.239998,75.239998,0
2024-06-06,75.620003,79.500000,75.309998,77.910004,77.910004,0
2024-06-07,78.389999,78.769997,75.519997,76.650002,76.650002,0
2024-06-10,80.540001,80.629997,78.769997,78.970001,78.970001,0
2024-06-11,82.510002,84.029999,79.620003,79.949997,79.949997,0
2024-06-12,78.519997,78.830002,68.089996,77.599998,77.599998,0
2024-06-13,77.680000,80.279999,76.739998,78.199997,78.199997,0
2024-06-14,82.949997,84.489998,80.739998,83.720001,83.720001,0
2024-06-17,85.199997,85.419998,82.250000,83.339996,83.339996,0
2024-06-18,84.070000,84.070000,80.459999,80.629997,80.629997,0
2024-06-20,79.889999,86.589996,79.760002,85.720001,85.720001,0
2024-06-21,86.089996,87.309998,81.690002,83.309998,83.309998,0
2024-06-24,86.040001,86.230003,83.209999,84.800003,84.800003,0
2024-06-25,84.459999,85.150002,80.379997,82.870003,82.870003,0
2024-06-26,83.290001,83.550003,80.540001,81.449997,81.449997,0
2024-06-27,82.379997,82.540001,79.220001,79.500000,79.500000,0
2024-06-28,80.129997,80.129997,76.650002,79.480003,79.480003,0
2024-07-01,80.870003,80.959999,75.820000,76.050003,76.050003,0
2024-07-02,76.860001,78.919998,75.300003,77.059998,77.059998,0
2024-07-03,76.550003,79.510002,76.470001,78.070000,78.070000,0
2024-07-05,77.690002,79.070000,77.599998,78.800003,78.800003,0
2024-07-08,79.930000,80.110001,78.190002,78.589996,78.589996,0
2024-07-09,78.360001,79.239998,77.559998,78.580002,78.580002,0
2024-07-10,82.529999,83.830002,81.370003,83.410004,83.410004,0
2024-07-11,82.470001,86.959999,82.389999,84.470001,84.470001,0
2024-07-12,82.320000,82.320000,72.070000,81.610001,81.610001,0
2024-07-15,82.500000,84.250000,80.900002,83.860001,83.860001,0
2024-07-16,83.470001,83.830002,80.529999,82.400002,82.400002,0
2024-07-17,85.379997,89.080002,84.019997,88.279999,88.279999,0
2024-07-18,85.989998,95.550003,83.839996,94.709999,94.709999,0
2024-07-19,94.879997,101.709999,93.639999,97.930000,97.930000,0
2024-07-22,97.519997,97.519997,90.599998,93.660004,93.660004,0
2024-07-23,93.540001,94.250000,87.940002,88.510002,88.510002,0
2024-07-24,93.059998,106.970001,89.720001,106.120003,106.120003,0
2024-07-25,104.220001,109.660004,95.540001,104.379997,104.379997,0
2024-07-26,101.099998,101.529999,93.870003,94.610001,94.610001,0
2024-07-29,96.349998,97.709999,92.750000,93.510002,93.510002,0
2024-07-30,92.540001,101.849998,92.430000,99.970001,99.970001,0
2024-07-31,93.769997,95.470001,87.980003,94.250000,94.250000,0
2024-08-01,94.000000,117.239998,93.309998,111.180000,111.180000,0
2024-08-02,119.839996,162.679993,119.029999,136.809998,136.809998,0
2024-08-05,136.809998,192.490005,136.809998,173.320007,173.320007,0
2024-08-06,169.679993,170.419998,137.050003,150.089996,150.089996,0
2024-08-07,136.429993,154.789993,129.460007,151.240005,151.240005,0
2024-08-08,144.830002,146.389999,134.160004,134.339996,134.339996,0
2024-08-09,134.539993,135.639999,114.120003,114.629997,114.629997,0
2024-08-12,114.900002,124.480003,107.360001,121.940002,121.940002,0
2024-08-13,118.370003,118.739998,113.779999,113.889999,113.889999,0
2024-08-14,118.320000,118.459999,107.459999,107.809998,107.809998,0
2024-08-15,103.589996,106.209999,100.160004,105.419998,105.419998,0
2024-08-16,108.830002,108.830002,101.589996,103.419998,103.419998,0
2024-08-19,104.290001,104.730003,97.180000,98.820000,98.820000,0
2024-08-20,100.580002,105.010002,99.480003,101.739998,101.739998,0
2024-08-21,101.510002,109.110001,101.510002,106.720001,106.720001,0
2024-08-22,105.949997,116.019997,105.330002,112.529999,112.529999,0
2024-08-23,109.410004,117.949997,99.089996,99.220001,99.220001,0
2024-08-26,101.080002,103.440002,98.900002,100.680000,100.680000,0
2024-08-27,102.339996,103.080002,93.349998,93.449997,93.449997,0
2024-08-28,95.779999,109.779999,95.150002,106.320000,106.320000,0
2024-08-29,99.360001,100.279999,93.709999,97.080002,97.080002,0
2024-08-30,95.430000,98.889999,91.459999,93.730003,93.730003,0
2024-09-03,100.279999,137.639999,100.269997,129.789993,129.789993,0
2024-09-04,134.779999,135.690002,114.349998,123.470001,123.470001,0
2024-09-05,120.529999,123.379997,113.610001,115.010002,115.010002,0
2024-09-06,110.720001,129.279999,106.870003,119.330002,119.330002,0
2024-09-09,117.860001,118.650002,110.040001,110.849998,110.849998,0
2024-09-10,111.000000,116.650002,106.760002,107.199997,107.199997,0
2024-09-11,109.699997,120.010002,101.690002,102.900002,102.900002,0
2024-09-12,103.599998,107.209999,101.400002,103.940002,103.940002,0
2024-09-13,104.889999,105.650002,99.230003,101.879997,101.879997,0
2024-09-16,106.000000,110.980003,105.980003,106.669998,106.669998,0
2024-09-17,106.769997,109.040001,103.559998,107.190002,107.190002,0
2024-09-18,107.870003,123.779999,101.449997,105.430000,105.430000,0
2024-09-19,100.760002,102.059998,97.209999,97.459999,97.459999,0
2024-09-20,99.139999,99.559998,93.650002,94.269997,94.269997,0
2024-09-23,96.220001,97.449997,93.480003,94.410004,94.410004,0
2024-09-24,94.949997,97.339996,90.419998,90.930000,90.930000,0
2024-09-25,92.089996,93.529999,90.339996,90.480003,90.480003,0
2024-09-26,91.790001,92.419998,89.820000,89.860001,89.860001,0
2024-09-27,90.550003,101.750000,90.410004,101.339996,101.339996,0
2024-09-30,103.570000,105.430000,98.919998,99.339996,99.339996,0
2024-10-01,100.410004,117.680000,100.410004,110.139999,110.139999,0
2024-10-02,112.519997,115.629997,106.580002,107.970001,107.970001,0
2024-10-03,110.849998,115.970001,108.309998,115.639999,115.639999,0
2024-10-04,112.949997,113.919998,109.059998,110.629997,110.629997,0
2024-10-07,115.290001,123.370003,112.809998,122.580002,122.580002,0
2024-10-08,117.699997,117.860001,113.320000,114.820000,114.820000,0
2024-10-09,124.230003,124.489998,118.669998,119.360001,119.360001,0
2024-10-10,119.220001,120.510002,117.320000,117.430000,117.430000,0
2024-10-11,117.440002,118.290001,112.970001,113.989998,113.989998,0
2024-10-14,113.930000,114.099998,107.220001,107.220001,107.220001,0
2024-10-15,105.760002,113.620003,105.400002,112.900002,112.900002,0
2024-10-16,112.660004,115.620003,110.980003,111.620003,111.620003,0
2024-10-17,109.440002,110.410004,105.300003,105.889999,105.889999,0
2024-10-18,104.940002,105.099998,100.089996,100.949997,100.949997,0
2024-10-21,104.410004,106.570000,102.790001,102.959999,102.959999,0
2024-10-22,105.279999,105.459999,99.849998,100.500000,100.500000,0
2024-10-23,101.349998,112.510002,101.339996,108.110001,108.110001,0
2024-10-24,107.529999,112.980003,107.529999,109.839996,109.839996,0
2024-10-25,107.930000,117.680000,107.080002,117.500000,117.500000,0
2024-10-28,114.510002,114.550003,111.870003,112.230003,112.230003,0
2024-10-29,113.410004,114.419998,108.680000,108.699997,108.699997,0
2024-10-30,110.320000,112.800003,109.500000,112.769997,112.769997,0
2024-10-31,117.430000,124.949997,117.430000,121.889999,121.889999,0
2024-11-01,120.300003,121.510002,116.070000,119.120003,119.120003,0
2024-11-04,121.080002,123.430000,119.279999,121.800003,121.800003,0
2024-11-05,121.709999,121.739998,113.269997,114.320000,114.320000,0
2024-11-06,91.739998,99.160004,89.419998,97.239998,97.239998,0
2024-11-07,93.830002,161.759995,88.169998,88.599998,88.599998,0
2024-11-08,88.459999,89.620003,86.750000,87.760002,87.760002,0
2024-11-11,89.050003,90.800003,88.529999,90.730003,90.730003,0
2024-11-12,90.169998,92.580002,88.330002,89.449997,89.449997,0
2024-11-13,92.250000,93.099998,89.480003,91.760002,91.760002,0
2024-11-14,91.800003,93.610001,89.470001,90.430000,90.430000,0
2024-11-15,93.300003,110.169998,92.099998,98.930000,98.930000,0
2024-11-18,99.519997,100.120003,92.379997,93.809998,93.809998,0
2024-11-19,105.010002,105.010002,94.500000,97.370003,97.370003,0
2024-11-20,99.699997,109.139999,98.879997,102.199997,102.199997,0
2024-11-21,98.500000,106.059998,97.099998,101.300003,101.300003,0
2024-11-22,99.870003,100.269997,94.980003,95.129997,95.129997,0
2024-11-25,92.160004,96.010002,88.769997,88.790001,88.790001,0
2024-11-26,89.120003,89.389999,85.459999,87.709999,87.709999,0
2024-11-27,89.500000,94.199997,87.860001,88.360001,88.360001,0
2024-11-29,87.879997,87.879997,86.099998,86.320000,86.320000,0
2024-12-02,89.629997,90.320000,86.610001,87.110001,87.110001,0
2024-12-03,88.019997,89.669998,85.669998,86.430000,86.430000,0
2024-12-04,86.849998,87.940002,85.580002,86.480003,86.480003,0
2024-12-05,88.209999,88.809998,86.050003,86.949997,86.949997,0
2024-12-06,84.949997,89.050003,83.559998,87.379997,87.379997,0
2024-12-09,91.010002,94.760002,90.050003,93.839996,93.839996,0
2024-12-10,93.290001,95.940002,92.320000,94.349998,94.349998,0
2024-12-11,95.279999,99.389999,94.750000,98.120003,98.120003,0
2024-12-12,98.930000,100.820000,96.910004,99.430000,99.430000,0
2024-12-13,96.779999,101.459999,95.959999,96.500000,96.500000,0
2024-12-16,96.940002,98.540001,95.889999,98.349998,98.349998,0
2024-12-17,100.040001,101.190002,95.779999,100.730003,100.730003,0
2024-12-18,101.089996,131.729996,97.750000,129.789993,129.789993,0
2024-12-19,59.310001,136.419998,59.310001,136.289993,136.289993,0
2024-12-20,137.690002,137.690002,110.930000,114.010002,114.010002,0
2024-12-23,112.379997,117.949997,102.279999,102.339996,102.339996,0
2024-12-24,101.489998,101.489998,90.650002,91.050003,91.050003,0
2024-12-26,95.059998,102.470001,91.970001,92.769997,92.769997,0
2024-12-27,96.639999,114.089996,95.959999,98.809998,98.809998,0
2024-12-30,108.739998,112.800003,97.099998,103.050003,103.050003,0
2024-12-31,100.739998,107.120003,97.669998,104.330002,104.330002,0
2025-01-02,103.669998,113.739998,101.540001,106.589996,106.589996,0
2025-01-03,104.629997,104.750000,93.739998,94.360001,94.360001,0
2025-01-06,95.680000,98.900002,92.989998,95.889999,95.889999,0
2025-01-07,94.849998,110.989998,94.690002,106.370003,106.370003,0
2025-01-08,109.519997,114.910004,102.980003,103.930000,103.930000,0
2025-01-10,109.620003,119.320000,107.199997,115.489998,115.489998,0
2025-01-13,122.220001,122.449997,110.250000,110.940002,110.940002,0
2025-01-14,109.120003,112.970001,104.889999,107.930000,107.930000,0
2025-01-15,103.260002,103.760002,97.550003,97.790001,97.790001,0
2025-01-16,97.209999,99.839996,96.370003,99.839996,99.839996,0
2025-01-17,96.930000,101.610001,96.459999,101.610001,101.610001,0
2025-01-21,100.930000,101.529999,97.760002,98.260002,98.260002,0
2025-01-22,98.540001,101.760002,97.500000,100.559998,100.559998,0
2025-01-23,100.339996,100.470001,98.550003,99.519997,99.519997,0
2025-01-24,98.629997,101.160004,98.160004,100.410004,100.410004,0
2025-01-27,117.470001,117.470001,109.000000,110.309998,110.309998,0
2025-01-28,108.349998,111.480003,101.910004,103.739998,103.739998,0
2025-01-29,102.809998,108.029999,100.330002,101.680000,101.680000,0
2025-01-30,98.879997,100.500000,96.570000,98.320000,98.320000,0
2025-01-31,96.449997,104.349998,95.980003,101.500000,101.500000,0
2025-02-03,111.980003,115.250000,100.930000,109.010002,109.010002,0
2025-02-04,106.500000,107.970001,98.900002,100.879997,100.879997,0
2025-02-05,100.849998,102.370003,96.940002,97.290001,97.290001,0
2025-02-06,96.900002,98.930000,95.580002,96.769997,96.769997,0
2025-02-07,95.379997,102.070000,95.370003,101.489998,101.489998,0
2025-02-10,101.550003,102.470001,98.800003,99.150002,99.150002,0
2025-02-11,100.339996,101.169998,98.160004,99.820000,99.820000,0
2025-02-12,106.339996,106.519997,98.720001,98.739998,98.739998,0
2025-02-13,98.610001,100.040001,94.910004,95.480003,95.480003,0
2025-02-14,95.559998,98.949997,95.169998,96.900002,96.900002,0
2025-02-18,97.349998,100.660004,97.139999,98.500000,98.500000,0
2025-02-19,101.250000,101.250000,94.980003,95.550003,95.550003,0
2025-02-20,95.669998,100.089996,94.360001,94.989998,94.989998,0
2025-02-21,95.779999,107.660004,95.610001,105.709999,105.709999,0
2025-02-24,105.510002,114.150002,101.120003,106.800003,106.800003,0
2025-02-25,108.709999,114.790001,104.320000,108.470001,108.470001,0
2025-02-26,108.800003,111.190002,103.070000,106.050003,106.050003,0
2025-02-27,102.129997,115.599998,102.129997,114.790001,114.790001,0
2025-02-28,115.120003,117.430000,107.870003,108.989998,108.989998,0
2025-03-03,106.430000,124.180000,105.660004,118.739998,118.739998,0
2025-03-04,125.550003,131.619995,111.239998,118.559998,118.559998,0
2025-03-05,118.349998,120.919998,108.419998,109.629997,109.629997,0
2025-03-06,118.089996,124.320000,112.900002,120.820000,120.820000,0
2025-03-07,119.570000,123.709999,114.150002,115.730003,115.730003,0
2025-03-10,124.860001,131.490005,121.639999,128.460007,128.460007,0
2025-03-11,134.899994,139.490005,127.120003,129.509995,129.509995,0
2025-03-12,122.680000,124.139999,114.059998,115.889999,115.889999,0
2025-03-13,115.250000,118.919998,112.190002,112.889999,112.889999,0
2025-03-14,109.669998,109.669998,96.849998,98.230003,98.230003,0
2025-03-17,97.580002,97.769997,93.739998,95.930000,95.930000,0
2025-03-18,96.660004,103.169998,96.629997,99.680000,99.680000,0
2025-03-19,97.930000,98.620003,91.190002,93.230003,93.230003,0
2025-03-20,97.089996,97.089996,89.949997,89.949997,89.949997,0
2025-03-21,93.209999,94.739998,87.970001,87.989998,87.989998,0
2025-03-24,85.309998,85.820000,81.730003,81.889999,81.889999,0
2025-03-25,83.190002,89.400002,83.190002,87.459999,87.459999,0
2025-03-26,88.000000,94.809998,88.000000,90.239998,90.239998,0
2025-03-27,92.839996,95.790001,86.949997,89.510002,89.510002,0
2025-03-28,91.300003,102.620003,89.930000,102.440002,102.440002,0
2025-03-31,109.870003,112.139999,98.080002,99.120003,99.120003,0
2025-04-01,101.750000,103.449997,96.279999,97.550003,97.550003,0
2025-04-02,103.449997,118.370003,94.790001,118.370003,118.370003,0
2025-04-03,114.139999,120.209999,110.320000,119.480003,119.480003,0
2025-04-04,126.610001,148.649994,126.610001,147.160004,147.160004,0
2025-04-07,157.770004,168.119995,141.679993,152.630005,152.630005,0
2025-04-08,142.110001,177.500000,137.410004,170.919998,170.919998,0
2025-04-09,186.330002,189.029999,134.229996,142.500000,142.500000,0
2025-04-10,145.300003,177.470001,142.429993,157.240005,157.240005,0
2025-04-11,161.330002,170.320007,146.509995,147.350006,147.350006,0
2025-04-14,132.070007,136.789993,120.589996,122.320000,122.320000,0
2025-04-15,121.589996,122.910004,114.889999,115.889999,115.889999,0
2025-04-16,122.959999,127.589996,114.480003,122.910004,122.910004,0
2025-04-17,120.599998,122.300003,116.099998,116.260002,116.260002,0
2025-04-21,122.739998,129.220001,122.739998,124.110001,124.110001,0
2025-04-22,119.589996,119.589996,112.629997,112.959999,112.959999,0
2025-04-23,106.790001,111.489998,103.879997,109.019997,109.019997,0
2025-04-24,108.190002,108.239998,102.580002,102.980003,102.980003,0
2025-04-25,104.629997,107.349998,98.949997,98.949997,98.949997,0
2025-04-28,99.580002,107.809998,99.440002,103.389999,103.389999,0
2025-04-29,104.230003,113.129997,101.099998,101.309998,101.309998,0
2025-04-30,107.019997,113.010002,101.349998,102.290001,102.290001,0
2025-05-01,99.620003,122.220001,98.809998,102.309998,102.309998,0
2025-05-02,99.110001,99.769997,96.769997,97.260002,97.260002,0
2025-05-05,102.500000,104.760002,99.309998,101.169998,101.169998,0
2025-05-06,104.910004,106.099998,101.849998,104.320000,104.320000,0
2025-05-07,103.440002,134.910004,99.449997,99.820000,99.820000,0
2025-05-08,97.610001,99.839996,95.010002,96.290001,96.290001,0
2025-05-09,95.680000,98.290001,95.550003,96.349998,96.349998,0
2025-05-12,91.470001,91.470001,87.070000,87.930000,87.930000,0
2025-05-13,85.699997,91.589996,85.160004,91.589996,91.589996,0
2025-05-14,93.339996,97.690002,93.300003,97.160004,97.160004,0
2025-05-15,98.269997,99.019997,94.080002,94.110001,94.110001,0
2025-05-16,93.570000,98.360001,93.440002,94.940002,94.940002,0
2025-05-19,101.790001,101.889999,96.779999,96.889999,96.889999,0
2025-05-20,96.190002,99.250000,96.029999,96.620003,96.620003,0
2025-05-21,99.610001,107.129997,96.870003,106.300003,106.300003,0
2025-05-22,106.459999,106.940002,103.230003,104.099998,104.099998,0
2025-05-23,112.379997,112.379997,106.139999,109.760002,109.760002,0
2025-05-27,104.050003,104.989998,95.940002,96.489998,96.489998,0
2025-05-28,97.379997,97.970001,96.040001,97.150002,97.150002,0
2025-05-29,95.559998,97.930000,94.669998,95.320000,95.320000,0
2025-05-30,96.830002,100.459999,94.889999,95.150002,95.150002,0
2025-06-02,98.910004,99.320000,91.830002,91.839996,91.839996,0
2025-06-03,91.580002,94.379997,90.059998,90.889999,90.889999,0
2025-06-04,91.160004,94.559998,90.419998,90.790001,90.790001,0
2025-06-05,90.260002,94.529999,88.919998,93.199997,93.199997,0
2025-06-06,91.199997,91.199997,88.320000,89.449997,89.449997,0
2025-06-09,91.580002,91.839996,88.589996,88.970001,88.970001,0
2025-06-10,88.849998,92.129997,88.839996,92.059998,92.059998,0
2025-06-11,92.830002,100.669998,88.339996,99.019997,99.019997,0
2025-06-12,101.370003,108.919998,99.089996,103.040001,103.040001,0
2025-06-13,110.699997,116.059998,105.930000,113.370003,113.370003,0
2025-06-16,107.339996,107.900002,102.589996,106.190002,106.190002,0
2025-06-17,109.110001,116.690002,107.760002,115.500000,115.500000,0
2025-06-18,114.989998,116.050003,106.010002,106.199997,106.199997,0
2025-06-20,104.870003,112.379997,104.389999,108.860001,108.860001,0
2025-06-23,111.230003,111.849998,104.320000,104.320000,104.320000,0
2025-06-24,98.120003,98.309998,92.029999,92.290001,92.290001,0
2025-06-25,91.300003,93.190002,89.129997,89.650002,89.650002,0
2025-06-26,89.290001,90.050003,87.860001,89.599998,89.599998,0
2025-06-27,88.050003,93.860001,87.839996,91.839996,91.839996,0
2025-06-30,91.480003,92.959999,89.260002,89.739998,89.739998,0
2025-07-01,90.430000,90.500000,87.980003,89.540001,89.540001,0
2025-07-02,90.019997,90.180000,88.489998,89.800003,89.800003,0
2025-07-03,88.230003,91.040001,87.849998,90.599998,90.599998,0
2025-07-07,95.389999,99.040001,94.720001,96.300003,96.300003,0
2025-07-08,93.730003,93.830002,91.000000,91.309998,91.309998,0
2025-07-09,93.919998,96.739998,91.699997,91.760002,91.760002,0
2025-07-10,90.610001,92.550003,90.190002,90.940002,90.940002,0
2025-07-11,93.620003,95.120003,92.019997,93.529999,93.529999,0
2025-07-14,96.290001,96.290001,94.309998,95.750000,95.750000,0
2025-07-15,92.940002,95.320000,92.809998,94.660004,94.660004,0
2025-07-16,94.480003,103.290001,92.650002,95.559998,95.559998,0
2025-07-17,95.190002,95.239998,92.889999,92.900002,92.900002,0
2025-07-18,92.379997,95.110001,91.940002,93.150002,93.150002,0
2025-07-21,94.309998,94.320000,90.720001,92.260002,92.260002,0
2025-07-22,92.830002,95.000000,90.529999,90.580002,90.580002,0
2025-07-23,89.059998,89.919998,86.900002,88.040001,88.040001,0
2025-07-24,88.050003,89.930000,86.820000,89.750000,89.750000,0
2025-07-25,90.180000,90.739998,88.849998,90.589996,90.589996,0
2025-07-28,89.870003,91.370003,88.430000,88.589996,88.589996,0
2025-07-29,87.760002,96.059998,87.760002,95.139999,95.139999,0
2025-07-30,95.629997,100.550003,94.099998,94.330002,94.330002,0
2025-07-31,93.779999,98.650002,92.279999,98.370003,98.370003,0
2025-08-01,106.190002,112.959999,104.330002,109.790001,109.790001,0
2025-08-04,105.809998,105.989998,95.760002,95.849998,95.849998,0
2025-08-05,96.120003,100.199997,95.370003,97.650002,97.650002,0
2025-08-06,96.830002,97.809998,95.330002,97.809998,97.809998,0
2025-08-07,94.440002,98.839996,94.059998,97.370003,97.370003,0
2025-08-08,96.750000,96.750000,93.139999,93.139999,93.139999,0
2025-08-11,95.629997,97.639999,94.709999,97.089996,97.089996,0
2025-08-12,94.830002,94.860001,92.019997,92.860001,92.860001,0
2025-08-13,94.139999,98.169998,94.139999,98.169998,98.169998,0
2025-08-14,100.120003,100.160004,96.459999,98.040001,98.040001,0
2025-08-15,96.230003,98.279999,96.230003,97.849998,97.849998,0
2025-08-18,98.839996,99.120003,96.620003,96.629997,96.629997,0
2025-08-19,95.379997,102.620003,95.379997,102.089996,102.089996,0
2025-08-20,103.050003,106.650002,98.440002,98.599998,98.599998,0
2025-08-21,100.559998,103.010002,98.900002,99.989998,99.989998,0
2025-08-22,99.459999,128.759995,87.629997,89.779999,89.779999,0
2025-08-25,93.459999,94.070000,91.000000,92.300003,92.300003,0
2025-08-26,94.220001,94.220001,91.570000,91.650002,91.650002,0
2025-08-27,92.959999,96.330002,92.940002,94.930000,94.930000,0
2025-08-28,92.430000,93.900002,91.570000,92.029999,92.029999,0
2025-08-29,91.910004,98.419998,91.709999,97.169998,97.169998,0
2025-09-02,107.800003,110.010002,103.529999,103.879997,103.879997,0
2025-09-03,103.519997,103.570000,99.489998,99.620003,99.620003,0
2025-09-04,99.370003,99.419998,93.510002,95.279999,95.279999,0
2025-09-05,90.720001,99.760002,90.139999,93.059998,93.059998,0
2025-09-08,93.559998,93.800003,92.139999,92.290001,92.290001,0
2025-09-09,92.849998,94.849998,92.580002,93.160004,93.160004,0
2025-09-10,99.010002,101.699997,98.550003,100.529999,100.529999,0
2025-09-11,97.900002,98.120003,96.110001,96.320000,96.320000,0
2025-09-12,95.559998,99.570000,94.860001,96.779999,96.779999,0
2025-09-15,96.599998,100.300003,96.180000,99.550003,99.550003,0
2025-09-16,99.669998,104.559998,99.620003,104.099998,104.099998,0
2025-09-17,103.470001,147.139999,95.500000,96.169998,96.169998,0
2025-09-18,94.290001,98.029999,92.169998,97.279999,97.279999,0
2025-09-19,95.919998,98.330002,95.510002,96.900002,96.900002,0
2025-09-22,99.849998,99.870003,98.150002,99.750000,99.750000,0
2025-09-23,99.139999,103.199997,99.139999,101.230003,101.230003,0
2025-09-24,100.480003,103.769997,99.980003,99.989998,99.989998,0
2025-09-25,103.500000,104.830002,98.449997,100.339996,100.339996,0
2025-09-26,99.220001,100.389999,93.290001,93.400002,93.400002,0
2025-09-29,94.949997,97.690002,94.540001,96.739998,96.739998,0
2025-09-30,97.589996,98.290001,94.779999,95.889999,95.889999,0
2025-10-01,96.599998,96.599998,92.360001,93.220001,93.220001,0
2025-10-02,92.419998,94.320000,91.959999,94.099998,94.099998,0
2025-10-03,93.820000,95.860001,93.449997,94.790001,94.790001,0
2025-10-06,96.919998,98.489998,95.349998,95.379997,95.379997,0
2025-10-07,95.540001,99.830002,94.970001,98.699997,98.699997,0
2025-10-08,98.529999,99.489998,96.220001,96.220001,96.220001,0
2025-10-09,96.760002,99.699997,96.349998,97.250000,97.250000,0
2025-10-10,97.910004,118.349998,96.540001,116.250000,116.250000,0
2025-10-13,110.430000,111.040001,106.110001,106.449997,106.449997,0
2025-10-14,114.089996,118.220001,109.269997,113.190002,113.190002,0
2025-10-15,113.180000,120.349998,110.000000,117.300003,117.300003,0
2025-10-16,115.959999,134.750000,115.589996,134.250000,134.250000,0
2025-10-17,134.020004,137.240005,115.510002,115.629997,115.629997,0
2025-10-20,113.779999,113.779999,103.180000,103.180000,103.180000,0
2025-10-21,105.080002,105.309998,99.769997,103.360001,103.360001,0
2025-10-22,104.949997,111.419998,102.169998,104.870003,104.870003,0
2025-10-23,106.449997,106.800003,98.320000,98.599998,98.599998,0
2025-10-24,95.269997,98.430000,94.739998,98.029999,98.029999,0
2025-10-27,96.059998,98.250000,95.599998,97.400002,97.400002,0
2025-10-28,96.620003,102.570000,96.620003,101.510002,101.510002,0
2025-10-29,101.620003,104.370003,100.180000,103.570000,103.570000,0
2025-10-30,102.099998,104.709999,99.559998,102.839996,102.839996,0
2025-10-31,101.230003,107.080002,101.180000,104.459999,104.459999,0
2025-11-03,104.870003,108.000000,101.160004,101.430000,101.430000,0
2025-11-04,107.699997,109.099998,103.339996,104.440002,104.440002,0
2025-11-05,104.589996,104.620003,98.809998,100.769997,100.769997,0
2025-11-06,101.760002,108.970001,101.419998,105.709999,105.709999,0
2025-11-07,111.190002,114.589996,103.599998,103.599998,103.599998,0
2025-11-10,101.000000,102.330002,98.440002,98.910004,98.910004,0
2025-11-11,99.260002,99.639999,98.250000,99.599998,99.599998,0
2025-11-12,102.809998,104.900002,102.809998,103.470001,103.470001,0
2025-11-13,104.250000,115.220001,104.180000,111.250000,111.250000,0
2025-11-14,115.970001,116.989998,106.480003,107.949997,107.949997,0
2025-11-17,110.839996,118.830002,107.589996,117.860001,117.860001,0
2025-11-18,121.680000,126.540001,119.160004,124.320000,124.320000,0
2025-11-19,123.220001,125.610001,118.300003,119.570000,119.570000,0
2025-11-20,108.559998,132.720001,104.800003,128.649994,128.649994,0
2025-11-21,125.440002,132.600006,117.059998,118.339996,118.339996,0
2025-11-24,116.550003,116.550003,103.959999,103.959999,103.959999,0
2025-11-25,104.190002,108.410004,96.849998,96.849998,96.849998,0
2025-11-26,95.309998,98.629997,91.599998,92.169998,92.169998,0
2025-11-28,93.629997,93.699997,90.260002,90.339996,90.339996,0
2025-12-01,96.160004,96.260002,91.800003,93.760002,93.760002,0
2025-12-02,93.150002,94.029999,91.550003,91.709999,91.709999,0
2025-12-03,93.940002,94.349998,90.739998,92.389999,92.389999,0
2025-12-04,91.599998,93.940002,91.269997,91.279999,91.279999,0
2025-12-05,91.010002,92.589996,89.900002,90.650002,90.650002,0
2025-12-08,92.820000,97.889999,92.820000,97.349998,97.349998,0
2025-12-09,97.940002,98.150002,95.839996,98.139999,98.139999,0
2025-12-10,103.519997,105.690002,97.949997,99.110001,99.110001,0
2025-12-11,100.360001,102.980003,95.370003,95.410004,95.410004,0
2025-12-12,95.839996,105.980003,94.620003,97.330002,97.330002,0
2025-12-15,97.820000,102.070000,97.150002,100.370003,100.370003,0
2025-12-16,101.099998,102.989998,98.150002,98.360001,98.360001,0
2025-12-17,98.040001,101.769997,96.260002,99.889999,99.889999,0
2025-12-18,96.580002,98.230003,92.459999,92.610001,92.610001,0
2025-12-19,90.809998,90.809998,83.820000,83.870003,83.870003,0
2025-12-22,84.059998,84.540001,81.720001,81.970001,81.970001,0
2025-12-23,83.400002,85.169998,82.720001,85.139999,85.139999,0
2025-12-24,84.690002,85.580002,84.370003,85.239998,85.239998,0
2025-12-26,85.980003,87.589996,83.940002,84.239998,84.239998,0
2025-12-29,87.940002,88.699997,85.580002,85.879997,85.879997,0
2025-12-30,86.160004,87.160004,84.559998,87.129997,87.129997,0
2025-12-31,87.349998,93.250000,87.349998,92.669998,92.669998,0
2026-01-02,91.029999,94.500000,90.010002,90.099998,90.099998,0
2026-01-05,92.750000,93.940002,90.480003,90.510002,90.510002,0
2026-01-06,90.430000,90.430000,88.389999,89.010002,89.010002,0
2026-01-07,89.809998,92.110001,89.730003,91.860001,91.860001,0
2026-01-08,92.550003,92.730003,89.449997,89.849998,89.849998,0
2026-01-09,90.279999,91.080002,86.699997,88.190002,88.190002,0
2026-01-12,93.830002,94.529999,93.019997,93.129997,93.129997,0
2026-01-13,93.820000,102.059998,93.410004,101.070000,101.070000,0
2026-01-14,107.660004,111.800003,103.690002,104.849998,104.849998,0
2026-01-15,99.349998,101.449997,97.930000,100.900002,100.900002,0
2026-01-16,100.559998,102.379997,99.629997,102.050003,102.050003,0
2026-01-20,118.269997,120.209999,110.279999,117.050003,117.050003,0
2026-01-21,112.720001,113.459999,101.470001,102.570000,102.570000,0
2026-01-22,100.099998,101.959999,95.930000,96.120003,96.120003,0
2026-01-23,99.029999,101.910004,96.230003,101.830002,101.830002,0
2026-01-26,102.620003,102.620003,99.010002,99.750000,99.750000,0
2026-01-27,99.910004,101.260002,97.980003,101.260002,101.260002,0
2026-01-28,101.489998,107.839996,99.000000,100.459999,100.459999,0
2026-01-29,102.919998,111.919998,101.680000,101.760002,101.760002,0
2026-01-30,103.190002,109.750000,101.459999,108.180000,108.180000,0
2026-02-02,108.230003,108.489998,98.620003,98.769997,98.769997,0
2026-02-03,99.050003,113.720001,98.820000,103.820000,103.820000,0
2026-02-04,103.019997,113.849998,101.510002,106.160004,106.160004,0
2026-02-05,113.970001,119.599998,109.019997,117.070000,117.070000,0
2026-02-06,110.339996,110.430000,100.279999,100.989998,100.989998,0
2026-02-09,104.879997,104.910004,98.239998,98.599998,98.599998,0
2026-02-10,99.080002,100.839996,98.279999,100.809998,100.809998,0
2026-02-11,101.529999,105.779999,100.580002,102.150002,102.150002,0
2026-02-12,100.389999,113.480003,100.339996,112.300003,112.300003,0
2026-02-13,113.459999,117.459999,107.190002,115.519997,115.519997,0
2026-02-17,116.779999,118.330002,106.339996,107.089996,107.089996,0
2026-02-18,108.660004,110.839996,104.389999,108.690002,108.690002,0
2026-02-19,112.320000,115.379997,111.470001,111.669998,111.669998,0
2026-02-20,114.389999,114.440002,108.260002,108.709999,108.709999,0
2026-02-23,110.580002,116.220001,109.669998,115.660004,115.660004,0
2026-02-24,115.699997,116.559998,108.610001,108.610001,108.610001,0
2026-02-25,106.430000,106.559998,103.760002,103.980003,103.980003,0
2026-02-26,103.870003,111.680000,103.559998,104.150002,104.150002,0
2026-02-27,110.959999,112.199997,107.430000,110.889999,110.889999,0
2026-03-02,118.760002,118.760002,109.919998,113.440002,113.440002,0
2026-03-03,120.650002,129.589996,110.209999,116.019997,116.019997,0
2026-03-04,114.000000,115.269997,105.550003,106.940002,106.940002,0
2026-03-05,110.919998,120.879997,109.779999,115.930000,115.930000,0
2026-03-06,127.820000,140.990005,120.000000,140.440002,140.440002,0
2026-03-09,137.070007,138.940002,118.080002,122.599998,122.599998,0
2026-03-10,120.800003,126.169998,115.730003,125.360001,125.360001,0
2026-03-11,128.369995,129.649994,122.180000,122.489998,122.489998,0
2026-03-12,129.190002,131.179993,125.010002,130.179993,130.179993,0
2026-03-13,127.529999,133.000000,124.849998,131.050003,131.050003,0
2026-03-16,125.419998,125.800003,116.709999,116.779999,116.779999,0
2026-03-17,115.029999,115.029999,108.330002,110.550003,110.550003,0
2026-03-18,114.820000,126.550003,113.959999,126.500000,126.500000,0
2026-03-19,134.000000,134.259995,116.629997,118.089996,118.089996,0
2026-03-20,119.019997,131.929993,118.879997,126.279999,126.279999,0
2026-03-23,121.150002,123.300003,116.930000,122.820000,122.820000,0
2026-03-24,125.589996,126.709999,122.339996,124.139999,124.139999,0
2026-03-25,120.629997,122.230003,119.040001,119.370003,119.370003,0
2026-03-26,121.620003,127.260002,119.930000,124.430000,124.430000,0
2026-03-27,129.399994,133.990005,127.360001,133.179993,133.179993,0
2026-03-30,130.389999,132.000000,127.680000,127.839996,127.839996,0
2026-03-31,123.279999,123.320000,115.320000,116.050003,116.050003,0
2026-04-01,116.019997,117.699997,112.860001,114.830002,114.830002,0
2026-04-02,122.379997,122.379997,114.419998,115.330002,115.330002,0
2026-04-06,117.160004,117.180000,113.220001,113.529999,113.529999,0
2026-04-07,115.919998,120.000000,115.820000,117.300003,117.300003,0
2026-04-08,111.739998,117.680000,108.680000,111.070000,111.070000,0
2026-04-09,110.889999,111.589996,104.709999,105.370003,105.370003,0
2026-04-10,105.349998,110.190002,95.959999,107.300003,107.300003,0
2026-04-13,110.459999,110.550003,102.559998,102.629997,102.629997,0
2026-04-14,100.129997,100.720001,94.959999,95.400002,95.400002,0
2026-04-15,95.220001,100.500000,94.430000,97.650002,97.650002,0
2026-04-16,97.620003,100.750000,95.879997,96.800003,96.800003,0
2026-04-17,93.760002,95.309998,93.400002,95.129997,95.129997,0
2026-04-20,98.190002,100.250000,98.129997,98.150002,98.150002,0
2026-04-21,98.320000,103.690002,98.320000,101.889999,101.889999,0
2026-04-22,99.419998,101.750000,98.470001,98.730003,98.730003,0
2026-04-23,99.629997,104.400002,97.459999,98.570000,98.570000,0
2026-04-24,97.790001,98.120003,95.400002,97.180000,97.180000,0
2026-04-27,98.459999,98.510002,93.860001,93.860001,93.860001,0
2026-04-28,96.080002,96.080002,90.849998,91.029999,91.029999,0
2026-04-29,92.269997,96.629997,91.779999,96.019997,96.019997,0
2026-04-30,94.389999,96.150002,93.589996,93.699997,93.699997,0
2026-05-01,94.660004,95.169998,93.089996,95.169998,95.169998,0
2026-05-04,97.160004,100.430000,95.139999,98.290001,98.290001,0
2026-05-05,96.300003,96.300003,94.870003,95.260002,95.260002,0
2026-05-06,92.629997,93.849998,91.949997,93.699997,93.699997,0
2026-05-07,92.290001,94.540001,92.260002,93.610001,93.610001,0
2026-05-08,94.099998,97.250000,93.790001,96.779999,96.779999,0
2026-05-11,99.400002,99.739998,97.559998,98.059998,98.059998,0
2026-05-12,102.589996,103.239998,98.410004,98.550003,98.550003,0
2026-05-13,98.910004,99.470001,97.599998,98.360001,98.360001,0
2026-05-14,97.220001,98.309998,92.940002,94.260002,94.260002,0
2026-05-15,97.660004,98.860001,92.309998,92.940002,92.940002,0
2026-05-18,93.290001,94.320000,90.540001,91.180000,91.180000,0
2026-05-19,93.059998,96.790001,92.459999,94.610001,94.610001,0
2026-05-20,93.559998,97.529999,93.269997,96.449997,96.449997,0
2026-05-21,97.120003,97.260002,91.480003,91.879997,91.879997,0
2026-05-22,92.209999,92.830002,90.059998,91.160004,91.160004,0
2026-05-26,89.739998,90.120003,88.870003,89.550003,89.550003,0
2026-05-27,89.629997,90.510002,87.529999,87.529999,87.529999,0
2026-05-28,88.309998,88.320000,85.019997,86.029999,86.029999,0
2026-05-29,85.279999,86.790001,84.980003,86.059998,86.059998,0
2026-06-01,90.070000,91.629997,88.239998,91.599998,91.599998,0
2026-06-02,90.070000,91.739998,90.050003,90.529999,90.529999,0
2026-06-03,91.360001,91.599998,88.970001,89.800003,89.800003,0
2026-06-04,91.440002,91.500000,85.389999,85.750000,85.750000,0
2026-06-05,87.720001,102.089996,87.029999,102.040001,102.040001,0
2026-06-08,96.750000,99.320000,92.320000,92.400002,92.400002,0
2026-06-09,91.610001,102.989998,89.959999,95.809998,95.809998,0
2026-06-10,103.800003,109.220001,101.889999,108.160004,108.160004,0
2026-06-11,106.139999,110.580002,100.349998,100.629997,100.629997,0
2026-06-12,98.129997,99.900002,93.790001,93.820000,93.820000,0
2026-06-15,90.680000,91.680000,87.430000,87.580002,87.580002,0
2026-06-16,88.339996,91.480003,85.839996,87.690002,87.690002,0
2026-06-17,88.269997,95.519997,87.089996,94.529999,94.529999,0
2026-06-18,90.250000,91.040001,87.910004,88.430000,88.430000,0
2026-06-22,89.339996,92.889999,88.099998,91.720001,91.720001,0
2026-06-23,101.410004,101.650002,98.389999,99.500000,99.500000,0
2026-06-24,98.330002,98.779999,93.500000,95.580002,95.580002,0
2026-06-25,92.330002,96.419998,91.029999,91.190002,91.190002,0
2026-06-26,97.199997,97.440002,88.690002,89.019997,89.019997,0
2026-06-29,90.699997,91.639999,87.980003,88.709999,88.709999,0
2026-06-30,89.290001,89.389999,86.089996,86.870003,86.870003,0
2026-07-01,88.430000,89.870003,87.360001,89.040001,89.040001,0
