Date,Open,High,Low,Close,Adj Close,Volume
2019-01-02,132.169998,135.169998,131.539993,134.660004,122.977821,27295100
2019-01-03,133.910004,134.639999,131.649994,132.250000,120.776909,29294600
2019-01-04,133.919998,137.600006,133.710007,137.190002,125.288330,35355300
2019-01-07,137.259995,140.369995,136.740005,139.589996,127.480118,30477900
2019-01-08,140.800003,141.789993,139.389999,141.729996,129.434464,27320900
2019-01-09,142.220001,143.389999,141.619995,142.899994,130.502960,25764600
2019-01-10,142.059998,143.720001,141.350006,143.639999,131.178787,22896800
2019-01-11,143.009995,143.990005,142.679993,143.679993,131.215271,22428400
2019-01-14,142.820007,143.440002,142.089996,142.250000,129.909393,29185000
2019-01-15,142.649994,143.649994,142.089996,143.449997,131.005264,25678900
2019-01-16,143.679993,145.250000,143.669998,144.520004,131.982483,20827300
2019-01-17,143.990005,146.330002,143.970001,145.830002,133.178802,19273400
2019-01-18,146.600006,147.919998,146.000000,147.330002,134.548645,28306700
2019-01-22,146.460007,146.759995,144.050003,145.000000,132.420822,27741100
2019-01-23,145.320007,146.179993,143.460007,144.600006,132.055496,20621300
2019-01-24,144.429993,145.759995,144.330002,145.470001,132.850052,16976300
2019-01-25,146.619995,147.639999,146.429993,147.339996,134.557755,22266900
2019-01-28,145.960007,146.910004,145.369995,146.550003,133.836334,22784700
2019-01-29,146.710007,146.820007,145.880005,146.199997,133.516693,12084800
2019-01-30,146.979996,148.339996,145.679993,147.800003,134.977875,25516900
2019-01-31,147.610001,149.300003,147.529999,149.059998,136.128586,27252900
2019-02-01,149.350006,149.679993,148.580002,149.179993,136.238144,17057900
2019-02-04,149.410004,150.970001,148.880005,150.960007,137.863754,21301700
2019-02-05,151.009995,151.600006,150.240005,151.119995,138.009872,18295900
2019-02-06,151.039993,151.369995,150.100006,150.929993,137.836349,13720600
2019-02-07,149.919998,150.699997,148.389999,149.690002,136.703964,22850800
2019-02-08,149.059998,149.899994,148.500000,149.850006,136.850021,13463000
2019-02-11,150.289993,151.149994,149.630005,151.100006,137.991638,16374800
2019-02-12,151.919998,153.190002,151.880005,152.990005,139.717651,20779900
2019-02-13,153.419998,153.759995,152.699997,153.419998,140.110306,15534500
2019-02-14,152.580002,154.369995,152.399994,153.770004,140.429993,18251000
2019-02-15,154.779999,156.240005,154.270004,156.220001,142.667404,27240200
2019-02-19,155.550003,157.100006,155.550003,156.649994,143.060165,15856900
2019-02-20,156.660004,157.580002,156.529999,157.389999,143.735962,18317400
2019-02-21,157.130005,157.369995,156.059998,156.789993,143.187988,17497000
2019-02-22,157.270004,158.270004,157.100006,158.149994,144.430038,20411800
2019-02-25,159.080002,159.500000,158.089996,158.190002,144.466507,17957100
2019-02-26,158.009995,158.190002,156.889999,157.100006,143.471130,21497300
2019-02-27,156.490005,157.440002,156.119995,157.320007,143.672012,18194900
2019-02-28,157.089996,157.479996,156.369995,156.779999,143.178833,18155300
2019-03-01,157.949997,158.339996,156.750000,158.240005,144.512238,19247100
2019-03-04,158.539993,158.779999,155.589996,156.809998,143.206253,23301800
2019-03-05,156.940002,156.949997,155.960007,156.080002,142.539612,16798200
2019-03-06,156.020004,156.080002,152.880005,153.020004,139.745026,29604600
2019-03-07,153.020004,153.139999,151.369995,151.679993,138.521301,26822500
2019-03-08,150.839996,151.759995,150.610001,151.639999,138.484741,20466800
2019-03-11,152.110001,154.309998,151.899994,154.289993,140.904892,20854500
2019-03-12,154.399994,154.979996,153.800003,154.369995,140.977905,18966800
2019-03-13,154.919998,155.729996,154.750000,154.979996,141.535004,24109100
2019-03-14,154.899994,155.020004,154.199997,154.350006,140.959625,14217500
2019-03-15,154.529999,155.869995,154.330002,154.759995,141.334091,22025900
2019-03-18,155.059998,156.449997,154.479996,155.750000,142.238235,24510200
2019-03-19,156.479996,156.529999,154.570007,154.960007,141.516754,18633100
2019-03-20,154.539993,155.419998,152.410004,153.259995,140.337326,29463200
2019-03-21,152.729996,156.059998,152.729996,155.270004,142.177887,31845000
2019-03-22,154.199997,154.539993,149.570007,149.619995,137.004272,40663000
2019-03-25,149.479996,151.320007,148.410004,150.279999,137.608612,26454700
2019-03-26,151.470001,152.820007,150.789993,151.860001,139.055389,21308600
2019-03-27,151.710007,152.210007,149.479996,151.270004,138.515152,23477100
2019-03-28,151.789993,152.929993,150.929993,152.619995,139.751312,19473300
2019-03-29,153.679993,153.970001,152.100006,153.089996,140.181671,28298900
2019-04-01,154.289993,154.919998,153.720001,154.759995,141.710815,20075200
2019-04-02,154.869995,154.880005,153.509995,154.360001,141.344574,18253500
2019-04-03,155.740005,156.149994,154.729996,155.160004,142.077148,19554700
2019-04-04,155.279999,156.009995,154.839996,155.919998,142.773026,15909500
2019-04-05,156.300003,157.470001,156.190002,157.380005,144.109940,21379000
2019-04-08,156.850006,157.500000,156.070007,157.119995,143.871872,14202400
2019-04-09,156.460007,156.699997,154.910004,155.199997,142.113754,18534200
2019-04-10,155.479996,157.360001,155.330002,157.309998,144.045807,18938800
2019-04-11,157.520004,157.679993,156.809998,157.110001,143.862686,12218700
2019-04-12,158.130005,158.160004,157.110001,157.679993,144.384644,14120300
2019-04-15,157.949997,158.100006,156.500000,157.169998,143.917664,10964000
2019-04-16,157.710007,157.899994,156.979996,157.539993,144.256454,16782900
2019-04-17,158.089996,158.110001,155.199997,156.100006,142.937912,17108500
2019-04-18,156.110001,156.279999,154.660004,155.639999,142.516678,23276300
2019-04-22,155.309998,155.809998,154.520004,155.229996,142.141190,15596800
2019-04-23,155.369995,158.050003,155.360001,157.570007,144.283890,23396100
2019-04-24,157.619995,158.690002,157.369995,158.059998,144.732590,18053100
2019-04-25,157.330002,157.470001,155.470001,156.750000,143.533112,19365100
2019-04-26,156.960007,158.490005,156.399994,158.270004,144.924896,16999100
2019-04-29,158.619995,159.610001,158.490005,159.029999,145.620850,13698900
2019-04-30,159.149994,159.190002,156.960007,158.289993,144.943237,24127500
2019-05-01,158.669998,158.729996,156.710007,156.789993,143.569687,17734300
2019-05-02,156.639999,158.149994,155.679993,157.520004,144.238129,22715700
2019-05-03,158.309998,160.639999,158.190002,160.529999,146.994354,20178800
2019-05-06,158.179993,161.110001,158.009995,160.710007,147.159164,21262100
2019-05-07,159.309998,159.869995,156.250000,157.529999,144.247253,25434500
2019-05-08,157.259995,158.089996,156.649994,156.759995,143.542252,16113700
2019-05-09,155.520004,156.649994,153.740005,156.190002,143.020355,25259900
2019-05-10,155.589996,156.830002,153.669998,156.619995,143.414062,26544700
2019-05-13,153.690002,154.020004,151.160004,151.630005,138.844772,26936500
2019-05-14,151.960007,154.169998,151.699997,153.539993,140.593750,15519200
2019-05-15,152.399994,154.410004,152.070007,154.039993,141.051575,18410600
2019-05-16,154.509995,156.179993,154.440002,155.000000,141.930603,13772100
2019-05-17,153.820007,155.270004,152.660004,152.839996,139.952744,21534000
2019-05-20,151.929993,152.820007,151.410004,151.779999,138.982178,18689800
2019-05-21,152.630005,154.039993,152.580002,153.820007,140.850098,11659100
2019-05-22,153.220001,153.589996,152.000000,152.529999,139.668900,13922600
2019-05-23,151.059998,151.059998,148.580002,149.389999,136.793655,26379400
2019-05-24,150.380005,151.089996,149.789993,150.789993,138.075592,16093100
2019-05-28,151.009995,151.649994,149.580002,149.589996,136.976776,14042200
2019-05-29,148.839996,148.929993,147.360001,148.339996,135.832230,22622300
2019-05-30,148.750000,149.580002,147.039993,147.929993,135.456726,17739100
2019-05-31,146.190002,146.839996,145.320007,145.860001,133.561325,25411300
2019-06-03,146.130005,147.210007,145.330002,146.369995,134.028336,26554500
2019-06-04,147.919998,150.289993,146.419998,150.160004,137.498749,21217600
2019-06-05,150.759995,150.889999,148.610001,150.190002,137.526215,18184100
2019-06-06,150.119995,150.520004,148.309998,149.800003,137.169083,20772500
2019-06-07,150.350006,151.509995,150.020004,150.860001,138.139725,17107500
2019-06-10,151.449997,153.139999,151.449997,151.750000,138.954666,18912300
2019-06-11,152.869995,153.229996,150.580002,151.300003,138.542603,15373000
2019-06-12,151.179993,151.779999,150.619995,151.470001,138.698288,11957600
2019-06-13,152.309998,153.179993,151.869995,153.070007,140.163361,14839400
2019-06-14,152.880005,152.940002,151.720001,151.729996,138.936325,16154800
2019-06-17,151.869995,152.899994,151.669998,152.240005,139.894760,12509300
2019-06-18,153.270004,155.149994,152.259995,154.009995,141.521225,22100800
2019-06-19,154.190002,154.699997,153.399994,154.559998,142.026672,15625000
2019-06-20,156.050003,156.220001,154.440002,155.289993,142.697433,17595700
2019-06-21,155.130005,155.169998,153.610001,153.949997,141.466095,19854400
2019-06-24,154.360001,154.410004,152.000000,152.080002,139.747711,24002600
2019-06-25,152.309998,152.500000,151.000000,151.149994,138.893158,17462200
2019-06-26,151.699997,152.220001,150.759995,150.800003,138.571548,15726900
2019-06-27,151.240005,153.770004,151.240005,153.630005,141.172043,22278400
2019-06-28,153.949997,156.020004,153.940002,155.500000,142.890427,35089900
2019-07-01,157.539993,158.029999,155.220001,156.100006,143.441788,22850500
2019-07-02,156.020004,156.119995,154.259995,155.149994,142.568756,19024600
2019-07-03,155.600006,156.339996,155.169998,156.259995,143.588776,9115100
2019-07-05,155.490005,156.740005,154.860001,156.679993,143.974701,14156700
2019-07-08,156.210007,156.479996,154.889999,155.190002,142.605530,9735700
2019-07-09,154.539993,155.429993,154.479996,155.399994,142.798492,12381600
2019-07-10,156.199997,156.559998,154.850006,155.669998,143.046677,17325400
2019-07-11,155.889999,155.940002,154.220001,154.910004,142.348267,14260800
2019-07-12,155.139999,156.669998,154.880005,156.110001,143.450958,16678000
2019-07-15,156.559998,156.589996,154.850006,155.289993,142.697433,12194300
2019-07-16,155.130005,156.199997,154.669998,155.240005,142.651535,15152700
2019-07-17,155.240005,155.339996,153.729996,154.130005,141.631516,14155100
2019-07-18,154.080002,155.009995,153.729996,154.710007,142.164490,15705500
2019-07-19,154.940002,155.429993,153.820007,153.820007,141.346634,17182600
2019-07-22,154.240005,154.699997,153.399994,153.679993,141.217987,14474600
2019-07-23,154.279999,154.720001,153.539993,154.699997,142.155273,15493200
2019-07-24,154.289993,157.449997,154.119995,157.259995,144.507690,23823100
2019-07-25,157.179993,157.240005,155.089996,155.360001,142.761765,17902500
2019-07-26,155.580002,157.419998,155.500000,157.199997,144.452530,14260300
2019-07-29,157.190002,157.360001,155.600006,156.149994,143.487732,13192200
2019-07-30,155.059998,157.839996,154.710007,157.839996,145.040665,1200
2019-07-31,157.779999,159.229996,155.550003,156.559998,143.864487,40445900
2019-08-01,156.880005,158.169998,153.589996,154.289993,141.778503,38070200
2019-08-02,153.350006,153.750000,151.279999,152.580002,140.207230,30148300
2019-08-05,149.779999,149.919998,146.210007,148.000000,135.998642,39221500
2019-08-06,148.899994,149.699997,147.380005,149.360001,137.248306,24283300
2019-08-07,147.919998,149.710007,146.690002,149.320007,137.211578,23952100
2019-08-08,150.149994,152.630005,149.990005,152.539993,140.170456,19415600
2019-08-09,152.089996,152.149994,150.029999,150.619995,138.406128,19313200
2019-08-12,149.809998,150.119995,148.330002,148.669998,136.614273,15963000
2019-08-13,148.339996,151.789993,147.669998,150.270004,138.084564,21912600
2019-08-14,147.949997,147.979996,145.720001,146.070007,134.225128,28235800
2019-08-15,146.619995,146.669998,144.789993,145.490005,133.692123,24202400
2019-08-16,146.139999,148.910004,146.110001,148.630005,136.577484,22783400
2019-08-19,150.320007,150.889999,149.949997,150.130005,137.955902,17023400
2019-08-20,149.919998,150.009995,148.990005,149.149994,137.055359,13324100
2019-08-21,150.619995,150.649994,149.789993,150.380005,138.185562,13446100
2019-08-22,150.669998,151.080002,149.139999,150.029999,137.863937,12979100
2019-08-23,149.220001,150.110001,144.929993,145.429993,133.637009,36974600
2019-08-26,146.800003,147.050003,145.710007,147.029999,135.107239,19167100
2019-08-27,147.960007,148.020004,144.679993,144.850006,133.104004,24546200
2019-08-28,144.559998,147.389999,144.250000,146.539993,134.656998,20115500
2019-08-29,148.149994,149.289993,147.960007,149.110001,137.018600,18786300
2019-08-30,149.889999,149.970001,148.039993,148.839996,136.770432,18727100
2019-09-03,147.449997,148.320007,146.000000,146.660004,134.767258,20688000
2019-09-04,148.009995,148.360001,147.179993,147.839996,135.851532,13107500
2019-09-05,149.850006,151.910004,149.369995,150.589996,138.378601,25666700
2019-09-06,150.699997,151.229996,149.830002,149.899994,137.744492,14645900
2019-09-09,150.570007,152.240005,150.059998,151.910004,139.591553,25780100
2019-09-10,151.679993,153.949997,150.889999,153.850006,141.374207,29576200
2019-09-11,154.520004,157.160004,153.559998,157.000000,144.268784,42970500
2019-09-12,157.179993,157.899994,155.570007,157.039993,144.305511,38648300
2019-09-13,157.850006,158.919998,157.130005,157.309998,144.553604,31042800
2019-09-16,156.970001,158.750000,156.699997,157.899994,145.095779,23242600
2019-09-17,157.360001,157.570007,156.449997,157.490005,144.719025,22986700
2019-09-18,157.479996,157.500000,155.070007,156.520004,143.827698,19735700
2019-09-19,156.800003,157.820007,155.529999,155.759995,143.129318,21531600
2019-09-20,155.639999,156.649994,154.449997,155.429993,142.826080,22707200
2019-09-23,154.860001,155.949997,154.559998,155.309998,142.715805,14944600
2019-09-24,155.149994,155.289993,151.839996,152.429993,140.561691,27576700
2019-09-25,152.279999,154.360001,151.800003,154.100006,142.101700,21917500
2019-09-26,153.919998,153.919998,151.949997,152.380005,140.515579,20641600
2019-09-27,152.820007,153.220001,150.500000,151.160004,139.390594,20181900
2019-09-30,151.369995,152.259995,150.789993,151.339996,139.556534,16905400
2019-10-01,152.110001,153.350006,148.050003,148.369995,136.817780,34093500
2019-10-02,147.630005,147.630005,145.860001,147.250000,135.785034,24894600
2019-10-03,146.690002,147.940002,144.929993,147.740005,136.236877,25362800
2019-10-04,147.990005,149.250000,147.119995,149.139999,137.527924,18640400
2019-10-07,148.779999,150.070007,148.119995,148.880005,137.288132,15762800
2019-10-08,147.419998,147.929993,146.110001,146.460007,135.056564,18110600
2019-10-09,147.539993,147.690002,146.639999,147.130005,135.674347,10929500
2019-10-10,147.339996,148.500000,147.100006,147.720001,136.218430,16349000
2019-10-11,149.789993,151.960007,147.690002,150.220001,138.523788,29236300
2019-10-14,149.910004,150.149994,149.100006,149.669998,138.016586,10692600
2019-10-15,150.169998,152.130005,149.789993,151.389999,139.602676,16801200
2019-10-16,151.210007,152.270004,151.139999,151.550003,139.750229,13119100
2019-10-17,152.289993,153.509995,152.050003,153.339996,141.400864,13175800
2019-10-18,152.929993,153.500000,151.449997,152.610001,140.727676,14490200
2019-10-21,154.169998,154.979996,153.910004,154.039993,142.046326,17450300
2019-10-22,154.199997,155.050003,153.740005,154.210007,142.203156,12471800
2019-10-23,154.339996,154.750000,153.550003,154.399994,142.378311,8728000
2019-10-24,154.949997,155.059998,153.470001,154.179993,142.175446,9091400
2019-10-25,153.910004,155.529999,153.899994,155.000000,142.931610,10531500
2019-10-28,155.660004,156.979996,155.009995,156.339996,144.167267,15392400
2019-10-29,156.009995,157.339996,155.860001,156.850006,144.637558,11978300
2019-10-30,156.789993,156.809998,155.279999,156.330002,144.158035,14451500
2019-10-31,156.100006,156.100006,154.240005,155.449997,143.346542,17344200
2019-11-01,156.399994,158.190002,156.050003,158.100006,145.790222,18421600
2019-11-04,159.399994,159.699997,158.470001,158.949997,146.574020,16182000
2019-11-05,159.399994,160.460007,158.970001,159.149994,146.758499,13760200
2019-11-06,158.990005,158.990005,157.809998,158.229996,145.910141,16025500
2019-11-07,159.740005,160.169998,158.169998,158.649994,146.297409,13448900
2019-11-08,158.279999,159.270004,157.949997,159.080002,146.693924,11967400
2019-11-11,158.029999,158.899994,157.880005,158.779999,146.417313,10508700
2019-11-12,158.929993,159.880005,158.490005,158.830002,146.463425,14316900
2019-11-13,157.740005,158.500000,157.190002,158.149994,145.836334,14514400
2019-11-14,157.929993,158.910004,157.789993,158.100006,145.790222,13054000
2019-11-15,159.229996,159.289993,158.350006,158.919998,146.546387,13119200
2019-11-18,158.720001,158.740005,157.940002,158.520004,146.177536,10759500
2019-11-19,159.110001,159.699997,158.309998,159.110001,146.721588,15203700
2019-11-20,158.550003,159.600006,157.259995,158.509995,146.168335,21314300
2019-11-21,158.820007,158.889999,157.229996,157.729996,145.449036,15388300
2019-11-22,158.309998,158.539993,157.350006,158.220001,145.900864,13482400
2019-11-25,159.029999,161.830002,158.889999,161.580002,148.999268,24753000
2019-11-26,161.750000,162.539993,161.289993,161.690002,149.100754,15496700
2019-11-27,162.380005,162.929993,162.080002,162.830002,150.151962,13202500
2019-11-29,162.410004,162.789993,161.669998,161.770004,149.174469,9988200
2019-12-02,162.149994,162.210007,159.910004,160.190002,147.717484,17190900
2019-12-03,158.820007,159.759995,158.100006,159.679993,147.247223,14884400
2019-12-04,160.500000,161.220001,160.300003,160.779999,148.261551,10833200
2019-12-05,161.470001,161.649994,160.449997,160.940002,148.409073,11470700
2019-12-06,162.589996,163.410004,162.500000,162.820007,150.142715,16486200
2019-12-09,162.750000,163.160004,162.389999,162.509995,149.856918,13476700
2019-12-10,162.410004,162.960007,161.940002,162.610001,149.949081,13704400
2019-12-11,162.880005,163.080002,161.949997,162.559998,149.902939,19612200
2019-12-12,162.750000,165.100006,162.250000,163.960007,151.193954,24857000
2019-12-13,163.729996,164.809998,162.550003,163.330002,150.613022,23279600
2019-12-16,164.059998,164.850006,163.740005,163.880005,151.674606,20115300
2019-12-17,164.139999,164.699997,163.699997,164.699997,152.433563,12980000
2019-12-18,165.059998,165.279999,164.320007,165.020004,152.729675,15379300
2019-12-19,165.279999,165.729996,164.880005,165.729996,153.386810,11919800
2019-12-20,166.149994,166.410004,165.720001,165.970001,153.608932,25449500
2019-12-23,166.240005,166.360001,165.360001,166.300003,153.914383,13372100
2019-12-24,166.449997,166.699997,166.039993,166.679993,154.266037,4334500
2019-12-26,166.830002,166.979996,166.360001,166.679993,154.266037,9371200
2019-12-27,167.119995,167.119995,165.429993,165.860001,153.507111,12261800
2019-12-30,165.979996,166.210007,164.570007,165.440002,153.118393,14912700
2019-12-31,165.080002,166.350006,164.710007,165.669998,153.331253,17362400
2020-01-02,166.740005,166.750000,164.229996,165.779999,153.433075,18297500
2020-01-03,163.740005,165.410004,163.699997,165.130005,152.831497,19295600
2020-01-06,163.850006,165.539993,163.539993,165.350006,153.035080,17150900
2020-01-07,164.850006,165.339996,164.210007,164.800003,152.526062,11817900
2020-01-08,164.820007,166.029999,164.720001,165.309998,152.998077,13832400
2020-01-09,166.119995,166.449997,165.259995,165.509995,153.183212,11895400
2020-01-10,165.550003,165.690002,164.199997,164.889999,152.609375,15353000
2020-01-13,164.940002,166.039993,164.070007,165.960007,153.599701,17271100
2020-01-14,165.139999,167.589996,164.979996,166.570007,154.164261,18323000
2020-01-15,166.149994,167.949997,166.139999,167.369995,154.904663,15437200
2020-01-16,168.589996,169.869995,168.429993,169.529999,156.903809,19976200
2020-01-17,170.279999,170.559998,168.669998,169.070007,156.478043,18306400
2020-01-21,168.360001,168.990005,167.270004,167.669998,155.182327,17935100
2020-01-22,168.190002,168.619995,167.179993,167.559998,155.080551,14916300
2020-01-23,167.100006,167.970001,165.449997,167.449997,154.978699,15954300
2020-01-24,168.009995,168.009995,164.229996,165.389999,153.072113,20491400
2020-01-27,162.850006,164.490005,162.419998,163.509995,151.332153,18539000
2020-01-28,164.500000,165.399994,163.490005,164.869995,152.590866,16690400
2020-01-29,165.100006,165.559998,163.899994,163.929993,151.720856,14944400
2020-01-30,162.839996,164.139999,161.929993,163.929993,151.720856,21889700
2020-01-31,163.320007,163.919998,160.029999,160.529999,148.574097,30439000
2020-02-03,161.600006,162.929993,161.490005,162.320007,150.230759,17373200
2020-02-04,164.309998,165.309998,164.160004,164.770004,152.498322,15994200
2020-02-05,166.479996,167.529999,165.690002,167.309998,154.849136,17807000
2020-02-06,167.889999,168.149994,166.759995,166.929993,154.497452,14768900
2020-02-07,166.289993,166.360001,164.399994,164.880005,152.600128,18029600
2020-02-10,164.559998,165.889999,164.460007,165.809998,153.460861,11428800
2020-02-11,166.789993,167.960007,166.270004,166.960007,154.525238,15005600
2020-02-12,168.020004,168.289993,167.279999,168.110001,155.589554,12123000
2020-02-13,167.220001,168.949997,167.110001,168.550003,155.996780,12649300
2020-02-14,168.699997,168.779999,167.339996,167.899994,155.395203,16006200
2020-02-18,167.500000,168.059998,166.429993,167.539993,155.062012,13412100
2020-02-19,168.169998,169.139999,167.529999,168.399994,155.857986,11084600
2020-02-20,167.899994,169.110001,166.589996,168.809998,156.237411,20383800
2020-02-21,168.149994,168.630005,166.330002,167.100006,154.654785,18729900
2020-02-24,161.860001,167.059998,161.100006,162.070007,149.999451,28239500
2020-02-25,162.520004,162.759995,155.960007,156.309998,144.668411,45047000
2020-02-26,157.050003,158.490005,154.220001,154.500000,142.993210,39465000
2020-02-27,151.350006,155.009995,148.820007,149.059998,137.958374,50530300
2020-02-28,144.850006,149.130005,143.910004,146.330002,135.431656,72036400
2020-03-02,147.970001,151.229996,145.389999,151.029999,139.781647,33569300
2020-03-03,151.089996,154.199997,146.309998,147.949997,136.931030,42941300
2020-03-04,150.279999,152.449997,148.520004,152.160004,140.827454,36195800
2020-03-05,148.839996,152.479996,145.490005,147.320007,136.347961,32729400
2020-03-06,142.710007,145.979996,140.990005,144.399994,133.645432,39688300
2020-03-09,134.130005,136.169998,130.259995,130.360001,120.651115,56320000
2020-03-10,134.710007,134.800003,128.020004,134.429993,124.417931,54432700
2020-03-11,130.919998,132.270004,124.169998,125.879997,116.504730,51354800
2020-03-12,116.769997,119.900002,111.599998,111.970001,103.630730,70114300
2020-03-13,118.309998,119.959999,109.550003,119.470001,110.572159,57915100
2020-03-16,108.620003,111.300003,101.430000,103.620003,95.902634,59095700
2020-03-17,104.959999,110.500000,100.610001,108.370003,100.298866,59344800
2020-03-18,103.050003,106.779999,96.250000,99.970001,92.524467,62296700
2020-03-19,99.660004,106.800003,95.690002,103.870003,96.133995,62654700
2020-03-20,106.120003,108.760002,100.449997,101.400002,93.847954,76203700
2020-03-23,101.900002,102.180000,95.910004,99.900002,92.459702,63534700
2020-03-24,105.370003,109.330002,99.930000,109.040001,100.918938,73386700
2020-03-25,109.480003,114.000000,106.019997,109.970001,102.173241,56043700
2020-03-26,111.540001,117.599998,111.199997,116.809998,108.528267,51657600
2020-03-27,112.250000,116.019997,110.870003,112.559998,104.579605,39931500
2020-03-30,113.239998,115.260002,110.800003,115.040001,106.883781,41552100
2020-03-31,114.599998,116.169998,111.959999,114.459999,106.344910,52948000
2020-04-01,108.699997,110.379997,105.529999,106.660004,99.097908,54224200
2020-04-02,105.720001,110.389999,104.570000,107.669998,100.036301,43774200
2020-04-03,106.589996,108.000000,102.599998,104.620003,97.202545,42189200
2020-04-06,109.089996,113.339996,109.019997,112.629997,104.644646,48708100
2020-04-07,116.879997,118.639999,112.389999,112.919998,104.914085,57546100
2020-04-08,114.879997,119.239998,113.290001,118.070000,109.698959,52822300
2020-04-09,121.919998,124.610001,121.330002,123.720001,114.948380,69528600
2020-04-13,122.849998,123.510002,119.120003,120.370003,111.835892,40198200
2020-04-14,123.900002,124.879997,121.300003,122.809998,114.102898,35089700
2020-04-15,117.860001,119.110001,116.660004,117.800003,109.448097,34809900
2020-04-16,118.089996,118.419998,114.559998,116.910004,108.621201,49501300
2020-04-17,121.900002,122.720001,120.059998,122.059998,113.406052,46250200
2020-04-20,119.589996,122.900002,119.040001,120.620003,112.068153,36700500
2020-04-21,117.419998,119.239998,116.480003,117.739998,109.392349,31608900
2020-04-22,120.320000,120.989998,118.769997,119.169998,110.720963,24333800
2020-04-23,120.110001,122.900002,119.680000,120.339996,111.808022,38571200
2020-04-24,121.529999,123.320000,120.089996,122.410004,113.731255,27147500
2020-04-27,123.949997,128.440002,123.860001,127.260002,118.237411,39021300
2020-04-28,131.119995,131.460007,127.279999,129.110001,119.956245,47292700
2020-04-29,133.490005,136.850006,131.880005,135.460007,125.856041,50390500
2020-04-30,131.899994,132.940002,130.139999,130.309998,121.071159,43727500
2020-05-01,127.150002,127.459999,123.290001,125.139999,116.267700,43352000
2020-05-04,123.599998,125.900002,122.250000,125.680000,116.769432,28498200
2020-05-05,128.070007,129.919998,126.099998,126.650002,117.670647,31209400
2020-05-06,127.489998,128.199997,125.000000,125.720001,116.806572,29836800
2020-05-07,127.389999,128.500000,126.550003,127.440002,118.404633,27493000
2020-05-08,130.160004,132.750000,129.190002,132.360001,122.975807,32122900
2020-05-11,130.410004,132.949997,129.330002,131.699997,122.362587,33983200
2020-05-12,132.259995,132.289993,126.839996,126.970001,117.967964,44275300
2020-05-13,125.650002,126.080002,120.410004,122.720001,114.019272,58719300
2020-05-14,119.970001,123.269997,117.180000,123.120003,114.390915,55904300
2020-05-15,122.010002,125.529999,121.459999,125.080002,116.211945,40236600
2020-05-18,131.449997,133.389999,130.830002,132.679993,123.273102,46981100
2020-05-19,132.220001,133.449997,130.059998,130.059998,120.838882,30270000
2020-05-20,132.729996,134.979996,132.380005,134.000000,124.499519,35901300
2020-05-21,134.050003,135.059998,132.580002,134.240005,124.722519,32716500
2020-05-22,134.669998,135.050003,133.020004,134.889999,125.326431,24035200
2020-05-26,140.089996,140.380005,134.990005,138.779999,128.940628,36971000
2020-05-27,141.570007,143.500000,137.330002,143.089996,132.945053,42682000
2020-05-28,144.740005,144.740005,137.580002,139.699997,129.795410,42105000
2020-05-29,138.300003,139.279999,136.410004,138.899994,129.052124,41536400
2020-06-01,139.259995,141.669998,138.610001,140.229996,130.287827,25567500
2020-06-02,141.070007,141.850006,139.559998,141.389999,131.365601,24666200
2020-06-03,143.669998,146.070007,143.110001,144.800003,134.533813,36111700
2020-06-04,143.839996,145.600006,143.179993,144.589996,134.338730,28904700
2020-06-05,150.860001,152.320007,149.550003,150.179993,139.532410,53513400
2020-06-08,152.350006,153.389999,151.630005,153.089996,142.236038,33834300
2020-06-09,150.860001,151.770004,149.059998,150.259995,139.606705,39646000
2020-06-10,150.089996,150.259995,145.899994,146.179993,135.815979,51774500
2020-06-11,140.149994,141.029999,134.770004,135.029999,125.456490,72041500
2020-06-12,140.330002,141.020004,134.149994,138.270004,128.466797,63864900
2020-06-15,133.279999,142.059998,133.279999,140.990005,131.436920,57354800
2020-06-16,146.690002,146.690002,141.029999,144.380005,134.597183,48957000
2020-06-17,144.589996,144.990005,141.320007,141.770004,132.164078,34811400
2020-06-18,140.369995,143.309998,139.809998,141.720001,132.117477,26974100
2020-06-19,144.419998,144.509995,139.839996,140.990005,131.436920,50293800
2020-06-22,140.240005,142.559998,138.830002,142.399994,132.751373,28983200
2020-06-23,144.320007,144.660004,142.649994,143.000000,133.310760,20344200
2020-06-24,141.100006,141.600006,136.309998,138.360001,128.985107,42998700
2020-06-25,137.710007,140.580002,136.289993,140.449997,130.933502,37191200
2020-06-26,139.479996,139.830002,136.490005,136.669998,127.409615,39100100
2020-06-29,138.710007,141.990005,137.100006,141.139999,131.576691,33935200
2020-06-30,140.669998,143.619995,140.589996,143.179993,133.478546,32865900
2020-07-01,143.649994,144.509995,141.240005,141.820007,132.210693,26457500
2020-07-02,144.559998,145.279999,141.889999,142.399994,132.751373,24022400
2020-07-06,145.320007,145.699997,142.929993,143.429993,133.711578,19858200
2020-07-07,142.179993,143.440002,140.479996,140.889999,131.343719,22661000
2020-07-08,140.759995,142.500000,139.100006,141.940002,132.322540,27358900
2020-07-09,142.020004,142.350006,137.240005,139.070007,129.647034,34647800
2020-07-10,139.139999,141.500000,138.460007,141.309998,131.735260,24008200
2020-07-13,142.800003,144.639999,139.389999,139.520004,130.066528,34235500
2020-07-14,139.429993,141.979996,138.639999,141.830002,132.220001,28114000
2020-07-15,145.419998,147.779999,144.789993,147.029999,137.067673,40770100
2020-07-16,146.110001,146.669998,144.880005,146.160004,136.256638,30530800
2020-07-17,146.679993,147.589996,145.509995,146.589996,136.657486,20644100
2020-07-20,146.119995,146.850006,145.149994,145.960007,136.070175,19663300
2020-07-21,147.470001,149.160004,147.199997,148.029999,137.999878,24503800
2020-07-22,147.089996,148.669998,147.029999,148.110001,138.074448,24424800
2020-07-23,147.979996,150.199997,146.699997,148.259995,138.214310,21704900
2020-07-24,147.289993,147.669998,145.559998,146.080002,136.182053,20015500
2020-07-27,146.190002,147.690002,145.389999,147.600006,137.599060,13370700
2020-07-28,147.070007,148.039993,146.059998,146.130005,136.228653,13268000
2020-07-29,147.000000,149.449997,146.979996,149.350006,139.230499,19864400
2020-07-30,147.139999,149.119995,146.330002,148.759995,138.680450,23618900
2020-07-31,148.139999,148.419998,144.669998,147.360001,137.375290,29881500
2020-08-03,148.289993,149.970001,147.220001,149.759995,139.612686,20777100
2020-08-04,149.389999,150.929993,149.039993,150.789993,140.572891,20285000
2020-08-05,152.289993,153.889999,151.779999,153.789993,143.369598,18190200
2020-08-06,153.800003,154.440002,152.910004,153.729996,143.313644,18237700
2020-08-07,153.449997,156.250000,153.149994,156.169998,145.588379,20475200
2020-08-10,156.649994,158.830002,156.649994,157.789993,147.098618,24000500
2020-08-11,159.270004,159.820007,156.160004,156.880005,146.250275,30359400
2020-08-12,158.669998,158.889999,156.490005,157.520004,146.846893,23378300
2020-08-13,156.990005,158.529999,156.649994,157.190002,146.539291,15799900
2020-08-14,156.279999,157.759995,155.869995,157.089996,146.446045,13360900
2020-08-17,157.500000,158.029999,156.740005,157.899994,147.201126,9744200
2020-08-18,157.850006,157.850006,155.710007,156.389999,145.793472,14670400
2020-08-19,156.929993,158.039993,156.190002,156.399994,145.802765,14337300
2020-08-20,154.800003,156.490005,154.539993,155.759995,145.206161,15413000
2020-08-21,155.149994,155.720001,153.600006,154.610001,144.134094,20685100
2020-08-24,155.860001,156.270004,154.330002,156.229996,145.644333,13707100
2020-08-25,156.809998,156.820007,154.789993,156.399994,145.802765,16269700
2020-08-26,156.500000,156.770004,155.179993,155.419998,144.889175,13772700
2020-08-27,156.119995,157.000000,154.630005,155.800003,145.243439,17508400
2020-08-28,156.600006,157.199997,155.729996,157.119995,146.473999,12371400
2020-08-31,157.190002,157.369995,155.300003,155.429993,144.898483,17051500
2020-09-01,155.220001,157.309998,154.449997,157.210007,146.557922,15638800
2020-09-02,157.960007,158.979996,156.179993,158.460007,147.723206,16763400
2020-09-03,158.119995,158.289993,152.960007,153.779999,143.360275,32117600
2020-09-04,155.710007,155.889999,149.289993,152.800003,142.446732,30618800
2020-09-08,151.179993,152.479996,149.000000,149.860001,139.705902,26447800
2020-09-09,151.429993,152.779999,150.570007,152.130005,141.822113,20160800
2020-09-10,152.830002,153.880005,150.059998,150.149994,139.976227,23005500
2020-09-11,150.919998,151.050003,147.679993,149.149994,139.044006,20851000
2020-09-14,150.589996,153.429993,150.369995,153.080002,142.707748,21991300
2020-09-15,154.380005,154.699997,152.860001,153.369995,142.978073,16175500
2020-09-16,154.110001,156.850006,153.839996,154.820007,144.329865,22178400
2020-09-17,152.619995,154.399994,151.750000,153.690002,143.276398,20002900
2020-09-18,153.979996,155.289993,151.139999,153.289993,142.903519,38352800
2020-09-21,149.820007,150.259995,146.330002,147.919998,137.897324,40652500
2020-09-22,148.649994,149.300003,146.559998,149.059998,138.960098,19385800
2020-09-23,148.410004,149.429993,143.979996,144.070007,134.820190,33403400
2020-09-24,144.039993,146.529999,142.089996,144.070007,134.820190,31723700
2020-09-25,143.440002,146.850006,143.350006,146.410004,137.009933,20689300
2020-09-28,148.369995,150.440002,146.399994,150.020004,140.388123,17600900
2020-09-29,149.850006,150.279999,148.000000,149.339996,139.751801,18683800
2020-09-30,149.899994,151.970001,148.490005,149.789993,140.172882,29073700
2020-10-01,150.809998,152.199997,149.490005,152.179993,142.409424,25872000
2020-10-02,149.410004,153.580002,148.990005,152.850006,143.036469,29452000
2020-10-05,154.490005,157.309998,154.479996,157.070007,146.985489,18553600
2020-10-06,158.500000,161.009995,156.339996,156.619995,146.564392,36348000
2020-10-07,158.589996,160.559998,158.460007,160.039993,149.764801,27049700
2020-10-08,161.720001,162.279999,160.580002,161.860001,151.467941,37278600
2020-10-09,163.350006,163.710007,161.809998,162.699997,152.254044,25038100
2020-10-12,163.399994,164.240005,162.600006,163.789993,153.274048,20336200
2020-10-13,162.520004,163.220001,161.479996,162.699997,152.254044,20106500
2020-10-14,163.009995,163.910004,160.940002,161.089996,150.747375,19024900
2020-10-15,159.289993,163.179993,158.809998,162.750000,152.300858,22865100
2020-10-16,163.210007,163.699997,162.309998,162.350006,151.926529,17637900
2020-10-19,162.880005,164.029999,160.029999,160.410004,150.111099,18360600
2020-10-20,161.559998,162.449997,160.339996,160.759995,150.438583,18927700
2020-10-21,160.869995,161.369995,159.289993,159.380005,149.147171,17504100
2020-10-22,160.139999,162.190002,159.179993,162.130005,151.720612,20673900
2020-10-23,163.070007,163.330002,161.250000,163.070007,152.600281,20889800
2020-10-26,160.919998,161.369995,157.380005,159.550003,149.306305,26509900
2020-10-27,159.449997,160.059998,157.940002,158.179993,148.024231,20523000
2020-10-28,154.660004,155.440002,153.039993,153.309998,143.466904,32338700
2020-10-29,152.770004,155.789993,151.669998,155.139999,145.179428,27203200
2020-10-30,154.320007,155.279999,151.389999,153.089996,143.261032,31764500
2020-11-02,154.770004,155.889999,153.669998,155.820007,145.815781,25252100
2020-11-03,158.429993,161.229996,158.059998,160.240005,149.951965,30257400
2020-11-04,157.750000,162.350006,157.710007,160.419998,150.120422,45226300
2020-11-05,162.009995,165.580002,161.910004,164.910004,154.322144,31911000
2020-11-06,165.619995,165.710007,163.300003,163.619995,153.115005,24930400
2020-11-09,176.949997,178.100006,169.330002,169.550003,158.664230,55052700
2020-11-10,171.199997,173.330002,169.750000,172.699997,161.612000,35492200
2020-11-11,173.339996,173.479996,170.860001,172.630005,161.546524,23972600
2020-11-12,171.399994,172.639999,168.339996,169.979996,159.066635,33986800
2020-11-13,171.350006,174.130005,171.309998,173.500000,162.360672,25440400
2020-11-16,176.490005,177.779999,175.399994,177.630005,166.225494,31812300
2020-11-17,176.039993,178.800003,174.279999,178.460007,167.002182,26154500
2020-11-18,178.940002,179.720001,175.860001,175.960007,164.662689,24377800
2020-11-19,175.649994,177.589996,175.070007,177.309998,165.926025,20187600
2020-11-20,176.669998,177.940002,175.830002,177.500000,166.103867,24898800
2020-11-23,179.250000,181.990005,178.729996,180.820007,169.210663,24816000
2020-11-24,183.389999,185.440002,182.360001,184.220001,172.392395,34945400
2020-11-25,183.500000,184.309998,181.889999,183.589996,171.802841,21082700
2020-11-27,183.720001,184.490005,183.220001,184.369995,172.532761,10384400
2020-11-30,183.820007,184.320007,180.320007,181.020004,169.397842,25481600
2020-12-01,183.600006,184.220001,181.020004,182.699997,170.969940,30265000
2020-12-02,181.949997,183.479996,180.759995,182.889999,171.147766,20142800
2020-12-03,183.339996,185.179993,182.940002,183.919998,172.111618,19603600
2020-12-04,185.020004,188.449997,183.919998,188.199997,176.116837,24415700
2020-12-07,188.229996,188.949997,187.440002,188.380005,176.285294,14671500
2020-12-08,187.119995,190.979996,187.080002,190.800003,178.549927,20165600
2020-12-09,192.020004,192.809998,187.899994,189.410004,177.249176,29507600
2020-12-10,187.759995,191.649994,187.309998,191.240005,178.961670,21245300
2020-12-11,189.990005,191.720001,188.300003,190.300003,178.082047,30865000
2020-12-14,191.960007,193.119995,189.880005,189.929993,178.290421,32237700
2020-12-15,191.759995,194.899994,190.729996,194.679993,182.749313,26807000
2020-12-16,195.130005,195.210007,192.960007,193.979996,182.092148,25494600
2020-12-17,194.729996,196.380005,194.059998,196.289993,184.260666,23834200
2020-12-18,196.610001,197.830002,194.800003,195.339996,183.368881,37033400
2020-12-21,191.899994,195.779999,191.479996,195.240005,183.275009,30873000
2020-12-22,195.990005,197.720001,195.389999,197.460007,185.358978,21919700
2020-12-23,198.570007,199.649994,197.899994,199.139999,186.935974,18392000
2020-12-24,199.929993,199.940002,198.059998,199.009995,186.813934,8904900
2020-12-28,201.160004,201.179993,198.130005,198.270004,186.119263,27168400
2020-12-29,198.639999,199.000000,193.440002,194.429993,182.514618,33901300
2020-12-30,195.050003,197.479996,195.029999,196.410004,184.373291,20595700
2020-12-31,196.619995,196.839996,194.619995,196.059998,184.044739,24747700
2021-01-04,197.539993,197.889999,190.940002,193.500000,181.641617,33664200
2021-01-05,193.089996,197.619995,193.070007,196.490005,184.448364,27442900
2021-01-06,199.479996,206.779999,199.160004,204.529999,191.995667,52952200
2021-01-07,205.710007,208.520004,205.699997,208.169998,195.412567,24031400
2021-01-08,209.320007,209.770004,204.660004,207.720001,194.990189,29017000
2021-01-11,205.089996,208.119995,204.830002,207.539993,194.821198,20945100
2021-01-12,208.520004,211.389999,208.490005,211.259995,198.313217,24892200
2021-01-13,211.429993,211.729996,209.190002,209.750000,196.895767,22782200
2021-01-14,211.240005,215.000000,211.130005,213.940002,200.828964,33913700
2021-01-15,210.809998,213.960007,208.259995,210.750000,197.834488,41043500
2021-01-19,213.339996,213.610001,211.720001,213.449997,200.369019,19744300
2021-01-20,214.360001,215.979996,213.070007,214.389999,201.251389,25474200
2021-01-21,214.970001,215.160004,211.949997,212.529999,199.505417,21180500
2021-01-22,210.490005,215.330002,209.550003,215.000000,201.824036,24800200
2021-01-25,214.929993,217.910004,211.600006,214.789993,201.626877,33985000
2021-01-26,216.300003,216.690002,212.770004,213.300003,200.228195,23969800
2021-01-27,209.500000,212.990005,207.289993,209.389999,196.557861,45830300
2021-01-28,210.839996,212.369995,207.630005,208.720001,195.928909,32202500
2021-01-29,209.729996,210.990005,204.839996,205.559998,192.962524,40591900
2021-02-01,208.169998,211.570007,205.759995,210.610001,197.703064,26375100
2021-02-02,213.149994,214.050003,210.889999,213.610001,200.519241,22773100
2021-02-03,213.699997,214.740005,211.589996,214.250000,201.119995,23923200
2021-02-04,215.089996,218.830002,215.080002,218.619995,205.222153,25400800
2021-02-05,220.940002,221.839996,218.770004,221.649994,208.066483,23338800
2021-02-08,223.789993,227.330002,223.399994,227.309998,213.379639,20831500
2021-02-09,227.130005,229.619995,226.309998,228.380005,214.384033,19510900
2021-02-10,229.919998,230.320007,224.949997,226.880005,212.975983,27955400
2021-02-11,228.139999,229.000000,223.419998,226.619995,212.731903,25847600
2021-02-12,225.929993,227.740005,224.639999,227.259995,213.332687,17440200
2021-02-16,229.470001,229.630005,224.789993,225.830002,211.990341,22999500
2021-02-17,223.610001,224.740005,220.960007,224.059998,210.328812,25042300
2021-02-18,222.339996,222.899994,219.389999,220.589996,207.071442,24501500
2021-02-19,222.460007,226.300003,222.169998,225.190002,211.389557,31238200
2021-02-22,223.509995,226.389999,222.979996,223.729996,210.019043,23272100
2021-02-23,220.960007,222.979996,215.559998,221.759995,208.169769,38646800
2021-02-24,222.619995,227.449997,221.710007,227.000000,213.088608,27584900
2021-02-25,226.789993,227.589996,218.009995,218.610001,205.212799,49961400
2021-02-26,219.520004,222.229996,214.809998,218.309998,204.931168,47734200
2021-03-01,223.479996,226.710007,222.940002,226.070007,212.215622,26161000
2021-03-02,225.789993,225.960007,221.550003,221.720001,208.132217,26895400
2021-03-03,222.419998,224.259995,219.210007,219.320007,205.879257,33407600
2021-03-04,218.509995,220.690002,209.429993,213.190002,200.124924,59126500
2021-03-05,216.889999,218.149994,207.210007,217.710007,204.367950,53204300
2021-03-08,219.360001,222.270004,217.669998,218.740005,205.334839,40619700
2021-03-09,222.410004,224.990005,220.919998,223.339996,209.652939,32247300
2021-03-10,225.600006,228.970001,225.199997,227.220001,213.295151,36812000
2021-03-11,229.550003,232.279999,228.789993,232.220001,217.988739,25256700
2021-03-12,231.990005,234.149994,231.369995,233.589996,219.274734,23732200
2021-03-15,233.339996,234.529999,231.910004,234.419998,220.053909,21497400
2021-03-16,234.020004,234.089996,229.119995,230.500000,216.374161,24675000
2021-03-17,228.970001,232.820007,227.360001,232.309998,218.073196,29422600
2021-03-18,230.800003,232.929993,224.610001,225.240005,211.436447,35637200
2021-03-19,224.570007,228.600006,222.949997,226.940002,213.032272,40855600
2021-03-22,227.679993,228.100006,224.100006,225.229996,211.427063,26128400
2021-03-23,223.160004,223.860001,216.029999,217.059998,203.757782,43660700
2021-03-24,219.860001,221.330002,212.039993,212.039993,199.045441,47270200
2021-03-25,209.339996,217.520004,208.029999,216.660004,203.764771,59244600
2021-03-26,218.960007,220.679993,215.960007,220.610001,207.479645,34452600
2021-03-29,219.009995,220.929993,214.080002,214.399994,201.639267,38078800
2021-03-30,214.389999,218.679993,213.139999,218.009995,205.034393,36205400
2021-03-31,219.169998,222.399994,219.119995,220.940002,207.790024,34800100
2021-04-01,222.399994,223.899994,222.020004,223.740005,210.423370,29799200
2021-04-05,226.399994,226.539993,223.570007,224.970001,211.580170,27826600
2021-04-06,225.000000,226.690002,223.839996,224.309998,210.959442,24907800
2021-04-07,224.229996,224.369995,219.940002,220.690002,207.554916,26233700
2021-04-08,221.839996,222.820007,219.389999,222.559998,209.313599,23989400
2021-04-09,222.490005,223.089996,221.240005,222.589996,209.341858,23267400
2021-04-12,222.720001,222.929993,220.399994,221.720001,208.523621,20533900
2021-04-13,221.479996,222.570007,218.830002,221.139999,207.978149,24608400
2021-04-14,221.869995,226.000000,221.800003,223.320007,210.028381,27362000
2021-04-15,225.089996,225.119995,222.259995,224.289993,210.940628,20587300
2021-04-16,225.399994,225.679993,223.009995,224.649994,211.279205,23943000
2021-04-19,223.710007,224.660004,219.940002,221.729996,208.532990,25285900
2021-04-20,220.770004,221.619995,215.240005,217.190002,204.263199,35570800
2021-04-21,217.020004,222.619995,215.500000,222.500000,209.257217,31147800
2021-04-22,223.259995,225.330002,220.779999,221.580002,208.391937,31943700
2021-04-23,222.820007,226.649994,222.020004,225.759995,212.323151,27999500
2021-04-26,227.000000,228.690002,226.750000,228.110001,214.533310,19069200
2021-04-27,228.710007,229.389999,227.509995,228.449997,214.853027,19648100
2021-04-28,228.080002,229.490005,227.100006,228.839996,215.219864,16222700
2021-04-29,230.850006,230.949997,225.789993,227.990005,214.420425,25500300
2021-04-30,225.720001,227.800003,224.139999,224.889999,211.504929,27006000
2021-05-03,227.210007,227.410004,224.919998,225.990005,212.539490,18693400
2021-05-04,224.600006,226.139999,220.960007,223.289993,210.000153,26892700
2021-05-05,224.279999,224.539993,221.360001,222.399994,209.163132,25139500
2021-05-06,222.649994,222.809998,218.639999,222.589996,209.341858,27647300
2021-05-07,222.660004,225.929993,222.160004,225.389999,211.975189,26172700
2021-05-10,225.229996,225.669998,219.589996,219.660004,206.586197,28109100
2021-05-11,214.919998,220.389999,214.419998,218.960007,205.927887,39519500
2021-05-12,217.100006,218.770004,211.539993,211.850006,199.241058,42113400
2021-05-13,213.309998,217.440002,211.800003,215.750000,202.908936,37739900
2021-05-14,217.940002,221.410004,215.679993,221.020004,207.865295,25070400
2021-05-17,219.779999,221.389999,217.899994,221.320007,208.147446,20048500
2021-05-18,221.389999,223.240005,219.470001,219.639999,206.567444,24564500
2021-05-19,216.029999,218.160004,214.050003,217.949997,204.977997,31202800
2021-05-20,218.270004,219.869995,216.330002,219.399994,206.341675,24932800
2021-05-21,221.330002,222.369995,219.350006,219.970001,206.877716,24213700
2021-05-24,221.179993,222.449997,220.000000,221.399994,208.222656,18324200
2021-05-25,222.229996,223.710007,219.190002,219.259995,206.210007,20514900
2021-05-26,220.130005,223.690002,220.119995,223.350006,210.056580,20388200
2021-05-27,225.039993,226.360001,224.179993,225.649994,212.219711,21225700
2021-05-28,227.080002,227.179993,225.050003,225.500000,212.078644,20668400
2021-06-01,227.460007,228.559998,225.960007,228.059998,214.486267,23081500
2021-06-02,228.910004,228.919998,226.830002,228.330002,214.740204,18927500
2021-06-03,226.820007,227.619995,224.039993,226.419998,212.943878,24811500
2021-06-04,227.559998,228.059998,226.210007,227.399994,213.865540,19395800
2021-06-07,227.889999,230.779999,227.250000,230.449997,216.734009,24049900
2021-06-08,231.210007,233.479996,229.979996,232.889999,219.028763,27770300
2021-06-09,233.539993,233.639999,230.979996,231.339996,217.571030,18700600
2021-06-10,231.679993,232.179993,228.710007,229.279999,215.957581,29069000
2021-06-11,230.300003,231.800003,230.070007,231.699997,218.236954,16707200
2021-06-14,232.309998,233.350006,230.139999,231.020004,217.596481,19182800
2021-06-15,231.119995,231.470001,228.479996,230.360001,216.974808,17039900
2021-06-16,229.699997,230.679993,227.639999,229.869995,216.513275,24527000
2021-06-17,229.240005,230.199997,224.520004,227.289993,214.083191,48292500
2021-06-18,223.699997,225.740005,221.130005,222.130005,209.223038,54023700
2021-06-21,224.050003,227.500000,223.279999,226.880005,213.697021,26736400
2021-06-22,226.270004,228.410004,224.720001,227.910004,214.667160,21188500
2021-06-23,227.990005,229.960007,227.990005,228.660004,215.373596,22387500
2021-06-24,230.119995,231.910004,228.720001,231.889999,218.415909,21732500
2021-06-25,232.289993,233.410004,231.750000,232.279999,218.783234,27619000
2021-06-28,232.240005,232.589996,228.770004,230.440002,217.050171,25006000
2021-06-29,231.229996,231.729996,228.770004,229.339996,216.014069,18844300
2021-06-30,228.649994,230.320007,227.759995,229.369995,216.042358,26039000
2021-07-01,230.809998,231.850006,229.710007,231.389999,217.944992,18089100
2021-07-02,232.000000,232.080002,228.559998,229.190002,215.872833,21029700
2021-07-06,229.360001,229.460007,223.869995,225.860001,212.736343,27771300
2021-07-07,225.539993,226.669998,221.800003,223.759995,210.758270,28521500
2021-07-08,219.309998,224.080002,217.850006,221.699997,208.818008,42297900
2021-07-09,224.160004,226.449997,223.339996,226.380005,213.226089,23976400
2021-07-12,225.559998,226.889999,224.550003,226.570007,213.405014,16831000
2021-07-13,225.229996,225.740005,222.220001,222.300003,209.383133,25357500
2021-07-14,223.710007,224.360001,218.550003,218.869995,206.152466,30594100
2021-07-15,217.830002,219.059998,214.940002,217.630005,204.984512,45477000
2021-07-16,219.830002,219.880005,214.470001,214.949997,202.460190,36620200
2021-07-19,210.630005,214.449997,209.050003,211.729996,199.427322,58571000
2021-07-20,212.199997,219.270004,211.259995,218.300003,205.615601,40794600
2021-07-21,219.449997,222.220001,219.360001,222.059998,209.157089,28278700
2021-07-22,221.470001,221.929993,217.580002,218.529999,205.832184,32879000
2021-07-23,219.869995,219.949997,216.910004,219.550003,206.792953,23660300
2021-07-26,220.389999,222.050003,219.149994,220.190002,207.395752,22194200
2021-07-27,219.009995,219.080002,215.380005,217.619995,204.975052,35063600
2021-07-28,219.000000,222.589996,217.399994,220.820007,207.989120,33043700
2021-07-29,222.789993,224.440002,222.139999,222.520004,209.590363,22634800
2021-07-30,221.649994,224.050003,220.279999,221.050003,208.205811,28473000
2021-08-02,222.470001,224.550003,219.639999,219.949997,207.169693,24192600
2021-08-03,220.619995,221.119995,217.100006,220.860001,208.026840,27798600
2021-08-04,219.100006,221.199997,217.889999,218.110001,205.436661,25588500
2021-08-05,219.089996,222.440002,218.679993,222.029999,209.128830,23915200
2021-08-06,223.750000,225.210007,222.139999,223.389999,210.409805,24429200
2021-08-09,222.919998,223.190002,221.210007,222.160004,209.251282,17225600
2021-08-10,222.639999,223.220001,221.190002,222.600006,209.665741,22681600
2021-08-11,223.020004,223.729996,220.470001,223.690002,210.692429,25691300
2021-08-12,223.759995,223.839996,221.710007,223.160004,210.193192,23269500
2021-08-13,222.979996,223.300003,220.699997,221.130005,208.281097,20813700
2021-08-16,219.770004,220.259995,217.649994,219.070007,206.340851,24074400
2021-08-17,216.660004,217.440002,213.750000,216.399994,203.825943,35161500
2021-08-18,216.100006,218.039993,214.369995,214.509995,202.045822,29102300
2021-08-19,212.429993,214.070007,210.679993,211.940002,199.625107,38119900
2021-08-20,212.100006,216.020004,211.419998,215.520004,202.997116,31759500
2021-08-23,217.479996,219.940002,217.440002,219.619995,206.858871,25778800
2021-08-24,220.320007,221.919998,219.690002,221.779999,208.893356,18677900
2021-08-25,221.770004,223.970001,220.850006,222.559998,209.628052,21548000
2021-08-26,222.139999,223.160004,219.740005,220.199997,207.405151,22380300
2021-08-27,220.649994,227.029999,220.570007,226.410004,213.254364,33998500
2021-08-30,227.250000,227.350006,224.979996,225.479996,212.378342,20733300
2021-08-31,225.240005,226.610001,224.330002,225.919998,212.792786,20839800
2021-09-01,226.830002,228.240005,224.869995,227.440002,214.224487,20451500
2021-09-02,228.330002,229.839996,227.600006,229.020004,215.712677,22810100
2021-09-03,228.250000,228.970001,227.190002,227.960007,214.714294,18213100
2021-09-07,227.720001,229.000000,226.250000,226.389999,213.235519,19153400
2021-09-08,225.610001,225.970001,222.630005,223.919998,210.909012,25241500
2021-09-09,223.539993,226.289993,222.960007,223.809998,210.805374,27180500
2021-09-10,225.160004,225.289993,221.520004,221.619995,208.742706,24366100
2021-09-13,223.210007,223.380005,220.250000,222.880005,209.929474,34693100
2021-09-14,223.750000,223.770004,219.070007,220.039993,207.254471,30312600
2021-09-15,220.020004,222.740005,219.460007,222.029999,209.128830,27572000
2021-09-16,222.259995,223.339996,220.259995,222.190002,209.279541,22369000
2021-09-17,221.619995,223.029999,220.639999,222.479996,209.552689,39957600
2021-09-20,217.449997,218.990005,214.220001,217.190002,204.570068,44958500
2021-09-21,218.770004,219.289993,215.820007,217.520004,204.880890,26711200
2021-09-22,218.880005,222.550003,218.869995,220.899994,208.064468,32100300
2021-09-23,222.179993,225.649994,221.559998,224.809998,211.747314,31057800
2021-09-24,223.020004,224.360001,221.839996,223.050003,210.726013,28866000
2021-09-27,223.619995,227.679993,223.529999,226.440002,213.928757,29743200
2021-09-28,225.410004,225.600006,220.850006,221.289993,209.063278,39938200
2021-09-29,222.270004,222.660004,220.169998,220.820007,208.619247,23628900
2021-09-30,222.119995,222.610001,218.600006,218.750000,206.663620,33153600
2021-10-01,219.949997,223.500000,217.740005,222.279999,209.998581,32647000
2021-10-04,222.139999,222.320007,218.929993,220.259995,208.090225,32580200
2021-10-05,220.960007,223.059998,219.880005,221.020004,208.808182,20407600
2021-10-06,218.759995,220.199997,216.759995,219.869995,207.721725,32893300
2021-10-07,221.529999,224.949997,221.369995,223.259995,210.924423,24289300
2021-10-08,223.389999,224.110001,221.500000,221.580002,209.337234,17989600
2021-10-11,221.830002,223.550003,220.250000,220.309998,208.137436,15929800
2021-10-12,220.850006,222.470001,220.360001,221.520004,209.280594,18800600
2021-10-13,221.889999,222.699997,219.830002,222.570007,210.272552,19676200
2021-10-14,224.750000,226.000000,224.320007,225.869995,213.390228,18160000
2021-10-15,227.979996,228.410004,225.059998,225.160004,212.719437,27555300
2021-10-18,223.880005,225.679993,223.729996,225.029999,212.596634,19082600
2021-10-19,225.979996,226.880005,224.610001,225.869995,213.390228,15498400
2021-10-20,225.970001,227.979996,225.119995,227.369995,214.807358,18130500
2021-10-21,227.190002,229.009995,226.619995,227.949997,215.355286,17851600
2021-10-22,227.800003,228.389999,225.690002,227.410004,214.845169,16887000
2021-10-25,227.789993,229.979996,227.279999,229.570007,216.885803,16387100
2021-10-26,230.029999,230.720001,227.800003,227.839996,215.251389,25290200
2021-10-27,227.179993,227.460007,223.500000,223.649994,211.292847,27088500
2021-10-28,224.800003,228.259995,224.770004,228.110001,215.506439,22890600
2021-10-29,227.800003,228.830002,226.960007,228.050003,215.449799,20777700
2021-11-01,229.250000,234.179993,228.889999,233.960007,221.033249,35500800
2021-11-02,234.380005,234.850006,232.649994,234.449997,221.496124,24949700
2021-11-03,234.149994,239.809998,233.919998,238.639999,225.454636,47648500
2021-11-04,239.479996,240.940002,237.559998,238.550003,225.369629,26514000
2021-11-05,241.169998,243.399994,240.199997,241.809998,228.449478,42041700
2021-11-08,243.740005,244.460007,241.929993,242.559998,229.158081,31324500
2021-11-09,242.000000,242.529999,239.539993,241.149994,227.825958,29895900
2021-11-10,240.080002,241.559998,236.309998,237.350006,224.235947,32471600
2021-11-11,238.309998,240.380005,237.660004,239.259995,226.040375,17987500
2021-11-12,239.919998,240.210007,238.740005,239.500000,226.267120,20526700
2021-11-15,240.570007,240.759995,237.550003,238.550003,225.369629,27390000
2021-11-16,237.759995,239.369995,236.949997,238.990005,225.785355,21925200
2021-11-17,238.059998,238.130005,235.130005,235.860001,222.828247,26527800
2021-11-18,236.919998,237.070007,233.050003,234.860001,221.883499,30637300
2021-11-19,233.270004,234.419998,232.389999,232.720001,219.861725,33994000
2021-11-22,234.220001,235.740005,231.619995,231.729996,218.926437,31042100
2021-11-23,231.389999,233.000000,228.619995,231.330002,218.548569,33843800
2021-11-24,229.389999,231.990005,228.539993,231.580002,218.784760,24099300
2021-11-26,224.960007,226.169998,219.639999,222.850006,210.537094,62595400
2021-11-29,226.220001,226.750000,221.240005,222.710007,210.404816,45982400
2021-11-30,220.660004,221.860001,215.880005,218.169998,206.115646,64908400
2021-12-01,223.169998,224.210007,213.149994,213.259995,201.476959,69120100
2021-12-02,214.369995,219.940002,213.820007,219.210007,207.098206,64315700
2021-12-03,220.289993,220.380005,212.710007,214.710007,202.846878,64425200
2021-12-06,216.539993,220.690002,213.710007,219.020004,206.918716,43878300
2021-12-07,222.139999,226.039993,221.979996,224.100006,211.718048,44679200
2021-12-08,224.600006,226.539993,223.059998,225.630005,213.163498,36546400
2021-12-09,223.949997,225.809998,220.479996,220.520004,208.335800,34830300
2021-12-10,222.199997,222.850006,218.320007,219.910004,207.759537,32924600
2021-12-13,218.389999,219.050003,214.750000,216.039993,204.723358,33478400
2021-12-14,214.580002,217.520004,213.309998,214.179993,202.960785,36543500
2021-12-15,214.210007,218.160004,211.080002,217.580002,206.182739,51261000
2021-12-16,219.449997,219.899994,212.250000,213.179993,202.013168,52743800
2021-12-17,212.199997,217.350006,210.300003,215.139999,203.870499,62620900
2021-12-20,212.089996,212.940002,208.759995,212.119995,201.008698,49993000
2021-12-21,214.199997,218.389999,212.059998,218.179993,206.751266,38545300
2021-12-22,217.869995,220.350006,217.130005,220.279999,208.741241,32442000
2021-12-23,221.050003,222.800003,220.339996,222.039993,210.409042,22125400
2021-12-27,222.339996,224.240005,220.600006,224.119995,212.380127,24196700
2021-12-28,223.789993,225.729996,222.350006,222.750000,211.081863,23120300
2021-12-29,222.720001,223.490005,221.259995,222.990005,211.309296,19444400
2021-12-30,222.940002,225.429993,222.699997,222.929993,211.252441,23607700
2021-12-31,222.490005,224.119995,222.389999,222.449997,210.797577,23997400
2022-01-03,223.710007,226.690002,222.729996,225.320007,213.517273,30618800
2022-01-04,226.000000,227.130005,223.380005,224.979996,213.195053,22013100
2022-01-05,224.869995,225.910004,217.320007,217.360001,205.974228,40582100
2022-01-06,217.820007,220.419998,215.820007,218.600006,207.149261,39105900
2022-01-07,218.600006,220.380005,215.929993,216.070007,204.751801,31583900
2022-01-10,214.770004,215.389999,211.110001,215.320007,204.041077,45778100
2022-01-11,215.479996,217.830002,212.960007,217.610001,206.211121,35209900
2022-01-12,218.520004,219.380005,214.639999,215.990005,204.675964,35284500
2022-01-13,216.809998,218.190002,213.380005,214.009995,202.799698,34489600
2022-01-14,211.990005,214.399994,210.580002,214.309998,203.083984,42020900
2022-01-18,212.199997,212.440002,207.529999,207.830002,196.943405,49434400
2022-01-19,208.809998,209.460007,204.380005,204.449997,193.740479,46209100
2022-01-20,205.380005,208.990005,200.330002,200.750000,190.234253,50466000
2022-01-21,199.759995,203.020004,196.990005,196.990005,186.671234,85821000
2022-01-24,194.070007,202.389999,191.229996,201.529999,190.973389,85782000
2022-01-25,198.479996,201.699997,194.559998,198.839996,188.424316,61088500
2022-01-26,201.779999,203.550003,193.720001,195.970001,185.704712,71471700
2022-01-27,197.630005,199.610001,190.600006,191.520004,181.487778,59829000
2022-01-28,191.699997,195.309998,188.089996,195.250000,185.022369,65870000
2022-01-31,194.389999,201.240005,193.850006,201.240005,190.698593,53393800
2022-02-01,201.660004,203.570007,197.970001,203.360001,192.707581,43429400
2022-02-02,203.619995,203.899994,199.289993,201.339996,190.793381,42777800
2022-02-03,198.839996,201.240005,197.050003,197.529999,187.182922,39629400
2022-02-04,197.039993,200.100006,194.919998,198.380005,187.988419,34291100
2022-02-07,198.429993,201.160004,197.990005,199.360001,188.917099,33242600
2022-02-08,199.470001,203.119995,199.360001,202.759995,192.138992,28341900
2022-02-09,204.570007,206.649994,204.300003,206.610001,195.787323,27329300
2022-02-10,202.899994,209.050003,202.119995,203.440002,192.783417,44788100
2022-02-11,203.649994,206.059998,199.690002,201.380005,190.831253,41516600
2022-02-14,201.630005,203.529999,199.240005,200.679993,190.167953,32262700
2022-02-15,202.779999,206.309998,202.630005,206.059998,195.266113,25847500
2022-02-16,205.300003,207.270004,204.080002,206.490005,195.673599,30104800
2022-02-17,204.550003,205.029999,200.779999,201.199997,190.660706,27140200
2022-02-18,201.029999,202.720001,198.759995,199.470001,189.021332,36255400
2022-02-22,198.479996,200.449997,195.350006,196.660004,186.358536,31847100
2022-02-23,198.240005,198.899994,192.550003,192.979996,182.871292,31491500
2022-02-24,188.320007,198.479996,187.919998,198.039993,187.666260,52221100
2022-02-25,198.690002,202.619995,197.000000,202.500000,191.892593,33656200
2022-02-28,200.470001,204.600006,200.460007,203.320007,192.669662,34975900
2022-03-01,202.660004,203.789993,197.800003,199.490005,189.040298,40638900
2022-03-02,200.839996,205.300003,200.690002,204.240005,193.541489,29978600
2022-03-03,205.089996,205.110001,200.289993,201.820007,191.248260,30142700
2022-03-04,199.699997,200.860001,196.979996,198.660004,188.253769,31610400
2022-03-07,199.220001,199.589996,193.679993,193.720001,183.572556,39279800
2022-03-08,194.339996,199.570007,193.460007,194.789993,184.586472,45715800
2022-03-09,198.220001,201.000000,197.619995,200.279999,189.788910,29048000
2022-03-10,197.410004,200.039993,196.559998,199.919998,189.447784,25661000
2022-03-11,200.779999,201.759995,196.440002,196.729996,186.424896,24990000
2022-03-14,197.240005,197.440002,191.880005,192.710007,182.615463,34969500
2022-03-15,193.460007,195.789993,192.880005,195.779999,185.524643,25464300
2022-03-16,197.539993,201.940002,196.149994,201.940002,191.361908,31869700
2022-03-17,200.770004,205.210007,200.300003,205.110001,194.365891,25783100
2022-03-18,204.210007,207.449997,204.000000,207.270004,196.412735,37092200
2022-03-21,207.199997,208.179993,203.940002,205.440002,194.678619,26747500
2022-03-22,206.309998,208.789993,205.800003,207.500000,196.630722,24699900
2022-03-23,206.149994,207.199997,203.750000,203.899994,193.219284,19775000
2022-03-24,204.380005,205.899994,202.729996,205.839996,195.441055,19781200
2022-03-25,206.089996,206.619995,204.440002,206.119995,195.706924,19430400
2022-03-28,205.600006,206.210007,203.029999,206.190002,195.773361,18999100
2022-03-29,208.000000,212.250000,207.880005,211.710007,201.014557,29550600
2022-03-30,211.369995,211.740005,206.610001,207.460007,196.979218,26251500
2022-03-31,207.130005,208.910004,205.149994,205.270004,194.899872,26771600
2022-04-01,206.179993,207.720001,205.009995,207.570007,197.083664,25948500
2022-04-04,207.869995,208.429993,205.880005,207.910004,197.406494,20333900
2022-04-05,207.960007,209.440002,202.509995,202.990005,192.735046,26509800
2022-04-06,201.270004,201.800003,198.679993,200.110001,190.000534,34903900
2022-04-07,200.110001,201.229996,196.679993,199.460007,189.383347,29291200
2022-04-08,199.220001,200.309998,197.500000,197.869995,187.873703,25249600
2022-04-11,197.119995,199.250000,195.880005,196.539993,186.610916,33702300
2022-04-12,198.699997,201.679993,196.419998,197.160004,187.199585,33699800
2022-04-13,197.679993,201.449997,197.610001,200.910004,190.760086,22303600
2022-04-14,201.110001,202.369995,198.869995,198.960007,188.908661,27107000
2022-04-18,198.460007,199.179993,196.529999,197.619995,187.636337,22246400
2022-04-19,197.860001,202.240005,197.690002,201.559998,191.377304,22786700
2022-04-20,203.050003,203.869995,201.860001,202.330002,192.108353,20516200
2022-04-21,204.229996,204.800003,197.020004,197.800003,187.807251,31547700
2022-04-22,196.869995,197.369995,192.289993,192.679993,182.945908,35686900
2022-04-25,190.990005,194.110001,189.210007,193.850006,184.056839,35556500
2022-04-26,192.320007,192.710007,187.479996,187.740005,178.255478,40513600
2022-04-27,187.669998,189.779999,186.259995,186.960007,177.514847,37808000
2022-04-28,189.169998,191.399994,184.710007,190.449997,180.828568,37405200
2022-04-29,189.589996,191.729996,184.509995,184.949997,175.606430,41193400
2022-05-02,184.899994,187.820007,182.380005,186.889999,177.448380,38002100
2022-05-03,186.919998,189.509995,185.679993,188.490005,178.967575,30246300
2022-05-04,189.050003,193.929993,185.690002,193.520004,183.743454,38834700
2022-05-05,191.529999,191.559998,183.380005,185.669998,176.290024,41468700
2022-05-06,184.960007,185.419998,180.550003,182.580002,173.356171,45457900
2022-05-09,179.860001,182.649994,174.100006,174.899994,166.064133,53682200
2022-05-10,177.570007,178.910004,171.199997,174.949997,166.111603,53650800
2022-05-11,175.130005,178.190002,170.300003,170.600006,161.981369,64377800
2022-05-12,169.830002,174.339996,168.899994,172.600006,163.880356,52967400
2022-05-13,175.039993,179.410004,175.009995,178.070007,169.073990,36517000
2022-05-16,177.500000,179.440002,176.139999,177.220001,168.266953,28225500
2022-05-17,180.410004,182.839996,178.990005,182.639999,173.413101,31833700
2022-05-18,180.470001,181.410004,175.100006,176.240005,167.336456,36093800
2022-05-19,174.889999,178.809998,174.889999,176.529999,167.611786,33627700
2022-05-20,178.500000,178.970001,171.789993,176.080002,167.184525,42243700
2022-05-23,177.880005,178.960007,175.500000,178.210007,169.206940,24644100
2022-05-24,176.570007,176.929993,172.330002,175.570007,166.700333,26861800
2022-05-25,174.880005,179.779999,174.809998,178.729996,169.700638,27950100
2022-05-26,179.850006,183.800003,179.699997,182.720001,173.489105,25702700
2022-05-27,183.759995,187.649994,183.399994,187.639999,178.160492,24952100
2022-05-31,186.910004,187.679993,184.089996,185.309998,175.948227,29794500
2022-06-01,186.270004,186.940002,181.770004,184.259995,174.951279,28352100
2022-06-02,184.589996,188.759995,184.169998,188.759995,179.223938,24876000
2022-06-03,187.289993,187.960007,185.789993,187.059998,177.609818,18972100
2022-06-06,189.289993,189.309998,186.830002,187.869995,178.378906,24678700
2022-06-07,186.410004,190.940002,185.899994,190.899994,181.255844,21661600
2022-06-08,189.960007,190.699997,187.059998,187.949997,178.454834,21521700
2022-06-09,186.550003,187.070007,183.529999,183.570007,174.755447,21697200
2022-06-10,180.509995,181.550003,177.649994,178.589996,170.014587,37153600
2022-06-13,173.630005,174.960007,169.289993,170.199997,162.027451,39712700
2022-06-14,170.669998,171.240005,167.740005,169.380005,161.246841,30282400
2022-06-15,171.210007,174.059998,168.660004,171.860001,163.607758,32150500
2022-06-16,167.839996,168.419998,162.779999,163.899994,156.029938,43810600
2022-06-17,164.479996,167.520004,163.699997,165.179993,157.248505,40327300
2022-06-21,167.979996,170.080002,166.809998,168.139999,160.066345,34665400
2022-06-22,165.960007,169.259995,165.369995,167.820007,159.761734,29303500
2022-06-23,168.190002,170.229996,166.550003,169.830002,161.675217,27089800
2022-06-24,171.220001,175.100006,170.899994,175.089996,166.682632,37138500
2022-06-27,175.669998,176.990005,174.179993,175.740005,167.301437,24745400
2022-06-28,176.929993,178.149994,172.350006,172.440002,164.159882,25909200
2022-06-29,172.550003,172.699997,168.970001,170.690002,162.493927,21292500
2022-06-30,168.199997,171.309998,166.759995,169.360001,161.227783,31466300
2022-07-01,169.050003,171.839996,167.660004,171.410004,163.179367,24598600
2022-07-05,168.679993,172.899994,166.729996,172.830002,164.531158,25151100
2022-07-06,172.449997,173.710007,169.750000,171.550003,163.312637,25697600
2022-07-07,172.860001,175.979996,172.850006,175.610001,167.177658,24822500
2022-07-08,175.070007,176.990005,173.649994,175.589996,167.158630,20547000
2022-07-11,174.259995,174.970001,171.600006,172.059998,163.798157,22031500
2022-07-12,171.539993,173.360001,170.559998,171.470001,163.236465,23864200
2022-07-13,169.149994,172.279999,168.789993,171.320007,163.093689,25535600
2022-07-14,168.679993,170.000000,167.020004,169.559998,161.418182,25102200
2022-07-15,171.539993,173.350006,169.309998,173.089996,164.778671,34935900
2022-07-18,175.130005,176.289993,172.059998,172.600006,164.312225,23031500
2022-07-19,174.750000,178.889999,174.660004,178.690002,170.109772,24234600
2022-07-20,178.649994,181.809998,178.399994,181.490005,172.775345,26049300
2022-07-21,180.449997,182.500000,178.850006,182.419998,173.660690,21709900
2022-07-22,182.880005,183.250000,178.050003,179.509995,170.890411,25116100
2022-07-25,180.050003,180.919998,178.429993,180.440002,171.775742,19267200
2022-07-26,179.779999,180.210007,178.539993,179.330002,170.719086,19391200
2022-07-27,180.479996,184.250000,180.000000,183.410004,174.603149,21670700
2022-07-28,184.320007,186.139999,181.759995,185.929993,177.002136,22838500
2022-07-29,186.039993,187.729996,185.039993,187.250000,178.258728,21760600
2022-08-01,185.789993,188.320007,184.220001,187.179993,178.192093,23905600
2022-08-02,186.470001,189.020004,185.479996,187.000000,178.020767,17492600
2022-08-03,188.300003,190.149994,187.639999,189.750000,180.638702,19157700
2022-08-04,189.839996,190.039993,188.440002,189.350006,180.257919,14838900
2022-08-05,187.470001,191.020004,187.169998,190.800003,181.638306,18540300
2022-08-08,192.149994,194.630005,191.889999,192.820007,183.561310,22188700
2022-08-09,192.039993,192.169998,189.160004,190.190002,181.057602,18247300
2022-08-10,193.630005,195.949997,193.110001,195.619995,186.226837,20796400
2022-08-11,197.419998,199.529999,196.039993,196.350006,186.921783,23727600
2022-08-12,197.350006,200.429993,196.580002,200.360001,190.739227,21726600
2022-08-15,198.800003,201.160004,198.220001,201.070007,191.415161,17414800
2022-08-16,200.500000,201.990005,199.029999,200.990005,191.338989,18833100
2022-08-17,198.720001,199.330002,196.380005,197.610001,188.121307,22428000
2022-08-18,197.880005,199.250000,196.899994,198.919998,189.368378,18368100
2022-08-19,196.830002,197.110001,194.070007,194.649994,185.303436,27416400
2022-08-22,191.990005,192.350006,190.009995,190.639999,181.485992,22937000
2022-08-23,190.940002,192.929993,190.389999,190.949997,181.781097,20069800
2022-08-24,190.789993,193.300003,190.160004,192.410004,183.171021,16038300
2022-08-25,193.380005,195.449997,192.979996,195.399994,186.017410,14795000
2022-08-26,195.339996,195.440002,188.660004,188.979996,179.905685,24177200
2022-08-29,186.949997,188.990005,186.520004,187.240005,178.249237,19753300
2022-08-30,187.820007,188.009995,183.539993,184.619995,175.755066,22548900
2022-08-31,184.940002,185.740005,183.190002,183.500000,174.688812,22412500
2022-09-01,181.779999,181.889999,178.899994,181.500000,172.784851,30706600
2022-09-02,183.600006,183.949997,179.139999,180.089996,171.442551,27468200
2022-09-06,180.710007,181.080002,177.500000,178.309998,169.748047,23837100
2022-09-07,177.970001,182.470001,177.929993,182.190002,173.441742,24781200
2022-09-08,180.690002,183.789993,179.619995,183.710007,174.888748,25273200
2022-09-09,185.339996,187.630005,185.100006,187.399994,178.401535,23208800
2022-09-12,188.600006,189.860001,187.970001,189.669998,180.562576,23134600
2022-09-13,184.860001,185.910004,181.539993,182.250000,173.498840,34144700
2022-09-14,182.570007,183.320007,180.570007,182.960007,174.174789,25278300
2022-09-15,181.919998,184.690002,180.860001,181.630005,172.908585,25378700
2022-09-16,179.089996,179.679993,176.910004,178.990005,170.395401,41155900
2022-09-19,177.009995,180.750000,176.960007,180.520004,171.851944,25412200
2022-09-20,178.770004,178.940002,176.710007,178.059998,169.510040,22247500
2022-09-21,179.369995,181.100006,175.330002,175.339996,166.920654,29357100
2022-09-22,175.000000,175.580002,170.740005,171.389999,163.160294,33468600
2022-09-23,169.000000,169.190002,165.000000,167.309998,159.276215,40336900
2022-09-26,165.470001,168.970001,163.580002,164.169998,157.095428,30597800
2022-09-27,166.309998,167.630005,163.279999,164.729996,157.631271,42406600
2022-09-28,165.759995,170.990005,165.070007,169.940002,162.616791,35186500
2022-09-29,167.779999,167.929993,163.800003,166.130005,158.970947,31464000
2022-09-30,165.779999,169.520004,164.869995,164.919998,157.813126,40643800
2022-10-03,167.339996,170.300003,165.250000,169.289993,161.994781,33611600
2022-10-04,172.610001,176.080002,172.529999,176.000000,168.415634,37537300
2022-10-05,173.410004,175.330002,171.419998,174.699997,167.171661,25281400
2022-10-06,173.850006,176.169998,172.910004,173.720001,166.233902,22635900
2022-10-07,171.929993,172.470001,167.919998,168.610001,161.344086,26536100
2022-10-10,169.289993,169.570007,166.589996,167.669998,160.444595,23386400
2022-10-11,166.960007,170.110001,164.800003,167.720001,160.492432,28009100
2022-10-12,167.899994,168.460007,165.479996,167.259995,160.052246,26796700
2022-10-13,164.000000,172.199997,162.500000,171.399994,164.013855,45376500
2022-10-14,172.740005,173.919998,166.710007,166.809998,159.621674,29608600
2022-10-17,170.220001,172.619995,170.110001,172.130005,164.712418,28199200
2022-10-18,175.860001,177.289993,172.690002,174.169998,166.664505,34523100
2022-10-19,172.490005,173.399994,169.330002,171.210007,163.832077,27146900
2022-10-20,171.419998,173.550003,168.470001,169.029999,161.746017,26710700
2022-10-21,169.399994,173.199997,168.190002,172.699997,165.257812,45402700
2022-10-24,173.320007,174.000000,171.050003,173.440002,165.965973,27284500
2022-10-25,173.570007,178.899994,173.559998,178.169998,170.492142,33105700
2022-10-26,179.149994,182.369995,178.330002,179.050003,171.334213,37084700
2022-10-27,180.589996,182.000000,178.869995,179.089996,171.372482,28651800
2022-10-28,179.830002,183.410004,178.740005,183.160004,175.267120,33221600
2022-10-31,182.270004,184.240005,181.550003,183.330002,175.429779,25699400
2022-11-01,185.240005,185.600006,182.880005,183.580002,175.669022,27446700
2022-11-02,182.839996,185.000000,177.429993,177.490005,169.841446,38139600
2022-11-03,175.289993,177.940002,174.110001,176.300003,168.702713,29093200
2022-11-04,178.919998,179.940002,175.470001,178.679993,170.980148,25842400
2022-11-07,179.740005,180.589996,177.679993,179.490005,171.755234,20689900
2022-11-08,180.229996,181.949997,177.360001,179.559998,171.822235,20265200
2022-11-09,178.000000,178.669998,174.279999,174.630005,167.104675,27277000
2022-11-10,181.850006,185.449997,181.149994,185.380005,177.391418,38572800
2022-11-11,185.759995,188.839996,185.690002,186.899994,178.845917,28765400
2022-11-14,185.789993,187.789993,184.630005,184.809998,176.845993,26499600
2022-11-15,187.839996,189.559998,186.110001,187.550003,179.467896,26128800
2022-11-16,186.600006,186.639999,183.710007,184.250000,176.310150,24802000
2022-11-17,181.619995,182.949997,180.509995,182.539993,174.673828,20835700
2022-11-18,184.589996,185.309998,182.570007,183.720001,175.802948,27269100
2022-11-21,182.779999,183.190002,181.429993,182.759995,174.884323,19038900
2022-11-22,183.740005,184.940002,182.330002,184.710007,176.750305,16869700
2022-11-23,184.289993,185.779999,183.550003,185.190002,177.209625,19758800
2022-11-25,185.089996,186.369995,184.660004,185.580002,177.582809,13393400
2022-11-28,184.130005,184.919998,181.289993,181.839996,174.003952,17465600
2022-11-29,181.960007,183.610001,181.960007,182.369995,174.511154,14020600
2022-11-30,182.669998,187.429993,180.800003,187.369995,179.295654,28030100
2022-12-01,188.149994,189.240005,186.130005,186.960007,178.903320,21996400
2022-12-02,184.369995,188.860001,184.330002,188.050003,179.946381,22574800
2022-12-05,186.860001,187.059998,182.179993,182.869995,174.989609,25449300
2022-12-06,182.880005,182.979996,179.080002,180.070007,172.310242,18502100
2022-12-07,179.750000,181.500000,179.110001,179.539993,171.803101,17177800
2022-12-08,180.770004,182.630005,179.509995,180.839996,173.047073,20971400
2022-12-09,179.770004,180.809998,178.559998,178.619995,170.922729,22046500
2022-12-12,178.850006,181.089996,178.000000,180.720001,172.932251,22765400
2022-12-13,185.729996,186.639999,180.139999,181.380005,174.364624,38445300
2022-12-14,181.309998,182.910004,178.830002,180.190002,173.220627,32406900
2022-12-15,178.029999,178.600006,175.039993,175.679993,168.885071,33546700
2022-12-16,173.800003,175.110001,172.669998,174.369995,167.625717,38502400
2022-12-19,174.610001,175.050003,171.470001,172.009995,165.357025,25614000
2022-12-20,171.669998,174.020004,171.179993,172.919998,166.231827,18050800
2022-12-21,174.449997,176.800003,174.199997,175.899994,169.096558,22997200
2022-12-22,174.330002,174.490005,170.669998,173.600006,166.885544,21297600
2022-12-23,173.479996,174.449997,172.339996,174.389999,167.645004,11647700
2022-12-27,174.360001,174.570007,172.580002,173.220001,166.520233,13553800
2022-12-28,173.179993,174.100006,170.339996,170.529999,163.934265,19648000
2022-12-29,171.720001,175.250000,171.399994,174.850006,168.087189,22311300
2022-12-30,173.339996,174.720001,172.610001,174.360001,167.616119,21275600
2023-01-03,175.929993,177.320007,171.899994,173.399994,166.693253,22503800
2023-01-04,174.619995,176.669998,174.279999,175.559998,168.769714,22973500
2023-01-05,174.589996,174.759995,172.389999,173.679993,166.962418,17032600
2023-01-06,175.300003,178.039993,173.869995,177.580002,170.711594,21986900
2023-01-09,179.009995,180.119995,177.649994,177.880005,170.999985,18366500
2023-01-10,177.660004,180.619995,177.300003,180.509995,173.528259,18751100
2023-01-11,181.259995,182.789993,180.679993,182.759995,175.691223,18222700
2023-01-12,183.570007,185.949997,181.919998,185.830002,178.642502,29650800
2023-01-13,184.500000,187.339996,184.330002,187.050003,179.815308,22120000
2023-01-17,187.000000,187.839996,186.240005,186.820007,179.594223,22422600
2023-01-18,187.449997,188.960007,183.699997,183.800003,176.691010,23507800
2023-01-19,182.729996,183.100006,180.779999,182.039993,174.999084,24624500
2023-01-20,182.710007,185.149994,181.270004,185.039993,177.883026,36070300
2023-01-23,185.429993,188.119995,184.580002,187.330002,180.084488,20329900
2023-01-24,186.589996,187.830002,185.880005,186.929993,179.699951,19263500
2023-01-25,185.410004,187.509995,183.869995,187.449997,180.199829,18174600
2023-01-26,188.979996,189.850006,186.289993,188.559998,181.266907,18369100
2023-01-27,187.979996,190.300003,187.789993,189.580002,182.247452,20019900
2023-01-30,187.839996,189.610001,186.830002,186.940002,179.709564,18395100
2023-01-31,187.419998,191.580002,187.380005,191.479996,184.073975,21567900
2023-02-01,191.190002,196.190002,190.130005,194.490005,186.967560,27007300
2023-02-02,196.009995,199.259995,194.350006,198.320007,190.649429,31020400
2023-02-03,196.110001,199.130005,195.699997,196.990005,189.370850,24981500
2023-02-06,195.649994,196.380005,193.369995,194.139999,186.631073,18160100
2023-02-07,193.410004,196.100006,191.649994,195.580002,188.015396,27074100
2023-02-08,194.360001,195.369995,192.199997,192.720001,185.265976,17933500
2023-02-09,194.229996,195.119995,189.429993,189.929993,182.583939,20516600
2023-02-10,189.279999,190.630005,188.529999,190.309998,182.949219,15248700
2023-02-13,190.509995,192.860001,189.309998,192.600006,185.150665,15754400
2023-02-14,191.279999,193.949997,190.080002,192.509995,185.064117,21889600
2023-02-15,190.979996,194.550003,190.529999,194.460007,186.938690,18721200
2023-02-16,191.800003,194.869995,191.250000,192.600006,185.150665,21366300
2023-02-17,191.880005,193.369995,190.970001,193.130005,185.660141,23892200
2023-02-21,190.750000,191.339996,187.240005,187.429993,180.180603,26004000
2023-02-22,187.830002,189.149994,186.750000,187.940002,180.670883,24651700
2023-02-23,189.350006,190.300003,186.699997,189.279999,181.959076,21311700
2023-02-24,186.649994,187.779999,185.779999,187.509995,180.257523,24280700
2023-02-27,189.130005,190.199997,187.600006,188.169998,180.891983,17562900
2023-02-28,188.119995,190.020004,188.070007,188.179993,180.901566,19542600
2023-03-01,188.190002,189.490005,187.190002,188.419998,181.132339,22532800
2023-03-02,186.860001,189.300003,186.119995,188.869995,181.564926,18104400
2023-03-03,189.669998,191.929993,188.419998,191.500000,184.093201,22774300
2023-03-06,191.559998,191.740005,187.899994,188.699997,181.401474,23266700
2023-03-07,188.649994,189.070007,186.220001,186.509995,179.296188,25865700
2023-03-08,186.789993,187.610001,185.119995,186.600006,179.382706,22505900
2023-03-09,186.729996,187.270004,181.279999,181.410004,174.393433,33546900
2023-03-10,180.389999,180.389999,174.259995,176.179993,169.365753,69274200
2023-03-13,172.520004,176.399994,171.070007,173.309998,166.606750,74171500
2023-03-14,178.600006,179.259995,174.610001,176.520004,169.692612,48946200
2023-03-15,171.929993,173.910004,170.380005,173.610001,166.895157,54405800
2023-03-16,171.470001,177.380005,170.500000,175.979996,169.173462,52392300
2023-03-17,174.039993,174.759995,170.860001,171.229996,164.607178,70239900
2023-03-20,173.050003,175.369995,172.529999,173.449997,166.741318,46103200
2023-03-21,176.550003,178.179993,175.960007,176.649994,169.817551,34465900
2023-03-22,176.520004,177.350006,171.529999,171.639999,165.001358,56098200
2023-03-23,172.279999,174.389999,168.710007,170.250000,164.268982,47720900
2023-03-24,168.750000,172.110001,167.460007,171.789993,165.754898,47519700
2023-03-27,173.839996,174.729996,172.360001,173.699997,167.597794,33880600
2023-03-28,173.100006,174.509995,172.690002,173.449997,167.356583,28555100
2023-03-29,175.339996,175.550003,173.570007,175.419998,169.257385,25564800
2023-03-30,176.880005,177.309998,174.449997,175.179993,169.025803,26728600
2023-03-31,176.399994,178.639999,176.369995,178.399994,172.132675,39602900
2023-04-03,178.949997,179.779999,176.490005,178.479996,172.209854,27609000
2023-04-04,178.919998,179.100006,174.320007,175.350006,169.189819,33487200
2023-04-05,174.250000,174.830002,172.529999,173.630005,167.530258,28247300
2023-04-06,173.720001,174.460007,172.679993,173.889999,167.781143,26366300
2023-04-10,173.070007,175.880005,173.029999,175.750000,169.575760,22237800
2023-04-11,176.570007,177.970001,176.119995,177.139999,170.916962,21876200
2023-04-12,178.820007,178.979996,175.580002,175.839996,169.662628,27018100
2023-04-13,176.539993,178.690002,175.929993,178.169998,171.910751,23259900
2023-04-14,178.330002,179.220001,175.339996,176.509995,170.309082,29600400
2023-04-17,176.970001,178.860001,176.750000,178.779999,172.499329,22177300
2023-04-18,179.589996,179.630005,176.940002,178.020004,171.766022,22873100
2023-04-19,177.080002,178.789993,176.580002,178.250000,171.987930,19306800
2023-04-20,177.149994,178.429993,176.520004,177.330002,171.100250,20336300
2023-04-21,177.809998,177.960007,175.860001,177.559998,171.322189,25972800
2023-04-24,177.380005,178.449997,176.500000,177.440002,171.206390,17781000
2023-04-25,175.630005,175.940002,173.009995,173.059998,166.980270,28857900
2023-04-26,172.229996,173.399994,171.000000,171.389999,165.368958,30309800
2023-04-27,172.029999,173.860001,170.940002,173.679993,167.578476,33424100
2023-04-28,173.289993,175.830002,173.179993,175.199997,169.045090,31911900
2023-05-01,175.000000,177.339996,174.759995,175.300003,169.141571,27420100
2023-05-02,174.399994,174.449997,169.919998,171.699997,165.668045,40851100
2023-05-03,172.220001,175.699997,172.190002,172.330002,166.275970,43261400
2023-05-04,171.320007,171.559998,168.779999,170.399994,164.413727,42382100
2023-05-05,173.289993,175.100006,173.100006,174.449997,168.321457,35456800
2023-05-08,175.259995,175.550003,173.130005,174.050003,167.935501,22109900
2023-05-09,172.979996,174.270004,172.160004,173.529999,167.433762,21465500
2023-05-10,175.960007,176.020004,172.720001,174.410004,168.282852,27281900
2023-05-11,173.220001,173.779999,172.110001,173.070007,166.989929,25884600
2023-05-12,173.649994,174.210007,171.649994,172.720001,166.652252,20406400
2023-05-15,173.309998,175.710007,172.820007,174.830002,168.688110,24310000
2023-05-16,173.610001,174.809998,172.229996,172.279999,166.227692,24212900
2023-05-17,173.429993,176.500000,172.160004,176.119995,169.932770,38231600
2023-05-18,175.559998,177.570007,175.020004,177.190002,170.965225,30446600
2023-05-19,178.509995,178.889999,175.250000,176.110001,169.923141,34316300
2023-05-22,176.619995,179.020004,176.039993,178.259995,171.997574,28207200
2023-05-23,177.910004,180.529999,177.380005,177.419998,171.187103,32708900
2023-05-24,176.550003,176.740005,174.669998,175.539993,169.373123,28744200
2023-05-25,175.250000,175.529999,172.699997,174.169998,168.051285,36202600
2023-05-26,174.300003,176.380005,174.020004,176.149994,169.961731,29841300
2023-05-30,176.710007,177.550003,174.759995,175.500000,169.334549,25572600
2023-05-31,174.690002,176.009995,172.360001,173.770004,167.665329,34598800
2023-06-01,173.860001,176.240005,172.929993,175.649994,169.479309,27800900
2023-06-02,178.009995,182.089996,177.449997,182.020004,175.625519,50212400
2023-06-05,181.259995,181.259995,178.440002,179.580002,173.271240,34465800
2023-06-06,178.929993,184.960007,178.929993,184.309998,177.835068,58584500
2023-06-07,184.960007,187.770004,184.960007,187.240005,181.162445,60685600
2023-06-08,186.750000,187.380005,184.910004,186.539993,180.485153,34185000
2023-06-09,186.320007,186.610001,184.449997,185.029999,179.024170,30242200
2023-06-12,185.229996,186.679993,184.220001,185.800003,179.769180,26580500
2023-06-13,186.440002,188.979996,186.270004,187.929993,181.830032,35758200
2023-06-14,188.320007,189.240005,184.550003,185.910004,179.875626,37114100
2023-06-15,185.080002,187.570007,184.910004,187.440002,181.355957,36488400
2023-06-16,187.949997,188.550003,185.089996,185.940002,179.904648,50684500
2023-06-20,185.160004,185.570007,183.759995,185.130005,179.120941,33269300
2023-06-21,184.440002,185.910004,183.589996,184.699997,178.704895,30730200
2023-06-22,184.199997,184.250000,182.490005,183.330002,177.379318,27063700
2023-06-23,180.770004,182.410004,180.050003,180.570007,174.708954,50610100
2023-06-26,180.440002,182.740005,180.369995,180.750000,174.883072,31507900
2023-06-27,181.199997,183.990005,180.399994,183.360001,177.408356,28818800
2023-06-28,182.990005,184.419998,182.119995,184.259995,178.279129,23187600
2023-06-29,184.720001,187.080002,184.429993,186.380005,180.330353,32084100
2023-06-30,188.259995,188.429993,186.910004,187.270004,181.191483,30287300
2023-07-03,186.910004,188.839996,186.740005,187.649994,181.559097,14011900
2023-07-05,187.130005,187.210007,185.440002,185.779999,179.749817,24092100
2023-07-06,183.630005,183.710007,180.720001,182.779999,176.847214,39080800
2023-07-07,182.979996,186.490005,182.929993,184.710007,178.714584,31706700
2023-07-10,184.580002,188.050003,184.160004,187.869995,181.771988,29725100
2023-07-11,188.479996,190.080002,187.690002,189.800003,183.639374,26738800
2023-07-12,192.759995,193.050003,191.369995,191.869995,185.642136,40127300
2023-07-13,192.509995,193.690002,191.800003,193.419998,187.141846,23523000
2023-07-14,193.339996,193.490005,190.289993,191.529999,185.313171,32198600
2023-07-17,191.339996,194.360001,191.139999,193.580002,187.296646,23283700
2023-07-18,193.699997,196.389999,193.490005,195.970001,189.609070,28489800
2023-07-19,196.699997,197.660004,195.929993,196.800003,190.412125,23679000
2023-07-20,196.940002,196.940002,194.270004,195.080002,188.747955,27278100
2023-07-21,196.389999,196.619995,194.089996,194.460007,188.148087,28982400
2023-07-24,194.559998,196.259995,193.990005,194.940002,188.612503,16929800
2023-07-25,194.580002,196.210007,194.419998,194.919998,188.593140,18961100
2023-07-26,194.770004,197.160004,194.710007,196.460007,190.083191,20377900
2023-07-27,197.630005,197.899994,193.179993,193.919998,187.625626,31159300
2023-07-28,196.020004,196.949997,195.500000,196.429993,190.054108,21612200
2023-07-31,196.929993,198.750000,196.919998,198.710007,192.260132,24203900
2023-08-01,197.429993,197.940002,195.779999,197.800003,191.379684,27444300
2023-08-02,195.589996,196.089996,194.089996,195.110001,188.776978,28079700
2023-08-03,194.300003,195.639999,193.059998,194.559998,188.244827,24279300
2023-08-04,194.820007,196.309998,193.710007,194.169998,187.867462,24950400
2023-08-07,194.660004,195.059998,192.679993,194.300003,187.993271,20185000
2023-08-08,192.139999,193.289993,190.520004,193.080002,186.812881,25578200
2023-08-09,192.869995,192.880005,190.750000,191.570007,185.351883,22293200
2023-08-10,192.240005,194.119995,189.889999,190.720001,184.529480,29378800
2023-08-11,189.919998,191.690002,189.740005,190.990005,184.790710,21789000
2023-08-14,189.940002,190.699997,188.639999,190.660004,184.471436,20354900
2023-08-15,189.520004,189.639999,188.039993,188.139999,182.033234,25491300
2023-08-16,187.990005,189.059998,185.809998,185.839996,179.807877,27018400
2023-08-17,186.339996,186.740005,183.630005,183.649994,177.688934,26715100
2023-08-18,182.210007,185.250000,181.940002,184.649994,178.656494,33375200
2023-08-21,184.699997,185.279999,183.070007,184.380005,178.395294,22678100
2023-08-22,185.039993,185.550003,183.220001,183.830002,177.863129,21299200
2023-08-23,184.000000,186.110001,183.429993,185.789993,179.759460,21231100
2023-08-24,185.250000,186.339996,183.199997,183.220001,177.272903,26582300
2023-08-25,184.059998,185.000000,181.610001,184.000000,178.027588,29340400
2023-08-28,184.839996,186.750000,184.820007,185.639999,179.614365,23002000
2023-08-29,185.539993,188.369995,184.570007,188.229996,182.120316,22986000
2023-08-30,187.729996,189.610001,187.330002,188.940002,182.807236,19869900
2023-08-31,189.199997,190.259995,188.529999,188.610001,182.487991,17953400
2023-09-01,190.070007,191.860001,189.850006,190.850006,184.655273,25094600
2023-09-05,189.649994,189.899994,186.770004,186.830002,180.765762,27160100
2023-09-06,187.059998,188.089996,185.089996,186.130005,180.088455,26406200
2023-09-07,185.139999,185.380005,183.589996,184.330002,178.346909,23894800
2023-09-08,184.559998,184.830002,183.449997,183.919998,177.950195,19399100
2023-09-11,185.259995,185.720001,184.199997,184.360001,178.375916,17424700
2023-09-12,184.039993,185.339996,183.740005,184.179993,178.201767,16826300
2023-09-13,184.500000,184.880005,182.389999,182.970001,177.031036,24415700
2023-09-14,184.529999,186.070007,184.240005,185.550003,179.527298,27952500
2023-09-15,184.789993,185.070007,182.789993,183.610001,177.650284,39695500
2023-09-18,183.699997,183.759995,182.369995,182.389999,176.469833,19287800
2023-09-19,182.490005,183.300003,181.070007,181.679993,175.782898,24085900
2023-09-20,182.399994,183.509995,179.820007,179.860001,174.021942,27642900
2023-09-21,178.500000,178.759995,177.070007,177.070007,171.322540,31625600
2023-09-22,177.559998,178.369995,176.559998,176.669998,170.935532,23164700
2023-09-25,175.690002,177.860001,175.539993,177.460007,171.699905,22416200
2023-09-26,175.500000,177.020004,174.289993,174.360001,169.492264,30476000
2023-09-27,175.449997,176.929993,174.460007,175.990005,171.076813,37293000
2023-09-28,176.089996,178.570007,175.970001,177.580002,172.622406,31372400
2023-09-29,178.970001,179.160004,176.149994,176.740005,171.805817,36689000
2023-10-02,176.330002,176.729996,173.149994,174.070007,169.210373,42139300
2023-10-03,172.949997,173.500000,170.369995,171.139999,166.362167,42733600
2023-10-04,171.009995,171.610001,169.089996,171.220001,166.439941,42491900
2023-10-05,170.800003,171.899994,169.940002,171.350006,166.566299,33365100
2023-10-06,170.369995,173.889999,169.509995,173.000000,168.170258,42160900
2023-10-09,171.839996,174.550003,171.770004,174.000000,169.142334,26658400
2023-10-10,174.309998,177.039993,174.279999,175.970001,171.057327,31585000
2023-10-11,176.119995,177.229996,174.380005,175.669998,170.765686,27427200
2023-10-12,175.880005,175.880005,170.789993,171.699997,166.906540,38693800
2023-10-13,172.350006,172.699997,169.690002,170.270004,165.516464,33955600
2023-10-16,171.740005,173.389999,171.020004,173.020004,168.189667,31140300
2023-10-17,171.940002,176.419998,171.899994,174.949997,170.065826,39823200
2023-10-18,173.639999,173.660004,171.000000,171.350006,166.566299,38501400
2023-10-19,170.860001,172.149994,168.360001,168.619995,163.912521,51397300
2023-10-20,168.660004,169.029999,166.429993,166.440002,161.793381,54421900
2023-10-23,165.660004,167.460007,164.649994,165.029999,160.422745,45590900
2023-10-24,166.449997,167.619995,165.410004,166.470001,161.822556,32666300
2023-10-25,165.009995,165.660004,163.399994,163.720001,159.149338,36832900
2023-10-26,164.149994,165.770004,163.199997,164.139999,159.557587,50525600
2023-10-27,164.520004,164.830002,161.669998,162.210007,157.681488,46017100
2023-10-30,163.789993,164.809998,161.940002,163.110001,158.556351,35156300
2023-10-31,163.399994,164.990005,162.830002,164.520004,159.926971,31533200
2023-11-01,164.460007,165.600006,163.100006,165.460007,160.840759,44367100
2023-11-02,167.750000,170.000000,167.330002,169.869995,165.127640,50458100
2023-11-03,172.800003,175.649994,172.779999,174.490005,169.618652,57060700
2023-11-06,174.490005,174.779999,171.389999,172.309998,167.499512,35294400
2023-11-07,171.559998,172.509995,170.570007,171.699997,166.906540,31168900
2023-11-08,171.699997,172.130005,169.300003,169.869995,165.127640,44938600
2023-11-09,171.029999,171.029999,166.979996,167.240005,162.571060,38577400
2023-11-10,168.220001,169.710007,166.789993,169.110001,164.388840,36121300
2023-11-13,168.240005,169.770004,167.520004,169.169998,164.447159,27610300
2023-11-14,174.229996,178.470001,174.220001,178.460007,173.477814,77611000
2023-11-15,178.350006,181.759995,178.110001,178.770004,173.779175,59641400
2023-11-16,178.139999,178.630005,175.160004,175.880005,170.969864,46616700
2023-11-17,177.449997,178.639999,177.110001,178.289993,173.312561,43418700
2023-11-20,178.520004,179.649994,177.740005,179.330002,174.323532,26665100
2023-11-21,178.240005,178.509995,176.910004,177.020004,172.078018,30457000
2023-11-22,178.179993,179.389999,177.419998,178.130005,173.157013,28940900
2023-11-24,178.050003,179.729996,177.800003,179.330002,174.323532,13846900
2023-11-27,178.500000,179.110001,177.229996,178.729996,173.740265,30665800
2023-11-28,178.550003,179.220001,177.199997,178.039993,173.069534,28350200
2023-11-29,179.550003,181.750000,178.699997,178.979996,173.983307,31590200
2023-11-30,180.050003,180.639999,178.759995,179.660004,174.644302,32216800
2023-12-01,179.199997,185.179993,178.210007,184.910004,179.747757,64221300
2023-12-04,184.229996,186.990005,184.020004,186.889999,181.672455,44862600
2023-12-05,186.050003,186.050003,183.979996,184.389999,179.242249,36873500
2023-12-06,185.699997,187.919998,183.789993,184.059998,178.921463,43637900
2023-12-07,184.330002,185.559998,183.389999,185.389999,180.214340,32662300
2023-12-08,185.149994,187.750000,184.860001,186.800003,181.584991,36087100
2023-12-11,186.679993,187.619995,185.889999,187.190002,181.964111,29302100
2023-12-12,186.970001,187.660004,185.339996,187.000000,181.779373,32024000
2023-12-13,187.100006,193.639999,185.669998,193.330002,187.932663,69484800
2023-12-14,196.869995,200.039993,196.479996,198.710007,193.162506,83649300
2023-12-15,198.949997,199.550003,195.949997,197.039993,191.539108,74160700
2023-12-18,197.960007,198.770004,196.679993,197.110001,191.607162,44451100
2023-12-19,198.479996,201.300003,198.020004,200.929993,195.320496,52156200
2023-12-20,199.860001,202.169998,196.160004,196.279999,191.499863,62360300
2023-12-21,198.500000,199.820007,197.520004,199.619995,194.758530,38613400
2023-12-22,200.880005,202.809998,200.190002,201.479996,196.573227,39173800
2023-12-26,202.210007,204.559998,201.690002,204.100006,199.129410,26879000
2023-12-27,204.440002,205.490005,203.399994,204.820007,199.831879,35806400
2023-12-28,203.789993,205.169998,203.279999,204.039993,199.070877,28930100
2023-12-29,203.479996,204.029999,200.710007,200.710007,195.822006,41496800
2024-01-02,199.399994,201.619995,198.440002,199.520004,194.660980,44341500
2024-01-03,197.399994,197.669998,193.779999,194.199997,189.470520,57532500
2024-01-04,194.059998,195.490005,193.690002,193.820007,189.099792,43114200
2024-01-05,192.690002,195.460007,192.289993,193.250000,188.543686,40964900
2024-01-08,193.289993,196.970001,192.259995,196.729996,191.938904,31545400
2024-01-09,194.350006,195.770004,193.320007,194.970001,190.221771,28998700
2024-01-10,194.740005,195.380005,193.080002,195.080002,190.329102,35075200
2024-01-11,194.500000,194.740005,191.300003,193.550003,188.836365,48939200
2024-01-12,195.889999,197.100006,192.639999,193.229996,188.524155,42992100
2024-01-16,191.720001,193.259995,190.110001,190.839996,186.192368,42213000
2024-01-17,188.130005,189.929993,187.529999,189.479996,184.865479,37787700
2024-01-18,190.710007,191.169998,188.210007,190.600006,185.958206,41760000
2024-01-19,191.289993,192.850006,189.229996,192.429993,187.743637,63338300
2024-01-22,194.149994,196.820007,194.089996,196.539993,191.753510,42379500
2024-01-23,198.220001,198.589996,194.979996,195.970001,191.197449,42471200
2024-01-24,198.380005,198.460007,194.119995,194.360001,189.626633,41120100
2024-01-25,197.100006,197.660004,194.410004,195.970001,191.197449,37659500
2024-01-26,196.889999,197.889999,195.380005,195.979996,191.207169,33478600
2024-01-29,196.160004,199.410004,195.089996,199.410004,194.553650,29234400
2024-01-30,198.389999,198.929993,197.100006,197.710007,192.895065,33121200
2024-01-31,197.210007,198.940002,192.710007,192.880005,188.182648,68126700
2024-02-01,194.309998,195.740005,191.529999,195.440002,190.680328,59479000
2024-02-02,193.240005,195.500000,192.389999,194.410004,189.675415,52839300
2024-02-05,192.470001,193.110001,190.059998,191.940002,187.265564,39751900
2024-02-06,191.699997,193.800003,191.020004,193.669998,188.953430,34689100
2024-02-07,194.070007,194.149994,192.039993,193.220001,188.514404,31713900
2024-02-08,193.360001,196.369995,192.710007,196.149994,191.373016,35370800
2024-02-09,196.919998,199.550003,196.449997,199.339996,194.485336,46107100
2024-02-12,199.869995,203.550003,199.839996,202.960007,198.017212,43291000
2024-02-13,196.220001,197.630005,193.059998,194.610001,189.870560,86247400
2024-02-14,197.679993,199.789993,196.229996,199.130005,194.280472,43808000
2024-02-15,200.990005,204.770004,200.720001,204.440002,199.461136,44931900
2024-02-16,202.119995,203.699997,201.089996,201.660004,196.748840,48346200
2024-02-20,199.149994,199.720001,198.009995,198.880005,194.036575,30547500
2024-02-21,197.660004,198.350006,196.389999,197.940002,193.119431,28669100
2024-02-22,198.649994,200.089996,197.809998,199.440002,194.582916,38184700
2024-02-23,199.600006,201.139999,198.570007,199.889999,195.021942,37667700
2024-02-26,199.690002,201.639999,199.149994,201.149994,196.251282,29118200
2024-02-27,203.080002,204.220001,202.539993,204.000000,199.031891,32268600
2024-02-28,202.440002,203.860001,201.869995,202.320007,197.392807,30143900
2024-02-29,205.179993,206.039993,202.520004,203.729996,198.768433,40404100
2024-03-01,204.529999,206.330002,203.139999,205.889999,200.875824,35156900
2024-03-04,207.029999,207.770004,205.449997,205.699997,200.690460,24785400
2024-03-05,204.300003,205.910004,203.009995,203.729996,198.768433,34163500
2024-03-06,206.029999,206.080002,204.080002,205.250000,200.251404,34255200
2024-03-07,206.699997,208.100006,206.399994,206.960007,201.919769,28020200
2024-03-08,208.740005,210.410004,205.800003,206.830002,201.792938,41447800
2024-03-11,205.960007,206.839996,204.750000,205.190002,200.192886,24435800
2024-03-12,205.149994,205.919998,203.389999,204.910004,199.919724,34958900
2024-03-13,204.869995,206.580002,204.770004,205.710007,200.700226,25140700
2024-03-14,205.050003,205.279999,200.169998,202.029999,197.109833,47509100
2024-03-15,201.250000,203.080002,201.130005,202.410004,197.480576,53217000
2024-03-18,202.910004,203.179993,200.910004,201.250000,196.348831,32405100
2024-03-19,199.779999,202.750000,199.660004,202.100006,197.178131,29864100
2024-03-20,201.520004,206.990005,201.110001,206.100006,201.080688,49609600
2024-03-21,207.000000,208.949997,206.839996,207.940002,203.391068,43067300
2024-03-22,207.850006,208.240005,205.070007,205.070007,200.583847,28437300
2024-03-25,205.720001,207.009995,205.509995,205.539993,201.043549,20107800
2024-03-26,207.050003,207.639999,204.990005,205.169998,200.681671,23434800
2024-03-27,206.800003,209.710007,206.160004,209.639999,205.053864,35028400
2024-03-28,210.080002,211.880005,209.839996,210.300003,205.699432,37675100
2024-04-01,210.770004,210.800003,207.960007,208.320007,203.762741,25684200
2024-04-02,205.750000,205.880005,203.399994,204.490005,200.016510,36632100
2024-04-03,203.380005,206.399994,203.279999,205.830002,201.327194,27362800
2024-04-04,208.050003,208.550003,203.210007,203.770004,199.312271,32265200
2024-04-05,203.139999,205.699997,202.880005,204.449997,199.977417,27569400
2024-04-08,205.979996,206.419998,204.580002,205.570007,201.072906,21331000
2024-04-09,206.220001,206.970001,204.470001,206.380005,201.865173,23289100
2024-04-10,201.179993,202.929993,199.539993,200.929993,196.534393,57130500
2024-04-11,201.970001,202.910004,200.100006,202.289993,197.864655,37184000
2024-04-12,201.229996,201.910004,197.679993,198.690002,194.343430,35388700
2024-04-15,199.369995,200.229996,194.979996,195.779999,191.497086,41119300
2024-04-16,194.410004,196.240005,193.360001,195.059998,190.792831,43267500
2024-04-17,196.470001,196.619995,192.990005,193.000000,188.777878,38589500
2024-04-18,193.699997,195.660004,192.149994,192.839996,188.621384,40238200
2024-04-19,191.940002,194.389999,191.339996,193.139999,188.914795,42666500
2024-04-22,194.210007,196.300003,192.899994,195.300003,191.027573,31553000
2024-04-23,195.259995,199.320007,195.130005,198.570007,194.226044,31838300
2024-04-24,198.169998,198.910004,196.460007,197.679993,193.355499,28791700
2024-04-25,195.440002,196.830002,193.770004,196.479996,192.181732,31915600
2024-04-26,197.000000,198.889999,196.419998,198.360001,194.020615,24613600
2024-04-29,199.250000,200.410004,198.880005,199.960007,195.585632,20494600
2024-04-30,198.110001,198.649994,195.750000,195.899994,191.614441,30606800
2024-05-01,195.880005,200.320007,195.029999,196.309998,192.015457,38782100
2024-05-02,198.779999,200.119995,196.539993,199.919998,195.546509,27201000
2024-05-03,203.410004,204.160004,201.119995,201.899994,197.483154,30880600
2024-05-06,203.470001,204.779999,203.380005,204.509995,200.036087,23129800
2024-05-07,204.770004,206.149994,204.500000,204.970001,200.486038,20116900
2024-05-08,202.720001,203.960007,202.559998,203.779999,199.322052,18349400
2024-05-09,203.970001,205.990005,203.410004,205.860001,201.356567,22914300
2024-05-10,206.350006,206.619995,203.679993,204.309998,199.840454,21520200
2024-05-13,206.080002,206.550003,204.600006,204.740005,200.261047,18585300
2024-05-14,207.130005,207.740005,205.910004,206.860001,202.334686,33169000
2024-05-15,209.210007,209.770004,207.720001,209.440002,204.858261,33412300
2024-05-16,208.899994,209.350006,207.929993,207.929993,203.381271,26731100
2024-05-17,208.009995,208.520004,207.350006,208.080002,203.528015,35219800
2024-05-20,208.020004,209.479996,207.779999,208.539993,203.977921,15695900
2024-05-21,207.830002,208.690002,207.589996,208.339996,203.782318,13466800
2024-05-22,207.529999,208.220001,205.800003,206.580002,202.060806,20853100
2024-05-23,207.509995,207.619995,202.350006,203.190002,198.744949,34039800
2024-05-24,204.789993,205.679993,203.960007,205.440002,200.945724,19946100
2024-05-28,206.970001,207.089996,203.970001,205.160004,200.671875,18475900
2024-05-29,202.529999,203.009995,201.779999,202.130005,197.708176,25654800
2024-05-30,203.520004,204.940002,203.080002,204.050003,199.586166,20428200
2024-05-31,204.949997,206.279999,203.080002,205.770004,201.268524,25784900
2024-06-03,207.529999,207.559998,203.149994,204.610001,200.133911,23902900
2024-06-04,203.149994,204.500000,201.649994,201.970001,197.551651,27098900
2024-06-05,203.300003,205.059998,201.789993,205.059998,200.574051,20707600
2024-06-06,204.179993,204.809998,202.990005,203.589996,199.136230,17335500
2024-06-07,201.529999,203.169998,200.679993,201.199997,196.798492,26036000
2024-06-10,199.520004,202.130005,199.009995,201.889999,197.473389,25075300
2024-06-11,199.639999,201.020004,198.419998,200.639999,196.798584,23768400
2024-06-12,205.869995,207.270004,203.100006,203.720001,199.819626,43668700
2024-06-13,203.270004,203.539993,200.509995,201.940002,198.073685,28021100
2024-06-14,199.559998,200.039993,197.940002,198.729996,194.925125,33453700
2024-06-17,198.119995,200.949997,197.410004,200.399994,196.563187,25538100
2024-06-18,200.460007,201.690002,200.029999,200.750000,196.906464,25446900
2024-06-20,200.320007,201.860001,199.220001,199.899994,196.072739,27999700
2024-06-21,199.929993,200.410004,198.460007,200.350006,196.514145,37511300
2024-06-24,200.690002,202.690002,200.529999,201.220001,197.367477,22289600
2024-06-25,201.130005,201.160004,199.820007,200.559998,196.720123,15925400
2024-06-26,199.330002,200.580002,198.809998,200.029999,196.200256,19313500
2024-06-27,200.630005,202.149994,199.960007,202.059998,198.191422,17432600
2024-06-28,203.880005,204.639999,201.320007,202.889999,199.005524,35026000
2024-07-01,203.520004,203.820007,200.479996,201.190002,197.338058,21886200
2024-07-02,201.520004,202.270004,200.899994,201.880005,198.014832,17219100
2024-07-03,202.250000,203.279999,201.630005,201.830002,197.965790,15167200
2024-07-05,201.210007,201.630005,199.880005,200.869995,197.024170,17282500
2024-07-08,202.509995,203.699997,201.839996,202.279999,198.407181,20823800
2024-07-09,201.919998,202.520004,200.529999,201.399994,197.544037,17864200
2024-07-10,202.289993,203.589996,201.490005,203.369995,199.476288,19286100
2024-07-11,207.899994,211.229996,206.940002,210.679993,206.646347,65443600
2024-07-12,212.919998,214.940002,212.660004,213.139999,209.059235,50810700
2024-07-15,214.789993,218.240005,214.300003,217.190002,213.031738,48925300
2024-07-16,219.139999,224.860001,219.020004,224.600006,220.299835,67945700
2024-07-17,222.360001,226.639999,221.660004,222.250000,217.994843,66092100
2024-07-18,221.410004,224.779999,216.979996,217.949997,213.777145,53180000
2024-07-19,217.630005,218.649994,215.850006,216.839996,212.688431,37933500
2024-07-22,217.679993,220.649994,215.380005,220.289993,216.072342,36185900
2024-07-23,219.210007,223.750000,219.039993,222.630005,218.367554,44884600
2024-07-24,221.070007,223.860001,217.720001,217.850006,213.679077,42443000
2024-07-25,218.449997,224.020004,218.199997,220.570007,216.347015,45053100
2024-07-26,223.899994,225.389999,221.699997,224.220001,219.927124,40822600
2024-07-29,224.710007,225.419998,220.770004,221.729996,217.484772,33869700
2024-07-30,222.720001,224.460007,221.110001,222.570007,218.308716,26876800
2024-07-31,223.710007,228.630005,221.979996,223.860001,219.574020,52387700
2024-08-01,223.770004,224.889999,215.059998,216.580002,212.433395,71508100
2024-08-02,208.850006,211.190002,206.990005,208.919998,204.920074,66850200
2024-08-05,197.899994,204.740005,196.699997,202.199997,198.328690,65683100
2024-08-06,203.009995,207.250000,201.199997,204.399994,200.486588,37072500
2024-08-07,207.850006,207.960007,201.559998,201.979996,198.112930,30594500
2024-08-08,204.419998,207.000000,203.169998,206.889999,202.928909,26550300
2024-08-09,207.050003,207.119995,204.940002,206.460007,202.507156,20954500
2024-08-12,206.610001,206.979996,203.820007,204.600006,200.682770,20357900
2024-08-13,206.089996,208.380005,204.860001,207.970001,203.988251,25458300
2024-08-14,208.630005,208.750000,205.740005,206.679993,202.722946,25345600
2024-08-15,211.259995,213.100006,209.910004,212.039993,207.980301,42561600
2024-08-16,211.369995,213.979996,211.279999,212.600006,208.529617,30427400
2024-08-19,212.960007,215.210007,212.820007,215.199997,211.079834,17246200
2024-08-20,214.889999,214.949997,212.050003,212.690002,208.617874,21703900
2024-08-21,214.279999,215.660004,212.820007,215.460007,211.334854,19623100
2024-08-22,215.570007,216.369995,213.130005,213.559998,209.471222,18084300
2024-08-23,215.179993,221.080002,214.789993,220.380005,216.160660,40003100
2024-08-26,221.929993,222.449997,220.080002,220.449997,216.229294,24865500
2024-08-27,218.910004,219.369995,217.710007,218.740005,214.552032,19577900
2024-08-28,217.869995,219.119995,216.270004,217.259995,213.100372,19685000
2024-08-29,218.779999,220.979996,217.149994,218.809998,214.620712,24599500
2024-08-30,219.710007,220.500000,217.399994,220.080002,215.866394,23010500
2024-09-03,218.130005,219.369995,212.910004,213.350006,209.265244,31338500
2024-09-04,212.759995,215.369995,211.699997,212.990005,208.912125,23706300
2024-09-05,213.539993,214.029999,210.919998,211.929993,207.872406,23910500
2024-09-06,211.929993,213.190002,207.139999,207.899994,203.919571,34561300
2024-09-09,208.149994,210.259995,207.520004,208.479996,204.488464,23584100
2024-09-10,208.720001,208.860001,205.789993,208.309998,204.321732,23025700
2024-09-11,207.470001,209.250000,204.210007,208.919998,204.920074,27175600
2024-09-12,209.910004,212.779999,208.410004,211.610001,207.558563,27611700
2024-09-13,214.029999,217.250000,213.940002,216.830002,212.678604,37388100
2024-09-16,217.630005,218.289993,216.139999,217.610001,213.443649,23289000
2024-09-17,219.580002,221.800003,218.470001,219.410004,215.209229,35563500
2024-09-18,219.229996,224.940002,218.250000,219.449997,215.248444,54085200
2024-09-19,224.660004,224.679993,221.500000,223.970001,219.681915,35369500
2024-09-20,223.449997,223.460007,221.289993,221.570007,217.327866,34587500
2024-09-23,222.690002,223.110001,220.020004,220.759995,216.533356,20157700
2024-09-24,221.630005,221.929993,219.500000,221.130005,216.896271,20939800
2024-09-25,220.320007,220.610001,217.539993,217.690002,214.250748,23242300
2024-09-26,220.490005,221.130005,218.380005,218.850006,215.392426,24974700
2024-09-27,220.860001,222.600006,219.529999,220.330002,216.849030,23959600
2024-09-30,219.419998,221.589996,218.580002,220.889999,217.400192,21938200
2024-10-01,220.169998,220.339996,216.300003,217.889999,214.447586,30016000
2024-10-02,216.990005,218.750000,216.210007,217.589996,214.152328,14455400
2024-10-03,216.229996,217.229996,215.080002,216.130005,212.715408,21353000
2024-10-04,219.289993,219.979996,217.289993,219.149994,215.687683,27901500
2024-10-07,218.639999,218.660004,215.869995,217.429993,213.994843,14891800
2024-10-08,217.630005,218.369995,216.699997,217.580002,214.142502,18118600
2024-10-09,217.529999,219.610001,216.919998,218.059998,214.614899,18230700
2024-10-10,215.899994,216.880005,214.600006,216.850006,213.424026,24571400
2024-10-11,216.770004,221.610001,216.710007,221.259995,217.764343,19950900
2024-10-14,221.449997,223.110001,220.429993,222.889999,219.368591,19263300
2024-10-15,222.570007,225.500000,221.979996,223.070007,219.545761,25998800
2024-10-16,224.889999,227.169998,224.389999,226.740005,223.157776,27656700
2024-10-17,226.910004,226.960007,224.910004,226.119995,222.547577,18003600
2024-10-18,226.660004,227.029999,225.389999,225.649994,222.084991,20047400
2024-10-21,225.630005,225.690002,221.529999,222.100006,218.591080,24243800
2024-10-22,221.470001,221.830002,220.300003,221.259995,217.764343,15813900
2024-10-23,220.029999,220.800003,217.369995,219.240005,215.776276,23263500
2024-10-24,220.429993,221.039993,218.529999,219.720001,216.248672,18381900
2024-10-25,221.309998,221.970001,218.520004,218.889999,215.431793,23807800
2024-10-28,220.789993,222.970001,220.479996,222.460007,218.945389,19877700
2024-10-29,220.740005,221.899994,219.970001,221.740005,218.236771,20282200
2024-10-30,221.070007,224.479996,220.899994,221.440002,217.941498,19754800
2024-10-31,221.220001,221.770004,217.630005,217.759995,214.319641,24078400
2024-11-01,219.500000,220.970001,218.339996,218.979996,215.520370,21222200
2024-11-04,218.500000,221.740005,217.839996,220.089996,216.612823,20463700
2024-11-05,219.339996,224.289993,219.059998,224.229996,220.687424,26404600
2024-11-06,236.589996,237.580002,232.750000,237.220001,233.472229,75554600
2024-11-07,236.889999,238.490005,235.399994,236.380005,232.645493,34970300
2024-11-08,235.929993,238.470001,235.649994,238.119995,234.357971,26597800
2024-11-11,240.520004,242.389999,239.850006,241.699997,237.881409,29207700
2024-11-12,239.960007,241.789993,236.559998,237.460007,233.708435,35314300
2024-11-13,238.949997,239.880005,234.830002,235.110001,231.395523,25947700
2024-11-14,235.949997,236.429993,231.210007,231.940002,228.275620,29272100
2024-11-15,232.220001,232.289993,227.809998,228.479996,224.870285,37930000
2024-11-18,229.220001,230.600006,228.130005,228.929993,225.313171,29368500
2024-11-19,226.589996,230.820007,226.399994,230.630005,226.986313,26009400
2024-11-20,230.229996,230.929993,228.039993,230.929993,227.281555,24222700
2024-11-21,232.160004,235.570007,231.110001,234.440002,230.736115,28679400
2024-11-22,235.639999,239.240005,235.330002,238.770004,234.997742,22693100
2024-11-25,241.490005,244.979996,241.389999,242.399994,238.570374,33534000
2024-11-26,241.179993,241.610001,239.429993,240.619995,236.818466,22581400
2024-11-27,242.009995,243.690002,240.440002,240.949997,237.143280,19472800
2024-11-29,242.369995,243.479996,241.539993,241.869995,238.048721,16782700
2024-12-02,242.240005,242.660004,240.009995,241.750000,237.930649,25274800
2024-12-03,241.539993,242.139999,239.369995,240.029999,236.237808,21376700
2024-12-04,240.279999,241.669998,239.210007,240.889999,237.084244,19903000
2024-12-05,240.520004,240.860001,237.740005,238.080002,234.318619,20227000
2024-12-06,239.789993,239.889999,238.380005,238.929993,235.155182,20760900
2024-12-09,240.550003,241.380005,237.649994,237.729996,233.974167,16684300
2024-12-10,237.580002,238.820007,235.919998,236.699997,232.960419,19946500
2024-12-11,238.710007,239.289993,236.830002,237.770004,234.013519,23156900
2024-12-12,237.160004,237.649994,234.350006,234.679993,230.972321,21454500
2024-12-13,234.369995,234.860001,231.880005,233.070007,229.387787,23972900
2024-12-16,232.910004,235.630005,232.350006,234.440002,230.736115,32293500
2024-12-17,232.669998,233.440002,230.550003,231.070007,228.094604,33064300
2024-12-18,232.240005,233.080002,218.919998,220.839996,217.996323,52267500
2024-12-19,223.250000,224.429993,219.330002,219.860001,217.028946,51871700
2024-12-20,218.600006,224.660004,218.070007,221.919998,219.062408,53882200
2024-12-23,221.740005,222.399994,219.380005,221.410004,218.558975,29606800
2024-12-24,222.020004,223.630005,220.479996,223.389999,220.513489,13399600
2024-12-26,222.419998,226.139999,221.470001,225.679993,222.773972,20024800
2024-12-27,224.289993,225.440002,220.199997,222.389999,219.526367,26956000
2024-12-30,220.669998,221.809998,217.850006,220.679993,217.838379,25706100
2024-12-31,222.119995,223.279999,220.149994,220.960007,218.114777,26208300
2025-01-02,222.929993,224.369995,219.600006,221.139999,218.292465,29363000
2025-01-03,222.070007,224.820007,221.380005,224.429993,221.540070,24525300
2025-01-06,225.759995,227.169998,224.139999,224.520004,221.628952,23541900
2025-01-07,225.580002,226.520004,221.380005,222.720001,219.852097,28835200
2025-01-08,220.899994,222.309998,219.009995,221.710007,218.855118,26795900
2025-01-10,218.309998,218.710007,215.309998,216.830002,214.037933,37379400
2025-01-13,214.500000,217.520004,213.970001,217.250000,214.452560,28603800
2025-01-14,219.179993,220.229996,217.220001,219.720001,216.890732,25447500
2025-01-15,225.440002,225.580002,223.000000,224.039993,221.155106,30124700
2025-01-16,224.149994,225.229996,222.710007,224.490005,221.599304,21029800
2025-01-17,226.929993,226.970001,224.669998,225.460007,222.556839,26754900
2025-01-21,227.520004,229.889999,226.990005,229.789993,226.831055,26086300
2025-01-22,229.350006,229.850006,227.830002,228.289993,225.350372,21307300
2025-01-23,226.929993,229.350006,226.550003,229.330002,226.376999,20850700
2025-01-24,228.820007,230.229996,228.039993,228.690002,225.745239,19074500
2025-01-27,226.710007,229.619995,225.210007,226.500000,223.583420,27461700
2025-01-28,226.740005,227.559998,225.179993,226.750000,223.830231,16847400
2025-01-29,226.679993,228.220001,224.580002,226.229996,223.316925,20280500
2025-01-30,228.520004,230.050003,226.919998,228.529999,225.587280,25575100
2025-01-31,228.750000,230.320007,225.539993,226.479996,223.563690,35330700
2025-02-03,221.509995,225.550003,220.669998,223.830002,220.947815,34023300
2025-02-04,223.600006,227.130005,223.210007,226.929993,224.007889,17985500
2025-02-05,228.059998,229.500000,226.889999,229.399994,226.446091,15197300
2025-02-06,230.509995,230.699997,227.300003,228.649994,225.705750,18809400
2025-02-07,228.850006,229.250000,225.580002,226.000000,223.089859,28914400
2025-02-10,227.369995,227.520004,225.860001,227.020004,224.096725,14574700
2025-02-11,225.050003,226.419998,224.809998,225.699997,222.793732,18215700
2025-02-12,222.259995,224.479996,221.789993,223.619995,220.740509,25572800
2025-02-13,225.039993,226.339996,223.750000,226.139999,223.228058,21419400
2025-02-14,227.270004,227.979996,225.610001,225.970001,223.060272,13574500
2025-02-18,226.149994,227.669998,225.509995,227.210007,224.284286,15166500
2025-02-19,225.410004,227.149994,225.080002,226.429993,223.514343,16194800
2025-02-20,226.009995,226.190002,223.009995,224.259995,221.372269,18507700
2025-02-21,226.000000,226.360001,217.460007,217.800003,214.995468,45036900
2025-02-24,218.789993,218.789993,215.149994,216.229996,213.445679,30246200
2025-02-25,216.369995,217.270004,213.490005,215.410004,212.636246,33665100
2025-02-26,216.059998,218.410004,214.839996,215.679993,212.902740,25464200
2025-02-27,215.639999,216.490005,212.220001,212.389999,209.655121,29378500
2025-02-28,211.639999,214.660004,210.960007,214.649994,211.886017,32015400
2025-03-03,215.399994,215.960007,207.419998,208.779999,206.091599,36330000
2025-03-04,205.929993,209.770004,203.190002,206.419998,203.762009,56427100
2025-03-05,206.449997,208.839996,204.820007,208.470001,205.785614,35778500
2025-03-06,205.779999,208.119995,203.899994,205.279999,202.636688,39206300
2025-03-07,204.970001,207.110001,201.729996,205.949997,203.298050,43514000
2025-03-10,203.440002,204.740005,198.750000,200.770004,198.184753,39442800
2025-03-11,201.119995,203.220001,198.529999,200.750000,198.164993,51509700
2025-03-12,203.050003,203.750000,199.550003,201.100006,198.510513,36881700
2025-03-13,201.270004,202.029999,197.000000,198.100006,195.549133,31336900
2025-03-14,200.240005,203.070007,199.339996,202.889999,200.277451,34089400
2025-03-17,202.710007,206.020004,202.600006,205.449997,202.804504,26947600
2025-03-18,203.850006,203.919998,202.350006,203.210007,201.043472,22888000
2025-03-19,203.350006,207.679993,202.899994,206.369995,204.169785,31595600
2025-03-20,204.320007,207.300003,204.199997,205.059998,202.873749,25665900
2025-03-21,202.720001,204.419998,201.759995,203.789993,201.617279,39470200
2025-03-24,206.960007,209.229996,206.690002,208.860001,206.633240,25774700
2025-03-25,208.690002,209.270004,207.089996,207.699997,205.485580,17836900
2025-03-26,207.960007,208.820007,204.679993,205.589996,203.398087,19344600
2025-03-27,205.330002,206.350006,203.759995,204.610001,202.428543,23960000
2025-03-28,204.539993,204.580002,199.380005,200.449997,198.312881,26656200
2025-03-31,197.479996,200.639999,195.490005,199.490005,197.363144,32250800
2025-04-01,198.990005,201.229996,196.660004,199.509995,197.382904,26054100
2025-04-02,196.779999,203.330002,196.539993,202.660004,200.499329,36603000
2025-04-03,193.110001,195.059998,189.199997,189.649994,187.628021,60551500
2025-04-04,182.610001,184.050003,176.669998,181.190002,179.258224,92612800
2025-04-07,174.320007,190.250000,171.729996,179.550003,177.635712,96706200
2025-04-08,185.690002,185.919998,172.339996,174.820007,172.956146,61090600
2025-04-09,172.720001,192.110001,171.740005,189.679993,187.657730,123015100
2025-04-10,184.520004,185.479996,176.979996,181.710007,179.772690,67503000
2025-04-11,181.139999,184.850006,178.580002,184.360001,182.394424,44954400
2025-04-14,187.809998,187.970001,183.050003,186.529999,184.541290,35214600
2025-04-15,186.339996,189.050003,185.839996,186.759995,184.768829,30715500
2025-04-16,185.699997,186.729996,182.559998,184.970001,182.997940,35063300
2025-04-17,184.990005,187.429993,184.460007,186.479996,184.491821,42359200
2025-04-21,185.000000,185.289993,180.770004,182.740005,180.791702,26019000
2025-04-22,185.149994,188.100006,184.550003,187.470001,185.471283,34477100
2025-04-23,192.919998,195.509995,189.839996,190.250000,188.221649,44866100
2025-04-24,190.759995,194.369995,189.889999,194.059998,191.991013,29820100
2025-04-25,192.720001,194.259995,191.550003,194.119995,192.050354,25029000
2025-04-28,194.500000,196.149994,192.529999,194.940002,192.861633,22482300
2025-04-29,194.470001,196.860001,193.009995,196.089996,193.999374,20118200
2025-04-30,193.139999,195.479996,190.720001,194.860001,192.782486,29046100
2025-05-01,195.710007,197.669998,193.740005,196.070007,193.979599,33169700
2025-05-02,198.330002,201.210007,198.179993,200.479996,198.342560,30201800
2025-05-05,198.570007,200.500000,198.080002,198.940002,196.818985,20834200
2025-05-06,196.589996,198.589996,195.639999,196.770004,194.672134,24642100
2025-05-07,198.100006,198.559998,196.039993,197.419998,195.315201,23623300
2025-05-08,199.770004,202.740005,198.259995,201.179993,199.035110,32646300
2025-05-09,201.539993,202.279999,199.960007,200.809998,198.669052,17203000
2025-05-12,208.839996,209.729996,205.820007,207.869995,205.653793,38207200
2025-05-13,208.929993,209.610001,207.960007,208.630005,206.405670,28295800
2025-05-14,208.039993,208.539993,206.529999,206.779999,204.575409,26316100
2025-05-15,206.580002,208.190002,205.389999,208.130005,205.911011,21563700
2025-05-16,208.419998,210.130005,207.779999,209.850006,207.612686,28906400
2025-05-19,206.800003,209.089996,206.259995,208.970001,206.742050,25859600
2025-05-20,208.660004,209.759995,207.960007,209.080002,206.850876,22053100
2025-05-21,206.630005,207.610001,202.839996,203.210007,201.043472,36704400
2025-05-22,202.289993,204.369995,201.529999,203.199997,201.033585,31831300
2025-05-23,199.779999,203.259995,199.649994,202.559998,200.400391,29114600
2025-05-27,205.639999,207.750000,204.160004,207.699997,205.485580,31655900
2025-05-28,207.710007,208.029999,205.199997,205.509995,203.318954,26046700
2025-05-29,206.949997,207.059998,204.470001,206.119995,203.922440,32749500
2025-05-30,205.139999,206.250000,203.539993,205.070007,202.883652,37768900
2025-06-02,205.320007,205.839996,202.669998,205.710007,203.516815,30334300
2025-06-03,206.460007,209.610001,205.550003,209.029999,206.801407,37702200
2025-06-04,209.179993,210.009995,208.139999,208.440002,206.217712,27225300
2025-06-05,208.699997,209.830002,207.000000,208.529999,206.306732,35728700
2025-06-06,211.500000,212.130005,210.600006,211.899994,209.640808,32144500
2025-06-09,213.869995,214.279999,212.550003,213.360001,211.085266,33984400
2025-06-10,214.460007,215.429993,213.809998,214.509995,212.222992,30182200
2025-06-11,215.580002,215.929993,213.300003,213.630005,211.352371,31113400
2025-06-12,212.169998,213.270004,211.630005,212.779999,210.511429,25367000
2025-06-13,209.839996,211.440002,208.220001,208.889999,206.662903,60580000
2025-06-16,210.479996,211.949997,209.639999,210.770004,209.099442,28974000
2025-06-17,209.059998,210.449997,208.369995,208.550003,206.897034,32843200
2025-06-18,208.440002,211.389999,207.779999,209.649994,207.988312,42850500
2025-06-20,211.110001,211.250000,208.460007,209.210007,207.551804,36978100
2025-06-23,208.479996,211.779999,206.809998,211.770004,210.091507,35516400
2025-06-24,213.289993,214.929993,212.360001,214.470001,212.770126,31772500
2025-06-25,214.660004,214.729996,211.889999,211.970001,210.289932,27725600
2025-06-26,212.830002,215.550003,212.699997,215.410004,213.702682,26261200
2025-06-27,216.050003,217.410004,214.130005,215.479996,213.772095,47717300
2025-06-30,216.679993,216.710007,215.389999,215.789993,214.079651,25558000
2025-07-01,214.619995,220.529999,214.149994,218.009995,216.282059,43864800
2025-07-02,218.369995,221.100006,217.360001,221.029999,219.278107,35735200
2025-07-03,222.009995,223.330002,221.770004,223.080002,221.311874,23515700
2025-07-07,221.570007,222.820007,218.410004,219.729996,217.988434,41551200
2025-07-08,220.580002,222.289993,220.330002,221.250000,219.496368,36339300
2025-07-09,222.570007,223.690002,221.119995,223.649994,221.877350,32425200
2025-07-10,223.389999,226.050003,222.860001,224.800003,223.018234,33865900
2025-07-11,223.169998,223.539993,221.570007,221.699997,219.942810,31579600
2025-07-14,221.369995,223.339996,221.059998,223.190002,221.420990,24632200
2025-07-15,224.070007,224.229996,218.789993,218.820007,217.085648,44215400
2025-07-16,220.220001,221.369995,216.910004,221.020004,219.268204,48199800
2025-07-17,221.080002,224.199997,220.710007,223.919998,222.145203,43548000
2025-07-18,225.289993,225.360001,221.979996,222.330002,220.567810,49009900
2025-07-21,223.539993,224.410004,221.250000,221.429993,219.674942,28191400
2025-07-22,221.619995,223.809998,220.660004,223.270004,221.500381,30873300
2025-07-23,224.820007,226.710007,224.070007,226.679993,224.883331,37478100
2025-07-24,225.520004,225.850006,223.479996,223.550003,221.778152,29446700
2025-07-25,224.419998,224.600006,222.539993,224.380005,222.601578,24555500
2025-07-28,225.320007,225.440002,223.429993,224.119995,222.343628,24934900
2025-07-29,225.610001,225.690002,222.059998,222.690002,220.924957,28685900
2025-07-30,223.660004,224.929993,220.119995,221.559998,219.803925,48924400
2025-07-31,220.460007,222.020004,218.880005,219.389999,217.651123,42913900
2025-08-01,216.220001,216.559998,212.339996,214.919998,213.216553,63854100
2025-08-04,216.550003,219.740005,216.080002,219.729996,217.988434,34989600
2025-08-05,220.559998,221.259995,218.240005,220.850006,219.099548,31337100
2025-08-06,220.949997,220.990005,219.380005,220.559998,218.811844,23142100
2025-08-07,222.759995,222.839996,218.509995,219.839996,218.097549,37088000
2025-08-08,221.070007,221.570007,219.740005,220.320007,218.573746,28318100
2025-08-11,220.770004,221.679993,219.809998,220.270004,218.524155,25212800
2025-08-12,221.850006,226.979996,221.149994,226.809998,225.012314,43815500
2025-08-13,228.259995,231.460007,227.830002,231.220001,229.387375,41705800
2025-08-14,228.440002,228.800003,226.169998,228.240005,226.430969,55945500
2025-08-15,228.639999,228.779999,226.039993,227.130005,225.329773,33571400
2025-08-18,227.210007,228.460007,226.940002,227.960007,226.153198,20144100
2025-08-19,228.020004,228.979996,225.690002,226.210007,224.417084,25000700
2025-08-20,225.929993,226.380005,223.690002,225.410004,223.623413,29229700
2025-08-21,224.410004,226.320007,223.779999,225.970001,224.178970,24539400
2025-08-22,227.369995,235.419998,227.179993,234.830002,232.968765,58205500
2025-08-25,234.139999,234.300003,232.360001,232.360001,230.518326,28453700
2025-08-26,232.830002,234.869995,232.589996,234.279999,232.423096,25121500
2025-08-27,233.740005,236.119995,233.559998,235.940002,234.069946,25395400
2025-08-28,236.960007,236.970001,235.350006,236.220001,234.347717,25011200
2025-08-29,236.740005,237.020004,234.369995,235.169998,233.306046,29254800
2025-09-02,231.990005,234.399994,231.470001,233.899994,232.046112,33108600
2025-09-03,233.270004,235.259995,232.460007,233.669998,231.817932,33252400
2025-09-04,234.229996,236.669998,233.580002,236.589996,234.714798,30323800
2025-09-05,237.720001,239.679993,234.949997,237.770004,235.885452,47542500
2025-09-08,238.509995,238.559998,236.389999,238.250000,236.361649,31487700
2025-09-09,237.899994,237.960007,235.419998,236.850006,234.972748,35395800
2025-09-10,237.309998,238.270004,235.460007,236.429993,234.556046,33910200
2025-09-11,236.850006,240.929993,236.240005,240.800003,238.891434,43629800
2025-09-12,240.199997,240.320007,238.199997,238.339996,236.450912,46097600
2025-09-15,239.229996,240.039993,238.550003,239.350006,237.452927,33014000
2025-09-16,238.449997,238.929993,236.759995,238.279999,237.061920,37059300
2025-09-17,238.820007,244.279999,237.020004,238.889999,237.668808,79955600
2025-09-18,240.800003,245.149994,240.130005,244.839996,243.588394,49167700
2025-09-19,245.570007,245.570007,242.509995,242.979996,241.737885,56092000
2025-09-22,242.240005,244.789993,241.110001,244.389999,243.140686,53572900
2025-09-23,245.009995,247.179993,243.440002,243.839996,242.593491,41854500
2025-09-24,243.899994,244.610001,241.559998,241.600006,240.364960,36002200
2025-09-25,238.979996,239.990005,237.550003,239.289993,238.066757,37209500
2025-09-26,239.619995,241.679993,239.330002,241.339996,240.106277,28942800
2025-09-29,242.839996,242.929993,240.809998,241.619995,240.384842,26391500
2025-09-30,241.110001,242.130005,239.399994,241.960007,240.723114,33447700
2025-10-01,240.570007,243.039993,240.550003,242.490005,241.250397,28520000
2025-10-02,243.000000,244.089996,241.470001,244.020004,242.772583,28687400
2025-10-03,245.350006,248.089996,245.029999,245.830002,244.573318,34579600
2025-10-06,247.729996,248.479996,246.070007,246.809998,245.548309,31507400
2025-10-07,247.360001,247.639999,243.190002,244.160004,242.911865,31766600
2025-10-08,245.279999,246.960007,243.800003,246.720001,245.458786,25825000
2025-10-09,246.309998,247.250000,244.009995,245.130005,243.876907,26243100
2025-10-10,245.750000,246.889999,237.559998,237.789993,236.574417,70569400
2025-10-13,241.830002,244.630005,241.399994,244.410004,243.160599,36298600
2025-10-14,241.229996,249.600006,240.360001,247.899994,246.632751,45320800
2025-10-15,250.360001,252.770004,247.059998,250.330002,249.050323,45369000
2025-10-16,250.970001,251.259995,244.000000,245.059998,243.807266,52740400
2025-10-17,243.320007,245.160004,241.470001,243.410004,242.165695,55379500
2025-10-20,246.619995,248.330002,246.139999,248.160004,246.891418,32545000
2025-10-21,247.429993,248.369995,245.509995,246.990005,245.727417,26337900
2025-10-22,246.029999,246.860001,240.770004,243.339996,242.096054,46578400
2025-10-23,244.289993,247.119995,243.679993,246.419998,245.160309,28591000
2025-10-24,249.800003,251.110001,248.970001,249.429993,248.154922,26627000
2025-10-27,251.779999,252.210007,249.500000,250.300003,249.020477,31798100
2025-10-28,249.550003,250.899994,248.110001,248.960007,247.687332,28075900
2025-10-29,248.839996,251.139999,244.690002,246.839996,245.578156,56235300
2025-10-30,245.270004,248.139999,244.630005,244.850006,243.598343,44538700
2025-10-31,244.990005,246.789993,243.690002,246.229996,244.971283,37214700
2025-11-03,246.169998,246.259995,242.490005,245.440002,244.185318,28887900
2025-11-04,241.789993,244.059998,241.000000,241.199997,239.966995,34468700
2025-11-05,241.960007,245.729996,241.639999,244.679993,243.429199,38229200
2025-11-06,244.259995,244.789993,240.000000,240.350006,239.121338,40601200
2025-11-07,238.410004,241.660004,236.270004,241.610001,240.374908,54978900
2025-11-10,245.009995,245.240005,242.250000,244.029999,242.782532,31238000
2025-11-11,243.369995,244.740005,242.520004,244.240005,242.991470,27357900
2025-11-12,244.839996,246.380005,243.330002,243.639999,242.394516,34543200
2025-11-13,241.839996,242.679993,235.839996,236.789993,235.579529,65710000
2025-11-14,233.339996,238.729996,233.270004,237.479996,236.266006,58344400
2025-11-17,236.460007,237.839996,231.759995,232.759995,231.570129,55765900
2025-11-18,231.309998,235.080002,230.960007,233.470001,232.276520,63092500
2025-11-19,233.800003,236.369995,232.429993,233.429993,232.236694,57280500
2025-11-20,237.240005,239.100006,228.899994,229.110001,227.938797,95483000
2025-11-21,229.960007,237.110001,229.580002,235.600006,234.395630,99504100
2025-11-24,235.960007,240.389999,235.479996,239.899994,238.673645,36135300
2025-11-25,240.740005,245.550003,240.039993,245.130005,243.876907,46160800
2025-11-26,245.050003,248.830002,244.770004,247.300003,246.035812,34636600
2025-11-28,248.009995,248.809998,247.070007,248.750000,247.478409,18911800
2025-12-01,245.570007,247.690002,245.339996,245.619995,244.364395,36920000
2025-12-02,247.369995,247.369995,245.119995,245.169998,243.916702,31918500
2025-12-03,245.970001,249.839996,245.479996,249.630005,248.353897,32846300
2025-12-04,248.970001,252.660004,248.539993,251.820007,250.532715,40245800
2025-12-05,251.490005,252.660004,250.279999,250.770004,249.488083,36956600
2025-12-08,252.699997,252.770004,250.179993,250.869995,249.587555,29100000
2025-12-09,250.250000,252.949997,250.100006,251.389999,250.104904,30170100
2025-12-10,250.899994,256.570007,250.539993,254.809998,253.507416,51105200
2025-12-11,254.639999,258.010010,254.320007,257.799988,256.482147,41345200
2025-12-12,257.950012,258.200012,253.440002,253.850006,252.552338,57657700
2025-12-15,255.550003,255.690002,251.740005,251.929993,250.642136,43120100
2025-12-16,250.339996,252.160004,248.470001,249.899994,249.456253,43115300
2025-12-17,250.369995,252.160004,246.699997,247.240005,246.800980,38132400
2025-12-18,250.179993,251.360001,248.210007,248.710007,248.268372,39068000
2025-12-19,249.279999,251.399994,249.059998,250.789993,250.344666,43610400
2025-12-22,252.279999,255.119995,252.199997,253.580002,253.129730,40497300
2025-12-23,252.419998,253.220001,251.460007,252.080002,251.632385,24973500
2025-12-24,251.970001,252.860001,251.119995,252.710007,252.261276,12103000
2025-12-26,252.580002,252.750000,250.399994,251.419998,250.973557,17429900
2025-12-29,250.259995,251.500000,249.350006,249.880005,249.436295,25218800
2025-12-30,249.970001,250.149994,247.949997,248.029999,247.589569,22123600
2025-12-31,248.179993,248.279999,246.009995,246.160004,245.722900,35352000
2026-01-02,247.630005,249.089996,245.860001,248.779999,248.338242,40007700
2026-01-05,249.789993,253.550003,249.570007,252.729996,252.281235,37428100
2026-01-06,252.240005,256.250000,251.520004,256.079987,255.625275,40677800
2026-01-07,256.399994,256.799988,253.970001,255.479996,255.026352,33052000
2026-01-08,254.699997,258.929993,254.360001,258.269989,257.811371,37957000
2026-01-09,259.579987,261.559998,258.089996,260.230011,259.767914,36301500
2026-01-12,259.279999,261.660004,258.239990,261.500000,261.035645,28423400
2026-01-13,262.410004,262.890015,260.459991,261.350006,260.885925,33882400
2026-01-14,261.130005,263.459991,260.190002,263.190002,262.722656,37164300
2026-01-15,264.059998,267.049988,263.730011,265.510010,265.038544,33465200
2026-01-16,265.869995,267.220001,264.709991,265.760010,265.288116,33844900
2026-01-20,261.140015,265.079987,261.059998,262.579987,262.113739,47911500
2026-01-21,264.640015,268.589996,262.920013,267.790009,267.314484,59952800
2026-01-22,269.829987,271.600006,269.420013,269.790009,269.310944,35110800
2026-01-23,269.040009,269.049988,264.459991,264.809998,264.339783,42636700
2026-01-26,265.070007,266.690002,263.489990,263.980011,263.511261,32119300
2026-01-27,264.049988,264.859985,262.660004,264.730011,264.259949,26975500
2026-01-28,265.980011,266.679993,262.559998,263.299988,262.832458,37139100
2026-01-29,264.070007,265.059998,259.410004,263.369995,262.902344,43922900
2026-01-30,261.070007,262.980011,257.940002,259.649994,259.188934,59164200
2026-02-02,258.480011,263.769989,258.350006,262.179993,261.714447,42896200
2026-02-03,263.059998,265.059998,258.549988,262.779999,262.313385,54588000
2026-02-04,264.160004,264.649994,257.140015,260.519989,260.057404,48826500
2026-02-05,258.500000,261.619995,255.050003,255.830002,255.375732,48279600
2026-02-06,259.739990,265.720001,259.579987,265.019989,264.549408,43354900
2026-02-09,264.839996,267.670013,263.339996,266.880005,266.406097,29064800
2026-02-10,267.230011,268.519989,265.880005,266.160004,265.687378,24661700
2026-02-11,268.470001,268.959991,262.100006,264.950012,264.479553,41829400
2026-02-12,267.019989,267.459991,258.390015,259.540009,259.079163,47628200
2026-02-13,260.600006,265.170013,258.510010,262.959991,262.493073,45360300
