Date,Open,High,Low,Close,Adj Close,Volume
2019-01-02,298.670013,303.049988,296.570007,301.589996,275.823883,1777600
2019-01-03,300.320007,301.760010,295.380005,296.630005,271.287659,2011900
2019-01-04,300.559998,307.529999,300.380005,306.350006,280.177094,1383000
2019-01-07,306.720001,312.140015,305.320007,309.760010,283.295868,1454300
2019-01-08,312.750000,315.049988,310.480011,314.950012,288.042480,1056600
2019-01-09,316.529999,319.000000,315.420013,318.059998,290.886749,1032100
2019-01-10,316.290009,320.619995,315.570007,320.619995,293.228027,1127400
2019-01-11,319.140015,321.260010,318.140015,320.760010,293.356018,977800
2019-01-14,318.559998,320.589996,317.859985,318.980011,291.728180,2814700
2019-01-15,319.609985,321.190002,318.579987,320.950012,293.529755,925200
2019-01-16,321.410004,324.119995,321.350006,323.160004,295.550964,833600
2019-01-17,322.049988,327.579987,322.049988,326.399994,298.514343,1270300
2019-01-18,328.010010,331.420013,327.380005,330.790009,302.529205,1080700
2019-01-22,328.940002,329.350006,323.940002,325.679993,297.855774,1248400
2019-01-23,327.059998,328.109985,322.410004,325.160004,297.380219,879300
2019-01-24,324.940002,328.170013,324.760010,327.299988,299.337311,773400
2019-01-25,330.140015,331.649994,329.700012,330.989990,302.712036,896700
2019-01-28,328.329987,330.899994,327.750000,330.470001,302.236542,1101500
2019-01-29,330.769989,331.630005,329.709991,330.489990,302.254791,727700
2019-01-30,331.690002,334.079987,328.980011,332.570007,304.157104,1359600
2019-01-31,332.320007,334.519989,331.299988,333.790009,305.272858,1784400
2019-02-01,334.859985,335.709991,333.299988,334.850006,306.242371,1530100
2019-02-04,335.190002,338.209991,333.910004,338.160004,309.269531,670900
2019-02-05,338.500000,339.910004,337.690002,339.529999,310.522430,957600
2019-02-06,339.040009,340.040009,338.049988,339.179993,310.202301,772800
2019-02-07,338.220001,338.660004,334.820007,337.660004,308.812256,1257400
2019-02-08,335.950012,337.980011,334.540009,337.410004,308.583618,875400
2019-02-11,338.209991,339.690002,337.410004,339.500000,310.495087,1435000
2019-02-12,341.350006,343.670013,341.179993,342.950012,313.650330,1031100
2019-02-13,343.989990,345.500000,342.890015,344.829987,315.369629,1441200
2019-02-14,343.000000,346.130005,342.540009,344.619995,315.177612,1055700
2019-02-15,346.470001,348.890015,345.869995,348.890015,319.082794,847000
2019-02-19,347.470001,350.100006,347.089996,349.170013,319.338928,1153000
2019-02-20,349.309998,351.369995,348.899994,350.790009,320.820404,1170300
2019-02-21,350.230011,350.390015,348.209991,349.609985,319.741241,1903000
2019-02-22,350.450012,352.600006,350.070007,352.260010,322.164917,1309400
2019-02-25,354.019989,354.700012,351.720001,352.230011,322.137451,938800
2019-02-26,351.609985,352.320007,349.070007,349.260010,319.421234,1683800
2019-02-27,348.230011,350.119995,347.649994,349.640015,319.768738,806600
2019-02-28,349.059998,349.880005,347.679993,348.220001,318.470093,900700
2019-03-01,350.480011,352.059998,348.380005,350.850006,320.875336,1258100
2019-03-04,351.839996,352.140015,346.160004,349.220001,319.384644,1166500
2019-03-05,349.380005,349.459991,347.519989,347.750000,318.040253,1169000
2019-03-06,347.630005,347.750000,342.920013,343.070007,313.760071,966100
2019-03-07,342.579987,342.920013,339.260010,340.190002,311.126038,993500
2019-03-08,337.799988,339.440002,337.489990,339.220001,310.238953,1307200
2019-03-11,339.910004,343.829987,339.829987,343.709991,314.345337,1367800
2019-03-12,344.079987,345.140015,343.179993,344.200012,314.793549,711600
2019-03-13,345.549988,347.160004,345.260010,345.739990,316.201935,704900
2019-03-14,345.519989,345.980011,344.070007,345.320007,315.817810,942500
2019-03-15,344.609985,347.190002,344.000000,344.750000,316.105713,1382600
2019-03-18,345.250000,348.130005,345.160004,347.369995,318.507996,997500
2019-03-19,348.970001,348.970001,344.739990,345.600006,316.885132,716900
2019-03-20,345.170013,346.369995,341.019989,342.709991,314.235199,1419500
2019-03-21,341.470001,348.350006,341.470001,347.420013,318.553925,1239200
2019-03-22,345.350006,345.779999,337.339996,337.339996,309.311310,1928300
2019-03-25,337.290009,339.970001,335.140015,338.140015,310.044891,1333600
2019-03-26,340.320007,343.010010,339.070007,341.480011,313.107422,749800
2019-03-27,341.459991,342.809998,338.230011,341.239990,312.887390,1031900
2019-03-28,342.079987,344.329987,340.670013,344.100006,315.509796,898000
2019-03-29,346.260010,346.899994,344.250000,345.399994,316.701660,966400
2019-04-01,347.549988,350.119995,347.220001,350.000000,320.919464,1277800
2019-04-02,349.970001,349.970001,347.200012,348.589996,319.626678,790800
2019-04-03,350.880005,352.160004,349.450012,350.450012,321.332153,1255100
2019-04-04,350.880005,352.559998,350.239990,352.260010,322.991791,1039300
2019-04-05,352.890015,355.100006,352.609985,354.989990,325.494873,1063800
2019-04-08,354.000000,355.089996,352.940002,354.970001,325.476593,607400
2019-04-09,353.589996,353.660004,350.329987,351.049988,321.882355,1024600
2019-04-10,351.649994,354.609985,351.570007,354.250000,324.816406,1078200
2019-04-11,354.809998,355.690002,353.880005,355.299988,325.779175,525300
2019-04-12,357.470001,358.579987,356.070007,357.950012,328.208984,899500
2019-04-15,358.299988,358.750000,356.619995,357.440002,327.741302,565800
2019-04-16,358.480011,358.940002,356.750000,357.709991,327.988983,690600
2019-04-17,358.899994,359.089996,354.130005,355.049988,325.549927,623500
2019-04-18,355.299988,356.309998,353.649994,355.739990,326.182648,666100
2019-04-22,354.820007,355.510010,353.339996,354.600006,325.137329,747500
2019-04-23,355.059998,359.670013,355.059998,358.950012,329.125824,1433700
2019-04-24,359.299988,361.519989,359.299988,360.209991,330.281158,961000
2019-04-25,358.600006,358.839996,354.100006,356.000000,326.420990,960800
2019-04-26,356.160004,359.850006,355.739990,359.380005,329.520172,1056500
2019-04-29,360.079987,360.760010,359.140015,359.760010,329.868622,864500
2019-04-30,359.519989,359.660004,355.829987,359.100006,329.263397,1771100
2019-05-01,359.820007,359.820007,354.940002,354.950012,325.458191,1361300
2019-05-02,354.359985,356.839996,352.359985,355.829987,326.265076,2216400
2019-05-03,357.250000,361.179993,357.250000,361.019989,331.023895,935200
2019-05-06,355.329987,361.149994,355.170013,360.299988,330.363647,954700
2019-05-07,356.820007,358.019989,350.920013,353.209991,323.862823,1124300
2019-05-08,352.779999,354.899994,351.730011,352.119995,322.863403,1235600
2019-05-09,349.299988,352.000000,346.429993,351.170013,321.992340,1397900
2019-05-10,349.880005,353.320007,345.790009,352.440002,323.156799,923900
2019-05-13,345.850006,346.619995,340.779999,342.089996,313.666718,1490700
2019-05-14,342.959991,347.029999,342.260010,345.429993,316.729279,828400
2019-05-15,343.489990,347.119995,342.309998,346.510010,317.719482,882800
2019-05-16,347.059998,350.619995,347.059998,348.679993,319.709198,673000
2019-05-17,345.600006,349.040009,344.239990,344.410004,315.793976,857600
2019-05-20,342.119995,344.010010,341.119995,341.989990,313.574982,1188600
2019-05-21,344.089996,347.029999,343.950012,346.489990,317.701172,976600
2019-05-22,345.059998,345.670013,342.880005,343.570007,315.023804,790500
2019-05-23,340.690002,340.690002,336.290009,338.059998,309.971527,791500
2019-05-24,339.760010,340.839996,338.350006,339.950012,311.704529,456100
2019-05-28,340.190002,341.049988,336.119995,336.119995,308.192688,754100
2019-05-29,334.480011,335.160004,331.970001,334.250000,306.478088,1169800
2019-05-30,335.000000,337.029999,331.940002,333.510010,305.799683,1017100
2019-05-31,330.119995,331.809998,328.720001,330.130005,302.700439,2019700
2019-06-03,330.540009,333.950012,330.459991,332.570007,304.937744,2104600
2019-06-04,335.649994,341.100006,335.420013,341.019989,312.685699,906800
2019-06-05,342.529999,342.769989,338.220001,342.059998,313.639252,1028100
2019-06-06,342.329987,344.160004,340.369995,343.510010,314.968781,948200
2019-06-07,344.820007,346.790009,344.119995,345.160004,316.481689,680500
2019-06-10,346.980011,349.369995,346.489990,347.160004,318.315491,612300
2019-06-11,349.829987,350.950012,346.359985,347.410004,318.544678,552300
2019-06-12,347.440002,347.679993,345.850006,347.049988,318.214600,552700
2019-06-13,348.850006,349.890015,347.350006,349.269989,320.250153,744500
2019-06-14,348.829987,348.910004,346.570007,346.880005,318.058777,709600
2019-06-17,347.350006,348.600006,346.579987,346.959991,318.132050,570200
2019-06-18,348.910004,353.329987,348.660004,350.929993,321.772186,1120600
2019-06-19,350.929993,352.410004,350.369995,351.970001,322.725830,913900
2019-06-20,355.410004,355.750000,351.809998,354.309998,324.871399,1033500
2019-06-21,352.549988,353.200012,349.790009,350.709991,322.788513,681600
2019-06-24,351.549988,351.750000,347.859985,347.910004,320.211456,770700
2019-06-25,348.500000,348.820007,345.750000,346.019989,318.471924,647000
2019-06-26,347.170013,348.029999,345.410004,345.410004,317.910461,859500
2019-06-27,346.450012,350.109985,346.450012,349.920013,322.061401,936000
2019-06-28,350.609985,354.720001,350.470001,354.589996,326.359650,1058600
2019-07-01,358.239990,359.250000,353.709991,355.279999,326.994720,1161200
2019-07-02,355.429993,355.529999,353.000000,354.359985,326.147919,950800
2019-07-03,355.019989,357.679993,354.790009,357.570007,329.102417,680600
2019-07-05,355.609985,357.920013,353.709991,357.890015,329.396942,833800
2019-07-08,356.320007,357.019989,353.950012,354.500000,326.276825,462400
2019-07-09,352.839996,354.700012,352.529999,354.570007,326.341217,608600
2019-07-10,356.260010,356.720001,353.510010,354.200012,326.000793,701200
2019-07-11,354.929993,354.929993,351.940002,353.399994,325.264374,527600
2019-07-12,353.899994,357.609985,353.679993,357.079987,328.651428,912000
2019-07-15,357.559998,357.890015,354.519989,355.239990,326.957916,570200
2019-07-16,354.809998,356.630005,353.779999,355.459991,327.160461,479400
2019-07-17,354.829987,355.359985,352.369995,352.730011,324.647766,463100
2019-07-18,352.510010,354.589996,351.769989,353.859985,325.687805,694600
2019-07-19,354.739990,356.130005,352.690002,352.760010,324.675446,542300
2019-07-22,353.500000,354.339996,352.290009,352.549988,324.482056,713100
2019-07-23,353.989990,356.420013,353.179993,356.380005,328.007172,1470800
2019-07-24,355.799988,361.690002,355.619995,361.470001,332.691833,1086800
2019-07-25,361.049988,361.059998,357.399994,357.869995,329.378632,855100
2019-07-26,358.579987,361.690002,358.579987,361.369995,332.599915,631500
2019-07-29,361.140015,361.570007,358.989990,359.630005,330.998383,1159800
2019-07-30,357.420013,362.070007,356.600006,362.010010,333.188934,1484900
2019-07-31,361.929993,362.890015,356.190002,357.920013,329.424591,1478200
2019-08-01,358.429993,360.279999,350.790009,352.399994,324.344055,2944600
2019-08-02,350.679993,351.250000,346.500000,348.739990,320.975403,1965100
2019-08-05,342.760010,343.359985,335.790009,338.859985,311.881989,1684900
2019-08-06,340.929993,343.320007,338.790009,343.140015,315.821259,1820400
2019-08-07,339.489990,344.809998,337.489990,343.779999,316.410309,1478500
2019-08-08,345.290009,351.179993,345.290009,351.179993,323.221100,1842600
2019-08-09,349.579987,349.799988,345.390015,346.420013,318.840118,792400
2019-08-12,344.709991,345.260010,340.589996,341.309998,314.136871,771400
2019-08-13,340.600006,348.519989,339.660004,345.369995,317.873779,847600
2019-08-14,339.570007,340.109985,334.670013,335.000000,308.329285,1373800
2019-08-15,336.380005,336.380005,332.769989,334.510010,307.878357,1235500
2019-08-16,336.290009,342.019989,336.279999,341.679993,314.477386,1076700
2019-08-19,345.290009,346.279999,344.489990,344.859985,317.404266,661000
2019-08-20,344.320007,344.329987,341.970001,342.149994,314.910034,571000
2019-08-21,344.920013,345.160004,343.440002,344.089996,316.695618,704700
2019-08-22,344.910004,346.170013,342.339996,344.359985,316.944092,863000
2019-08-23,342.779999,344.380005,334.049988,334.980011,308.310883,2431100
2019-08-26,337.730011,338.299988,335.329987,338.010010,311.099701,963300
2019-08-27,339.670013,339.920013,333.970001,334.130005,307.528595,706300
2019-08-28,333.260010,338.420013,332.890015,337.320007,310.464569,1312200
2019-08-29,340.649994,343.019989,340.540009,342.500000,315.232086,951700
2019-08-30,344.160004,344.609985,341.309998,343.140015,315.821259,1009300
2019-09-03,340.380005,341.369995,337.170013,339.029999,312.038452,1082600
2019-09-04,342.100006,343.390015,341.260010,343.170013,315.848877,1005300
2019-09-05,347.440002,350.450012,346.500000,349.100006,321.306702,1246500
2019-09-06,349.589996,350.570007,348.450012,348.820007,321.048981,806000
2019-09-09,350.239990,351.700012,348.750000,351.690002,323.690552,1007300
2019-09-10,350.630005,353.750000,348.959991,353.750000,325.586487,810900
2019-09-11,354.380005,358.549988,351.910004,358.480011,329.939972,1753400
2019-09-12,359.149994,359.510010,356.160004,358.290009,329.765045,1123700
2019-09-13,359.609985,360.980011,358.179993,358.510010,329.967621,1297300
2019-09-16,357.380005,360.019989,356.369995,358.920013,330.344849,1432300
2019-09-17,358.209991,358.209991,356.299988,357.630005,329.157623,952700
2019-09-18,357.540009,357.540009,353.779999,356.779999,328.375305,905900
2019-09-19,357.299988,359.049988,355.640015,356.109985,327.758606,1204100
2019-09-20,354.940002,356.750000,352.660004,353.529999,326.643555,1577600
2019-09-23,353.000000,355.690002,352.010010,354.399994,327.447266,821300
2019-09-24,354.839996,356.019989,349.510010,350.359985,323.714539,1059100
2019-09-25,349.910004,355.040009,349.839996,354.450012,327.493469,1555600
2019-09-26,353.850006,353.980011,351.070007,352.329987,325.534668,955200
2019-09-27,353.519989,354.579987,348.500000,349.920013,323.307922,775700
2019-09-30,350.239990,353.299988,350.239990,352.470001,325.664093,1183800
2019-10-01,353.540009,355.190002,345.299988,345.750000,319.455078,1846100
2019-10-02,343.739990,343.890015,338.820007,341.230011,315.278900,1381600
2019-10-03,340.420013,343.269989,336.820007,343.260010,317.154510,1575800
2019-10-04,343.709991,346.649994,342.470001,346.519989,320.166595,1151500
2019-10-07,345.619995,347.320007,343.989990,344.869995,318.642059,871700
2019-10-08,341.980011,342.269989,338.540009,338.730011,312.969055,1171900
2019-10-09,341.399994,342.399994,339.440002,341.019989,315.084869,854700
2019-10-10,341.619995,344.459991,341.070007,343.140015,317.043640,811300
2019-10-11,347.299988,351.940002,347.049988,349.029999,322.485718,1401300
2019-10-14,347.980011,348.350006,346.339996,347.570007,321.136780,424500
2019-10-15,348.459991,351.410004,347.619995,350.309998,323.668365,1111100
2019-10-16,349.429993,351.440002,348.950012,350.010010,323.391083,1087700
2019-10-17,351.619995,353.500000,350.739990,352.899994,326.061371,1358900
2019-10-18,352.029999,353.510010,350.679993,352.619995,325.802643,863900
2019-10-21,355.290009,356.339996,354.410004,354.559998,327.595123,998700
2019-10-22,355.029999,356.500000,353.679993,354.489990,327.530396,572800
2019-10-23,354.640015,355.209991,353.269989,354.859985,327.872345,436900
2019-10-24,355.989990,356.709991,353.350006,354.940002,327.946228,530800
2019-10-25,354.359985,357.820007,354.359985,356.750000,329.618500,588200
2019-10-28,358.429993,360.730011,358.429993,358.880005,331.586517,607700
2019-10-29,357.500000,360.720001,357.450012,359.829987,332.464264,718400
2019-10-30,359.410004,359.450012,356.709991,358.790009,331.503418,751200
2019-10-31,358.429993,358.429993,354.549988,356.230011,329.138092,807700
2019-11-01,358.440002,361.429993,358.019989,361.350006,333.868774,915000
2019-11-04,363.420013,364.000000,362.049988,363.350006,335.716614,826600
2019-11-05,364.339996,366.239990,363.869995,364.230011,336.529694,925400
2019-11-06,363.950012,363.950012,361.510010,362.700012,335.116058,1162600
2019-11-07,365.250000,366.339996,362.299988,363.170013,335.550293,1344100
2019-11-08,362.440002,364.250000,361.649994,364.220001,336.520386,738700
2019-11-11,362.140015,364.329987,361.690002,363.480011,335.836731,944100
2019-11-12,363.480011,365.059998,362.329987,362.850006,335.254578,1311100
2019-11-13,361.109985,362.970001,360.500000,362.130005,334.589386,1571300
2019-11-14,361.589996,363.470001,361.399994,362.989990,335.383972,1128100
2019-11-15,365.029999,365.329987,363.519989,364.809998,337.065552,773400
2019-11-18,364.179993,364.450012,363.230011,364.190002,336.492706,853700
2019-11-19,365.450012,365.859985,363.459991,364.970001,337.213379,520400
2019-11-20,363.760010,365.589996,361.260010,363.820007,336.150848,701400
2019-11-21,364.160004,364.230011,360.829987,361.230011,333.757843,821500
2019-11-22,362.299988,362.799988,360.839996,362.109985,334.570953,783900
2019-11-25,363.459991,367.049988,363.350006,366.609985,338.728668,946300
2019-11-26,366.880005,368.450012,366.000000,367.980011,339.994476,811700
2019-11-27,369.029999,370.540009,368.399994,370.510010,342.332031,722300
2019-11-29,369.730011,369.950012,366.420013,366.640015,338.756378,785700
2019-12-02,367.230011,367.600006,363.980011,364.149994,336.455750,788400
2019-12-03,361.000000,362.350006,359.000000,362.089996,334.552399,983300
2019-12-04,363.859985,366.859985,363.410004,365.079987,337.315033,965800
2019-12-05,366.000000,366.410004,364.260010,365.609985,337.804657,720200
2019-12-06,368.489990,370.359985,368.309998,369.209991,341.130981,981800
2019-12-09,368.459991,369.000000,367.359985,367.510010,339.560211,432000
2019-12-10,367.320007,368.049988,366.290009,367.299988,339.366150,634100
2019-12-11,367.589996,368.329987,366.510010,367.899994,339.920563,476200
2019-12-12,368.059998,372.809998,367.359985,371.859985,343.579376,2638900
2019-12-13,371.519989,373.260010,368.720001,369.839996,341.713074,2564700
2019-12-16,372.019989,373.809998,371.630005,372.089996,343.791901,1187600
2019-12-17,372.640015,373.570007,372.000000,373.380005,344.983795,973800
2019-12-18,374.040009,374.040009,372.220001,373.549988,345.140961,1212200
2019-12-19,373.730011,375.290009,373.170013,375.190002,346.656128,662300
2019-12-20,374.820007,376.570007,374.700012,375.559998,348.343353,673900
2019-12-23,376.390015,376.510010,374.420013,375.239990,348.046509,691800
2019-12-24,375.609985,375.869995,374.929993,375.260010,348.065094,332300
2019-12-26,375.790009,376.420013,375.010010,376.089996,348.834930,387500
2019-12-27,377.019989,377.019989,374.619995,375.359985,348.157867,383600
2019-12-30,375.290009,376.269989,373.660004,375.010010,347.833221,701800
2019-12-31,374.230011,376.720001,374.010010,375.380005,348.176331,760500
2020-01-02,377.170013,377.589996,372.459991,375.929993,348.686462,1019200
2020-01-03,371.209991,374.850006,371.079987,373.970001,346.868530,930900
2020-01-06,371.420013,374.100006,370.630005,373.959991,346.859222,1239600
2020-01-07,372.929993,373.910004,371.750000,372.929993,345.903961,624000
2020-01-08,373.119995,374.989990,372.339996,373.600006,346.525360,888500
2020-01-09,375.239990,375.380005,373.480011,374.679993,347.527100,457600
2020-01-10,374.829987,375.049988,372.600006,373.529999,346.460388,484900
2020-01-13,373.910004,376.619995,372.920013,376.429993,349.150146,823600
2020-01-14,375.429993,378.660004,375.049988,377.519989,350.161285,640000
2020-01-15,376.440002,379.540009,376.399994,378.029999,350.634308,776500
2020-01-16,380.320007,382.359985,380.000000,382.239990,354.539276,1326500
2020-01-17,383.109985,383.410004,381.040009,381.450012,353.806458,476200
2020-01-21,379.649994,380.600006,378.700012,379.339996,351.849396,578200
2020-01-22,380.179993,381.589996,378.549988,379.070007,351.598938,519800
2020-01-23,378.670013,380.619995,375.839996,379.920013,352.387360,646000
2020-01-24,380.730011,380.730011,374.049988,375.899994,348.658661,818200
2020-01-27,370.290009,372.910004,369.309998,370.750000,343.881958,1136900
2020-01-28,372.989990,375.480011,372.339996,374.390015,347.258179,1047100
2020-01-29,375.489990,376.119995,372.579987,372.619995,345.616394,869500
2020-01-30,370.109985,373.179993,368.859985,373.000000,345.968933,1161100
2020-01-31,371.559998,371.839996,364.630005,365.459991,338.975281,1566700
2020-02-03,367.380005,371.359985,367.380005,369.619995,342.833771,1014200
2020-02-04,374.000000,376.029999,373.540009,374.549988,347.406494,727200
2020-02-05,378.179993,379.269989,376.829987,378.839996,351.385620,741200
2020-02-06,380.040009,380.299988,376.929993,376.940002,349.623291,569900
2020-02-07,375.579987,375.859985,372.859985,373.470001,346.404724,782700
2020-02-10,372.589996,375.540009,372.579987,375.500000,348.287659,574300
2020-02-11,377.149994,380.000000,376.769989,378.440002,351.014526,1888300
2020-02-12,380.200012,381.079987,379.239990,380.970001,353.361206,713800
2020-02-13,379.329987,382.790009,378.850006,382.260010,354.557831,708000
2020-02-14,382.600006,382.880005,380.739990,382.079987,354.390808,536100
2020-02-18,381.100006,381.929993,378.660004,380.940002,353.333435,663500
2020-02-19,382.200012,384.000000,381.670013,382.470001,354.752625,661300
2020-02-20,381.859985,384.470001,379.529999,384.019989,356.190216,812900
2020-02-21,382.290009,382.559998,378.880005,379.940002,352.405945,820000
2020-02-24,368.429993,370.899994,366.820007,368.600006,341.887695,1725400
2020-02-25,369.640015,370.130005,355.339996,355.700012,329.922607,3276900
2020-02-26,357.239990,359.790009,350.049988,350.489990,325.090118,1780700
2020-02-27,343.170013,350.149994,336.829987,337.649994,313.180634,3496000
2020-02-28,326.589996,333.720001,322.649994,331.089996,307.096008,8374600
2020-03-02,332.989990,342.179993,327.299988,342.160004,317.363739,2645700
2020-03-03,342.410004,347.790009,331.540009,334.649994,310.397919,3589400
2020-03-04,340.570007,346.640015,337.399994,346.290009,321.194427,2400400
2020-03-05,338.109985,339.209991,330.390015,333.779999,309.591034,2938700
2020-03-06,323.369995,330.320007,320.390015,328.260010,304.471100,2427600
2020-03-09,304.489990,327.970001,295.350006,297.309998,275.764130,4597000
2020-03-10,307.920013,309.649994,293.500000,309.329987,286.912964,3726000
2020-03-11,301.109985,302.670013,285.559998,288.910004,267.972778,8766600
2020-03-12,268.609985,275.920013,253.679993,258.040009,239.339935,4729400
2020-03-13,272.519989,282.790009,258.369995,282.070007,261.628510,4284500
2020-03-16,252.130005,261.739990,239.020004,243.570007,225.918564,5082200
2020-03-17,249.339996,256.940002,239.279999,256.709991,238.106339,3086200
2020-03-18,241.449997,247.389999,221.110001,231.029999,214.287369,3683300
2020-03-19,227.470001,244.020004,220.000000,239.729996,222.356857,2339200
2020-03-20,240.860001,246.779999,227.460007,229.250000,213.625458,1759700
2020-03-23,227.360001,227.360001,214.220001,220.850006,205.797989,2249000
2020-03-24,233.919998,245.429993,232.009995,245.289993,228.572266,1750700
2020-03-25,246.580002,262.329987,240.910004,252.820007,235.589096,2012500
2020-03-26,255.580002,267.859985,255.000000,267.420013,249.194046,1101800
2020-03-27,257.670013,265.220001,254.309998,258.940002,241.291992,1381100
2020-03-30,260.170013,266.000000,254.800003,265.760010,247.647171,1526900
2020-03-31,264.119995,266.510010,258.790009,262.880005,244.963440,1166900
2020-04-01,250.830002,253.740005,245.339996,247.000000,230.165771,1424200
2020-04-02,247.009995,256.269989,243.649994,249.800003,232.774918,1604100
2020-04-03,248.860001,251.529999,240.580002,243.089996,226.522232,1127700
2020-04-06,253.080002,263.690002,253.080002,262.829987,244.916824,1181900
2020-04-07,272.739990,278.929993,265.510010,265.890015,247.768295,1206400
2020-04-08,270.000000,281.040009,267.170013,279.470001,260.422729,2322500
2020-04-09,286.600006,293.429993,284.329987,288.970001,269.275238,1754900
2020-04-13,286.850006,288.209991,276.730011,279.970001,260.888672,1918300
2020-04-14,286.769989,289.649994,282.799988,285.869995,266.386566,953400
2020-04-15,276.260010,277.790009,273.170013,274.640015,255.921967,818400
2020-04-16,275.630005,276.320007,269.510010,274.399994,255.698334,1317500
2020-04-17,284.480011,286.779999,281.390015,284.089996,264.727905,1649000
2020-04-20,279.179993,284.260010,277.649994,278.720001,259.723785,1160300
2020-04-21,272.850006,275.209991,269.619995,271.329987,252.837555,815200
2020-04-22,277.440002,278.579987,273.589996,275.049988,256.303955,719200
2020-04-23,277.220001,282.750000,276.470001,278.450012,259.472290,1069600
2020-04-24,280.440002,283.660004,277.269989,282.100006,262.873474,767500
2020-04-27,284.859985,295.420013,284.540009,293.850006,273.822723,1446500
2020-04-28,300.700012,302.920013,294.119995,296.950012,276.711395,1600400
2020-04-29,305.359985,311.649994,303.649994,309.429993,288.340820,1560500
2020-04-30,303.299988,304.279999,299.510010,299.809998,279.376434,1923300
2020-05-01,293.359985,293.920013,286.489990,289.519989,269.787842,1681700
2020-05-04,286.359985,290.190002,283.609985,289.880005,270.123352,1447100
2020-05-05,294.549988,298.730011,291.989990,292.660004,272.713776,1308200
2020-05-06,294.500000,295.549988,290.010010,290.410004,270.617065,1367900
2020-05-07,294.040009,298.290009,294.040009,295.200012,275.080688,1501100
2020-05-08,300.049988,305.920013,299.250000,305.769989,284.930206,1636600
2020-05-11,301.470001,305.799988,299.329987,303.640015,282.945435,1711500
2020-05-12,304.910004,305.489990,292.350006,292.450012,272.518097,1813100
2020-05-13,290.250000,290.640015,279.679993,282.510010,263.255493,1655600
2020-05-14,276.859985,285.820007,271.910004,285.690002,266.218872,1655700
2020-05-15,283.399994,288.820007,281.170013,288.019989,268.389954,1230700
2020-05-18,299.480011,306.959991,299.149994,305.470001,284.650757,2493700
2020-05-19,304.600006,308.040009,301.200012,301.260010,280.727692,1406000
2020-05-20,306.540009,309.790009,306.200012,307.799988,286.821838,1377900
2020-05-21,307.859985,310.440002,305.679993,309.309998,288.229004,1085400
2020-05-22,309.049988,309.859985,305.959991,309.029999,287.968109,966000
2020-05-26,320.140015,322.149994,319.019989,319.850006,298.050598,1540600
2020-05-27,325.959991,328.450012,318.500000,328.160004,305.794250,1514900
2020-05-28,331.359985,331.380005,322.369995,323.350006,301.312134,1419700
2020-05-29,321.149994,323.390015,317.480011,321.529999,299.616150,1718700
2020-06-01,322.839996,327.570007,321.100006,325.679993,303.483246,998500
2020-06-02,327.769989,329.450012,325.600006,328.589996,306.194885,1234600
2020-06-03,332.799988,338.839996,332.799988,337.679993,314.665436,1886400
2020-06-04,335.790009,339.390015,333.820007,337.779999,314.758606,1480500
2020-06-05,352.829987,354.140015,347.730011,348.470001,324.720001,1854500
2020-06-08,352.299988,355.230011,351.600006,355.209991,331.000732,1163500
2020-06-09,349.670013,350.470001,345.809998,347.769989,324.067719,1263700
2020-06-10,347.679993,347.679993,338.049988,339.119995,316.007263,1541100
2020-06-11,325.890015,326.910004,314.049988,314.839996,293.382080,2019900
2020-06-12,325.359985,327.540009,312.299988,321.149994,299.262054,4701600
2020-06-15,311.470001,327.910004,310.160004,326.309998,304.070404,2622200
2020-06-16,338.459991,338.920013,327.519989,332.920013,310.229797,1808400
2020-06-17,333.750000,334.029999,327.779999,328.269989,305.896790,1020900
2020-06-18,325.459991,330.679993,324.179993,327.380005,305.067352,962600
2020-06-19,331.239990,331.619995,322.260010,324.929993,303.825714,1580400
2020-06-22,323.880005,326.549988,319.579987,325.769989,304.611084,850800
2020-06-23,330.540009,330.559998,325.809998,326.279999,305.087952,1404600
2020-06-24,322.950012,323.329987,311.790009,315.140015,294.671570,1570500
2020-06-25,313.589996,319.440002,311.269989,319.329987,298.589386,1129400
2020-06-26,317.410004,318.220001,312.320007,312.880005,292.558380,1295400
2020-06-29,315.809998,321.230011,312.869995,320.500000,299.683411,1115300
2020-06-30,319.500000,325.619995,319.350006,324.489990,303.414185,1243300
2020-07-01,325.079987,326.910004,321.250000,322.380005,301.441315,1271800
2020-07-02,328.109985,330.070007,323.149994,323.920013,302.881317,1111700
2020-07-06,330.519989,331.500000,326.049988,327.339996,306.079224,998900
2020-07-07,324.480011,326.420013,320.809998,321.119995,300.263092,1176100
2020-07-08,321.309998,324.690002,319.320007,323.279999,302.282837,1225700
2020-07-09,323.320007,323.920013,314.489990,318.459991,297.775909,1207800
2020-07-10,318.739990,323.059998,317.700012,323.010010,302.030426,1182000
2020-07-13,325.399994,328.920013,319.320007,319.649994,298.888611,1628600
2020-07-14,318.959991,324.929993,317.309998,324.859985,303.760193,1693300
2020-07-15,331.429993,335.489990,329.950012,334.609985,312.876953,1477700
2020-07-16,332.589996,334.670013,330.899994,333.290009,311.642639,1081200
2020-07-17,334.279999,335.559998,332.290009,334.589996,312.858276,858200
2020-07-20,333.980011,334.779999,331.260010,332.640015,311.034912,678600
2020-07-21,335.320007,338.929993,334.579987,336.910004,315.027618,695500
2020-07-22,335.459991,339.589996,335.260010,339.320007,317.281006,688300
2020-07-23,338.899994,343.890015,337.029999,339.739990,317.673828,825800
2020-07-24,338.329987,339.519989,336.279999,337.220001,315.317413,1083200
2020-07-27,337.170013,340.269989,335.609985,340.170013,318.075897,677800
2020-07-28,338.859985,340.600006,336.600006,336.779999,314.905975,599300
2020-07-29,338.549988,344.809998,338.540009,344.269989,321.909546,868500
2020-07-30,339.410004,342.589996,336.769989,341.959991,319.749542,1122500
2020-07-31,341.450012,341.549988,334.579987,339.619995,317.561615,1340000
2020-08-03,341.700012,344.119995,339.660004,343.630005,321.311157,656300
2020-08-04,342.489990,345.369995,341.799988,345.369995,322.938110,638000
2020-08-05,347.829987,350.329987,346.700012,350.190002,327.445038,688000
2020-08-06,349.489990,350.880005,347.720001,349.070007,326.397797,669300
2020-08-07,348.019989,353.519989,347.429993,353.269989,330.324982,673700
2020-08-10,353.970001,356.630005,353.820007,355.160004,332.092255,712900
2020-08-11,358.160004,360.170013,353.730011,354.640015,331.605988,850000
2020-08-12,358.070007,358.570007,355.109985,356.920013,333.737976,766600
2020-08-13,355.420013,358.059998,354.779999,356.279999,333.139496,759900
2020-08-14,354.450012,357.320007,353.959991,355.480011,332.391449,747800
2020-08-17,356.339996,357.540009,355.130005,356.459991,333.307770,452900
2020-08-18,356.130005,356.309998,352.390015,353.190002,330.250275,712400
2020-08-19,354.279999,354.640015,351.220001,351.720001,328.875671,892200
2020-08-20,348.160004,351.269989,347.559998,349.359985,326.668945,714200
2020-08-21,348.170013,349.690002,346.869995,348.529999,325.892822,584000
2020-08-24,350.839996,353.790009,349.079987,353.790009,330.811249,651800
2020-08-25,354.790009,355.040009,350.359985,353.119995,330.184784,794100
2020-08-26,353.089996,353.239990,351.019989,351.859985,329.006622,559000
2020-08-27,352.790009,354.859985,351.369995,353.230011,330.287628,639100
2020-08-28,354.640015,355.260010,352.579987,355.200012,332.129700,615200
2020-08-31,354.750000,354.929993,351.329987,351.399994,328.576447,715400
2020-09-01,350.959991,354.239990,348.149994,354.100006,331.101013,975800
2020-09-02,355.390015,359.570007,353.380005,358.670013,335.374268,968400
2020-09-03,357.230011,357.910004,345.850006,347.750000,325.163605,1165500
2020-09-04,350.929993,351.920013,339.380005,346.059998,323.583282,1240000
2020-09-08,342.570007,343.359985,337.489990,338.450012,316.467499,1361100
2020-09-09,341.690002,344.720001,339.989990,343.049988,320.768768,1306100
2020-09-10,345.070007,346.940002,338.709991,338.859985,316.850952,811100
2020-09-11,340.829987,341.000000,335.570007,338.649994,316.654510,665700
2020-09-14,341.899994,345.940002,341.109985,345.329987,322.900726,624000
2020-09-15,347.750000,348.489990,344.880005,345.750000,323.293427,549200
2020-09-16,347.149994,350.940002,346.170013,346.820007,324.293945,675100
2020-09-17,341.529999,345.790009,340.140015,344.709991,322.320892,920300
2020-09-18,344.429993,345.429993,336.970001,339.970001,318.844391,871700
2020-09-21,333.220001,333.339996,327.510010,331.480011,310.881897,1002500
2020-09-22,332.869995,334.660004,330.130005,333.709991,312.973297,750000
2020-09-23,333.750000,336.559998,326.109985,326.160004,305.892426,783000
2020-09-24,325.540009,330.549988,321.769989,326.190002,305.920624,951700
2020-09-25,324.510010,331.739990,323.980011,330.750000,310.197327,763600
2020-09-28,335.089996,339.559998,335.089996,338.690002,317.643860,656500
2020-09-29,338.570007,339.730011,334.600006,336.660004,315.740021,608900
2020-09-30,337.720001,342.309998,336.239990,338.829987,317.775177,856100
2020-10-01,340.600006,343.510010,339.179993,343.510010,322.164368,1153900
2020-10-02,337.709991,348.000000,336.600006,346.519989,324.987396,1277000
2020-10-05,349.459991,354.690002,349.440002,354.679993,332.640228,847700
2020-10-06,356.609985,361.299988,352.070007,352.929993,330.998962,1377000
2020-10-07,356.880005,360.230011,356.459991,359.089996,336.776154,800800
2020-10-08,362.290009,362.959991,360.160004,362.880005,340.330750,718700
2020-10-09,365.489990,366.529999,362.670013,363.829987,341.221680,693500
2020-10-12,365.320007,366.750000,363.829987,366.130005,343.378754,525100
2020-10-13,363.529999,365.140015,362.450012,363.290009,340.715271,826700
2020-10-14,363.109985,366.279999,361.450012,361.480011,339.017731,632400
2020-10-15,357.239990,365.640015,356.390015,364.950012,342.272095,779000
2020-10-16,365.779999,366.660004,363.970001,364.010010,341.390472,540000
2020-10-19,364.850006,367.029999,359.010010,359.820007,337.460785,572300
2020-10-20,361.899994,365.369995,361.000000,361.500000,339.036469,713200
2020-10-21,361.980011,363.899994,359.109985,359.140015,336.823181,551100
2020-10-22,360.049988,365.320007,359.059998,365.200012,342.506561,858200
2020-10-23,366.910004,368.429993,363.679993,367.489990,344.654236,1068800
2020-10-26,362.839996,363.380005,355.579987,359.739990,337.385803,711200
2020-10-27,359.369995,360.230011,354.799988,354.859985,332.809052,733800
2020-10-28,348.010010,350.750000,345.220001,345.429993,323.965027,1041800
2020-10-29,345.010010,350.739990,342.609985,348.709991,327.041260,1459400
2020-10-30,347.010010,348.929993,341.799988,346.269989,324.752838,1798400
2020-11-02,350.239990,353.549988,349.000000,353.070007,331.130341,1096800
2020-11-03,357.559998,362.570007,356.820007,360.959991,338.529999,1028100
2020-11-04,357.339996,366.000000,356.399994,361.250000,338.801971,1046500
2020-11-05,365.600006,372.470001,365.309998,371.320007,348.246246,1051300
2020-11-06,371.899994,373.040009,368.799988,369.609985,346.642456,759700
2020-11-09,392.410004,396.000000,379.670013,380.100006,356.480682,1817100
2020-11-10,381.420013,385.809998,378.970001,384.609985,360.710419,1207800
2020-11-11,386.329987,386.450012,381.450012,384.170013,360.297760,611900
2020-11-12,382.100006,382.100006,374.720001,377.470001,354.014069,1139700
2020-11-13,380.450012,386.149994,380.450012,385.619995,361.657684,801300
2020-11-16,391.299988,393.399994,388.730011,393.350006,368.907288,981100
2020-11-17,389.880005,395.390015,387.160004,394.239990,369.742035,736600
2020-11-18,395.290009,395.790009,388.549988,388.640015,364.490021,989800
2020-11-19,388.450012,392.369995,386.440002,392.109985,367.744354,540300
2020-11-20,390.690002,392.959991,389.779999,391.839996,367.491119,494500
2020-11-23,394.950012,399.779999,394.320007,397.929993,373.202759,804200
2020-11-24,402.399994,405.839996,401.010010,404.660004,379.514587,777200
2020-11-25,403.250000,403.380005,399.690002,401.850006,376.879211,480400
2020-11-27,402.640015,403.299988,401.000000,402.660004,377.638794,389500
2020-11-30,401.279999,402.440002,395.140015,395.779999,371.186401,891000
2020-12-01,400.350006,402.929993,399.019989,400.809998,375.903717,1200500
2020-12-02,398.500000,400.760010,396.769989,399.959991,375.106476,727300
2020-12-03,400.519989,404.649994,399.869995,402.239990,377.244904,735600
2020-12-04,404.200012,409.859985,403.890015,409.779999,384.316406,602900
2020-12-07,408.910004,409.399994,406.779999,408.399994,383.022156,529400
2020-12-08,405.649994,411.160004,405.649994,410.410004,384.907227,559200
2020-12-09,412.230011,413.440002,406.540009,408.720001,383.322235,837600
2020-12-10,405.950012,410.420013,405.010010,409.940002,384.466431,927400
2020-12-11,406.989990,411.769989,405.350006,409.000000,383.584808,1933300
2020-12-14,413.019989,414.420013,407.950012,408.059998,382.703156,840700
2020-12-15,411.200012,417.739990,410.190002,417.690002,391.734863,764300
2020-12-16,418.100006,418.420013,414.089996,416.260010,390.393677,1401200
2020-12-17,417.660004,419.730011,416.420013,419.679993,393.601105,1515300
2020-12-18,418.450012,420.429993,414.290009,416.019989,391.519379,1299200
2020-12-21,410.709991,415.660004,407.690002,415.119995,390.672363,1024300
2020-12-22,415.850006,418.079987,414.730011,417.019989,392.460541,636500
2020-12-23,418.929993,422.040009,418.929993,420.769989,395.989716,669200
2020-12-24,421.410004,421.750000,419.100006,421.750000,396.912048,345900
2020-12-28,425.109985,425.309998,420.049988,420.309998,395.556763,825600
2020-12-29,421.470001,422.350006,413.730011,415.720001,391.237122,1082800
2020-12-30,417.450012,421.750000,416.910004,419.429993,394.728607,798400
2020-12-31,419.000000,421.769989,416.149994,419.920013,395.189758,870900
2021-01-04,422.290009,422.760010,409.739990,413.339996,388.997253,2254200
2021-01-05,412.950012,421.299988,412.869995,419.450012,394.747467,1522400
2021-01-06,422.709991,438.890015,422.130005,436.059998,410.379272,2307300
2021-01-07,438.109985,441.570007,438.010010,440.779999,414.821228,1056300
2021-01-08,442.470001,443.290009,435.089996,440.079987,414.162476,988600
2021-01-11,434.920013,442.239990,434.429993,440.820007,414.858795,664900
2021-01-12,441.769989,446.450012,441.769989,445.970001,419.705627,812700
2021-01-13,445.609985,446.299988,441.390015,441.730011,415.715302,881900
2021-01-14,444.489990,448.640015,444.339996,446.010010,419.743195,1342900
2021-01-15,440.500000,443.160004,436.600006,441.239990,415.254181,1022800
2021-01-19,445.899994,446.209991,442.929993,445.230011,419.009186,949300
2021-01-20,447.279999,450.019989,446.670013,449.790009,423.300659,1114300
2021-01-21,450.649994,451.140015,446.500000,446.820007,420.505585,662300
2021-01-22,443.820007,448.730011,442.649994,448.480011,422.067841,787700
2021-01-25,447.540009,452.160004,442.369995,446.730011,420.420776,794500
2021-01-26,449.049988,450.000000,442.010010,442.260010,416.214111,733400
2021-01-27,435.079987,437.510010,429.239990,431.109985,405.720764,1331000
2021-01-28,434.369995,437.809998,433.000000,434.369995,408.788757,1038100
2021-01-29,434.450012,435.190002,424.730011,425.959991,400.874023,1070600
2021-02-01,430.339996,435.750000,426.989990,434.899994,409.287537,680700
2021-02-02,439.339996,441.029999,436.429993,440.220001,414.294250,838600
2021-02-03,440.829987,442.109985,436.809998,440.309998,414.378937,594900
2021-02-04,441.839996,447.170013,441.299988,446.540009,420.242126,468700
2021-02-05,450.690002,451.540009,448.040009,451.320007,424.740540,513600
2021-02-08,454.369995,458.570007,453.140015,458.380005,431.384796,792400
2021-02-09,457.910004,461.260010,456.970001,459.750000,432.674042,491500
2021-02-10,461.630005,463.000000,456.269989,459.359985,432.307037,607400
2021-02-11,461.049988,463.480011,456.339996,462.190002,434.970306,714900
2021-02-12,461.220001,464.209991,460.450012,463.579987,436.278564,374100
2021-02-16,466.809998,467.470001,461.459991,462.790009,435.535065,486500
2021-02-17,459.829987,461.720001,455.980011,460.279999,433.172852,547300
2021-02-18,457.049988,458.000000,453.070007,455.350006,428.533203,652300
2021-02-19,457.630005,463.179993,457.519989,461.890015,434.688141,793300
2021-02-22,458.920013,464.390015,458.920013,460.450012,433.332855,735200
2021-02-23,456.170013,462.670013,449.010010,461.339996,434.170349,1354700
2021-02-24,462.109985,470.570007,461.510010,469.790009,442.122803,550500
2021-02-25,468.890015,470.049988,454.290009,455.329987,428.514404,1009300
2021-02-26,457.559998,460.959991,449.529999,454.850006,428.062653,954600
2021-03-01,463.500000,469.500000,463.190002,467.630005,440.090027,881700
2021-03-02,467.230011,468.239990,460.410004,461.109985,433.953949,808400
2021-03-03,461.799988,464.320007,456.980011,457.089996,430.170715,684700
2021-03-04,456.230011,459.329987,440.500000,447.420013,421.070221,1285200
2021-03-05,453.299988,458.940002,438.809998,457.850006,430.885925,1016600
2021-03-08,460.470001,467.720001,458.309998,461.299988,434.132751,998300
2021-03-09,467.809998,468.850006,463.070007,464.660004,437.294861,727800
2021-03-10,467.600006,473.000000,467.429993,470.989990,443.252075,873100
2021-03-11,475.119995,479.369995,473.609985,478.109985,449.952789,928900
2021-03-12,477.190002,482.869995,477.000000,482.529999,454.112549,828000
2021-03-15,483.570007,489.480011,481.959991,489.290009,460.474396,892900
2021-03-16,489.329987,489.329987,481.190002,482.929993,454.488922,567200
2021-03-17,481.380005,486.399994,478.390015,486.170013,457.538086,482100
2021-03-18,484.519989,488.820007,475.679993,476.559998,448.494049,519500
2021-03-19,474.390015,479.929993,471.359985,475.769989,448.563812,1012600
2021-03-22,476.059998,476.549988,471.160004,473.190002,446.131378,922300
2021-03-23,469.980011,471.809998,459.049988,460.739990,434.393311,2552500
2021-03-24,464.769989,469.260010,457.799988,457.850006,431.668610,910900
2021-03-25,454.549988,469.200012,452.359985,467.549988,440.813843,852500
2021-03-26,471.079987,478.609985,468.880005,478.380005,451.024628,705700
2021-03-29,475.750000,480.299988,468.320007,469.730011,442.869263,816000
2021-03-30,469.950012,476.250000,468.640015,475.570007,448.375305,576900
2021-03-31,476.760010,479.760010,474.920013,476.049988,448.827850,687200
2021-04-01,478.109985,482.470001,477.750000,482.299988,454.720459,1196000
2021-04-05,487.089996,487.690002,482.700012,485.700012,457.925964,903200
2021-04-06,486.140015,489.470001,485.109985,486.160004,458.359711,877500
2021-04-07,485.959991,486.950012,480.859985,482.299988,454.720459,659500
2021-04-08,483.929993,484.649994,479.350006,484.450012,456.747528,615600
2021-04-09,484.089996,487.000000,482.989990,486.510010,458.689697,852000
2021-04-12,486.279999,488.750000,484.720001,488.059998,460.151123,613500
2021-04-13,487.809998,489.040009,483.040009,486.089996,458.293732,868000
2021-04-14,487.279999,492.700012,486.859985,488.779999,460.829926,1029500
2021-04-15,492.700012,492.700012,487.980011,492.339996,464.186340,731300
2021-04-16,494.510010,497.160004,493.109985,495.940002,467.580444,885900
2021-04-19,494.799988,496.230011,490.269989,493.250000,465.044281,985100
2021-04-20,491.359985,492.760010,482.980011,486.000000,458.208862,754300
2021-04-21,485.589996,494.630005,484.109985,494.380005,466.109650,796100
2021-04-22,495.260010,498.399994,490.540009,491.920013,463.790375,1453200
2021-04-23,493.970001,502.279999,493.410004,500.179993,471.577942,1361700
2021-04-26,502.540009,504.260010,501.640015,502.670013,473.925690,998300
2021-04-27,503.440002,504.600006,500.850006,503.350006,474.566772,525200
2021-04-28,502.920013,504.920013,502.130005,503.429993,474.642090,782400
2021-04-29,506.890015,507.630005,499.779999,503.429993,474.642090,941300
2021-04-30,500.010010,501.260010,495.750000,496.579987,468.183807,1382900
2021-05-03,501.730011,502.720001,498.070007,499.540009,470.974579,856500
2021-05-04,496.480011,498.170013,492.299988,497.700012,469.239807,1104000
2021-05-05,499.940002,499.940002,495.779999,496.970001,468.551544,774400
2021-05-06,497.410004,499.609985,492.119995,499.540009,470.974579,1736100
2021-05-07,498.540009,505.290009,497.209991,504.809998,475.943207,718300
2021-05-10,505.299988,506.869995,498.720001,498.720001,470.201447,1586900
2021-05-11,491.040009,496.970001,488.820007,494.220001,465.958832,2137800
2021-05-12,490.910004,494.010010,478.880005,478.880005,451.496002,1854100
2021-05-13,480.369995,490.269989,479.970001,488.309998,460.386810,2202400
2021-05-14,491.959991,497.089996,490.000000,496.269989,467.891632,2256100
2021-05-17,493.950012,496.309998,490.589996,495.720001,467.372986,1329500
2021-05-18,495.820007,496.890015,490.299988,490.540009,462.489258,1148700
2021-05-19,483.399994,487.609985,479.559998,487.410004,459.538208,1591900
2021-05-20,487.940002,490.920013,485.320007,489.649994,461.650177,842100
2021-05-21,493.079987,494.929993,488.940002,490.450012,462.404419,1123600
2021-05-24,493.230011,494.809998,490.739990,493.010010,464.817993,853300
2021-05-25,495.109985,496.709991,488.940002,489.350006,461.367279,724500
2021-05-26,490.500000,494.320007,490.320007,494.130005,465.873932,605700
2021-05-27,497.140015,498.529999,496.179993,497.299988,468.862640,854900
2021-05-28,499.230011,499.799988,495.239990,497.760010,469.296356,614100
2021-06-01,501.049988,501.380005,497.880005,500.510010,471.889130,1249700
2021-06-02,502.000000,502.000000,496.859985,497.660004,469.202118,951400
2021-06-03,495.019989,496.250000,491.269989,494.920013,466.618805,1003000
2021-06-04,497.589996,498.489990,494.950012,497.940002,469.466095,816900
2021-06-07,498.640015,499.410004,496.149994,497.149994,468.721191,2064200
2021-06-08,498.309998,502.470001,495.399994,501.859985,473.161926,1211100
2021-06-09,502.000000,502.690002,498.410004,498.529999,470.022278,858800
2021-06-10,501.230011,502.260010,496.820007,498.459991,469.956329,995200
2021-06-11,500.350006,502.339996,499.299988,502.250000,473.529633,1079500
2021-06-14,502.619995,503.130005,495.989990,497.739990,469.277496,736000
2021-06-15,498.140015,498.899994,493.700012,497.350006,468.909821,838800
2021-06-16,496.640015,497.350006,491.329987,493.940002,465.694794,998400
2021-06-17,493.290009,494.140015,482.070007,486.190002,458.387970,879500
2021-06-18,478.730011,481.640015,475.109985,475.109985,447.941559,1154200
2021-06-21,478.529999,487.029999,478.529999,486.459991,458.642517,934700
2021-06-22,485.799988,488.380005,482.670013,487.059998,459.208191,654900
2021-06-23,487.170013,489.700012,486.970001,487.380005,459.509979,701300
2021-06-24,490.489990,492.380005,487.859985,492.170013,464.026062,738700
2021-06-25,493.100006,497.160004,492.369995,496.390015,468.004761,711200
2021-06-28,496.750000,496.750000,488.950012,491.410004,463.309479,942800
2021-06-29,493.059998,494.730011,489.829987,490.940002,462.866333,714500
2021-06-30,490.170013,492.059998,489.309998,491.010010,462.932434,738600
2021-07-01,493.720001,496.489990,492.109985,495.279999,466.958160,1472100
2021-07-02,496.079987,496.440002,491.959991,493.709991,465.478027,1036300
2021-07-06,493.500000,494.000000,483.940002,488.040009,460.132172,1327100
2021-07-07,487.750000,490.679993,483.910004,488.779999,460.829926,865600
2021-07-08,480.450012,487.109985,476.820007,482.899994,455.286102,1108600
2021-07-09,487.290009,493.410004,486.920013,493.000000,464.808563,1143600
2021-07-12,491.130005,494.899994,489.459991,494.420013,466.147430,615200
2021-07-13,492.390015,493.019989,486.570007,486.820007,458.981995,717400
2021-07-14,489.079987,491.799988,483.089996,484.119995,456.436310,892200
2021-07-15,481.100006,484.529999,478.809998,482.579987,454.984406,645500
2021-07-16,485.839996,485.959991,476.350006,476.619995,449.365234,825700
2021-07-19,468.350006,472.390015,464.339996,468.359985,441.577606,1534100
2021-07-20,469.890015,483.959991,468.399994,481.540009,454.003906,1127000
2021-07-21,484.179993,489.500000,484.049988,487.839996,459.943634,1207600
2021-07-22,486.540009,486.760010,480.369995,482.709991,455.106995,812500
2021-07-23,485.200012,487.320007,482.359985,486.799988,458.963074,577000
2021-07-26,487.450012,490.480011,486.179993,487.630005,459.745605,657300
2021-07-27,485.179993,485.679993,481.390015,484.619995,456.907806,757200
2021-07-28,486.410004,491.079987,481.850006,488.350006,460.424469,574900
2021-07-29,491.570007,496.200012,491.070007,493.329987,465.119720,796300
2021-07-30,491.170013,496.869995,490.679993,492.399994,464.242828,659400
2021-08-02,494.799988,500.079987,490.109985,490.679993,462.621277,737800
2021-08-03,492.089996,493.660004,486.589996,493.510010,465.289429,899900
2021-08-04,490.739990,494.010010,488.470001,488.510010,460.575378,671600
2021-08-05,490.290009,494.049988,489.850006,493.130005,464.931213,744500
2021-08-06,495.619995,498.160004,493.779999,495.459991,467.127899,564100
2021-08-09,494.359985,495.739990,491.130005,494.000000,465.751434,446700
2021-08-10,494.519989,497.179993,492.649994,495.760010,467.410797,1215300
2021-08-11,496.450012,499.920013,493.459991,499.890015,471.304626,743300
2021-08-12,499.799988,500.350006,496.369995,499.049988,470.512634,512300
2021-08-13,498.839996,499.829987,497.190002,498.109985,469.626343,526400
2021-08-16,495.609985,497.579987,492.600006,496.929993,468.513916,435800
2021-08-17,492.529999,493.140015,485.929993,490.869995,462.800354,814700
2021-08-18,489.899994,492.940002,486.010010,486.200012,458.397461,666800
2021-08-19,482.130005,485.869995,479.390015,482.200012,454.626190,859000
2021-08-20,482.200012,488.369995,481.679993,488.059998,460.151123,674800
2021-08-23,491.119995,493.119995,490.290009,492.420013,464.261841,640500
2021-08-24,493.820007,498.109985,493.690002,497.089996,468.664703,800800
2021-08-25,496.950012,502.299988,496.519989,499.869995,471.285706,586500
2021-08-26,499.720001,500.089996,494.910004,495.279999,466.958160,951200
2021-08-27,496.480011,505.769989,496.269989,504.959991,476.084656,1350200
2021-08-30,505.450012,506.179993,502.510010,503.630005,474.830719,726100
2021-08-31,504.040009,504.510010,500.600006,502.279999,473.557892,620400
2021-09-01,503.149994,505.309998,499.190002,503.660004,474.859070,840300
2021-09-02,504.899994,507.309998,503.570007,506.040009,477.102905,917700
2021-09-03,504.529999,505.600006,502.359985,503.500000,474.708099,629500
2021-09-07,502.920013,503.179993,497.559998,497.700012,469.239807,1054500
2021-09-08,496.470001,498.160004,493.010010,496.059998,467.693573,818100
2021-09-09,495.510010,499.250000,494.160004,494.940002,466.637604,1126400
2021-09-10,497.299988,497.869995,490.000000,490.089996,462.064972,828200
2021-09-13,493.299988,494.480011,489.859985,493.269989,465.063141,777100
2021-09-14,495.000000,495.070007,486.609985,487.970001,460.066223,850200
2021-09-15,487.929993,493.529999,487.040009,493.299988,465.091431,960300
2021-09-16,492.890015,495.070007,489.739990,492.500000,464.337158,790300
2021-09-17,490.790009,492.209991,486.000000,486.959991,460.338409,1398800
2021-09-20,477.600006,480.970001,473.399994,479.500000,453.286255,2273600
2021-09-21,482.549988,483.649994,476.339996,478.899994,452.719086,1025100
2021-09-22,481.709991,489.019989,481.149994,485.609985,459.062195,1178600
2021-09-23,487.769989,494.809998,487.059998,492.470001,465.547180,1104700
2021-09-24,489.950012,493.250000,488.679993,491.230011,464.374969,967500
2021-09-27,491.809998,498.540009,491.640015,495.850006,468.742401,1276200
2021-09-28,493.279999,494.880005,487.720001,488.130005,461.444458,1696800
2021-09-29,489.660004,491.459991,486.679993,488.339996,461.642975,1247900
2021-09-30,490.980011,490.980011,480.649994,480.880005,454.590851,1533500
2021-10-01,482.779999,491.869995,479.230011,488.660004,461.945496,1736000
2021-10-04,487.570007,491.119995,484.000000,486.010010,459.440399,1658500
2021-10-05,487.799988,491.149994,484.420013,486.570007,459.969788,1697300
2021-10-06,482.019989,485.959991,477.339996,485.700012,459.147247,1798100
2021-10-07,489.209991,496.119995,489.200012,492.850006,465.906433,1241900
2021-10-08,493.200012,494.630005,489.839996,489.899994,463.117645,643200
2021-10-11,490.380005,494.070007,487.239990,487.290009,460.650421,695200
2021-10-12,488.320007,492.570007,487.880005,490.200012,463.401306,819500
2021-10-13,490.630005,493.149994,486.450012,492.049988,465.150116,879000
2021-10-14,496.600006,500.690002,495.959991,500.450012,473.090973,893300
2021-10-15,504.239990,506.200012,500.670013,500.920013,473.535278,764900
2021-10-18,498.750000,502.829987,497.480011,501.989990,474.546722,935100
2021-10-19,503.750000,504.899994,501.600006,503.380005,475.860718,607200
2021-10-20,503.200012,508.390015,502.920013,507.290009,479.557037,775900
2021-10-21,506.589996,509.179993,505.489990,508.799988,480.984406,739900
2021-10-22,509.309998,512.450012,507.079987,509.510010,481.655670,678000
2021-10-25,510.420013,513.969971,508.779999,512.190002,484.189148,714700
2021-10-26,513.000000,513.710022,508.790009,508.890015,481.069489,854300
2021-10-27,508.380005,508.940002,500.760010,500.959991,473.573059,878600
2021-10-28,503.109985,509.029999,503.070007,508.869995,481.050690,811300
2021-10-29,508.480011,511.489990,507.089996,509.140015,481.305939,696200
2021-11-01,511.429993,520.020020,510.869995,519.780029,491.364258,1683600
2021-11-02,519.400024,522.090027,517.320007,520.770020,492.300049,963100
2021-11-03,519.419983,528.369995,519.059998,526.609985,497.820831,1346900
2021-11-04,527.469971,530.150024,523.609985,524.900024,496.204315,1165800
2021-11-05,529.119995,533.200012,526.880005,529.559998,500.609528,757800
2021-11-08,532.460022,533.570007,528.770020,529.849976,500.883698,745200
2021-11-09,529.770020,531.049988,527.280029,529.169983,500.240723,765500
2021-11-10,527.830017,529.989990,522.409973,524.450012,495.778839,806600
2021-11-11,525.869995,528.690002,524.539978,527.229980,498.406830,752000
2021-11-12,528.210022,529.760010,527.409973,529.140015,500.212433,656200
2021-11-15,531.369995,531.479980,528.820007,530.090027,501.110504,625400
2021-11-16,529.489990,533.289978,529.169983,531.030029,501.999084,937900
2021-11-17,529.799988,529.799988,523.869995,526.559998,497.773651,1098000
2021-11-18,528.460022,528.750000,522.059998,525.909973,497.159058,959000
2021-11-19,523.349976,525.869995,521.539978,523.580017,494.956512,655900
2021-11-22,526.210022,529.599976,523.880005,524.200012,495.542511,1017700
2021-11-23,523.979980,526.869995,519.349976,523.789978,495.154968,1110800
2021-11-24,520.520020,524.140015,518.840027,523.630005,495.003723,917500
2021-11-26,511.109985,512.369995,502.929993,506.350006,478.668396,1607100
2021-11-29,512.799988,513.419983,504.320007,507.040009,479.320618,1068500
2021-11-30,503.440002,504.269989,492.839996,493.799988,466.804504,1608200
2021-12-01,502.950012,506.769989,485.709991,485.850006,459.289093,1808500
2021-12-02,488.170013,501.190002,487.920013,500.000000,472.665527,2527400
2021-12-03,501.000000,501.980011,489.209991,492.579987,465.651215,1639600
2021-12-06,497.309998,506.410004,494.130005,502.980011,475.482666,1391100
2021-12-07,508.760010,516.030029,508.230011,511.640015,483.669220,1338400
2021-12-08,512.460022,515.330017,510.720001,514.289978,486.174377,1561600
2021-12-09,512.010010,513.320007,506.720001,506.720001,479.018158,1146000
2021-12-10,510.029999,510.859985,503.250000,507.329987,479.594727,1005000
2021-12-13,506.399994,507.170013,500.269989,502.130005,474.679047,1196900
2021-12-14,498.750000,505.130005,498.179993,500.140015,472.797913,1007400
2021-12-15,500.450012,505.720001,494.720001,505.269989,477.647430,1093500
2021-12-16,507.850006,509.019989,496.829987,498.589996,471.332611,1406000
2021-12-17,494.799988,501.420013,491.510010,496.130005,470.411011,1537300
2021-12-20,489.790009,490.170013,481.480011,487.799988,462.512848,2012100
2021-12-21,491.940002,500.850006,491.929993,500.829987,474.867310,1327500
2021-12-22,500.399994,505.839996,499.880005,505.670013,479.456451,1264000
2021-12-23,507.000000,510.260010,505.920013,509.010010,482.623383,1211600
2021-12-27,509.600006,516.049988,507.549988,515.859985,489.118225,914100
2021-12-28,515.520020,519.599976,514.570007,515.739990,489.004456,1209900
2021-12-29,516.000000,519.200012,515.049988,518.539978,491.659332,930900
2021-12-30,519.090027,522.179993,516.780029,517.090027,490.284424,864900
2021-12-31,516.200012,520.229980,515.809998,517.679993,490.843842,790300
2022-01-03,518.950012,522.520020,515.299988,519.190002,492.275513,1905900
2022-01-04,521.099976,524.179993,519.650024,521.700012,494.655487,1723100
2022-01-05,521.650024,523.929993,509.739990,509.829987,483.400818,1900800
2022-01-06,510.679993,515.799988,507.269989,512.469971,485.903900,1987500
2022-01-07,512.250000,515.260010,506.950012,508.519989,482.158752,1692900
2022-01-10,505.970001,506.890015,498.260010,506.529999,480.271912,2391200
2022-01-11,507.019989,511.420013,501.790009,511.359985,484.851562,1570000
2022-01-12,513.210022,515.330017,507.130005,509.750000,483.324982,824400
2022-01-13,511.450012,515.099976,507.149994,508.329987,481.978546,1408800
2022-01-14,504.250000,507.279999,499.690002,506.709991,480.442535,1089200
2022-01-18,501.760010,502.519989,495.089996,495.880005,470.173889,1367000
2022-01-19,498.260010,499.619995,489.149994,489.250000,463.887695,1362300
2022-01-20,491.000000,497.700012,480.279999,480.600006,455.686066,1711700
2022-01-21,478.609985,483.630005,472.100006,472.299988,447.816345,3188600
2022-01-24,466.380005,482.329987,459.320007,481.320007,456.368774,5003700
2022-01-25,474.609985,478.920013,464.089996,472.799988,448.290436,2294700
2022-01-26,478.799988,483.260010,463.269989,467.809998,443.559174,2514600
2022-01-27,472.380005,477.079987,458.519989,460.609985,436.732361,2740500
2022-01-28,461.380005,469.910004,454.750000,469.779999,445.427002,2021200
2022-01-31,467.450012,480.380005,466.570007,480.040009,455.155090,2029800
2022-02-01,481.559998,485.709991,475.369995,484.929993,459.791595,1532100
2022-02-02,485.450012,487.269989,481.230011,484.950012,459.810638,1278400
2022-02-03,480.600006,484.190002,476.649994,477.079987,452.348572,1165600
2022-02-04,476.399994,481.869995,471.399994,478.000000,453.220856,778700
2022-02-07,478.390015,481.410004,475.959991,477.989990,453.211395,1792900
2022-02-08,478.589996,487.820007,478.589996,487.140015,461.886993,1038900
2022-02-09,491.250000,496.089996,491.079987,495.829987,470.126556,1192300
2022-02-10,489.190002,500.549988,486.320007,488.779999,463.442078,1655600
2022-02-11,489.230011,493.089996,479.660004,482.440002,457.430725,1281400
2022-02-14,482.570007,486.890015,477.589996,480.869995,455.942078,1832400
2022-02-15,485.339996,492.019989,485.059998,491.299988,465.831390,1557300
2022-02-16,489.260010,494.390015,487.880005,492.760010,467.215729,1298300
2022-02-17,488.750000,489.739990,481.470001,482.010010,457.022949,1237500
2022-02-18,481.660004,487.089996,478.529999,480.119995,455.230988,1476500
2022-02-22,478.000000,481.829987,470.579987,473.390015,448.849823,1559900
2022-02-23,476.609985,478.160004,464.959991,465.429993,441.302429,1630000
2022-02-24,453.399994,473.179993,452.890015,472.320007,447.835327,1884300
2022-02-25,473.209991,485.760010,471.140015,485.670013,460.493195,2521200
2022-02-28,479.769989,487.929993,479.709991,485.440002,460.275208,2166700
2022-03-01,484.260010,486.609985,472.619995,476.170013,451.485748,2380600
2022-03-02,478.769989,490.839996,478.760010,488.799988,463.460999,2440600
2022-03-03,490.670013,491.179993,481.140015,484.649994,459.526093,1170700
2022-03-04,480.140015,480.970001,472.470001,477.190002,452.452820,1159700
2022-03-07,476.679993,476.700012,459.000000,459.239990,435.433350,1222200
2022-03-08,460.130005,471.510010,456.829987,460.700012,436.817719,1816600
2022-03-09,469.010010,476.190002,468.369995,473.809998,449.248016,1487600
2022-03-10,468.410004,474.630005,466.980011,473.890015,449.323914,1046900
2022-03-11,475.989990,478.679993,468.790009,468.959991,444.649475,2216900
2022-03-14,470.399994,473.100006,462.809998,465.059998,440.951630,884500
2022-03-15,466.799988,472.420013,465.890015,472.029999,447.560333,957600
2022-03-16,477.000000,485.450012,473.329987,485.450012,460.284668,1582400
2022-03-17,482.600006,490.250000,482.339996,490.170013,464.759888,996000
2022-03-18,486.290009,493.640015,485.200012,492.579987,468.145325,1534700
2022-03-21,493.440002,496.600006,487.920013,491.260010,466.890778,1010800
2022-03-22,493.079987,498.049988,492.260010,494.309998,469.789490,1152200
2022-03-23,492.380005,492.529999,484.950012,485.119995,461.055328,1584000
2022-03-24,486.529999,490.779999,484.630005,490.720001,466.377563,514500
2022-03-25,491.769989,494.369995,489.220001,494.200012,469.685028,1517800
2022-03-28,492.820007,495.040009,488.559998,494.950012,470.397766,1363600
2022-03-29,499.320007,506.700012,499.059998,505.519989,480.443420,1755000
2022-03-30,504.329987,504.390015,495.489990,497.790009,473.096832,1484300
2022-03-31,497.070007,499.859985,490.350006,490.450012,466.120911,1258600
2022-04-01,493.390015,496.209991,489.570007,493.760010,469.266724,1204200
2022-04-04,493.869995,494.390015,490.450012,492.859985,468.411346,1069600
2022-04-05,491.750000,495.040009,482.720001,483.859985,459.857849,1099600
2022-04-06,479.920013,480.920013,475.260010,478.200012,454.478668,798000
2022-04-07,477.630005,479.579987,470.929993,477.000000,453.338135,1110100
2022-04-08,477.029999,481.440002,474.730011,477.029999,453.366638,799900
2022-04-11,474.730011,481.089996,474.519989,474.779999,451.228271,865100
2022-04-12,478.500000,483.679993,472.850006,474.130005,450.610535,1402300
2022-04-13,474.929993,482.489990,474.929993,481.839996,457.938049,1034200
2022-04-14,482.600006,485.470001,478.940002,479.010010,455.248444,1450400
2022-04-18,478.190002,480.589996,475.869995,478.079987,454.364532,1144000
2022-04-19,478.720001,489.589996,478.429993,488.899994,464.647797,897300
2022-04-20,492.049988,495.500000,490.869995,492.640015,468.202271,1018600
2022-04-21,496.989990,497.790009,482.339996,483.720001,459.724792,1216900
2022-04-22,481.239990,481.670013,470.489990,470.720001,447.369690,1467100
2022-04-25,466.630005,473.829987,461.049988,473.519989,450.030762,1756800
2022-04-26,470.019989,470.619995,459.420013,459.459991,436.668243,2042300
2022-04-27,459.809998,465.420013,457.200012,460.010010,437.190857,2532000
2022-04-28,464.540009,470.420013,456.179993,468.750000,445.497406,1298300
2022-04-29,466.910004,471.149994,455.130005,455.829987,433.218262,1693500
2022-05-02,455.799988,461.119995,448.540009,458.670013,435.917389,1980900
2022-05-03,458.640015,465.369995,457.510010,463.079987,440.108643,1217800
2022-05-04,464.049988,476.470001,458.769989,476.140015,452.520782,1289300
2022-05-05,471.690002,471.690002,453.869995,458.459991,435.717834,1369500
2022-05-06,455.600006,457.220001,446.369995,452.339996,429.901459,1893200
2022-05-09,446.029999,448.269989,435.309998,437.220001,415.531403,1586800
2022-05-10,442.290009,444.850006,428.019989,435.779999,414.162872,1609300
2022-05-11,436.170013,444.390015,427.700012,428.250000,407.006409,1476500
2022-05-12,425.980011,435.369995,424.269989,432.350006,410.903076,1417100
2022-05-13,437.390015,446.510010,437.369995,443.709991,421.699463,868600
2022-05-16,442.049988,444.769989,437.730011,441.160004,419.276031,742900
2022-05-17,448.390015,454.540009,445.329987,454.000000,431.479004,1425500
2022-05-18,449.380005,449.589996,435.500000,437.140015,415.455414,1005400
2022-05-19,433.109985,442.089996,433.109985,436.619995,414.961243,1012300
2022-05-20,441.230011,441.630005,425.420013,435.359985,413.763672,1031300
2022-05-23,439.540009,442.140015,434.100006,440.119995,418.287598,935700
2022-05-24,436.250000,437.529999,427.040009,434.700012,413.136414,971100
2022-05-25,433.209991,445.040009,432.929993,443.040009,421.062805,836100
2022-05-26,445.940002,455.309998,445.890015,453.369995,430.880341,743300
2022-05-27,455.440002,463.920013,455.200012,463.850006,440.840485,965700
2022-05-31,461.679993,462.579987,456.299988,459.230011,436.449585,1822200
2022-06-01,461.489990,462.619995,449.709991,455.410004,432.819183,636800
2022-06-02,456.579987,465.890015,455.179993,465.769989,442.665161,876100
2022-06-03,461.970001,462.559998,458.700012,460.390015,437.552124,679100
2022-06-06,465.100006,465.829987,461.609985,463.070007,440.099121,755200
2022-06-07,459.010010,469.149994,458.299988,469.130005,445.858459,817800
2022-06-08,466.600006,467.130005,459.119995,460.420013,437.580597,646000
2022-06-09,458.320007,459.390015,450.940002,450.950012,428.580383,830000
2022-06-10,444.170013,445.549988,438.329987,439.049988,417.270630,1159900
2022-06-13,427.980011,429.679993,417.489990,419.380005,398.576447,1332200
2022-06-14,420.369995,422.190002,413.589996,417.609985,396.894165,1555600
2022-06-15,421.549988,427.910004,415.769989,422.609985,401.646149,1356500
2022-06-16,412.910004,413.690002,400.070007,402.570007,382.600281,1144100
2022-06-17,402.790009,408.489990,400.049988,404.829987,386.092773,1674700
2022-06-21,411.160004,413.679993,407.480011,409.950012,390.975861,854000
2022-06-22,404.220001,411.339996,403.390015,408.589996,389.678772,742500
2022-06-23,409.730011,411.790009,405.220001,411.070007,392.043945,1210500
2022-06-24,414.470001,425.640015,413.859985,425.440002,405.748871,1121500
2022-06-27,427.170013,429.809998,423.190002,426.980011,407.217621,924900
2022-06-28,429.429993,433.070007,420.850006,420.859985,401.380829,814000
2022-06-29,421.119995,421.510010,414.540009,417.709991,398.376617,622300
2022-06-30,412.109985,418.540009,408.160004,413.489990,394.351959,1160900
2022-07-01,412.989990,419.579987,409.799988,418.850006,399.463867,883500
2022-07-05,412.440002,418.459991,406.220001,418.329987,398.967957,1006500
2022-07-06,417.809998,420.450012,411.100006,415.809998,396.564545,865100
2022-07-07,419.149994,425.570007,419.149994,424.670013,405.014557,743500
2022-07-08,423.600006,426.559998,419.839996,423.350006,403.755615,677300
2022-07-11,420.640015,422.230011,417.779999,418.320007,398.958374,491900
2022-07-12,417.200012,422.760010,415.500000,417.609985,398.281219,629100
2022-07-13,412.480011,418.700012,410.440002,416.540009,397.260834,1046700
2022-07-14,409.779999,413.079987,406.649994,412.329987,393.245697,792400
2022-07-15,417.600006,420.459991,412.640015,420.320007,400.865875,766600
2022-07-18,424.609985,426.510010,418.510010,419.390015,399.978912,859800
2022-07-19,424.589996,433.510010,424.079987,433.119995,413.073364,684000
2022-07-20,432.970001,438.420013,431.260010,437.589996,417.336487,726400
2022-07-21,435.869995,441.220001,433.429993,441.220001,420.798523,595800
2022-07-22,442.329987,444.019989,434.369995,437.160004,416.926514,544200
2022-07-25,438.739990,440.369995,435.309998,439.910004,419.549194,587200
2022-07-26,438.730011,439.290009,435.829987,437.390015,417.145813,424100
2022-07-27,439.480011,447.350006,438.619995,445.589996,424.966217,560700
2022-07-28,448.100006,452.829987,443.089996,452.570007,431.623169,489700
2022-07-29,453.760010,460.010010,452.350006,458.630005,437.402679,801000
2022-08-01,455.970001,460.410004,453.130005,458.329987,437.116547,986200
2022-08-02,456.230011,459.000000,452.559998,453.910004,432.901184,721800
2022-08-03,456.100006,459.339996,453.820007,457.950012,436.754150,641700
2022-08-04,457.559998,457.709991,454.239990,454.470001,433.435242,417300
2022-08-05,450.399994,457.779999,450.239990,456.970001,435.819611,540400
2022-08-08,459.429993,464.410004,458.989990,460.049988,438.756958,483200
2022-08-09,458.600006,459.350006,454.510010,456.109985,434.999329,560300
2022-08-10,463.470001,467.929993,462.809998,467.350006,445.719086,543400
2022-08-11,471.679993,476.329987,469.640015,470.019989,448.265564,645400
2022-08-12,472.059998,477.410004,470.950012,477.399994,455.303925,415200
2022-08-15,473.980011,478.730011,473.029999,478.049988,455.923798,820400
2022-08-16,476.690002,483.100006,476.690002,481.070007,458.804108,436200
2022-08-17,476.679993,477.579987,471.579987,474.609985,452.643066,451600
2022-08-18,475.670013,478.980011,474.809998,478.440002,456.295807,424800
2022-08-19,474.730011,475.149994,469.269989,470.459991,448.685150,663300
2022-08-22,464.760010,464.760010,459.690002,460.440002,439.128967,582600
2022-08-23,460.890015,465.459991,459.609985,460.429993,439.119446,615000
2022-08-24,460.260010,464.250000,459.149994,462.750000,441.331970,337400
2022-08-25,464.579987,470.570007,464.040009,470.570007,448.790131,563700
2022-08-26,470.350006,471.000000,456.380005,456.399994,435.275909,576600
2022-08-29,453.010010,457.380005,451.480011,453.399994,432.414764,517800
2022-08-30,454.720001,455.170013,445.510010,447.250000,426.549438,620900
2022-08-31,448.019989,449.420013,443.489990,444.089996,423.535767,497100
2022-09-01,440.480011,440.799988,434.880005,440.649994,420.254852,849900
2022-09-02,445.130005,447.079987,435.549988,437.399994,417.155304,874700
2022-09-06,438.799988,439.359985,431.589996,434.600006,414.484863,957600
2022-09-07,433.950012,445.160004,433.290009,444.559998,423.983917,534700
2022-09-08,440.730011,448.709991,439.010010,448.640015,427.875122,661200
2022-09-09,451.579987,457.459991,451.570007,456.670013,435.533386,699500
2022-09-12,459.700012,463.609985,458.549988,461.079987,439.739288,767300
2022-09-13,450.119995,452.440002,442.660004,443.920013,423.373566,736500
2022-09-14,444.570007,445.059998,439.049988,444.029999,423.478424,628900
2022-09-15,441.899994,448.179993,439.549988,441.309998,420.884369,708300
2022-09-16,433.920013,435.450012,429.470001,433.230011,414.896973,933700
2022-09-19,428.959991,439.380005,428.940002,438.920013,420.346130,685600
2022-09-20,434.679993,435.200012,428.779999,431.660004,413.393341,670200
2022-09-21,434.070007,438.720001,425.700012,425.980011,407.953705,1089200
2022-09-22,424.989990,426.079987,415.720001,416.600006,398.970703,1049300
2022-09-23,410.769989,411.390015,402.640015,407.869995,390.610077,1028500
2022-09-26,405.609985,410.790009,400.209991,401.579987,384.586243,1046800
2022-09-27,405.989990,408.940002,398.109985,402.010010,384.998108,1124700
2022-09-28,403.739990,415.010010,402.609985,412.910004,395.436798,881100
2022-09-29,407.940002,408.750000,400.200012,404.480011,387.363617,1534500
2022-09-30,404.109985,410.720001,401.079987,401.660004,384.662872,1307000
2022-10-03,407.000000,415.910004,403.320007,413.269989,395.781616,1000600
2022-10-04,420.109985,429.690002,420.109985,429.679993,411.497131,925000
2022-10-05,423.940002,429.299988,419.959991,427.149994,409.074158,1093600
2022-10-06,425.089996,429.279999,422.459991,423.890015,405.952179,823900
2022-10-07,420.000000,420.399994,411.279999,413.149994,395.666626,714400
2022-10-10,415.010010,415.950012,409.410004,412.390015,394.938873,575600
2022-10-11,410.329987,418.420013,407.239990,412.940002,395.465485,1158700
2022-10-12,413.529999,413.679993,409.040009,410.850006,393.463959,935500
2022-10-13,402.790009,422.029999,399.690002,419.769989,402.006439,1297400
2022-10-14,422.690002,425.209991,409.059998,409.489990,392.161560,935200
2022-10-17,416.679993,422.600006,416.679993,420.779999,402.973816,967200
2022-10-18,429.600006,432.390015,423.589996,426.890015,408.825195,894100
2022-10-19,423.209991,425.190002,415.339996,419.489990,401.738312,731500
2022-10-20,420.149994,423.790009,411.959991,413.070007,395.590027,639000
2022-10-21,414.000000,422.450012,410.070007,421.600006,403.759064,811500
2022-10-24,424.140015,425.720001,419.760010,424.369995,406.411835,698600
2022-10-25,424.279999,435.510010,424.250000,435.029999,416.620758,745900
2022-10-26,436.399994,442.750000,433.820007,436.130005,417.674164,717700
2022-10-27,438.149994,441.869995,435.630005,436.109985,417.654999,658800
2022-10-28,436.850006,444.410004,434.489990,444.049988,425.259064,753100
2022-10-31,442.260010,446.269989,440.760010,443.769989,424.990875,855000
2022-11-01,448.420013,449.429993,443.109985,445.589996,426.733826,1037700
2022-11-02,443.799988,448.109985,432.470001,432.660004,414.351044,834100
2022-11-03,427.359985,434.640015,424.109985,431.589996,413.326324,852400
2022-11-04,437.679993,442.230011,431.880005,438.929993,420.355713,788500
2022-11-07,441.679993,443.190002,437.350006,442.829987,424.090637,753500
2022-11-08,443.690002,448.230011,438.540009,443.589996,424.818573,683600
2022-11-09,440.119995,442.779999,433.429993,434.209991,415.835388,703800
2022-11-10,449.820007,459.589996,449.820007,459.380005,439.940338,1376800
2022-11-11,460.649994,465.790009,460.160004,462.019989,442.468597,733800
2022-11-14,459.790009,464.220001,457.279999,457.510010,438.149475,921200
2022-11-15,464.160004,468.380005,460.940002,464.649994,444.987305,990500
2022-11-16,461.809998,461.809998,456.850006,457.820007,438.446350,612400
2022-11-17,451.500000,455.399994,449.760010,455.279999,436.013794,706900
2022-11-18,459.559998,460.760010,454.049988,458.269989,438.877228,499000
2022-11-21,456.059998,458.359985,454.920013,457.329987,437.977112,420700
2022-11-22,459.399994,465.010010,459.179993,464.790009,445.121399,584600
2022-11-23,463.750000,467.640015,462.850006,465.100006,445.418274,537100
2022-11-25,465.570007,468.100006,464.779999,467.500000,447.716736,274700
2022-11-28,463.399994,464.989990,457.359985,458.410004,439.011353,722100
2022-11-29,458.299988,462.190002,458.299988,459.910004,440.447906,498600
2022-11-30,460.079987,470.790009,455.989990,470.480011,450.570648,1373100
2022-12-01,472.959991,475.170013,468.299988,469.649994,449.775696,957400
2022-12-02,464.200012,472.350006,464.200012,470.100006,450.206665,597000
2022-12-05,466.679993,466.679993,456.540009,458.440002,439.040100,869200
2022-12-06,457.730011,459.019989,449.089996,453.070007,433.897339,938000
2022-12-07,452.059998,456.630005,451.350006,452.529999,433.380188,541500
2022-12-08,454.589996,459.160004,453.679993,456.100006,436.799133,439100
2022-12-09,453.660004,456.299988,451.079987,451.130005,432.039490,604200
2022-12-12,451.799988,456.440002,449.589996,456.029999,436.732086,871500
2022-12-13,468.809998,469.570007,455.619995,458.700012,439.289124,1324700
2022-12-14,458.320007,462.390015,453.250000,456.559998,437.239716,790200
2022-12-15,450.799988,451.630005,444.940002,446.190002,427.308502,832400
2022-12-16,439.589996,442.570007,436.579987,440.029999,422.988556,675400
2022-12-19,439.679993,441.170013,433.040009,434.920013,418.076477,827900
2022-12-20,433.880005,439.579987,433.850006,437.190002,420.258514,692400
2022-12-21,441.070007,446.570007,441.070007,445.480011,428.227478,843900
2022-12-22,442.600006,442.600006,433.149994,440.250000,423.200043,623700
2022-12-23,439.660004,443.779999,437.950012,443.609985,426.429810,423700
2022-12-27,443.519989,445.630005,441.290009,443.820007,426.631775,442300
2022-12-28,444.089996,445.329987,436.209991,436.320007,419.422180,402700
2022-12-29,438.850006,446.350006,438.470001,444.779999,427.554596,430900
2022-12-30,441.250000,443.660004,439.179993,442.790009,425.641632,615500
2023-01-03,446.369995,448.760010,437.679993,440.720001,423.651794,850100
2023-01-04,444.309998,449.679993,443.390015,447.450012,430.121216,645300
2023-01-05,444.500000,444.929993,440.299988,442.850006,425.699310,561100
2023-01-06,446.679993,454.820007,445.290009,454.130005,436.542450,668200
2023-01-09,456.089996,459.119995,453.570007,454.010010,436.427063,618600
2023-01-10,453.459991,458.510010,451.630005,458.440002,440.685516,408500
2023-01-11,460.559998,464.200012,460.040009,464.119995,446.145569,470800
2023-01-12,466.269989,469.260010,462.239990,468.359985,450.221375,756300
2023-01-13,465.369995,471.089996,464.679993,470.649994,452.422668,624800
2023-01-17,470.750000,472.630005,468.869995,469.640015,451.451813,562000
2023-01-18,470.980011,474.399994,463.410004,463.480011,445.530304,788200
2023-01-19,460.470001,461.950012,456.660004,458.720001,440.954712,489100
2023-01-20,460.390015,466.529999,457.440002,466.200012,448.145020,503400
2023-01-23,467.109985,473.720001,466.350006,472.200012,453.912628,622700
2023-01-24,469.959991,472.929993,468.200012,470.660004,452.432281,409900
2023-01-25,466.510010,472.079987,464.790009,471.850006,453.576172,492000
2023-01-26,474.709991,476.489990,470.640015,475.829987,457.402069,492500
2023-01-27,473.850006,479.260010,473.850006,477.649994,459.151581,377500
2023-01-30,474.200012,478.769989,472.130005,472.369995,454.076050,690300
2023-01-31,473.250000,483.829987,473.250000,483.750000,465.015320,1332800
2023-02-01,482.429993,494.649994,481.040009,491.500000,472.465118,1237700
2023-02-02,494.269989,499.480011,492.760010,497.119995,477.867523,1011700
2023-02-03,492.959991,497.899994,491.950012,493.920013,474.791534,1130100
2023-02-06,490.769989,493.279999,486.320007,488.230011,469.321899,756600
2023-02-07,486.589996,493.049988,483.209991,491.920013,472.868958,961300
2023-02-08,489.100006,490.970001,485.019989,486.059998,467.235840,658200
2023-02-09,489.119995,491.390015,478.940002,480.200012,461.602753,605800
2023-02-10,478.049988,481.820007,477.489990,481.320007,462.679504,524100
2023-02-13,481.700012,487.160004,480.029999,487.109985,468.245270,470700
2023-02-14,484.320007,490.309998,482.170013,487.350006,468.475891,531200
2023-02-15,484.119995,490.670013,483.420013,490.589996,471.590424,359500
2023-02-16,484.619995,492.299988,484.279999,487.059998,468.197205,605100
2023-02-17,485.559998,487.010010,482.540009,486.420013,467.581940,515000
2023-02-21,480.859985,482.429993,474.149994,474.649994,456.267731,417400
2023-02-22,475.170013,478.690002,473.859985,475.239990,456.834930,1329400
2023-02-23,478.040009,480.380005,472.070007,477.529999,459.036255,603500
2023-02-24,471.489990,475.480011,469.799988,474.589996,456.210052,854200
2023-02-27,478.269989,480.850006,474.359985,475.790009,457.363678,501700
2023-02-28,475.380005,479.149994,474.459991,474.750000,456.363861,741300
2023-03-01,473.109985,477.390015,472.660004,475.880005,457.450134,688700
2023-03-02,472.279999,478.820007,471.290009,478.679993,460.141693,502000
2023-03-03,479.989990,484.190002,477.510010,483.540009,464.813477,1130900
2023-03-06,483.630005,483.980011,476.570007,477.600006,459.103516,1111300
2023-03-07,477.600006,479.369995,471.200012,471.910004,453.633881,1037300
2023-03-08,472.369995,474.529999,469.369995,472.390015,454.095306,754300
2023-03-09,472.399994,473.920013,460.809998,461.010010,443.156036,1123000
2023-03-10,459.279999,461.100006,444.700012,447.950012,430.601807,2370900
2023-03-13,439.399994,446.750000,434.950012,439.790009,422.757904,1931200
2023-03-14,450.850006,453.420013,443.299988,448.160004,430.803680,967900
2023-03-15,437.380005,440.029999,431.450012,438.359985,421.383240,1319600
2023-03-16,433.540009,446.459991,432.029999,444.399994,427.189240,1694000
2023-03-17,439.200012,440.970001,431.489990,433.100006,417.447510,1233400
2023-03-20,436.799988,443.799988,436.799988,440.269989,424.358429,847900
2023-03-21,446.820007,450.399994,446.160004,448.279999,432.078979,860600
2023-03-22,448.000000,449.899994,436.779999,436.880005,421.090973,1194600
2023-03-23,439.579987,445.000000,431.730011,434.880005,419.163208,1062300
2023-03-24,431.519989,438.790009,428.299988,438.470001,422.623505,776100
2023-03-27,443.459991,445.040009,439.540009,442.859985,426.854828,844600
2023-03-28,441.230011,445.470001,441.230011,443.649994,427.616272,725500
2023-03-29,447.450012,449.399994,445.540009,449.109985,432.878937,718200
2023-03-30,453.000000,454.250000,449.149994,450.420013,434.141632,537200
2023-03-31,453.140015,458.609985,452.950012,458.410004,441.842865,858700
2023-04-03,458.670013,460.890015,454.640015,458.029999,441.476593,1086800
2023-04-04,458.829987,459.559998,447.799988,450.529999,434.247650,856100
2023-04-05,448.089996,449.470001,444.399994,447.230011,431.066925,683300
2023-04-06,446.750000,447.950012,444.399994,446.619995,430.478943,608600
2023-04-10,444.309998,452.190002,444.309998,452.089996,435.751251,608300
2023-04-11,454.200012,458.040009,453.450012,456.269989,439.780151,516200
2023-04-12,460.040009,460.059998,453.200012,453.660004,437.264557,589200
2023-04-13,454.920013,457.820007,452.429993,456.899994,440.387421,485000
2023-04-14,457.040009,459.920013,451.920013,454.380005,437.958496,643800
2023-04-17,455.200012,458.000000,453.940002,457.829987,441.283783,500500
2023-04-18,459.869995,460.359985,455.010010,457.130005,440.609100,719700
2023-04-19,455.100006,458.630005,454.410004,457.929993,441.380219,380500
2023-04-20,454.799988,458.269989,454.799988,456.390015,439.895813,459600
2023-04-21,456.820007,457.149994,452.480011,456.149994,439.664490,580400
2023-04-24,455.739990,458.309998,454.200012,456.179993,439.693420,512600
2023-04-25,453.130005,453.880005,447.399994,447.420013,431.250031,551600
2023-04-26,445.940002,448.190002,442.820007,443.429993,427.404175,620600
2023-04-27,444.609985,450.760010,443.140015,450.450012,434.170471,590400
2023-04-28,449.529999,455.260010,449.480011,454.750000,438.315094,669500
2023-05-01,453.869995,458.320007,453.799988,454.440002,438.016388,706100
2023-05-02,452.440002,454.619995,442.260010,447.950012,431.760895,1490800
2023-05-03,449.179993,455.769989,447.220001,447.829987,431.645233,1290800
2023-05-04,444.579987,445.109985,437.750000,439.950012,424.050018,1113200
2023-05-05,446.440002,450.829987,446.140015,449.500000,433.254822,843600
2023-05-08,451.579987,451.899994,446.369995,448.089996,431.895752,556600
2023-05-09,445.839996,448.239990,444.329987,446.570007,430.430725,513000
2023-05-10,451.709991,451.709991,442.690002,447.369995,431.201813,823800
2023-05-11,445.130005,445.980011,442.209991,444.429993,428.368103,526800
2023-05-12,445.700012,447.279999,441.470001,444.390015,428.329559,555100
2023-05-15,445.440002,449.579987,444.040009,447.940002,431.751221,544700
2023-05-16,445.809998,445.809998,441.420013,441.420013,425.466919,627400
2023-05-17,443.420013,450.049988,441.899994,449.290009,433.052460,880800
2023-05-18,448.320007,453.510010,447.029999,452.890015,436.522369,842400
2023-05-19,455.799988,455.799988,447.260010,448.799988,432.580139,643800
2023-05-22,450.359985,453.040009,447.570007,451.250000,434.941589,694700
2023-05-23,449.799988,453.209991,446.350006,446.640015,430.498260,895200
2023-05-24,445.040009,445.369995,440.790009,442.410004,426.421082,872300
2023-05-25,442.380005,443.559998,438.619995,442.260010,426.276520,899900
2023-05-26,442.760010,447.339996,442.160004,446.779999,430.633148,747000
2023-05-30,448.440002,449.790009,444.450012,446.179993,430.054840,925100
2023-05-31,444.010010,445.720001,437.480011,440.149994,424.242767,991000
2023-06-01,440.700012,444.899994,438.299988,443.970001,427.924713,954300
2023-06-02,449.100006,458.540009,449.100006,458.309998,441.746460,1217300
2023-06-05,456.320007,456.489990,450.910004,453.399994,437.013885,1576300
2023-06-06,452.250000,463.670013,452.250000,462.850006,446.122345,1222300
2023-06-07,464.899994,470.559998,464.070007,469.790009,452.811584,1146900
2023-06-08,468.989990,470.220001,464.959991,467.760010,450.854889,953600
2023-06-09,468.029999,468.440002,463.660004,464.850006,448.050110,1040800
2023-06-12,465.410004,468.309998,463.390015,467.429993,450.536835,727400
2023-06-13,469.790009,474.100006,468.459991,472.429993,455.356232,836900
2023-06-14,473.390015,476.200012,466.589996,469.619995,452.647675,982000
2023-06-15,467.809998,474.380005,467.809998,474.230011,457.091125,1122200
2023-06-16,474.239990,475.230011,468.890015,470.540009,454.986053,1720300
2023-06-20,468.179993,468.579987,464.859985,467.059998,451.621094,992100
2023-06-21,465.369995,468.600006,464.029999,466.519989,451.098969,761400
2023-06-22,465.429993,465.730011,461.660004,464.070007,448.730011,682500
2023-06-23,459.000000,462.140015,458.269989,458.630005,443.469788,985700
2023-06-26,459.480011,464.809998,459.079987,462.529999,447.240875,654300
2023-06-27,463.250000,470.540009,462.209991,469.820007,454.289948,662800
2023-06-28,469.059998,469.989990,466.420013,469.920013,454.386566,736500
2023-06-29,469.920013,475.720001,469.329987,475.630005,459.907837,519900
2023-06-30,479.079987,480.510010,476.470001,478.910004,463.079437,861900
2023-07-03,478.519989,481.309998,477.589996,479.600006,463.746582,404100
2023-07-05,478.459991,478.480011,475.130005,475.859985,460.130188,736200
2023-07-06,471.440002,471.750000,466.279999,470.510010,454.957062,793400
2023-07-07,471.290009,479.239990,471.089996,475.200012,459.492096,615600
2023-07-10,474.160004,481.359985,473.899994,481.260010,465.351685,631200
2023-07-11,482.299988,487.079987,481.679993,486.489990,470.408813,685400
2023-07-12,492.399994,492.940002,489.209991,490.149994,473.947845,991500
2023-07-13,491.589996,493.260010,490.010010,492.670013,476.384613,396200
2023-07-14,492.730011,492.730011,485.959991,487.890015,471.762482,1071600
2023-07-17,487.549988,492.410004,486.429993,491.160004,474.924530,774100
2023-07-18,491.089996,496.399994,491.089996,496.010010,479.614197,968700
2023-07-19,497.690002,498.920013,495.239990,497.670013,481.219299,745800
2023-07-20,498.179993,498.299988,493.160004,494.880005,478.521545,998200
2023-07-21,497.779999,497.779999,493.350006,493.839996,477.515869,504700
2023-07-24,493.480011,497.279999,492.970001,494.579987,478.231415,488900
2023-07-25,493.260010,497.790009,492.959991,495.440002,479.062988,644500
2023-07-26,494.739990,499.410004,494.470001,498.040009,481.577026,725700
2023-07-27,500.779999,500.779999,490.809998,491.899994,475.639984,867900
2023-07-28,496.000000,497.730011,493.869995,495.890015,479.498108,770200
2023-07-31,497.170013,499.290009,496.000000,498.329987,481.857452,725400
2023-08-01,495.179993,497.869995,494.019989,496.959991,480.532745,622800
2023-08-02,491.500000,493.850006,489.649994,491.220001,474.982452,976300
2023-08-03,488.559998,491.679993,486.649994,489.690002,473.503052,968000
2023-08-04,491.239990,494.809998,488.940002,489.890015,473.696472,1035700
2023-08-07,491.320007,494.000000,490.000000,493.440002,477.129150,555200
2023-08-08,487.980011,489.720001,484.119995,489.269989,473.096924,962800
2023-08-09,488.790009,489.709991,485.450012,486.869995,470.776276,561000
2023-08-10,488.640015,492.519989,484.290009,486.230011,470.157471,1209500
2023-08-11,484.359985,487.679993,484.040009,486.119995,470.051056,627400
2023-08-14,483.899994,487.059998,482.220001,486.940002,470.843933,678800
2023-08-15,484.029999,484.029999,480.040009,480.390015,464.510468,628100
2023-08-16,479.989990,482.380005,475.910004,475.929993,460.197876,638700
2023-08-17,477.000000,478.079987,469.750000,469.750000,454.222168,897600
2023-08-18,466.390015,472.429993,466.250000,471.369995,455.788635,900800
2023-08-21,471.829987,473.299988,468.149994,471.760010,456.165771,968100
2023-08-22,472.750000,473.570007,468.739990,469.589996,454.067474,947800
2023-08-23,469.429993,474.980011,468.410004,474.869995,459.172943,649100
2023-08-24,473.640015,477.489990,469.730011,469.730011,454.202820,758900
2023-08-25,471.790009,473.739990,466.779999,471.679993,456.088348,906200
2023-08-28,473.769989,478.290009,473.459991,475.809998,460.081879,934000
2023-08-29,475.640015,482.429993,474.290009,482.410004,466.463654,690300
2023-08-30,481.890015,485.209991,481.600006,483.230011,467.256592,545700
2023-08-31,483.910004,486.279999,483.470001,483.570007,467.585388,564700
2023-09-01,486.989990,489.220001,485.899994,488.420013,472.275055,998800
2023-09-05,484.190002,485.529999,477.019989,477.079987,461.309906,1201500
2023-09-06,476.989990,479.859985,473.440002,475.559998,459.840149,733300
2023-09-07,473.109985,474.369995,469.869995,471.480011,455.895020,772800
2023-09-08,471.459991,472.779999,469.920013,471.089996,455.517914,408100
2023-09-11,473.950012,474.679993,470.910004,471.549988,455.962646,527000
2023-09-12,470.720001,474.000000,470.320007,471.679993,456.088348,508200
2023-09-13,471.799988,472.410004,467.109985,468.839996,453.342255,561900
2023-09-14,472.529999,475.329987,471.649994,475.029999,459.327637,688800
2023-09-15,471.489990,471.829987,466.970001,468.540009,454.540131,1613700
2023-09-18,468.899994,469.869995,466.779999,467.760010,453.783447,691200
2023-09-19,468.190002,469.799988,465.179993,466.820007,452.871490,615000
2023-09-20,468.690002,471.119995,464.100006,464.179993,450.310364,690000
2023-09-21,461.519989,461.559998,455.769989,455.779999,442.161346,948700
2023-09-22,456.779999,458.720001,455.109985,455.239990,441.637543,914000
2023-09-25,453.119995,458.820007,453.029999,458.200012,444.509094,894300
2023-09-26,454.940002,457.350006,450.750000,450.890015,437.417542,1198800
2023-09-27,453.329987,455.609985,450.109985,453.679993,440.124115,1386500
2023-09-28,453.850006,460.399994,453.519989,458.489990,444.790436,1048300
2023-09-29,461.790009,462.500000,456.040009,456.640015,442.995728,2419900
2023-10-02,455.519989,456.799988,448.720001,450.609985,437.145782,1557400
2023-10-03,448.230011,449.660004,441.529999,443.410004,430.161011,1379700
2023-10-04,443.589996,446.149994,440.000000,445.549988,432.237061,1353000
2023-10-05,444.540009,447.010010,442.179993,444.779999,431.490112,1248800
2023-10-06,442.350006,451.010010,440.640015,448.589996,435.186218,1274000
2023-10-09,446.179993,453.079987,445.920013,451.890015,438.387634,830400
2023-10-10,453.480011,459.019989,453.390015,456.000000,442.374786,938300
2023-10-11,456.609985,459.399994,454.170013,457.380005,443.713593,673700
2023-10-12,457.829987,457.940002,446.230011,448.589996,435.186218,853600
2023-10-13,449.910004,450.809998,444.670013,446.089996,432.760925,748300
2023-10-16,449.910004,454.369995,448.540009,453.470001,439.920410,871800
2023-10-17,450.859985,461.869995,450.859985,458.799988,445.091095,1056200
2023-10-18,454.769989,454.970001,448.290009,448.579987,435.176575,957400
2023-10-19,447.149994,450.440002,440.529999,441.829987,428.628235,1538500
2023-10-20,441.609985,443.209991,436.690002,437.160004,424.097778,1268300
2023-10-23,434.799988,438.470001,432.670013,433.070007,420.129974,949600
2023-10-24,435.380005,438.390015,433.390015,435.480011,422.467957,675200
2023-10-25,432.359985,433.790009,428.399994,428.790009,415.977844,800400
2023-10-26,429.049988,434.040009,429.049988,430.779999,417.908417,1361000
2023-10-27,431.850006,432.089996,424.220001,425.079987,412.378632,1653300
2023-10-30,428.410004,431.230011,424.899994,428.579987,415.774109,910400
2023-10-31,429.660004,433.269989,428.790009,432.519989,419.596405,833300
2023-11-01,431.820007,435.179993,428.940002,435.000000,422.002289,1519400
2023-11-02,439.989990,444.470001,439.149994,444.350006,431.072906,1031500
2023-11-03,449.730011,455.309998,449.730011,453.010010,439.474121,1067400
2023-11-06,452.600006,453.429993,446.880005,448.519989,435.118317,763900
2023-11-07,447.410004,448.649994,444.959991,447.380005,434.012421,637800
2023-11-08,447.480011,449.519989,444.489990,445.250000,431.945984,725000
2023-11-09,447.470001,447.470001,439.809998,440.549988,427.386444,785700
2023-11-10,442.570007,446.109985,440.290009,445.959991,432.634766,591100
2023-11-13,444.390015,446.809998,443.160004,445.260010,431.955780,864900
2023-11-14,455.170013,463.959991,454.859985,462.649994,448.826050,1439800
2023-11-15,463.130005,469.649994,462.679993,464.700012,450.814850,1038100
2023-11-16,463.820007,465.140015,458.420013,459.750000,446.012726,1004700
2023-11-17,462.489990,464.760010,462.309998,463.730011,449.873840,848600
2023-11-20,463.369995,466.649994,461.660004,465.820007,451.901398,784400
2023-11-21,464.200012,465.130005,463.089996,463.500000,449.650665,626000
2023-11-22,465.440002,467.850006,464.399994,466.200012,452.269989,929300
2023-11-24,465.720001,468.839996,465.269989,468.290009,454.297546,336600
2023-11-27,466.410004,468.440002,464.420013,467.480011,453.511810,675200
2023-11-28,466.790009,468.010010,463.890015,464.489990,450.611115,1042200
2023-11-29,467.220001,471.100006,465.559998,466.250000,452.318512,1048900
2023-11-30,467.570007,469.609985,465.359985,468.829987,454.821503,1431300
2023-12-01,468.029999,480.440002,466.920013,480.190002,465.841980,1622400
2023-12-04,478.880005,484.429993,478.200012,483.929993,469.470276,1133400
2023-12-05,481.809998,481.940002,476.739990,477.700012,463.426453,960700
2023-12-06,480.510010,484.559998,476.510010,476.750000,462.504761,832200
2023-12-07,477.640015,479.559998,476.170013,479.420013,465.095001,774100
2023-12-08,478.899994,483.609985,478.880005,481.549988,467.161377,579900
2023-12-11,481.230011,484.609985,480.880005,484.049988,469.586670,957900
2023-12-12,483.570007,485.200012,481.140015,483.279999,468.839691,702700
2023-12-13,483.109985,495.470001,481.070007,495.429993,480.626587,1238800
2023-12-14,501.670013,508.700012,501.649994,507.299988,492.141968,1074700
2023-12-15,505.130005,505.779999,499.239990,500.579987,487.439667,1495100
2023-12-18,502.859985,503.559998,500.179993,501.170013,488.014252,968400
2023-12-19,503.630005,508.079987,502.929993,507.779999,494.450714,635300
2023-12-20,506.820007,510.500000,499.630005,499.640015,486.524414,965200
2023-12-21,503.920013,506.910004,501.750000,506.589996,493.291962,849900
2023-12-22,508.000000,511.230011,506.109985,508.489990,495.142090,934300
2023-12-26,509.200012,513.869995,508.670013,512.299988,498.852081,513700
2023-12-27,512.380005,513.979980,510.690002,512.599976,499.144165,520400
2023-12-28,511.399994,513.500000,510.350006,512.299988,498.852081,568900
2023-12-29,511.390015,512.460022,507.339996,507.380005,494.061218,1012900
2024-01-02,503.850006,508.929993,503.179993,505.739990,492.464233,1062100
2024-01-03,500.440002,501.130005,493.989990,494.329987,481.353790,1528700
2024-01-04,493.570007,496.480011,493.130005,493.350006,480.399536,839100
2024-01-05,491.630005,498.480011,490.670013,495.109985,482.113312,1289700
2024-01-08,494.250000,501.600006,493.119995,501.600006,488.432953,919300
2024-01-09,496.510010,499.869995,495.359985,498.100006,485.024872,1056000
2024-01-10,498.709991,500.260010,495.609985,499.609985,486.495178,662400
2024-01-11,498.570007,499.149994,493.250000,498.239990,485.161163,1322600
2024-01-12,502.589996,504.109985,496.450012,498.089996,485.015106,844000
2024-01-16,494.630005,496.559998,492.000000,494.839996,481.850372,1494900
2024-01-17,489.130005,493.019989,487.660004,491.350006,478.452026,1092300
2024-01-18,493.790009,495.760010,490.239990,495.250000,482.249634,1104200
2024-01-19,496.440002,500.970001,493.079987,500.190002,487.059967,1173600
2024-01-22,503.350006,507.200012,503.279999,506.010010,492.727173,1485400
2024-01-23,508.730011,509.940002,502.279999,503.899994,490.672516,999600
2024-01-24,508.880005,508.880005,500.459991,500.809998,487.663727,851300
2024-01-25,504.660004,506.660004,501.010010,503.989990,490.760162,739400
2024-01-26,505.359985,507.329987,503.190002,504.480011,491.237366,578900
2024-01-29,504.070007,509.239990,502.600006,509.239990,495.872406,717700
2024-01-30,506.899994,509.329987,506.010010,507.880005,494.548096,654400
2024-01-31,506.920013,509.059998,498.279999,498.559998,485.472717,2359800
2024-02-01,500.880005,505.450012,495.779999,505.450012,492.181915,1106600
2024-02-02,501.489990,507.380005,498.630005,505.010010,491.753448,1234800
2024-02-05,500.970001,501.619995,495.529999,499.260010,486.154388,927300
2024-02-06,499.420013,502.600006,498.410004,501.640015,488.471863,791800
2024-02-07,504.089996,506.420013,500.239990,504.529999,491.286011,753900
2024-02-08,503.640015,509.279999,503.640015,509.109985,495.745819,429200
2024-02-09,509.339996,513.099976,508.570007,512.909973,499.446045,828800
2024-02-12,513.039978,519.390015,513.039978,517.760010,504.168762,679700
2024-02-13,504.899994,509.359985,501.239990,504.989990,491.733948,1423200
2024-02-14,509.730011,513.119995,506.329987,512.099976,498.657318,805300
2024-02-15,515.119995,522.059998,515.119995,521.520020,507.830017,1082000
2024-02-16,519.200012,521.830017,516.530029,516.530029,502.971069,771700
2024-02-20,512.890015,513.479980,510.450012,512.700012,499.241608,643100
2024-02-21,511.220001,514.159973,510.540009,513.989990,500.497711,409300
2024-02-22,516.729980,522.090027,516.729980,521.760010,508.063751,843300
2024-02-23,521.419983,523.789978,519.820007,521.599976,507.907867,631200
2024-02-26,520.900024,524.260010,520.010010,521.429993,507.742371,618300
2024-02-27,523.010010,524.270020,522.049988,523.599976,509.855438,858100
2024-02-28,520.469971,525.359985,520.130005,523.909973,510.157318,795700
2024-02-29,526.979980,529.530029,524.260010,528.000000,514.139954,1102800
2024-03-01,528.400024,532.070007,526.039978,531.609985,517.655212,996100
2024-03-04,537.200012,538.260010,534.750000,535.510010,521.452820,1573000
2024-03-05,532.979980,536.809998,531.520020,534.030029,520.011658,948300
2024-03-06,538.280029,539.270020,535.270020,537.489990,523.380859,1271700
2024-03-07,540.580017,543.229980,540.429993,542.309998,528.074280,830300
2024-03-08,545.219971,547.460022,538.289978,539.400024,525.240723,1003100
2024-03-11,538.200012,539.549988,534.219971,537.109985,523.010742,854900
2024-03-12,537.119995,541.150024,535.679993,539.799988,525.630127,542800
2024-03-13,539.900024,543.630005,539.900024,541.900024,527.675049,596000
2024-03-14,541.640015,542.549988,531.559998,535.729980,521.667053,1019000
2024-03-15,532.409973,536.679993,532.239990,534.099976,521.066040,1366600
2024-03-18,534.849976,536.200012,532.599976,532.820007,519.817322,680000
2024-03-19,531.590027,537.270020,531.590027,536.789978,523.690430,663500
2024-03-20,535.640015,545.270020,535.380005,544.000000,530.724426,987000
2024-03-21,546.599976,551.250000,546.359985,550.159973,536.734070,764200
2024-03-22,550.229980,550.940002,545.250000,545.590027,532.275757,708100
2024-03-25,546.299988,548.750000,545.770020,545.770020,532.451233,595700
2024-03-26,547.590027,548.739990,544.809998,545.049988,531.748840,525300
2024-03-27,548.049988,554.419983,547.869995,554.409973,540.880432,1131600
2024-03-28,554.549988,558.340027,554.549988,556.400024,542.821899,1146200
2024-04-01,556.710022,556.799988,551.919983,552.380005,538.899963,1097200
2024-04-02,548.210022,548.229980,543.159973,545.309998,532.002563,1091100
2024-04-03,543.489990,548.390015,543.489990,547.489990,534.129333,811000
2024-04-04,551.909973,552.820007,540.330017,541.690002,528.470886,1290400
2024-04-05,541.369995,547.609985,541.169983,545.869995,532.548889,940300
2024-04-08,548.130005,549.979980,546.690002,548.619995,535.231689,551600
2024-04-09,549.940002,551.299988,544.690002,549.140015,535.739014,742200
2024-04-10,539.049988,542.429993,536.000000,537.599976,524.480652,1862200
2024-04-11,539.919983,540.330017,534.599976,538.080017,524.949036,1061800
2024-04-12,535.190002,536.880005,528.229980,529.940002,517.007507,940000
2024-04-15,533.760010,535.849976,522.460022,524.099976,511.310059,1144000
2024-04-16,521.940002,524.520020,518.260010,521.630005,508.900360,1055500
2024-04-17,524.869995,524.869995,517.250000,517.250000,504.627258,718200
2024-04-18,519.169983,522.179993,515.000000,516.549988,503.944275,898400
2024-04-19,515.239990,520.190002,515.099976,518.280029,505.632172,957500
2024-04-22,520.349976,526.239990,517.729980,523.500000,510.724731,1074900
2024-04-23,524.590027,531.500000,523.929993,529.799988,516.870972,798200
2024-04-24,529.510010,532.059998,526.320007,529.799988,516.870972,783100
2024-04-25,525.619995,528.960022,521.719971,527.859985,514.978333,773400
2024-04-26,527.900024,531.349976,526.890015,529.380005,516.461243,549500
2024-04-29,530.599976,533.409973,530.159973,532.280029,519.290588,444300
2024-04-30,530.039978,530.650024,522.729980,522.760010,510.002808,833100
2024-05-01,522.869995,532.109985,521.169983,523.210022,510.441864,1534100
2024-05-02,528.340027,531.109985,522.559998,530.059998,517.124634,724300
2024-05-03,538.080017,540.409973,533.659973,535.409973,522.344116,951000
2024-05-06,540.510010,543.010010,539.500000,542.789978,529.544067,688400
2024-05-07,543.950012,546.989990,543.179993,544.679993,531.387939,960600
2024-05-08,540.750000,542.789978,540.330017,542.299988,529.065979,727400
2024-05-09,542.619995,547.969971,542.010010,547.969971,534.597534,533700
2024-05-10,549.369995,549.859985,546.020020,547.090027,533.739136,408500
2024-05-13,550.820007,551.869995,546.650024,547.289978,533.934204,521800
2024-05-14,552.580017,553.630005,549.380005,551.789978,538.324402,738300
2024-05-15,556.369995,556.960022,553.219971,556.169983,542.597412,778600
2024-05-16,555.380005,556.340027,551.080017,551.109985,537.661011,658900
2024-05-17,550.929993,552.140015,549.809998,551.690002,538.226807,748400
2024-05-20,551.750000,554.039978,550.849976,551.700012,538.236572,428600
2024-05-21,550.609985,551.539978,549.900024,551.159973,537.709717,324800
2024-05-22,550.000000,551.440002,545.140015,546.830017,533.485413,429200
2024-05-23,548.669983,548.869995,538.880005,539.890015,526.714722,736900
2024-05-24,543.229980,544.940002,541.619995,544.609985,531.319641,690800
2024-05-28,546.169983,546.640015,539.479980,541.229980,528.022034,491900
2024-05-29,535.859985,536.309998,533.400024,534.109985,521.075806,822400
2024-05-30,536.190002,540.750000,536.190002,539.080017,525.924622,560900
2024-05-31,541.549988,546.229980,538.190002,546.179993,532.851257,1303500
2024-06-03,549.099976,549.609985,538.020020,541.580017,528.363525,1137000
2024-06-04,539.400024,539.739990,534.039978,534.239990,521.202637,1180400
2024-06-05,537.099976,540.530029,533.520020,540.289978,527.104980,832600
2024-06-06,538.559998,540.650024,536.280029,538.609985,525.466064,781300
2024-06-07,534.719971,537.960022,533.179993,534.669983,521.622070,962100
2024-06-10,529.640015,536.359985,529.190002,535.619995,522.548950,717700
2024-06-11,532.500000,534.130005,528.390015,533.289978,520.275757,827500
2024-06-12,543.159973,546.700012,538.679993,540.460022,527.270935,1023900
2024-06-13,539.090027,539.659973,533.869995,537.109985,524.002563,738400
2024-06-14,531.780029,532.700012,527.099976,530.349976,517.407532,938100
2024-06-17,528.659973,535.559998,528.390015,535.250000,522.188049,657900
2024-06-18,535.090027,537.900024,534.479980,536.659973,523.563599,732200
2024-06-20,535.619995,538.330017,533.799988,535.260010,522.197693,638500
2024-06-21,533.299988,535.349976,530.150024,535.349976,524.241394,822800
2024-06-24,536.390015,541.719971,535.159973,538.330017,527.159668,777100
2024-06-25,538.070007,538.070007,531.280029,533.289978,522.224182,722600
2024-06-26,531.000000,532.650024,529.469971,531.549988,520.520325,567800
2024-06-27,532.099976,533.719971,530.539978,533.570007,522.498352,689800
2024-06-28,536.239990,538.830017,531.729980,535.080017,523.977112,901200
2024-07-01,536.400024,537.330017,529.099976,529.650024,518.659668,1545600
2024-07-02,529.919983,531.960022,528.969971,531.750000,520.716125,820700
2024-07-03,532.809998,535.570007,531.500000,532.900024,521.842285,671000
2024-07-05,532.380005,532.659973,527.349976,528.820007,517.846985,924400
2024-07-08,531.299988,534.840027,529.880005,530.919983,519.903320,748800
2024-07-09,529.969971,531.450012,527.349976,527.530029,516.583801,623300
2024-07-10,529.789978,534.090027,529.119995,533.919983,522.841125,582900
2024-07-11,540.539978,547.710022,539.599976,546.789978,535.444031,1284500
2024-07-12,550.130005,554.809998,549.489990,552.219971,540.761292,713100
2024-07-15,554.799988,559.049988,552.369995,555.229980,543.708984,745300
2024-07-16,557.820007,569.289978,557.400024,568.919983,557.114868,837400
2024-07-17,564.299988,569.989990,560.599976,560.599976,548.967468,801000
2024-07-18,560.400024,566.969971,553.059998,554.380005,542.876648,791000
2024-07-19,553.200012,554.400024,548.789978,550.659973,539.233826,716900
2024-07-22,552.950012,557.830017,548.140015,557.280029,545.716553,916100
2024-07-23,555.739990,560.260010,554.900024,558.289978,546.705444,805900
2024-07-24,555.619995,559.320007,547.330017,547.570007,536.207886,957200
2024-07-25,548.640015,560.440002,547.869995,552.179993,540.722229,1039300
2024-07-26,557.770020,562.840027,556.270020,561.659973,550.005493,842800
2024-07-29,562.770020,564.280029,559.000000,560.510010,548.879456,583800
2024-07-30,562.520020,565.219971,559.520020,562.880005,551.200256,731600
2024-07-31,566.799988,574.119995,562.650024,566.090027,554.343689,1008200
2024-08-01,566.799988,570.150024,549.619995,553.450012,541.965820,1185500
2024-08-02,541.369995,542.390015,532.289978,537.809998,526.650452,2056700
2024-08-05,513.460022,530.580017,511.970001,523.840027,512.970337,1516600
2024-08-06,524.799988,535.809998,520.849976,529.119995,518.140686,1451900
2024-08-07,536.280029,538.429993,524.739990,525.340027,514.439209,860700
2024-08-08,530.330017,536.940002,527.969971,536.830017,525.690796,664200
2024-08-09,536.919983,537.840027,532.609985,536.109985,524.985657,696300
2024-08-12,537.640015,537.789978,531.869995,532.900024,521.842285,384800
2024-08-13,536.270020,540.859985,533.710022,540.140015,528.932068,522600
2024-08-14,541.559998,542.520020,537.650024,539.580017,528.383789,389600
2024-08-15,548.299988,551.900024,546.380005,550.150024,538.734314,681900
2024-08-16,548.479980,552.590027,547.960022,550.479980,539.057495,299500
2024-08-19,551.400024,555.539978,551.260010,555.539978,544.012451,473200
2024-08-20,555.200012,555.619995,549.469971,550.830017,539.400330,332700
2024-08-21,553.630005,557.789978,551.900024,557.440002,545.872986,541900
2024-08-22,557.780029,559.640015,553.080017,554.159973,542.661072,380100
2024-08-23,557.900024,567.549988,556.849976,566.169983,554.421936,960800
2024-08-26,569.200012,570.090027,563.760010,564.219971,552.512329,391200
2024-08-27,561.270020,563.030029,559.789978,562.200012,550.534363,484400
2024-08-28,560.440002,562.150024,556.799988,559.330017,547.723877,528400
2024-08-29,562.340027,565.849976,557.799988,561.190002,549.545227,544000
2024-08-30,562.979980,565.500000,558.130005,565.299988,553.569946,636700
2024-09-03,561.099976,563.390015,548.880005,550.640015,539.214233,825300
2024-09-04,549.099976,553.000000,547.469971,548.989990,537.598389,530500
2024-09-05,549.460022,550.070007,543.559998,545.250000,533.936035,687400
2024-09-06,546.260010,548.750000,536.940002,537.950012,526.787598,970500
2024-09-09,539.289978,543.750000,538.489990,540.359985,529.147583,566500
2024-09-10,541.190002,541.190002,534.909973,539.179993,527.991943,479000
2024-09-11,538.059998,541.869995,529.369995,541.260010,530.028870,530500
2024-09-12,542.559998,546.969971,539.210022,545.909973,534.582336,422000
2024-09-13,550.359985,555.950012,549.700012,555.429993,543.904724,679900
2024-09-16,556.450012,559.719971,555.520020,559.239990,547.635803,1043200
2024-09-17,562.200012,565.719971,559.760010,562.150024,550.485352,504100
2024-09-18,562.349976,571.690002,560.559998,562.440002,550.769348,966100
2024-09-19,573.239990,573.239990,567.070007,572.059998,560.189697,743400
2024-09-20,568.809998,568.809998,563.989990,566.520020,556.369446,1056000
2024-09-23,568.950012,570.489990,566.390015,569.450012,559.246887,1208200
2024-09-24,570.419983,572.219971,568.309998,569.299988,559.099548,575600
2024-09-25,570.000000,570.150024,562.710022,563.650024,553.550842,497900
2024-09-26,568.799988,572.190002,566.599976,568.330017,558.147034,543600
2024-09-27,572.190002,574.280029,566.890015,569.179993,558.981812,817100
2024-09-30,567.799988,570.460022,564.349976,569.659973,559.453186,734600
2024-10-01,568.440002,569.000000,560.770020,564.989990,554.866760,954300
2024-10-02,563.320007,567.859985,561.840027,565.469971,555.338196,599500
2024-10-03,562.900024,565.020020,559.640015,563.979980,553.874939,771400
2024-10-04,569.900024,571.409973,565.260010,569.270020,559.070190,630000
2024-10-07,567.619995,567.700012,561.979980,565.380005,555.249939,602300
2024-10-08,565.409973,567.469971,563.109985,565.559998,555.426636,474100
2024-10-09,565.239990,571.119995,564.580017,569.390015,559.188049,438500
2024-10-10,565.820007,567.359985,563.349976,566.489990,556.339966,593600
2024-10-11,567.840027,576.280029,567.840027,576.010010,565.689392,750400
2024-10-14,576.400024,579.880005,573.880005,579.469971,569.087402,344100
2024-10-15,578.690002,584.700012,577.739990,577.950012,567.594604,951200
2024-10-16,580.869995,584.919983,580.419983,583.219971,572.770142,496100
2024-10-17,584.979980,585.500000,581.919983,583.780029,573.320129,596500
2024-10-18,584.299988,585.000000,582.289978,583.969971,573.506775,335500
2024-10-21,583.650024,583.989990,576.119995,577.229980,566.887512,431300
2024-10-22,575.140015,575.299988,571.150024,573.500000,563.224365,918100
2024-10-23,571.289978,573.419983,566.330017,570.000000,559.786987,436800
2024-10-24,571.739990,572.500000,568.630005,571.099976,560.867310,748400
2024-10-25,573.059998,573.580017,566.179993,567.669983,557.498840,716700
2024-10-28,570.700012,574.729980,570.239990,573.419983,563.145752,768700
2024-10-29,570.309998,574.200012,568.099976,573.989990,563.705566,937900
2024-10-30,572.479980,579.809998,571.890015,573.169983,562.900269,605800
2024-10-31,572.549988,573.469971,565.570007,565.599976,555.465881,973300
2024-11-01,568.130005,571.900024,566.030029,566.789978,556.634583,820300
2024-11-04,565.919983,572.929993,565.919983,568.450012,558.264832,1144200
2024-11-05,566.340027,576.780029,565.090027,576.690002,566.357239,823200
2024-11-06,598.020020,600.880005,591.119995,600.429993,589.671814,2219900
2024-11-07,600.900024,603.210022,598.169983,599.409973,588.670105,1053300
2024-11-08,599.630005,603.450012,598.190002,602.320007,591.528015,733600
2024-11-11,607.200012,609.690002,606.119995,607.640015,596.752747,797300
2024-11-12,604.919983,607.979980,599.409973,601.250000,590.477112,785800
2024-11-13,603.119995,604.380005,597.659973,597.880005,587.167480,535800
2024-11-14,599.799988,600.830017,591.460022,592.659973,582.041138,939100
2024-11-15,592.559998,592.559998,584.869995,586.130005,575.628052,841600
2024-11-18,587.140015,589.590027,585.469971,587.599976,577.071655,547300
2024-11-19,582.429993,588.580017,580.950012,587.880005,577.346741,1073700
2024-11-20,587.880005,591.239990,584.659973,591.159973,580.567932,1312300
2024-11-21,593.369995,601.979980,591.669983,600.659973,589.897766,807300
2024-11-22,603.559998,611.140015,603.150024,610.710022,599.767639,1087600
2024-11-25,616.409973,624.130005,615.609985,620.119995,609.009033,1527100
2024-11-26,618.159973,618.849976,613.489990,616.900024,605.846741,1868300
2024-11-27,619.700012,623.099976,614.059998,615.020020,604.000427,863100
2024-11-29,618.380005,620.210022,615.390015,615.859985,604.825378,616600
2024-12-02,616.479980,616.719971,611.849976,613.849976,602.851379,867400
2024-12-03,613.460022,614.919983,609.820007,611.989990,601.024780,808000
2024-12-04,613.369995,614.429993,610.080017,613.690002,602.694275,534300
2024-12-05,613.690002,614.179993,608.130005,608.719971,597.813293,573800
2024-12-06,612.299988,612.960022,607.419983,608.799988,597.891785,591800
2024-12-09,611.299988,612.539978,605.760010,606.210022,595.348389,806900
2024-12-10,606.700012,606.799988,600.460022,602.090027,591.302124,823900
2024-12-11,606.299988,607.590027,603.619995,605.830017,594.975098,499600
2024-12-12,604.780029,606.640015,602.250000,602.340027,591.547729,705100
2024-12-13,602.299988,603.039978,597.070007,599.650024,588.905762,579800
2024-12-16,599.309998,602.989990,597.330017,599.270020,588.532654,1347600
2024-12-17,595.760010,598.419983,590.489990,592.239990,581.628601,973000
2024-12-18,594.190002,595.179993,568.169983,569.270020,559.070190,1363000
2024-12-19,574.419983,577.780029,568.099976,568.219971,558.038940,1225800
2024-12-20,563.559998,576.210022,562.799988,570.229980,562.071411,2150100
2024-12-23,569.099976,571.969971,565.780029,571.599976,563.421814,851300
2024-12-24,572.460022,576.119995,570.039978,575.630005,567.394165,495600
2024-12-26,573.479980,578.719971,572.200012,577.890015,569.621765,689000
2024-12-27,574.580017,578.010010,568.679993,572.229980,564.042786,885300
2024-12-30,569.000000,571.299988,563.219971,568.280029,560.149414,1362400
2024-12-31,571.219971,573.169983,567.750000,569.580017,561.430725,940800
2025-01-02,572.429993,575.619995,566.340027,568.280029,560.149414,1054100
2025-01-03,570.200012,575.690002,566.940002,575.109985,566.881592,715600
2025-01-06,578.500000,582.320007,575.179993,576.020020,567.778625,807000
2025-01-07,578.000000,579.559998,569.469971,572.229980,564.042786,1066500
2025-01-08,569.679993,573.780029,566.700012,573.729980,565.521301,559500
2025-01-10,567.070007,568.609985,563.109985,565.609985,557.517517,960100
2025-01-13,561.119995,570.419983,560.890015,570.200012,562.041809,677400
2025-01-14,573.739990,577.909973,571.650024,576.690002,568.438965,1093500
2025-01-15,588.599976,589.570007,582.669983,584.239990,575.880981,661800
2025-01-16,584.989990,589.940002,582.690002,588.599976,580.178528,858300
2025-01-17,592.400024,593.400024,590.080017,591.109985,582.652649,544000
2025-01-21,596.140015,601.239990,595.640015,601.179993,592.578674,715900
2025-01-22,601.799988,602.320007,597.849976,598.559998,589.996094,828000
2025-01-23,596.599976,599.190002,594.150024,598.530029,589.966492,771800
2025-01-24,598.039978,599.530029,596.179993,597.489990,588.941345,719800
2025-01-27,591.229980,596.010010,588.289978,591.299988,582.839905,1842700
2025-01-28,591.880005,593.690002,589.239990,592.030029,583.559631,725100
2025-01-29,591.469971,595.109985,587.169983,589.679993,581.243164,859000
2025-01-30,594.080017,599.270020,592.309998,596.409973,587.876770,1166600
2025-01-31,597.000000,598.969971,590.010010,590.679993,582.228821,1100100
2025-02-03,578.729980,587.619995,576.000000,584.080017,575.723267,1842900
2025-02-04,583.159973,588.140015,582.869995,587.489990,579.084473,740400
2025-02-05,589.619995,593.049988,587.150024,593.039978,584.555115,416400
2025-02-06,595.809998,596.299988,588.419983,592.760010,584.279114,1046100
2025-02-07,592.309998,592.559998,584.510010,585.369995,576.994812,886800
2025-02-10,588.140015,588.679993,583.400024,585.969971,577.586182,765600
2025-02-11,583.219971,584.979980,581.299988,583.119995,574.777039,899500
2025-02-12,576.200012,580.820007,574.429993,579.109985,570.824341,1087300
2025-02-13,581.299988,584.719971,579.200012,584.320007,575.959900,790200
2025-02-14,586.219971,588.109985,583.099976,583.989990,575.634583,555500
2025-02-18,585.299988,589.239990,584.679993,589.239990,580.809448,902900
2025-02-19,585.580017,587.330017,584.039978,586.020020,577.635498,565400
2025-02-20,584.489990,585.390015,577.219971,580.289978,571.987488,718800
2025-02-21,583.400024,583.630005,564.840027,566.500000,558.394836,1535400
2025-02-24,568.690002,569.739990,562.460022,565.760010,557.665405,1004500
2025-02-25,566.400024,569.859985,561.190002,565.549988,557.458313,841400
2025-02-26,567.909973,572.500000,565.250000,566.840027,558.729980,847400
2025-02-27,567.250000,569.030029,559.539978,559.659973,551.652588,869400
2025-02-28,558.530029,565.900024,557.429993,565.799988,557.704834,1038200
2025-03-03,567.570007,569.000000,549.929993,552.909973,544.999146,1167100
2025-03-04,546.909973,552.919983,537.059998,544.359985,536.571594,1670900
2025-03-05,544.950012,551.739990,541.070007,551.080017,543.195435,1784500
2025-03-06,544.349976,549.739990,540.179993,542.349976,534.590332,1441100
2025-03-07,540.960022,547.809998,533.789978,546.200012,538.385193,993300
2025-03-10,540.640015,544.539978,530.349976,534.630005,526.980774,1251800
2025-03-11,534.150024,538.140015,527.530029,531.630005,524.023743,1299800
2025-03-12,537.739990,538.330017,527.780029,531.330017,523.728027,1099700
2025-03-13,531.429993,531.979980,520.280029,522.960022,515.477783,715000
2025-03-14,528.599976,536.140015,526.950012,535.739990,528.074890,843000
2025-03-17,535.200012,545.609985,535.200012,543.729980,535.950500,896400
2025-03-18,540.770020,541.409973,537.359985,539.229980,531.514893,864200
2025-03-19,538.840027,549.010010,538.609985,545.969971,538.158508,1189600
2025-03-20,541.460022,547.609985,541.260010,542.119995,534.363586,699100
2025-03-21,536.250000,539.080017,532.010010,537.890015,531.476440,1249600
2025-03-24,545.380005,551.799988,544.840027,551.070007,544.499268,659800
2025-03-25,551.659973,553.450012,546.549988,549.460022,542.908508,521000
2025-03-26,551.039978,553.210022,544.530029,546.020020,539.509521,690300
2025-03-27,544.130005,546.750000,539.690002,542.059998,535.596680,849900
2025-03-28,540.210022,541.739990,529.669983,532.229980,525.883911,1164000
2025-03-31,525.849976,536.500000,522.280029,533.479980,527.118958,880300
2025-04-01,532.950012,538.479980,527.159973,536.369995,529.974548,1032300
2025-04-02,529.760010,546.070007,529.760010,544.859985,538.363281,974100
2025-04-03,520.580017,524.150024,507.980011,508.500000,502.436890,2024800
2025-04-04,490.190002,493.750000,473.839996,483.739990,477.972076,4779800
2025-04-07,465.799988,499.790009,458.820007,478.589996,472.883514,5469800
2025-04-08,494.000000,495.619995,461.929993,468.220001,462.637146,3745400
2025-04-09,462.859985,515.000000,461.690002,512.020020,505.914917,3547000
2025-04-10,498.519989,500.089996,477.609985,490.619995,484.770081,2799000
2025-04-11,489.529999,499.320007,481.859985,497.470001,491.538422,2421500
2025-04-14,505.299988,506.279999,496.119995,503.760010,497.753418,1081400
2025-04-15,503.220001,509.029999,501.769989,502.980011,496.982697,962600
2025-04-16,500.549988,504.140015,492.049988,497.369995,491.439575,1331000
2025-04-17,499.339996,504.809998,498.049988,501.779999,495.796997,1011300
2025-04-21,497.450012,498.899994,485.269989,490.290009,484.444000,894700
2025-04-22,496.000000,504.290009,495.359985,502.609985,496.617065,910000
2025-04-23,515.609985,524.320007,507.279999,509.029999,502.960541,1274700
2025-04-24,510.000000,520.659973,508.470001,519.890015,513.691040,734800
2025-04-25,516.580017,519.059998,513.460022,517.510010,511.339386,646200
2025-04-28,518.099976,522.400024,514.059998,519.409973,513.216736,671400
2025-04-29,518.190002,524.419983,515.500000,521.880005,515.657349,764900
2025-04-30,515.099976,522.030029,509.190002,520.799988,514.590210,973300
2025-05-01,522.900024,529.250000,519.780029,523.659973,517.416077,890200
2025-05-02,530.590027,537.229980,530.229980,535.979980,529.589233,917700
2025-05-05,531.770020,538.539978,531.770020,534.960022,528.581421,790000
2025-05-06,530.359985,535.349976,528.239990,531.070007,524.737671,512700
2025-05-07,533.000000,535.380005,529.150024,532.640015,526.289062,758700
2025-05-08,537.429993,543.989990,534.630005,539.239990,532.810364,597100
2025-05-09,540.400024,541.270020,536.570007,538.590027,532.168030,540900
2025-05-12,556.809998,559.780029,553.070007,557.549988,550.901978,1100700
2025-05-13,559.150024,561.919983,558.150024,559.289978,552.621216,821100
2025-05-14,559.039978,560.080017,556.419983,557.510010,550.862549,827100
2025-05-15,555.739990,559.140015,553.640015,558.840027,552.176697,827200
2025-05-16,559.690002,564.979980,557.260010,564.929993,558.193970,805900
2025-05-19,557.549988,563.219971,557.289978,562.760010,556.049866,773900
2025-05-20,562.359985,563.750000,559.359985,561.210022,554.518433,682600
2025-05-21,556.119995,557.270020,545.960022,546.200012,539.687378,768400
2025-05-22,544.549988,548.700012,542.500000,545.559998,539.054993,751700
2025-05-23,538.059998,546.320007,537.750000,544.659973,538.165649,666000
2025-05-27,551.479980,556.710022,547.919983,556.700012,550.062195,1429100
2025-05-28,556.090027,557.190002,548.820007,549.419983,542.868896,576500
2025-05-29,552.770020,553.770020,546.409973,550.969971,544.400452,488900
2025-05-30,548.549988,550.880005,544.059998,548.719971,542.177246,635100
2025-06-02,547.500000,548.539978,540.429993,548.239990,541.703064,758400
2025-06-03,548.650024,555.890015,546.690002,555.010010,548.392273,1082700
2025-06-04,555.239990,556.929993,553.679993,553.750000,547.147339,463200
2025-06-05,554.340027,556.460022,550.020020,552.900024,546.307495,552700
2025-06-06,558.760010,559.440002,555.900024,558.359985,551.702393,661700
2025-06-09,560.530029,562.809998,557.469971,559.849976,553.174561,853900
2025-06-10,561.570007,563.739990,559.700012,561.630005,554.933350,615400
2025-06-11,562.960022,563.679993,557.130005,558.700012,552.038269,565300
2025-06-12,555.169983,559.239990,554.289978,559.190002,552.522461,730300
2025-06-13,552.770020,556.869995,548.530029,550.570007,544.005310,676500
2025-06-16,555.659973,559.770020,553.969971,556.830017,550.190613,1426200
2025-06-17,552.739990,555.929993,551.659973,552.010010,545.428040,544100
2025-06-18,552.309998,558.469971,551.359985,554.119995,547.512939,582500
2025-06-20,555.000000,555.960022,549.729980,552.109985,547.307678,905400
2025-06-23,550.580017,557.559998,547.049988,557.090027,552.244446,783900
2025-06-24,560.400024,563.409973,558.330017,562.219971,557.329773,946100
2025-06-25,562.280029,562.500000,556.820007,557.669983,552.819397,693700
2025-06-26,559.929993,565.580017,559.590027,565.239990,560.323486,1020000
2025-06-27,566.400024,570.210022,563.299988,566.510010,561.582520,983200
2025-06-30,567.630005,567.789978,564.460022,566.479980,561.552734,1257500
2025-07-01,564.770020,577.619995,564.320007,573.659973,568.670227,1138500
2025-07-02,573.880005,579.400024,571.809998,579.340027,574.300903,862200
2025-07-03,580.799988,583.849976,580.489990,582.429993,577.364014,391600
2025-07-07,579.030029,583.090027,573.260010,576.820007,571.802795,620300
2025-07-08,577.539978,582.130005,577.239990,579.250000,574.211670,799500
2025-07-09,581.869995,582.099976,577.450012,581.659973,576.600708,504100
2025-07-10,581.219971,587.809998,580.760010,584.400024,579.316895,852600
2025-07-11,580.590027,581.450012,578.270020,579.229980,574.191772,637100
2025-07-14,578.150024,581.559998,577.549988,581.190002,576.134766,403000
2025-07-15,583.020020,583.559998,570.760010,571.030029,566.063232,463300
2025-07-16,572.849976,574.409973,565.429993,573.719971,568.729736,716800
2025-07-17,573.080017,581.010010,573.080017,579.960022,574.915527,903100
2025-07-18,582.359985,582.469971,577.210022,579.419983,574.380127,755200
2025-07-21,580.780029,581.309998,575.500000,575.809998,570.801575,575200
2025-07-22,576.909973,584.200012,576.909973,583.260010,578.186829,1024400
2025-07-23,587.159973,588.380005,585.380005,588.030029,582.915344,546700
2025-07-24,585.500000,586.479980,582.309998,582.489990,577.423462,544000
2025-07-25,585.469971,588.250000,581.349976,587.770020,582.657532,566100
2025-07-28,589.219971,589.429993,585.000000,586.469971,581.368774,516500
2025-07-29,589.119995,589.450012,583.739990,585.679993,580.585754,571800
2025-07-30,586.760010,588.169983,578.950012,582.159973,577.096313,577900
2025-07-31,579.320007,582.770020,574.809998,575.619995,570.613220,630300
2025-08-01,568.179993,569.559998,559.890015,567.090027,562.157471,885800
2025-08-04,570.530029,574.419983,569.700012,574.390015,569.393921,593400
2025-08-05,574.950012,576.070007,569.369995,574.099976,569.106384,615900
2025-08-06,573.989990,574.309998,570.469971,572.450012,567.470764,509700
2025-08-07,578.159973,578.210022,568.890015,571.210022,566.241638,551600
2025-08-08,573.559998,574.719971,570.200012,571.119995,566.152344,427700
2025-08-11,571.780029,573.760010,567.900024,568.900024,563.951721,434700
2025-08-12,572.039978,582.109985,570.719971,581.950012,576.888184,825300
2025-08-13,583.789978,591.030029,582.700012,590.929993,585.790100,680200
2025-08-14,584.270020,584.559998,580.039978,583.039978,577.968689,824400
2025-08-15,583.710022,583.950012,579.719971,580.049988,575.004639,613000
2025-08-18,580.500000,581.929993,579.500000,581.640015,576.580872,1002100
2025-08-19,581.919983,587.469971,580.919983,582.700012,577.631653,426100
2025-08-20,581.409973,583.030029,577.179993,580.229980,575.183167,439200
2025-08-21,576.919983,580.500000,575.909973,579.530029,574.489258,377800
2025-08-22,582.090027,597.909973,581.900024,595.559998,590.379761,1520500
2025-08-25,594.359985,594.500000,590.690002,590.690002,585.552124,720800
2025-08-26,591.929993,595.219971,591.679993,593.460022,588.298035,704200
2025-08-27,592.049988,598.400024,592.039978,597.270020,592.074951,1606600
2025-08-28,599.049988,599.159973,594.799988,598.039978,592.838196,617000
2025-08-29,598.309998,599.099976,593.030029,595.159973,589.983215,855400
2025-09-02,588.640015,592.869995,587.479980,592.510010,587.356323,512500
2025-09-03,591.229980,595.299988,588.260010,591.510010,586.365051,741200
2025-09-04,592.989990,600.219971,591.320007,600.070007,594.850586,614800
2025-09-05,603.000000,607.849976,598.239990,602.890015,597.646057,512400
2025-09-08,603.450012,603.909973,598.840027,603.039978,597.794739,834900
2025-09-09,601.840027,602.190002,595.869995,597.539978,592.342529,553000
2025-09-10,597.570007,601.469971,595.080017,597.289978,592.094666,484800
2025-09-11,598.969971,607.539978,597.859985,607.369995,602.087097,1426700
2025-09-12,605.150024,606.520020,600.309998,600.619995,595.395813,542400
2025-09-15,601.580017,604.390015,599.669983,600.460022,595.237183,761200
2025-09-16,600.250000,601.469971,595.729980,598.809998,593.601501,451700
2025-09-17,600.429993,608.789978,593.710022,598.289978,593.086060,852800
2025-09-18,601.020020,606.690002,599.770020,605.619995,600.352356,989200
2025-09-19,604.690002,604.690002,597.869995,599.419983,595.798950,1140600
2025-09-22,597.669983,600.190002,595.409973,598.929993,595.311890,646700
2025-09-23,600.159973,604.650024,597.710022,598.619995,595.003784,557000
2025-09-24,599.299988,601.030029,593.929993,594.030029,590.441528,523200
2025-09-25,589.570007,591.489990,587.140015,590.710022,587.141602,594500
2025-09-26,591.900024,597.049988,591.289978,596.679993,593.075500,853600
2025-09-29,598.969971,599.359985,593.719971,595.340027,591.743591,764900
2025-09-30,594.190002,596.770020,590.780029,596.030029,592.429504,514400
2025-10-01,593.429993,598.900024,593.429993,597.969971,594.357666,651300
2025-10-02,597.630005,599.359985,593.969971,598.750000,595.132996,831800
2025-10-03,600.580017,604.200012,599.580017,600.679993,597.051331,657300
2025-10-06,603.299988,604.599976,599.359985,601.570007,597.935974,623500
2025-10-07,602.619995,603.390015,593.349976,595.070007,591.475220,1470900
2025-10-08,597.460022,601.719971,594.580017,600.969971,597.339539,952900
2025-10-09,600.309998,602.090027,592.969971,594.429993,590.839111,668900
2025-10-10,595.250000,596.659973,577.150024,577.770020,574.279724,1101200
2025-10-13,584.869995,590.979980,584.119995,588.919983,585.362366,953000
2025-10-14,582.700012,597.429993,582.700012,594.380005,590.789429,1038300
2025-10-15,598.450012,600.940002,590.000000,594.919983,591.326111,582300
2025-10-16,595.809998,596.340027,584.770020,587.609985,584.060242,1677900
2025-10-17,586.109985,590.049988,584.669983,588.859985,585.302734,588200
2025-10-20,593.640015,596.669983,592.619995,595.950012,592.349915,653500
2025-10-21,595.469971,599.989990,593.489990,598.049988,594.437256,556700
2025-10-22,597.340027,599.369995,588.659973,591.260010,587.688232,750300
2025-10-23,592.859985,600.229980,592.330017,599.289978,595.669739,692000
2025-10-24,605.809998,606.119995,602.400024,602.469971,598.830505,577200
2025-10-27,606.609985,607.760010,603.119995,604.780029,601.126587,986100
2025-10-28,604.450012,604.450012,598.950012,599.469971,595.848633,707200
2025-10-29,597.440002,602.549988,592.719971,595.659973,592.061584,1151500
2025-10-30,591.119995,597.299988,589.270020,589.390015,585.829529,811700
2025-10-31,590.679993,594.330017,587.929993,592.979980,589.397827,737500
2025-11-03,591.859985,592.700012,585.359985,592.700012,589.119568,873400
2025-11-04,585.369995,590.000000,584.500000,587.590027,584.040405,635600
2025-11-05,587.590027,595.299988,586.929993,591.429993,587.857178,1096000
2025-11-06,592.109985,594.309998,583.890015,586.010010,582.469971,1551500
2025-11-07,582.000000,592.840027,581.609985,592.780029,589.199097,933900
2025-11-10,597.359985,598.900024,591.479980,596.559998,592.956177,865200
2025-11-11,595.460022,598.559998,594.010010,596.539978,592.936340,681600
2025-11-12,597.729980,602.090027,597.659973,598.630005,595.013733,691900
2025-11-13,595.599976,598.780029,585.549988,587.380005,583.831726,1278200
2025-11-14,580.049988,589.570007,580.049988,586.159973,582.619019,932400
2025-11-17,584.380005,586.450012,573.450012,575.299988,571.824646,1800400
2025-11-18,572.270020,580.150024,571.440002,577.190002,573.703247,1123800
2025-11-19,577.559998,581.520020,574.859985,577.890015,574.399048,1013900
2025-11-20,585.030029,587.739990,568.210022,568.630005,565.194946,1634300
2025-11-21,570.510010,585.590027,570.150024,582.320007,578.802246,1662900
2025-11-24,583.010010,589.659973,581.710022,587.809998,584.259033,1172700
2025-11-25,588.450012,599.570007,588.039978,598.880005,595.262207,1001800
2025-11-26,598.599976,606.559998,598.049988,602.500000,598.860352,1022400
2025-11-28,603.539978,606.330017,602.400024,605.479980,601.822327,804900
2025-12-01,599.479980,606.500000,599.440002,602.200012,598.562195,995000
2025-12-02,604.369995,605.010010,599.679993,600.020020,596.395386,746700
2025-12-03,599.510010,604.900024,599.000000,604.190002,600.540100,784700
2025-12-04,603.650024,608.960022,603.289978,607.150024,603.482239,790900
2025-12-05,607.349976,610.580017,606.010010,607.380005,603.710876,1135800
2025-12-08,608.080017,608.419983,603.239990,604.340027,600.689270,868000
2025-12-09,602.650024,608.809998,602.400024,603.900024,600.251892,867700
2025-12-10,604.950012,617.159973,604.250000,615.369995,611.652649,1386900
2025-12-11,614.690002,622.030029,614.690002,621.239990,617.487122,1451800
2025-12-12,621.969971,622.789978,611.320007,613.109985,609.406250,1175900
2025-12-15,615.929993,616.849976,609.960022,611.940002,608.243286,868800
2025-12-16,611.239990,613.159973,604.880005,608.150024,604.476196,940000
2025-12-17,609.210022,614.070007,604.650024,605.400024,601.742859,612500
2025-12-18,610.650024,614.000000,606.659973,608.070007,604.396667,653200
2025-12-19,606.510010,611.799988,606.270020,611.570007,610.066772,1143100
2025-12-22,613.359985,618.070007,613.359985,616.090027,614.575684,1101000
2025-12-23,614.619995,616.479980,612.590027,614.289978,612.780029,663700
2025-12-24,614.989990,616.559998,613.200012,615.190002,613.677856,558900
2025-12-26,614.809998,615.580017,613.000000,615.330017,613.817505,420400
2025-12-29,613.659973,615.830017,610.309998,611.549988,610.046753,559100
2025-12-30,611.679993,612.179993,609.219971,609.450012,607.951965,665100
2025-12-31,609.140015,609.590027,603.010010,603.280029,601.797119,730800
2026-01-02,605.880005,612.380005,603.369995,611.309998,609.807373,968800
2026-01-05,613.130005,621.440002,612.349976,619.359985,617.837585,1466600
2026-01-06,618.070007,628.770020,616.820007,628.270020,626.725708,1371000
2026-01-07,628.549988,629.469971,622.090027,623.729980,622.196838,857600
2026-01-08,621.900024,627.349976,621.169983,626.039978,624.501160,667800
2026-01-09,628.500000,632.210022,626.109985,631.380005,629.828064,850800
2026-01-12,628.030029,632.869995,626.619995,632.320007,630.765747,819100
2026-01-13,633.909973,636.140015,631.070007,633.679993,632.122375,512700
2026-01-14,632.690002,635.909973,630.969971,634.309998,632.750854,1231100
2026-01-15,637.679993,644.190002,637.679993,641.780029,640.202515,978600
2026-01-16,641.289978,642.409973,638.119995,639.849976,638.277222,789400
2026-01-20,631.109985,637.619995,629.400024,631.169983,629.618530,1275900
2026-01-21,635.719971,645.729980,635.109985,642.450012,640.870850,1357300
2026-01-22,646.969971,648.789978,641.299988,642.609985,641.030457,1057100
2026-01-23,641.330017,642.260010,633.940002,636.150024,634.586365,709600
2026-01-26,637.429993,640.059998,634.159973,635.830017,634.267151,934700
2026-01-27,636.159973,636.719971,633.380005,635.770020,634.207275,584200
2026-01-28,637.390015,638.419983,632.869995,634.320007,632.760803,1005300
2026-01-29,636.919983,637.869995,625.619995,633.150024,631.593689,986600
2026-01-30,629.479980,634.340027,623.330017,627.570007,626.027405,1374300
2026-02-02,625.359985,634.880005,624.729980,632.690002,631.134827,741200
2026-02-03,634.700012,639.030029,626.719971,633.880005,632.321899,1208600
2026-02-04,637.299988,642.000000,630.739990,638.320007,636.750977,1192700
2026-02-05,633.419983,640.469971,632.479980,634.940002,633.379272,960300
2026-02-06,642.989990,656.030029,642.000000,655.320007,653.709229,2184900
2026-02-09,653.919983,657.429993,651.580017,655.669983,654.058350,771900
2026-02-10,655.940002,658.340027,653.979980,655.359985,653.749084,666200
2026-02-11,658.830017,661.179993,649.960022,653.710022,652.103149,818600
2026-02-12,658.039978,662.599976,641.109985,644.500000,642.915771,1187300
2026-02-13,644.469971,654.090027,640.450012,650.659973,649.060608,920600
